cve_id,feature_version,av_network,av_adjacent,av_local,av_physical,ac_low,ac_high,pr_none,pr_low,pr_high,ui_none,ui_required,scope_changed,ci_none,ci_low,ci_high,ii_none,ii_low,ii_high,ai_none,ai_low,ai_high,has_cvss_v3,days_since_published,quarter_published,year_published,is_recent,in_cisa_kev,epss_score,epss_percentile,has_exploit_reference,description_length,description_word_count,has_rce_keyword,has_sqli_keyword,has_xss_keyword,has_overflow_keyword,has_auth_bypass_keyword,has_priv_esc_keyword,has_dos_keyword,is_memory_safety_cwe,is_injection_cwe,is_auth_cwe,is_config_cwe,cwe_category_id,vendor_count,reference_count,has_patch_reference,severity_label,severity_numeric
CVE-2021-10000,1.0,False,True,False,False,True,False,True,False,False,True,False,False,False,False,True,False,True,False,True,False,False,True,577,1,2025,False,False,0.0,0.0,False,76,11,False,False,False,False,False,False,True,False,False,False,False,20,1,1,False,HIGH,3
CVE-2022-10001,1.0,True,False,False,False,True,False,False,False,True,False,True,False,False,True,False,False,False,True,False,True,False,True,1061,4,2023,False,False,0.0,0.0,False,92,10,False,False,False,False,False,False,False,False,False,False,False,20,1,2,False,HIGH,3
CVE-2023-10002,1.0,False,True,False,False,False,True,True,False,False,True,False,True,True,False,False,False,True,False,False,True,False,True,1526,3,2022,False,False,0.0,0.0,False,95,11,False,False,False,False,False,False,False,False,False,False,True,200,1,1,False,MEDIUM,2
CVE-2025-10003,1.0,True,False,False,False,False,True,False,False,True,False,True,False,False,False,True,True,False,False,True,False,False,True,1840,3,2021,False,False,0.0,0.0,False,76,11,False,False,False,True,False,False,False,True,False,False,False,119,1,3,False,MEDIUM,2
CVE-2022-10004,1.0,False,False,False,True,False,True,False,True,False,False,True,False,False,True,False,False,True,False,True,False,False,True,321,4,2025,False,False,0.0,0.0,False,76,11,False,False,False,False,False,False,True,False,False,False,True,200,1,1,False,LOW,1
CVE-2026-10005,1.0,False,True,False,False,True,False,False,True,False,False,True,True,False,False,True,False,False,True,False,False,True,True,1745,4,2021,False,False,0.0,0.0,False,79,11,False,False,False,False,False,False,False,True,False,False,False,119,1,3,False,CRITICAL,4
CVE-2022-10006,1.0,False,False,True,False,False,True,False,True,False,True,False,False,False,False,True,False,False,True,False,True,False,True,412,3,2025,False,False,0.0,0.0,False,69,10,False,False,False,True,False,False,False,True,False,False,False,119,1,4,False,MEDIUM,2
CVE-2026-10007,1.0,False,False,True,False,True,False,True,False,False,False,True,True,False,False,True,False,True,False,False,True,False,True,1156,3,2023,False,False,0.0,0.0,False,95,11,False,False,False,False,False,False,False,True,False,False,False,119,1,2,False,HIGH,3
CVE-2024-10008,1.0,True,False,False,False,True,False,False,False,True,True,False,True,False,False,True,True,False,False,False,True,False,True,1909,3,2021,False,False,0.0,0.0,False,86,10,False,False,False,False,False,False,False,True,False,False,False,787,1,5,False,HIGH,3
CVE-2025-10009,1.0,True,False,False,False,False,True,False,False,True,False,True,False,False,True,False,False,True,False,True,False,False,True,333,4,2025,False,False,0.0,0.0,False,79,9,False,False,False,False,False,False,False,True,False,False,False,787,1,1,False,MEDIUM,2
CVE-2025-10010,1.0,True,False,False,False,False,True,False,False,True,True,False,False,False,True,False,True,False,False,False,False,True,True,535,2,2025,False,False,0.0,0.0,False,79,9,False,False,False,False,False,False,False,False,False,False,False,20,1,5,False,HIGH,3
CVE-2024-10011,1.0,False,False,True,False,False,True,True,False,False,True,False,False,False,False,True,True,False,False,True,False,False,True,2056,1,2021,False,False,0.0,0.0,False,83,11,False,False,False,False,True,False,False,True,False,False,False,787,1,1,False,MEDIUM,2
CVE-2022-10012,1.0,False,False,False,True,True,False,False,True,False,False,True,False,False,False,True,False,False,True,False,False,True,True,1833,3,2021,False,False,0.0,0.0,False,86,10,False,False,False,False,False,False,False,True,False,False,False,119,1,3,False,HIGH,3
CVE-2026-10013,1.0,False,False,False,True,False,True,True,False,False,True,False,False,True,False,False,False,True,False,True,False,False,True,765,3,2024,False,False,0.0,0.0,False,95,11,False,False,False,False,False,False,False,True,False,False,False,119,1,5,False,MEDIUM,2
CVE-2021-10014,1.0,True,False,False,False,True,False,True,False,False,True,False,True,True,False,False,False,False,True,True,False,False,True,1950,2,2021,False,False,0.0,0.0,False,92,10,False,False,False,False,False,False,False,True,False,False,False,787,1,2,False,CRITICAL,4
CVE-2022-10015,1.0,False,False,False,True,True,False,False,True,False,False,True,False,True,False,False,True,False,False,False,False,True,True,614,1,2025,False,False,0.0,0.0,False,86,10,False,False,False,False,False,False,False,True,False,False,False,416,1,3,False,MEDIUM,2
CVE-2024-10016,1.0,True,False,False,False,True,False,False,True,False,False,True,False,True,False,False,True,False,False,True,False,False,True,1139,3,2023,False,False,0.0,0.0,False,95,11,False,False,False,False,False,False,False,True,False,False,False,787,1,2,False,HIGH,3
CVE-2022-10017,1.0,False,True,False,False,True,False,False,True,False,True,False,False,False,False,True,False,False,True,True,False,False,True,1525,3,2022,False,False,0.0,0.0,False,95,11,False,False,False,False,False,False,False,False,True,False,False,79,1,2,False,HIGH,3
CVE-2024-10018,1.0,False,True,False,False,False,True,True,False,False,True,False,True,True,False,False,False,True,False,False,True,False,True,1101,3,2023,False,False,0.0,0.0,False,75,10,False,False,False,False,False,False,False,True,False,False,False,787,1,3,False,MEDIUM,2
CVE-2026-10019,1.0,False,False,False,True,True,False,True,False,False,False,True,False,True,False,False,False,False,True,False,False,True,True,599,1,2025,False,False,0.0,0.0,False,95,11,False,False,False,False,False,False,False,False,False,False,False,20,1,3,False,HIGH,3
CVE-2021-10020,1.0,False,True,False,False,True,False,False,False,True,True,False,False,True,False,False,False,False,True,True,False,False,True,899,2,2024,False,False,0.0,0.0,False,69,10,False,False,False,True,False,False,False,True,False,False,False,119,1,4,False,HIGH,3
CVE-2025-10021,1.0,True,False,False,False,True,False,False,True,False,False,True,True,True,False,False,False,False,True,False,False,True,True,1591,2,2022,False,False,0.0,0.0,False,76,11,False,False,False,False,False,False,True,False,False,False,True,200,1,4,False,CRITICAL,4
CVE-2026-10022,1.0,False,False,False,True,False,True,True,False,False,True,False,True,False,False,True,False,False,True,True,False,False,True,774,3,2024,False,False,0.0,0.0,False,75,10,False,False,False,False,False,False,False,False,True,False,False,79,1,5,False,HIGH,3
CVE-2025-10023,1.0,False,False,True,False,True,False,True,False,False,False,True,True,True,False,False,False,True,False,False,False,True,True,1552,2,2022,False,False,0.0,0.0,False,92,10,False,False,False,False,False,False,False,False,False,False,True,200,1,5,False,HIGH,3
CVE-2021-10024,1.0,False,False,True,False,True,False,True,False,False,False,True,False,True,False,False,False,False,True,False,False,True,True,728,3,2024,False,False,0.0,0.0,False,86,10,False,False,False,False,False,False,False,False,True,False,False,89,1,3,False,HIGH,3
CVE-2025-10025,1.0,False,True,False,False,False,True,False,False,True,False,True,True,True,False,False,True,False,False,False,False,True,True,1664,1,2022,False,False,0.0,0.0,False,79,9,False,False,False,False,False,False,False,True,False,False,False,416,1,3,False,MEDIUM,2
CVE-2021-10026,1.0,False,False,True,False,True,False,False,False,True,False,True,True,False,False,True,True,False,False,True,False,False,True,1412,4,2022,False,False,0.0,0.0,False,69,10,False,False,False,True,False,False,False,False,True,False,False,79,1,2,False,MEDIUM,2
CVE-2021-10027,1.0,False,True,False,False,False,True,True,False,False,True,False,True,False,True,False,True,False,False,False,True,False,True,386,3,2025,False,False,0.0,0.0,False,86,10,False,False,False,False,False,False,False,True,False,False,False,119,1,2,False,MEDIUM,2
CVE-2023-10028,1.0,False,False,False,True,True,False,True,False,False,True,False,False,False,True,False,True,False,False,True,False,False,True,498,2,2025,False,False,0.0,0.0,False,76,11,False,False,False,False,False,False,True,False,False,False,False,269,1,4,False,MEDIUM,2
CVE-2023-10029,1.0,True,False,False,False,False,True,True,False,False,False,True,False,True,False,False,False,True,False,False,True,False,True,1769,4,2021,False,False,0.0,0.0,False,92,10,False,False,False,False,False,False,False,False,False,False,True,200,1,2,False,HIGH,3
CVE-2021-10030,1.0,False,False,False,True,False,True,False,True,False,True,False,True,False,True,False,False,False,True,False,False,True,True,744,3,2024,False,False,0.0,0.0,False,92,10,False,False,False,False,False,False,False,True,False,False,False,416,1,5,False,MEDIUM,2
CVE-2021-10031,1.0,False,True,False,False,False,True,True,False,False,True,False,True,False,True,False,False,False,True,False,True,False,True,1859,3,2021,False,False,0.0,0.0,False,83,11,False,False,False,False,True,False,False,True,False,False,False,416,1,5,False,HIGH,3
CVE-2021-10032,1.0,False,True,False,False,False,True,True,False,False,False,True,False,False,False,True,False,False,True,False,False,True,True,1307,1,2023,False,False,0.0,0.0,False,86,10,False,False,False,False,False,False,False,True,False,False,False,119,1,3,False,HIGH,3
CVE-2021-10033,1.0,False,False,True,False,True,False,False,False,True,False,True,True,False,False,True,False,True,False,False,True,False,True,735,3,2024,False,False,0.0,0.0,False,95,11,False,False,False,False,False,False,False,True,False,False,False,416,1,3,False,MEDIUM,2
CVE-2022-10034,1.0,False,False,False,True,True,False,False,False,True,False,True,True,False,False,True,True,False,False,False,True,False,True,1703,1,2022,False,False,0.0,0.0,False,86,10,False,False,False,False,False,False,False,False,False,False,True,200,1,2,False,MEDIUM,2
CVE-2025-10035,1.0,False,False,True,False,False,True,False,True,False,False,True,False,False,False,True,False,True,False,False,False,True,True,853,2,2024,False,False,0.0,0.0,False,95,11,False,False,False,False,False,False,False,False,True,False,False,89,1,1,False,MEDIUM,2
CVE-2025-10036,1.0,False,False,True,False,True,False,True,False,False,False,True,False,True,False,False,True,False,False,True,False,False,True,736,3,2024,False,False,0.0,0.0,False,79,9,False,False,False,False,False,False,False,False,False,False,False,20,1,2,False,MEDIUM,2
CVE-2025-10037,1.0,False,False,False,True,False,True,False,False,True,True,False,True,False,True,False,False,True,False,True,False,False,True,355,4,2025,False,False,0.0,0.0,False,76,11,False,False,False,True,False,False,False,False,True,False,False,89,1,1,False,MEDIUM,2
CVE-2024-10038,1.0,False,False,False,True,True,False,False,False,True,True,False,False,False,True,False,True,False,False,False,True,False,True,1647,1,2022,False,False,0.0,0.0,False,76,11,False,False,False,False,False,False,True,False,False,False,False,269,1,4,False,MEDIUM,2
CVE-2026-10039,1.0,False,False,False,True,True,False,False,False,True,False,True,True,False,True,False,True,False,False,False,False,True,True,1062,4,2023,False,False,0.0,0.0,False,79,11,False,False,False,False,False,False,False,False,False,False,True,200,1,5,False,MEDIUM,2
CVE-2026-10040,1.0,False,False,False,True,True,False,False,False,True,False,True,False,False,True,False,False,True,False,False,True,False,True,1606,2,2022,False,False,0.0,0.0,False,76,11,False,False,False,True,False,False,False,False,True,False,False,79,1,2,False,MEDIUM,2
CVE-2022-10041,1.0,False,True,False,False,True,False,True,False,False,False,True,True,False,True,False,False,False,True,False,True,False,True,1311,1,2023,False,False,0.0,0.0,False,75,10,False,False,False,False,False,False,False,True,False,False,False,416,1,1,False,HIGH,3
CVE-2024-10042,1.0,True,False,False,False,False,True,False,True,False,True,False,True,False,True,False,False,True,False,False,True,False,True,1298,1,2023,False,False,0.0,0.0,False,92,10,False,False,False,False,False,False,False,True,False,False,False,119,1,4,False,MEDIUM,2
CVE-2023-10043,1.0,True,False,False,False,False,True,False,True,False,False,True,False,False,True,False,True,False,False,False,False,True,True,1203,2,2023,False,False,0.0,0.0,False,92,10,False,False,False,False,False,False,False,False,False,False,False,20,1,4,False,MEDIUM,2
CVE-2025-10044,1.0,True,False,False,False,False,True,True,False,False,False,True,False,True,False,False,False,True,False,False,True,False,True,738,3,2024,False,False,0.0,0.0,False,79,11,False,False,False,False,False,False,False,False,False,False,False,269,1,2,False,MEDIUM,2
CVE-2023-10045,1.0,False,False,True,False,False,True,False,True,False,True,False,True,True,False,False,False,False,True,False,False,True,True,1404,4,2022,False,False,0.0,0.0,False,76,11,False,False,False,True,False,False,False,False,False,False,False,20,1,3,False,HIGH,3
CVE-2026-10046,1.0,True,False,False,False,True,False,True,False,False,True,False,False,False,False,True,True,False,False,True,False,False,True,1955,2,2021,False,False,0.0,0.0,False,92,10,False,False,False,False,False,False,False,False,True,False,False,79,1,5,False,CRITICAL,4
CVE-2024-10047,1.0,False,False,True,False,True,False,False,False,True,True,False,False,False,True,False,True,False,False,False,False,True,True,663,4,2024,False,False,0.0,0.0,False,92,10,False,False,False,False,False,False,False,False,False,False,False,20,1,3,False,HIGH,3
CVE-2026-10048,1.0,False,True,False,False,True,False,False,False,True,True,False,False,False,False,True,False,True,False,False,False,True,True,1327,1,2023,False,False,0.0,0.0,False,79,11,False,False,False,False,False,False,False,False,True,False,False,79,1,5,False,CRITICAL,4
CVE-2023-10049,1.0,False,False,True,False,True,False,False,False,True,False,True,False,False,True,False,False,True,False,True,False,False,True,1004,4,2023,False,False,0.0,0.0,False,69,10,False,False,False,True,False,False,False,True,False,False,False,416,1,3,False,MEDIUM,2
CVE-2026-10050,1.0,False,True,False,False,False,True,False,False,True,False,True,True,False,True,False,False,False,True,False,False,True,True,1782,4,2021,False,False,0.0,0.0,False,76,11,False,False,False,True,False,False,False,False,False,False,True,200,1,3,False,MEDIUM,2
CVE-2021-10051,1.0,False,True,False,False,False,True,False,False,True,False,True,True,True,False,False,False,True,False,False,True,False,True,1524,3,2022,False,False,0.0,0.0,False,92,10,False,False,False,False,False,False,False,False,True,False,False,89,1,4,False,MEDIUM,2
CVE-2023-10052,1.0,False,False,True,False,False,True,False,False,True,False,True,False,False,False,True,True,False,False,True,False,False,True,462,2,2025,False,False,0.0,0.0,False,92,10,False,False,False,False,False,False,False,True,False,False,False,119,1,4,False,MEDIUM,2
CVE-2025-10053,1.0,False,False,False,True,False,True,False,True,False,True,False,False,False,True,False,True,False,False,False,True,False,True,543,2,2025,False,False,0.0,0.0,False,76,11,False,False,False,True,False,False,False,True,False,False,False,119,1,3,False,MEDIUM,2
CVE-2023-10054,1.0,False,False,True,False,False,True,False,False,True,False,True,True,False,False,True,False,True,False,False,True,False,True,1126,3,2023,False,False,0.0,0.0,False,79,11,False,False,False,False,False,False,False,False,False,False,True,200,1,3,False,MEDIUM,2
CVE-2021-10055,1.0,False,False,True,False,True,False,False,False,True,True,False,False,True,False,False,False,False,True,False,True,False,True,618,1,2025,False,False,0.0,0.0,False,92,10,False,False,False,False,False,False,False,False,False,False,True,200,1,5,False,HIGH,3
CVE-2025-10056,1.0,False,True,False,False,False,True,True,False,False,False,True,False,False,True,False,True,False,False,False,False,True,True,1516,3,2022,False,False,0.0,0.0,False,86,10,False,False,False,False,False,False,False,False,True,False,False,89,1,3,False,MEDIUM,2
CVE-2021-10057,1.0,False,True,False,False,False,True,True,False,False,True,False,True,False,True,False,False,True,False,False,True,False,True,962,1,2024,False,False,0.0,0.0,False,69,10,False,False,False,True,False,False,False,False,False,False,False,269,1,2,False,HIGH,3
CVE-2023-10058,1.0,True,False,False,False,True,False,False,True,False,False,True,False,False,False,True,False,False,True,False,False,True,True,331,4,2025,False,False,0.0,0.0,False,69,10,False,False,False,True,False,False,False,False,True,False,False,89,1,5,False,CRITICAL,4
CVE-2021-10059,1.0,False,False,False,True,True,False,False,False,True,False,True,True,False,True,False,False,True,False,False,False,True,True,1587,2,2022,False,False,0.0,0.0,False,79,9,False,False,False,False,False,False,False,True,False,False,False,416,1,3,False,MEDIUM,2
CVE-2025-10060,1.0,True,False,False,False,True,False,False,False,True,True,False,True,False,False,True,True,False,False,True,False,False,True,1972,2,2021,False,False,0.0,0.0,False,79,11,False,False,False,False,False,False,False,False,True,False,False,79,1,2,False,HIGH,3
CVE-2024-10061,1.0,False,False,False,True,False,True,True,False,False,True,False,True,False,False,True,False,True,False,False,False,True,True,1173,3,2023,False,False,0.0,0.0,False,69,10,False,False,False,True,False,False,False,True,False,False,False,787,1,1,False,HIGH,3
CVE-2023-10062,1.0,False,True,False,False,False,True,True,False,False,True,False,False,False,True,False,True,False,False,True,False,False,True,482,2,2025,False,False,0.0,0.0,False,92,10,False,False,False,False,False,False,False,False,False,False,False,20,1,2,False,MEDIUM,2
CVE-2025-10063,1.0,False,False,True,False,False,True,True,False,False,False,True,True,False,False,True,False,True,False,False,True,False,True,562,1,2025,False,False,0.0,0.0,False,79,9,False,False,False,False,False,False,False,True,False,False,False,787,1,4,False,MEDIUM,2
CVE-2025-10064,1.0,False,False,True,False,False,True,True,False,False,True,False,False,False,False,True,False,False,True,False,False,True,True,2014,1,2021,False,False,0.0,0.0,False,76,11,False,False,False,False,False,False,True,False,False,False,False,20,1,3,False,CRITICAL,4
CVE-2021-10065,1.0,False,False,False,True,False,True,False,True,False,True,False,True,False,False,True,False,True,False,True,False,False,True,533,2,2025,False,False,0.0,0.0,False,79,11,False,False,False,False,False,False,False,True,False,False,False,787,1,3,False,MEDIUM,2
CVE-2023-10066,1.0,True,False,False,False,True,False,False,True,False,False,True,True,False,True,False,False,False,True,False,True,False,True,1438,4,2022,False,False,0.0,0.0,False,95,11,False,False,False,False,False,False,False,False,False,False,False,20,1,4,False,HIGH,3
CVE-2023-10067,1.0,True,False,False,False,False,True,False,False,True,True,False,True,False,True,False,True,False,False,True,False,False,True,1579,2,2022,False,False,0.0,0.0,False,76,11,False,False,False,False,False,False,True,False,False,False,False,269,1,5,False,HIGH,3
CVE-2026-10068,1.0,False,True,False,False,False,True,False,False,True,True,False,True,False,True,False,False,False,True,False,True,False,True,1190,2,2023,False,False,0.0,0.0,False,76,11,False,False,False,True,False,False,False,False,True,False,False,79,1,1,False,HIGH,3
CVE-2022-10069,1.0,False,False,True,False,True,False,False,False,True,False,True,False,True,False,False,True,False,False,False,True,False,True,642,4,2024,False,False,0.0,0.0,False,79,11,False,False,False,False,False,False,False,False,True,False,False,79,1,2,False,MEDIUM,2
CVE-2026-10070,1.0,False,False,True,False,False,True,False,True,False,False,True,False,False,True,False,False,False,True,True,False,False,True,1498,3,2022,False,False,0.0,0.0,False,76,11,False,False,False,True,False,False,False,True,False,False,False,416,1,2,False,MEDIUM,2
CVE-2025-10071,1.0,True,False,False,False,False,True,False,True,False,False,True,True,True,False,False,False,True,False,False,False,True,True,567,1,2025,False,False,0.0,0.0,False,79,11,False,False,False,False,False,False,False,False,False,False,True,200,1,5,False,HIGH,3
CVE-2026-10072,1.0,False,False,False,True,False,True,False,True,False,False,True,True,False,True,False,False,True,False,True,False,False,True,1093,3,2023,False,False,0.0,0.0,False,79,11,False,False,False,False,False,False,False,True,False,False,False,119,1,5,False,LOW,1
CVE-2022-10073,1.0,True,False,False,False,False,True,False,False,True,False,True,True,False,True,False,False,False,True,False,False,True,True,342,4,2025,False,False,0.0,0.0,False,95,11,False,False,False,False,False,False,False,False,True,False,False,89,1,4,False,HIGH,3
CVE-2022-10074,1.0,False,False,True,False,True,False,False,True,False,True,False,True,True,False,False,False,False,True,True,False,False,True,1067,4,2023,False,False,0.0,0.0,False,69,10,False,False,False,True,False,False,False,True,False,False,False,416,1,2,False,MEDIUM,2
CVE-2024-10075,1.0,False,False,True,False,False,True,False,False,True,True,False,True,False,False,True,False,False,True,False,True,False,True,495,2,2025,False,False,0.0,0.0,False,76,11,False,False,False,False,False,False,True,False,False,False,False,269,1,4,False,HIGH,3
CVE-2021-10076,1.0,False,True,False,False,False,True,True,False,False,True,False,True,True,False,False,False,False,True,False,False,True,True,831,2,2024,False,False,0.0,0.0,False,86,10,False,False,False,False,False,False,False,False,True,False,False,79,1,4,False,CRITICAL,4
CVE-2026-10077,1.0,True,False,False,False,False,True,True,False,False,False,True,True,False,True,False,False,True,False,True,False,False,True,1482,3,2022,False,False,0.0,0.0,False,75,10,False,False,False,False,False,False,False,True,False,False,False,119,1,5,False,HIGH,3
CVE-2025-10078,1.0,False,True,False,False,True,False,True,False,False,False,True,False,False,True,False,False,False,True,True,False,False,True,699,4,2024,False,False,0.0,0.0,False,95,11,False,False,False,False,False,False,False,True,False,False,False,119,1,4,False,HIGH,3
CVE-2024-10079,1.0,True,False,False,False,False,True,False,True,False,True,False,False,False,True,False,False,True,False,False,False,True,True,1573,2,2022,False,False,0.0,0.0,False,79,9,False,False,False,False,False,False,False,False,False,False,True,200,1,4,False,HIGH,3
CVE-2024-10080,1.0,False,True,False,False,False,True,False,True,False,True,False,False,False,True,False,False,False,True,False,True,False,True,364,3,2025,False,False,0.0,0.0,False,79,9,False,False,False,False,False,False,False,False,False,False,True,200,1,3,False,MEDIUM,2
CVE-2026-10081,1.0,True,False,False,False,True,False,False,False,True,False,True,True,True,False,False,False,False,True,False,True,False,True,1285,1,2023,False,False,0.0,0.0,False,69,10,False,False,False,True,False,False,False,True,False,False,False,119,1,5,False,HIGH,3
CVE-2026-10082,1.0,False,True,False,False,True,False,False,False,True,True,False,True,False,True,False,True,False,False,False,False,True,True,548,1,2025,False,False,0.0,0.0,False,79,9,False,False,False,False,False,False,False,False,False,False,False,269,1,2,False,HIGH,3
CVE-2023-10083,1.0,False,True,False,False,True,False,True,False,False,False,True,True,True,False,False,False,True,False,False,True,False,True,1426,4,2022,False,False,0.0,0.0,False,76,11,False,False,False,False,False,False,True,False,False,False,True,200,1,3,False,HIGH,3
CVE-2024-10084,1.0,False,True,False,False,False,True,False,False,True,False,True,False,False,True,False,True,False,False,False,True,False,True,1941,2,2021,False,False,0.0,0.0,False,76,11,False,False,False,False,False,False,True,False,True,False,False,79,1,4,False,MEDIUM,2
CVE-2026-10085,1.0,False,False,True,False,False,True,False,False,True,False,True,False,False,False,True,True,False,False,False,True,False,True,562,1,2025,False,False,0.0,0.0,False,83,11,False,False,False,False,True,False,False,False,False,False,False,20,1,5,False,MEDIUM,2
CVE-2023-10086,1.0,True,False,False,False,False,True,False,False,True,False,True,True,True,False,False,True,False,False,True,False,False,True,846,2,2024,False,False,0.0,0.0,False,86,10,False,False,False,False,False,False,False,False,False,False,False,20,1,3,False,MEDIUM,2
CVE-2021-10087,1.0,False,True,False,False,False,True,False,True,False,False,True,True,False,False,True,False,False,True,False,False,True,True,1896,3,2021,False,False,0.0,0.0,False,76,11,False,False,False,True,False,False,False,False,True,False,False,89,1,4,False,HIGH,3
CVE-2024-10088,1.0,False,False,True,False,True,False,False,False,True,False,True,False,False,True,False,False,True,False,True,False,False,True,835,2,2024,False,False,0.0,0.0,False,76,11,False,False,False,False,False,False,True,False,False,False,False,269,1,1,False,MEDIUM,2
CVE-2025-10089,1.0,True,False,False,False,False,True,False,True,False,True,False,False,False,True,False,True,False,False,False,False,True,True,775,3,2024,False,False,0.0,0.0,False,83,11,False,False,False,False,True,False,False,True,False,False,False,119,1,5,False,HIGH,3
CVE-2021-10090,1.0,False,True,False,False,True,False,False,False,True,True,False,False,False,False,True,True,False,False,False,False,True,True,484,2,2025,False,False,0.0,0.0,False,69,10,False,False,False,True,False,False,False,True,False,False,False,119,1,2,False,HIGH,3
CVE-2022-10091,1.0,True,False,False,False,False,True,True,False,False,True,False,True,True,False,False,True,False,False,False,False,True,True,480,2,2025,False,False,0.0,0.0,False,83,11,False,False,False,False,True,False,False,False,True,False,False,89,1,1,False,CRITICAL,4
CVE-2022-10092,1.0,True,False,False,False,True,False,False,True,False,True,False,False,False,False,True,False,True,False,False,False,True,True,890,2,2024,False,False,0.0,0.0,False,83,11,False,False,False,False,True,False,False,False,True,False,False,79,1,4,False,CRITICAL,4
CVE-2023-10093,1.0,True,False,False,False,False,True,False,False,True,True,False,False,False,False,True,False,False,True,False,False,True,True,1044,4,2023,False,False,0.0,0.0,False,76,11,False,False,False,True,False,False,False,False,False,False,False,20,1,1,False,CRITICAL,4
CVE-2024-10094,1.0,True,False,False,False,False,True,False,False,True,False,True,False,True,False,False,False,True,False,False,False,True,True,1222,2,2023,False,False,0.0,0.0,False,76,11,False,False,False,True,False,False,False,False,True,False,False,89,1,1,False,MEDIUM,2
CVE-2023-10095,1.0,False,False,True,False,False,True,False,False,True,False,True,True,False,False,True,False,False,True,False,True,False,True,817,3,2024,False,False,0.0,0.0,False,75,10,False,False,False,False,False,False,False,False,True,False,False,79,1,1,False,MEDIUM,2
CVE-2026-10096,1.0,False,False,False,True,False,True,True,False,False,False,True,True,False,True,False,False,True,False,False,True,False,True,323,4,2025,False,False,0.0,0.0,False,86,10,False,False,False,False,False,False,False,False,True,False,False,79,1,3,False,MEDIUM,2
CVE-2023-10097,1.0,False,False,True,False,True,False,False,False,True,False,True,False,True,False,False,True,False,False,True,False,False,True,733,3,2024,False,False,0.0,0.0,False,95,11,False,False,False,False,False,False,False,True,False,False,False,416,1,1,False,MEDIUM,2
CVE-2022-10098,1.0,False,False,True,False,True,False,False,True,False,False,True,True,False,False,True,True,False,False,False,True,False,True,956,1,2024,False,False,0.0,0.0,False,83,11,False,False,False,False,True,False,False,False,False,False,True,200,1,3,False,MEDIUM,2
CVE-2025-10099,1.0,False,True,False,False,False,True,True,False,False,True,False,True,False,False,True,False,True,False,True,False,False,True,1056,4,2023,False,False,0.0,0.0,False,76,11,False,False,False,False,False,False,True,False,False,False,True,200,1,5,False,HIGH,3
CVE-2024-10100,1.0,True,False,False,False,False,True,True,False,False,True,False,True,False,False,True,False,True,False,False,True,False,True,365,3,2025,False,False,0.0,0.0,False,92,10,False,False,False,False,False,False,False,False,True,False,False,89,1,2,False,CRITICAL,4
CVE-2026-10101,1.0,False,True,False,False,True,False,True,False,False,True,False,True,False,True,False,False,True,False,False,True,False,True,1275,2,2023,False,False,0.0,0.0,False,79,11,False,False,False,False,False,False,False,False,True,False,False,89,1,3,False,HIGH,3
CVE-2026-10102,1.0,True,False,False,False,True,False,True,False,False,True,False,False,False,False,True,True,False,False,False,True,False,True,1431,4,2022,False,False,0.0,0.0,False,79,9,False,False,False,False,False,False,False,True,False,False,False,416,1,4,False,CRITICAL,4
CVE-2024-10103,1.0,False,True,False,False,True,False,False,True,False,False,True,False,False,True,False,False,False,True,False,False,True,True,1247,2,2023,False,False,0.0,0.0,False,79,11,False,False,False,False,False,False,False,True,False,False,False,787,1,5,False,HIGH,3
CVE-2021-10104,1.0,True,False,False,False,True,False,True,False,False,False,True,False,True,False,False,False,True,False,False,True,False,True,1644,1,2022,False,False,0.0,0.0,False,79,9,False,False,False,False,False,False,False,False,False,False,False,269,1,1,False,HIGH,3
CVE-2024-10105,1.0,False,True,False,False,True,False,False,True,False,True,False,True,True,False,False,False,True,False,False,False,True,True,566,1,2025,False,False,0.0,0.0,False,69,10,False,False,False,True,False,False,False,False,False,False,False,20,1,4,False,HIGH,3
CVE-2024-10106,1.0,False,False,False,True,False,True,False,False,True,False,True,True,True,False,False,False,True,False,True,False,False,True,1936,2,2021,False,False,0.0,0.0,False,69,10,False,False,False,True,False,False,False,False,False,False,False,269,1,2,False,LOW,1
CVE-2024-10107,1.0,False,False,True,False,True,False,False,True,False,True,False,False,False,True,False,False,False,True,False,True,False,True,392,3,2025,False,False,0.0,0.0,False,79,11,False,False,False,False,False,False,False,False,True,False,False,79,1,4,False,MEDIUM,2
CVE-2026-10108,1.0,False,False,True,False,True,False,True,False,False,True,False,False,False,True,False,False,True,False,False,False,True,True,1400,4,2022,False,False,0.0,0.0,False,79,9,False,False,False,False,False,False,False,False,True,False,False,89,1,2,False,HIGH,3
CVE-2022-10109,1.0,False,True,False,False,True,False,False,False,True,True,False,False,False,False,True,False,True,False,False,True,False,True,1571,2,2022,False,False,0.0,0.0,False,76,11,False,False,False,False,False,False,True,True,False,False,False,787,1,5,False,HIGH,3
CVE-2023-10110,1.0,False,False,True,False,True,False,False,True,False,True,False,True,False,True,False,False,False,True,False,True,False,True,326,4,2025,False,False,0.0,0.0,False,79,11,False,False,False,False,False,False,False,False,False,False,True,200,1,5,False,HIGH,3
CVE-2023-10111,1.0,False,False,True,False,False,True,False,True,False,True,False,False,False,True,False,False,True,False,True,False,False,True,1056,4,2023,False,False,0.0,0.0,False,69,10,False,False,False,True,False,False,False,False,True,False,False,79,1,5,False,MEDIUM,2
CVE-2025-10112,1.0,True,False,False,False,False,True,False,False,True,True,False,True,False,False,True,False,True,False,False,False,True,True,1308,1,2023,False,False,0.0,0.0,False,79,11,False,False,False,False,False,False,False,False,False,False,False,20,1,4,False,CRITICAL,4
CVE-2023-10113,1.0,False,True,False,False,True,False,True,False,False,False,True,True,False,False,True,False,False,True,False,False,True,True,633,1,2025,False,False,0.0,0.0,False,76,11,False,False,False,False,False,False,True,False,True,False,False,89,1,3,False,CRITICAL,4
CVE-2023-10114,1.0,False,False,True,False,True,False,False,False,True,False,True,False,False,True,False,True,False,False,False,False,True,True,1302,1,2023,False,False,0.0,0.0,False,83,11,False,False,False,False,True,False,False,True,False,False,False,416,1,3,False,MEDIUM,2
CVE-2026-10115,1.0,False,True,False,False,False,True,True,False,False,True,False,True,False,True,False,False,False,True,False,False,True,True,351,4,2025,False,False,0.0,0.0,False,79,9,False,False,False,False,False,False,False,True,False,False,False,416,1,2,False,CRITICAL,4
CVE-2026-10116,1.0,False,False,False,True,False,True,True,False,False,True,False,True,False,False,True,False,True,False,True,False,False,True,1922,2,2021,False,False,0.0,0.0,False,79,11,False,False,False,False,False,False,False,False,False,False,False,269,1,3,False,MEDIUM,2
CVE-2022-10117,1.0,False,True,False,False,True,False,True,False,False,True,False,False,False,True,False,True,False,False,False,False,True,True,1396,4,2022,False,False,0.0,0.0,False,75,10,False,False,False,False,False,False,False,False,False,False,False,20,1,3,False,HIGH,3
CVE-2022-10118,1.0,False,True,False,False,True,False,True,False,False,True,False,True,True,False,False,False,True,False,False,True,False,True,872,2,2024,False,False,0.0,0.0,False,79,11,False,False,False,False,False,False,False,True,False,False,False,119,1,4,False,HIGH,3
CVE-2023-10119,1.0,False,True,False,False,True,False,False,True,False,False,True,False,False,True,False,False,False,True,False,False,True,True,555,1,2025,False,False,0.0,0.0,False,79,11,False,False,False,False,False,False,False,True,False,False,False,787,1,4,False,HIGH,3
CVE-2024-10120,1.0,False,False,False,True,True,False,True,False,False,True,False,True,True,False,False,False,False,True,False,True,False,True,1066,4,2023,False,False,0.0,0.0,False,79,9,False,False,False,False,False,False,False,False,False,False,False,269,1,5,False,HIGH,3
CVE-2026-10121,1.0,True,False,False,False,False,True,True,False,False,True,False,True,False,True,False,False,False,True,True,False,False,True,363,3,2025,False,False,0.0,0.0,False,76,11,False,False,False,False,False,False,True,False,True,False,False,79,1,2,False,CRITICAL,4
CVE-2023-10122,1.0,True,False,False,False,False,True,False,False,True,False,True,False,False,True,False,True,False,False,False,True,False,True,2041,1,2021,False,False,0.0,0.0,False,76,11,False,False,False,True,False,False,False,True,False,False,False,119,1,1,False,MEDIUM,2
CVE-2021-10123,1.0,False,False,True,False,True,False,True,False,False,True,False,True,False,True,False,False,False,True,True,False,False,True,377,3,2025,False,False,0.0,0.0,False,83,11,False,False,False,False,True,False,False,True,False,False,False,787,1,4,False,HIGH,3
CVE-2021-10124,1.0,False,False,True,False,True,False,True,False,False,False,True,False,False,True,False,True,False,False,False,True,False,True,1933,2,2021,False,False,0.0,0.0,False,79,11,False,False,False,False,False,False,False,False,True,False,False,79,1,1,False,MEDIUM,2
CVE-2024-10125,1.0,False,False,False,True,True,False,True,False,False,False,True,False,False,False,True,False,False,True,False,False,True,True,787,3,2024,False,False,0.0,0.0,False,92,10,False,False,False,False,False,False,False,True,False,False,False,119,1,2,False,HIGH,3
CVE-2024-10126,1.0,False,False,True,False,True,False,False,False,True,False,True,False,False,False,True,False,False,True,True,False,False,True,2092,1,2021,False,False,0.0,0.0,False,79,9,False,False,False,False,False,False,False,False,False,False,False,269,1,1,False,MEDIUM,2
CVE-2025-10127,1.0,True,False,False,False,False,True,False,True,False,True,False,True,False,True,False,False,True,False,False,False,True,True,1056,4,2023,False,False,0.0,0.0,False,86,10,False,False,False,False,False,False,False,False,False,False,False,20,1,3,False,HIGH,3
CVE-2023-10128,1.0,True,False,False,False,False,True,True,False,False,True,False,True,False,False,True,False,True,False,False,False,True,True,1602,2,2022,False,False,0.0,0.0,False,76,11,False,False,False,False,False,False,True,True,False,False,False,787,1,4,False,CRITICAL,4
CVE-2022-10129,1.0,True,False,False,False,False,True,True,False,False,True,False,False,True,False,False,False,True,False,False,True,False,True,1966,2,2021,False,False,0.0,0.0,False,75,10,False,False,False,False,False,False,False,True,False,False,False,416,1,5,False,HIGH,3
CVE-2023-10130,1.0,False,True,False,False,False,True,False,True,False,True,False,True,False,True,False,True,False,False,False,True,False,True,2021,1,2021,False,False,0.0,0.0,False,76,11,False,False,False,True,False,False,False,True,False,False,False,416,1,4,False,MEDIUM,2
CVE-2024-10131,1.0,False,False,False,True,False,True,False,True,False,False,True,False,False,False,True,False,True,False,True,False,False,True,1401,4,2022,False,False,0.0,0.0,False,76,11,False,False,False,True,False,False,False,True,False,False,False,416,1,5,False,MEDIUM,2
CVE-2025-10132,1.0,True,False,False,False,True,False,False,True,False,False,True,True,False,True,False,False,False,True,False,False,True,True,1494,3,2022,False,False,0.0,0.0,False,75,10,False,False,False,False,False,False,False,True,False,False,False,787,1,3,False,HIGH,3
CVE-2021-10133,1.0,False,False,False,True,False,True,False,False,True,True,False,False,False,False,True,False,False,True,False,True,False,True,607,1,2025,False,False,0.0,0.0,False,76,11,False,False,False,True,False,False,False,False,False,False,False,269,1,5,False,MEDIUM,2
CVE-2021-10134,1.0,False,False,False,True,True,False,True,False,False,True,False,False,False,False,True,False,True,False,False,True,False,True,1803,4,2021,False,False,0.0,0.0,False,75,10,False,False,False,False,False,False,False,True,False,False,False,416,1,5,False,MEDIUM,2
CVE-2025-10135,1.0,False,False,False,True,False,True,False,True,False,False,True,False,False,False,True,True,False,False,False,False,True,True,1781,4,2021,False,False,0.0,0.0,False,69,10,False,False,False,True,False,False,False,False,False,False,False,269,1,4,False,MEDIUM,2
CVE-2026-10136,1.0,True,False,False,False,True,False,False,False,True,True,False,True,False,False,True,False,True,False,False,False,True,True,1525,3,2022,False,False,0.0,0.0,False,83,11,False,False,False,False,True,False,False,False,False,False,True,200,1,4,False,CRITICAL,4
CVE-2025-10137,1.0,False,False,False,True,True,False,True,False,False,True,False,False,False,True,False,True,False,False,False,False,True,True,1511,3,2022,False,False,0.0,0.0,False,92,10,False,False,False,False,False,False,False,True,False,False,False,787,1,1,False,HIGH,3
CVE-2026-10138,1.0,False,False,True,False,False,True,True,False,False,True,False,True,False,False,True,True,False,False,True,False,False,True,1384,4,2022,False,False,0.0,0.0,False,83,11,False,False,False,False,True,False,False,True,False,False,False,119,1,2,False,HIGH,3
CVE-2024-10139,1.0,False,False,True,False,False,True,False,False,True,True,False,False,True,False,False,False,True,False,False,True,False,True,2042,1,2021,False,False,0.0,0.0,False,92,10,False,False,False,False,False,False,False,True,False,False,False,787,1,5,False,MEDIUM,2
CVE-2024-10140,1.0,True,False,False,False,True,False,False,True,False,True,False,True,False,True,False,False,False,True,False,False,True,True,409,3,2025,False,False,0.0,0.0,False,95,11,False,False,False,False,False,False,False,False,True,False,False,89,1,2,False,CRITICAL,4
CVE-2025-10141,1.0,True,False,False,False,True,False,False,True,False,True,False,False,False,True,False,False,False,True,True,False,False,True,317,4,2025,False,False,0.0,0.0,False,95,11,False,False,False,False,False,False,False,False,False,False,False,269,1,5,False,HIGH,3
CVE-2021-10142,1.0,False,False,True,False,True,False,False,False,True,False,True,False,False,False,True,False,False,True,True,False,False,True,1582,2,2022,False,False,0.0,0.0,False,79,9,False,False,False,False,False,False,False,False,True,False,False,89,1,2,False,HIGH,3
CVE-2026-10143,1.0,True,False,False,False,True,False,True,False,False,True,False,True,False,False,True,True,False,False,False,False,True,True,856,2,2024,False,False,0.0,0.0,False,79,11,False,False,False,False,False,False,False,False,False,False,False,20,1,4,False,CRITICAL,4
CVE-2023-10144,1.0,False,False,False,True,True,False,False,False,True,False,True,True,False,True,False,True,False,False,False,False,True,True,781,3,2024,False,False,0.0,0.0,False,86,10,False,False,False,False,False,False,False,False,False,False,False,20,1,2,False,MEDIUM,2
CVE-2024-10145,1.0,False,True,False,False,False,True,False,False,True,True,False,True,False,False,True,False,True,False,False,False,True,True,1104,3,2023,False,False,0.0,0.0,False,76,11,False,False,False,True,False,False,False,False,False,False,False,269,1,4,False,HIGH,3
CVE-2023-10146,1.0,True,False,False,False,False,True,True,False,False,False,True,False,False,True,False,False,True,False,True,False,False,True,1041,4,2023,False,False,0.0,0.0,False,75,10,False,False,False,False,False,False,False,False,True,False,False,89,1,1,False,MEDIUM,2
CVE-2023-10147,1.0,False,False,False,True,True,False,True,False,False,False,True,True,True,False,False,True,False,False,False,True,False,True,1309,1,2023,False,False,0.0,0.0,False,69,10,False,False,False,True,False,False,False,True,False,False,False,787,1,4,False,MEDIUM,2
CVE-2024-10148,1.0,False,False,False,True,False,True,True,False,False,True,False,True,True,False,False,True,False,False,False,True,False,True,2048,1,2021,False,False,0.0,0.0,False,79,9,False,False,False,False,False,False,False,True,False,False,False,787,1,5,False,MEDIUM,2
CVE-2023-10149,1.0,True,False,False,False,False,True,True,False,False,False,True,True,False,True,False,False,True,False,True,False,False,True,996,1,2024,False,False,0.0,0.0,False,76,11,False,False,False,True,False,False,False,True,False,False,False,416,1,1,False,HIGH,3
CVE-2025-10150,1.0,False,False,True,False,True,False,False,True,False,False,True,True,False,False,True,False,False,True,False,False,True,True,1697,1,2022,False,False,0.0,0.0,False,79,11,False,False,False,False,False,False,False,False,True,False,False,79,1,2,False,HIGH,3
CVE-2024-10151,1.0,False,False,True,False,True,False,True,False,False,False,True,False,True,False,False,True,False,False,True,False,False,True,1331,1,2023,False,False,0.0,0.0,False,76,11,False,False,False,False,False,False,True,False,False,False,False,269,1,4,False,MEDIUM,2
CVE-2024-10152,1.0,False,True,False,False,False,True,False,False,True,False,True,False,False,True,False,False,False,True,False,False,True,True,1790,4,2021,False,False,0.0,0.0,False,86,10,False,False,False,False,False,False,False,False,False,False,True,200,1,5,False,MEDIUM,2
CVE-2025-10153,1.0,False,False,False,True,False,True,False,True,False,True,False,True,False,True,False,False,False,True,True,False,False,True,399,3,2025,False,False,0.0,0.0,False,83,11,False,False,False,False,True,False,False,True,False,False,False,416,1,5,False,MEDIUM,2
CVE-2026-10154,1.0,True,False,False,False,False,True,False,True,False,True,False,False,False,False,True,False,True,False,True,False,False,True,309,4,2025,False,False,0.0,0.0,False,79,9,False,False,False,False,False,False,False,True,False,False,False,416,1,2,False,MEDIUM,2
CVE-2021-10155,1.0,True,False,False,False,True,False,True,False,False,False,True,True,False,True,False,True,False,False,False,True,False,True,923,1,2024,False,False,0.0,0.0,False,92,10,False,False,False,False,False,False,False,True,False,False,False,119,1,4,False,HIGH,3
CVE-2025-10156,1.0,False,True,False,False,True,False,False,False,True,False,True,True,False,False,True,False,True,False,False,True,False,True,1130,3,2023,False,False,0.0,0.0,False,86,10,False,False,False,False,False,False,False,False,True,False,False,89,1,4,False,HIGH,3
CVE-2023-10157,1.0,False,False,True,False,False,True,True,False,False,True,False,True,False,False,True,False,True,False,True,False,False,True,977,1,2024,False,False,0.0,0.0,False,86,10,False,False,False,False,False,False,False,False,False,False,True,200,1,3,False,HIGH,3
CVE-2026-10158,1.0,False,False,True,False,False,True,False,True,False,False,True,True,True,False,False,False,False,True,False,False,True,True,652,4,2024,False,False,0.0,0.0,False,92,10,False,False,False,False,False,False,False,True,False,False,False,416,1,4,False,MEDIUM,2
CVE-2022-10159,1.0,False,False,True,False,True,False,False,True,False,False,True,True,False,False,True,False,True,False,True,False,False,True,1501,3,2022,False,False,0.0,0.0,False,83,11,False,False,False,False,True,False,False,True,False,False,False,119,1,5,False,MEDIUM,2
CVE-2025-10160,1.0,False,True,False,False,True,False,False,False,True,True,False,False,True,False,False,False,False,True,False,False,True,True,670,4,2024,False,False,0.0,0.0,False,79,9,False,False,False,False,False,False,False,True,False,False,False,119,1,2,False,HIGH,3
CVE-2021-10161,1.0,False,False,False,True,True,False,False,False,True,True,False,False,False,False,True,True,False,False,False,True,False,True,1249,2,2023,False,False,0.0,0.0,False,69,10,False,False,False,True,False,False,False,True,False,False,False,787,1,4,False,MEDIUM,2
CVE-2023-10162,1.0,True,False,False,False,True,False,False,False,True,True,False,False,True,False,False,False,True,False,True,False,False,True,1438,4,2022,False,False,0.0,0.0,False,92,10,False,False,False,False,False,False,False,False,False,False,False,20,1,4,False,HIGH,3
CVE-2022-10163,1.0,True,False,False,False,True,False,False,True,False,True,False,True,False,True,False,False,True,False,False,False,True,True,562,1,2025,False,False,0.0,0.0,False,76,11,False,False,False,True,False,False,False,True,False,False,False,787,1,2,False,CRITICAL,4
CVE-2024-10164,1.0,True,False,False,False,False,True,True,False,False,False,True,True,False,False,True,True,False,False,True,False,False,True,1537,3,2022,False,False,0.0,0.0,False,86,10,False,False,False,False,False,False,False,False,False,False,True,200,1,5,False,HIGH,3
CVE-2022-10165,1.0,False,False,False,True,False,True,False,False,True,False,True,False,False,True,False,False,False,True,True,False,False,True,844,2,2024,False,False,0.0,0.0,False,92,10,False,False,False,False,False,False,False,False,True,False,False,89,1,2,False,LOW,1
CVE-2023-10166,1.0,False,False,True,False,False,True,True,False,False,False,True,True,False,True,False,False,True,False,False,False,True,True,1587,2,2022,False,False,0.0,0.0,False,76,11,False,False,False,True,False,False,False,False,False,False,False,20,1,3,False,MEDIUM,2
CVE-2026-10167,1.0,True,False,False,False,False,True,False,True,False,True,False,True,False,False,True,False,False,True,False,False,True,True,1612,2,2022,False,False,0.0,0.0,False,83,11,False,False,False,False,True,False,False,False,True,False,False,79,1,3,False,CRITICAL,4
CVE-2025-10168,1.0,False,True,False,False,False,True,True,False,False,False,True,True,False,True,False,False,False,True,False,False,True,True,1643,1,2022,False,False,0.0,0.0,False,83,11,False,False,False,False,True,False,False,True,False,False,False,787,1,5,False,HIGH,3
CVE-2022-10169,1.0,True,False,False,False,False,True,False,False,True,False,True,False,False,False,True,True,False,False,True,False,False,True,702,4,2024,False,False,0.0,0.0,False,92,10,False,False,False,False,False,False,False,True,False,False,False,119,1,5,False,MEDIUM,2
CVE-2022-10170,1.0,False,False,False,True,True,False,False,False,True,True,False,True,True,False,False,False,False,True,False,True,False,True,1759,4,2021,False,False,0.0,0.0,False,86,10,False,False,False,False,False,False,False,False,False,False,False,20,1,4,False,MEDIUM,2
CVE-2025-10171,1.0,True,False,False,False,False,True,False,False,True,False,True,False,False,True,False,False,True,False,True,False,False,True,1245,2,2023,False,False,0.0,0.0,False,75,10,False,False,False,False,False,False,False,True,False,False,False,119,1,5,False,MEDIUM,2
CVE-2021-10172,1.0,True,False,False,False,True,False,True,False,False,False,True,False,False,True,False,False,True,False,True,False,False,True,1228,2,2023,False,False,0.0,0.0,False,76,11,False,False,False,False,False,False,True,True,False,False,False,416,1,3,False,HIGH,3
CVE-2024-10173,1.0,False,False,False,True,True,False,False,False,True,True,False,True,True,False,False,True,False,False,False,False,True,True,315,4,2025,False,False,0.0,0.0,False,95,11,False,False,False,False,False,False,False,True,False,False,False,416,1,5,False,MEDIUM,2
CVE-2026-10174,1.0,True,False,False,False,False,True,False,True,False,False,True,True,True,False,False,True,False,False,False,True,False,True,1639,2,2022,False,False,0.0,0.0,False,75,10,False,False,False,False,False,False,False,False,False,False,False,269,1,2,False,MEDIUM,2
CVE-2022-10175,1.0,True,False,False,False,False,True,False,False,True,True,False,False,True,False,False,True,False,False,True,False,False,True,303,4,2025,False,False,0.0,0.0,False,79,9,False,False,False,False,False,False,False,False,False,False,False,20,1,4,False,MEDIUM,2
CVE-2026-10176,1.0,False,True,False,False,True,False,False,True,False,False,True,False,False,False,True,True,False,False,True,False,False,True,655,4,2024,False,False,0.0,0.0,False,79,11,False,False,False,False,False,False,False,False,True,False,False,89,1,5,False,MEDIUM,2
CVE-2022-10177,1.0,False,False,True,False,False,True,True,False,False,False,True,False,False,False,True,False,False,True,True,False,False,True,425,3,2025,False,False,0.0,0.0,False,79,9,False,False,False,False,False,False,False,True,False,False,False,416,1,3,False,MEDIUM,2
CVE-2021-10178,1.0,False,True,False,False,False,True,False,False,True,False,True,False,False,True,False,False,False,True,False,False,True,True,955,1,2024,False,False,0.0,0.0,False,79,9,False,False,False,False,False,False,False,True,False,False,False,416,1,5,False,MEDIUM,2
CVE-2026-10179,1.0,False,True,False,False,False,True,False,True,False,True,False,True,True,False,False,True,False,False,False,True,False,True,1243,2,2023,False,False,0.0,0.0,False,83,11,False,False,False,False,True,False,False,False,True,False,False,89,1,4,False,MEDIUM,2
CVE-2025-10180,1.0,False,True,False,False,False,True,True,False,False,False,True,False,False,True,False,False,False,True,True,False,False,True,1250,2,2023,False,False,0.0,0.0,False,69,10,False,False,False,True,False,False,False,True,False,False,False,787,1,3,False,HIGH,3
CVE-2025-10181,1.0,True,False,False,False,False,True,False,True,False,True,False,False,True,False,False,False,False,True,False,False,True,True,612,1,2025,False,False,0.0,0.0,False,76,11,False,False,False,False,False,False,True,True,False,False,False,119,1,4,False,HIGH,3
CVE-2023-10182,1.0,False,True,False,False,True,False,False,False,True,True,False,True,True,False,False,False,False,True,False,False,True,True,1475,3,2022,False,False,0.0,0.0,False,92,10,False,False,False,False,False,False,False,True,False,False,False,119,1,4,False,HIGH,3
CVE-2025-10183,1.0,False,False,False,True,False,True,False,False,True,False,True,True,False,True,False,False,True,False,False,False,True,True,1437,4,2022,False,False,0.0,0.0,False,92,10,False,False,False,False,False,False,False,True,False,False,False,787,1,4,False,MEDIUM,2
CVE-2026-10184,1.0,False,True,False,False,False,True,False,True,False,False,True,False,False,False,True,True,False,False,False,False,True,True,1134,3,2023,False,False,0.0,0.0,False,76,11,False,False,False,False,False,False,True,False,True,False,False,89,1,1,False,MEDIUM,2
CVE-2025-10185,1.0,False,False,False,True,False,True,True,False,False,True,False,True,True,False,False,False,True,False,False,False,True,True,899,2,2024,False,False,0.0,0.0,False,79,9,False,False,False,False,False,False,False,True,False,False,False,119,1,4,False,HIGH,3
CVE-2026-10186,1.0,False,False,True,False,False,True,False,False,True,False,True,True,True,False,False,False,False,True,False,True,False,True,693,4,2024,False,False,0.0,0.0,False,86,10,False,False,False,False,False,False,False,False,True,False,False,89,1,2,False,MEDIUM,2
CVE-2024-10187,1.0,True,False,False,False,True,False,True,False,False,True,False,False,False,True,False,True,False,False,False,False,True,True,1719,1,2022,False,False,0.0,0.0,False,86,10,False,False,False,False,False,False,False,False,True,False,False,89,1,1,False,CRITICAL,4
CVE-2025-10188,1.0,True,False,False,False,False,True,False,False,True,False,True,False,True,False,False,False,False,True,False,False,True,True,1162,3,2023,False,False,0.0,0.0,False,92,10,False,False,False,False,False,False,False,True,False,False,False,416,1,1,False,HIGH,3
CVE-2025-10189,1.0,False,False,True,False,True,False,False,False,True,False,True,False,True,False,False,True,False,False,False,False,True,True,616,1,2025,False,False,0.0,0.0,False,69,10,False,False,False,True,False,False,False,False,True,False,False,89,1,2,False,MEDIUM,2
CVE-2025-10190,1.0,False,False,True,False,False,True,False,True,False,True,False,True,False,True,False,False,True,False,False,False,True,True,1017,4,2023,False,False,0.0,0.0,False,92,10,False,False,False,False,False,False,False,True,False,False,False,119,1,2,False,MEDIUM,2
CVE-2026-10191,1.0,True,False,False,False,True,False,False,True,False,False,True,True,False,False,True,False,True,False,True,False,False,True,400,3,2025,False,False,0.0,0.0,False,79,9,False,False,False,False,False,False,False,False,False,False,False,20,1,2,False,HIGH,3
CVE-2024-10192,1.0,False,False,True,False,True,False,False,False,True,True,False,False,True,False,False,False,False,True,False,False,True,True,364,3,2025,False,False,0.0,0.0,False,76,11,False,False,False,False,False,False,True,True,False,False,False,787,1,3,False,HIGH,3
CVE-2021-10193,1.0,True,False,False,False,True,False,False,True,False,True,False,False,False,False,True,True,False,False,False,False,True,True,694,4,2024,False,False,0.0,0.0,False,69,10,False,False,False,True,False,False,False,False,True,False,False,79,1,3,False,CRITICAL,4
CVE-2025-10194,1.0,False,False,False,True,False,True,False,True,False,True,False,False,False,False,True,False,False,True,False,True,False,True,1603,2,2022,False,False,0.0,0.0,False,75,10,False,False,False,False,False,False,False,False,False,False,False,20,1,1,False,MEDIUM,2
CVE-2022-10195,1.0,False,False,True,False,False,True,False,True,False,True,False,True,False,True,False,False,True,False,True,False,False,True,378,3,2025,False,False,0.0,0.0,False,95,11,False,False,False,False,False,False,False,False,False,False,False,269,1,5,False,MEDIUM,2
CVE-2024-10196,1.0,False,False,False,True,True,False,False,False,True,False,True,False,False,False,True,True,False,False,True,False,False,True,1715,1,2022,False,False,0.0,0.0,False,95,11,False,False,False,False,False,False,False,False,False,False,True,200,1,2,False,MEDIUM,2
CVE-2026-10197,1.0,False,True,False,False,False,True,False,True,False,False,True,False,True,False,False,True,False,False,False,True,False,True,490,2,2025,False,False,0.0,0.0,False,95,11,False,False,False,False,False,False,False,True,False,False,False,787,1,3,False,MEDIUM,2
CVE-2021-10198,1.0,False,True,False,False,False,True,False,True,False,False,True,False,True,False,False,True,False,False,False,True,False,True,1824,3,2021,False,False,0.0,0.0,False,79,9,False,False,False,False,False,False,False,False,True,False,False,79,1,5,False,MEDIUM,2
CVE-2023-10199,1.0,True,False,False,False,False,True,False,True,False,False,True,False,False,False,True,False,False,True,True,False,False,True,327,4,2025,False,False,0.0,0.0,False,79,11,False,False,False,False,False,False,False,False,True,False,False,89,1,4,False,HIGH,3
CVE-2022-10200,1.0,False,False,True,False,False,True,True,False,False,True,False,False,False,True,False,False,True,False,False,True,False,True,1545,3,2022,False,False,0.0,0.0,False,75,10,False,False,False,False,False,False,False,False,False,False,True,200,1,4,False,MEDIUM,2
CVE-2023-10201,1.0,False,False,False,True,True,False,False,True,False,True,False,False,False,True,False,True,False,False,False,True,False,True,1580,2,2022,False,False,0.0,0.0,False,76,11,False,False,False,False,False,False,True,False,False,False,False,269,1,5,False,MEDIUM,2
CVE-2023-10202,1.0,False,False,False,True,True,False,False,True,False,False,True,False,False,True,False,False,True,False,True,False,False,True,1194,2,2023,False,False,0.0,0.0,False,95,11,False,False,False,False,False,False,False,True,False,False,False,416,1,3,False,MEDIUM,2
CVE-2026-10203,1.0,False,False,False,True,True,False,False,True,False,False,True,True,False,True,False,False,True,False,True,False,False,True,672,4,2024,False,False,0.0,0.0,False,79,9,False,False,False,False,False,False,False,True,False,False,False,119,1,5,False,MEDIUM,2
CVE-2022-10204,1.0,True,False,False,False,False,True,False,False,True,True,False,True,False,True,False,False,False,True,True,False,False,True,699,4,2024,False,False,0.0,0.0,False,86,10,False,False,False,False,False,False,False,True,False,False,False,416,1,4,False,HIGH,3
CVE-2026-10205,1.0,False,False,True,False,True,False,False,False,True,False,True,True,True,False,False,False,True,False,False,False,True,True,1475,3,2022,False,False,0.0,0.0,False,75,10,False,False,False,False,False,False,False,True,False,False,False,787,1,5,False,MEDIUM,2
CVE-2025-10206,1.0,False,False,False,True,True,False,False,True,False,True,False,False,True,False,False,False,False,True,False,False,True,True,1058,4,2023,False,False,0.0,0.0,False,95,11,False,False,False,False,False,False,False,False,False,False,False,269,1,2,False,MEDIUM,2
CVE-2021-10207,1.0,False,False,False,True,False,True,False,True,False,True,False,False,True,False,False,False,True,False,True,False,False,True,942,1,2024,False,False,0.0,0.0,False,79,11,False,False,False,False,False,False,False,True,False,False,False,119,1,4,False,MEDIUM,2
CVE-2024-10208,1.0,False,True,False,False,False,True,True,False,False,False,True,False,False,True,False,False,True,False,True,False,False,True,1147,3,2023,False,False,0.0,0.0,False,83,11,False,False,False,False,True,False,False,False,True,False,False,79,1,2,False,MEDIUM,2
CVE-2023-10209,1.0,False,True,False,False,False,True,False,True,False,False,True,False,False,True,False,False,False,True,False,False,True,True,1393,4,2022,False,False,0.0,0.0,False,83,11,False,False,False,False,True,False,False,True,False,False,False,787,1,3,False,MEDIUM,2
CVE-2023-10210,1.0,True,False,False,False,False,True,False,False,True,True,False,False,False,False,True,True,False,False,False,False,True,True,2004,2,2021,False,False,0.0,0.0,False,76,11,False,False,False,False,False,False,True,False,True,False,False,89,1,3,False,HIGH,3
CVE-2024-10211,1.0,False,False,False,True,True,False,True,False,False,False,True,True,True,False,False,False,False,True,False,False,True,True,1149,3,2023,False,False,0.0,0.0,False,86,10,False,False,False,False,False,False,False,True,False,False,False,119,1,4,False,HIGH,3
CVE-2024-10212,1.0,False,True,False,False,True,False,False,True,False,True,False,False,False,False,True,True,False,False,False,True,False,True,1299,1,2023,False,False,0.0,0.0,False,79,11,False,False,False,False,False,False,False,False,False,False,False,269,1,2,False,HIGH,3
CVE-2021-10213,1.0,False,False,False,True,False,True,False,False,True,False,True,True,False,False,True,True,False,False,False,True,False,True,1558,2,2022,False,False,0.0,0.0,False,76,11,False,False,False,True,False,False,False,False,False,False,False,269,1,4,False,MEDIUM,2
CVE-2022-10214,1.0,False,False,True,False,True,False,False,False,True,True,False,True,True,False,False,True,False,False,False,True,False,True,429,3,2025,False,False,0.0,0.0,False,79,11,False,False,False,False,False,False,False,False,True,False,False,79,1,2,False,MEDIUM,2
CVE-2026-10215,1.0,False,False,False,True,False,True,False,False,True,True,False,True,False,True,False,True,False,False,False,True,False,True,1806,4,2021,False,False,0.0,0.0,False,83,11,False,False,False,False,True,False,False,False,True,False,False,89,1,5,False,MEDIUM,2
CVE-2024-10216,1.0,False,True,False,False,False,True,False,True,False,True,False,True,True,False,False,False,True,False,True,False,False,True,1504,3,2022,False,False,0.0,0.0,False,75,10,False,False,False,False,False,False,False,True,False,False,False,119,1,4,False,MEDIUM,2
CVE-2025-10217,1.0,False,False,False,True,False,True,False,True,False,False,True,True,True,False,False,True,False,False,False,False,True,True,758,3,2024,False,False,0.0,0.0,False,86,10,False,False,False,False,False,False,False,False,False,False,False,20,1,2,False,MEDIUM,2
CVE-2021-10218,1.0,False,False,True,False,True,False,False,True,False,False,True,False,False,False,True,True,False,False,False,True,False,True,1533,3,2022,False,False,0.0,0.0,False,79,9,False,False,False,False,False,False,False,False,False,False,False,269,1,5,False,MEDIUM,2
CVE-2026-10219,1.0,False,True,False,False,False,True,True,False,False,True,False,True,True,False,False,False,True,False,False,True,False,True,1192,2,2023,False,False,0.0,0.0,False,69,10,False,False,False,True,False,False,False,False,False,False,False,269,1,1,False,MEDIUM,2
CVE-2021-10220,1.0,False,True,False,False,False,True,False,False,True,False,True,False,False,False,True,True,False,False,True,False,False,True,507,2,2025,False,False,0.0,0.0,False,76,11,False,False,False,True,False,False,False,True,False,False,False,119,1,1,False,MEDIUM,2
CVE-2023-10221,1.0,False,True,False,False,False,True,False,False,True,False,True,True,False,False,True,False,True,False,False,False,True,True,1005,4,2023,False,False,0.0,0.0,False,79,11,False,False,False,False,False,False,False,False,True,False,False,79,1,2,False,HIGH,3
CVE-2021-10222,1.0,False,True,False,False,True,False,True,False,False,True,False,True,True,False,False,False,False,True,False,True,False,True,1528,3,2022,False,False,0.0,0.0,False,95,11,False,False,False,False,False,False,False,True,False,False,False,787,1,2,False,CRITICAL,4
CVE-2026-10223,1.0,False,False,False,True,False,True,False,True,False,True,False,False,False,True,False,False,False,True,False,False,True,True,1545,3,2022,False,False,0.0,0.0,False,79,11,False,False,False,False,False,False,False,False,False,False,True,200,1,3,False,MEDIUM,2
CVE-2024-10224,1.0,True,False,False,False,True,False,False,False,True,False,True,True,True,False,False,False,False,True,False,True,False,True,1425,4,2022,False,False,0.0,0.0,False,76,11,False,False,False,True,False,False,False,True,False,False,False,416,1,2,False,HIGH,3
CVE-2023-10225,1.0,False,False,True,False,True,False,False,False,True,False,True,True,False,False,True,True,False,False,True,False,False,True,1434,4,2022,False,False,0.0,0.0,False,76,11,False,False,False,True,False,False,False,False,True,False,False,79,1,4,False,MEDIUM,2
CVE-2021-10226,1.0,False,False,False,True,False,True,True,False,False,False,True,False,False,False,True,True,False,False,False,False,True,True,339,4,2025,False,False,0.0,0.0,False,69,10,False,False,False,True,False,False,False,False,False,False,True,200,1,2,False,MEDIUM,2
CVE-2021-10227,1.0,False,False,True,False,True,False,False,True,False,True,False,False,False,True,False,False,False,True,False,True,False,True,755,3,2024,False,False,0.0,0.0,False,79,9,False,False,False,False,False,False,False,True,False,False,False,119,1,4,False,MEDIUM,2
CVE-2026-10228,1.0,False,True,False,False,False,True,True,False,False,True,False,False,False,False,True,False,False,True,False,True,False,True,1901,3,2021,False,False,0.0,0.0,False,76,11,False,False,False,False,False,False,True,False,False,False,False,20,1,1,False,HIGH,3
CVE-2021-10229,1.0,False,True,False,False,False,True,True,False,False,True,False,True,True,False,False,False,False,True,True,False,False,True,334,4,2025,False,False,0.0,0.0,False,83,11,False,False,False,False,True,False,False,False,True,False,False,79,1,3,False,HIGH,3
CVE-2023-10230,1.0,False,True,False,False,True,False,True,False,False,True,False,False,False,True,False,False,True,False,False,False,True,True,1815,4,2021,False,False,0.0,0.0,False,83,11,False,False,False,False,True,False,False,True,False,False,False,119,1,2,False,HIGH,3
CVE-2025-10231,1.0,False,True,False,False,True,False,True,False,False,True,False,False,False,False,True,False,False,True,False,True,False,True,689,4,2024,False,False,0.0,0.0,False,95,11,False,False,False,False,False,False,False,False,False,False,False,269,1,4,False,CRITICAL,4
CVE-2022-10232,1.0,True,False,False,False,True,False,False,False,True,False,True,False,False,False,True,False,True,False,True,False,False,True,1588,2,2022,False,False,0.0,0.0,False,83,11,False,False,False,False,True,False,False,True,False,False,False,119,1,4,False,HIGH,3
CVE-2026-10233,1.0,False,False,False,True,False,True,True,False,False,True,False,True,False,False,True,False,False,True,True,False,False,True,1984,2,2021,False,False,0.0,0.0,False,79,9,False,False,False,False,False,False,False,False,False,False,False,20,1,3,False,HIGH,3
CVE-2022-10234,1.0,False,False,False,True,False,True,False,False,True,True,False,True,True,False,False,True,False,False,False,False,True,True,1303,1,2023,False,False,0.0,0.0,False,83,11,False,False,False,False,True,False,False,False,True,False,False,79,1,1,False,MEDIUM,2
CVE-2022-10235,1.0,False,False,False,True,False,True,False,False,True,False,True,True,False,False,True,False,True,False,True,False,False,True,2014,1,2021,False,False,0.0,0.0,False,79,9,False,False,False,False,False,False,False,False,True,False,False,89,1,3,False,MEDIUM,2
CVE-2023-10236,1.0,False,True,False,False,True,False,False,False,True,False,True,True,False,False,True,False,False,True,False,False,True,True,1934,2,2021,False,False,0.0,0.0,False,76,11,False,False,False,False,False,False,True,False,True,False,False,79,1,3,False,CRITICAL,4
CVE-2026-10237,1.0,True,False,False,False,True,False,True,False,False,False,True,False,False,True,False,False,False,True,False,False,True,True,362,3,2025,False,False,0.0,0.0,False,95,11,False,False,False,False,False,False,False,False,True,False,False,89,1,1,False,CRITICAL,4
CVE-2026-10238,1.0,True,False,False,False,True,False,False,True,False,False,True,True,True,False,False,False,True,False,True,False,False,True,1814,4,2021,False,False,0.0,0.0,False,69,10,False,False,False,True,False,False,False,False,False,False,True,200,1,1,False,HIGH,3
CVE-2023-10239,1.0,False,False,True,False,True,False,False,True,False,True,False,True,False,True,False,False,False,True,False,True,False,True,443,3,2025,False,False,0.0,0.0,False,69,10,False,False,False,True,False,False,False,False,False,False,False,20,1,4,False,HIGH,3
CVE-2022-10240,1.0,False,False,True,False,True,False,False,False,True,True,False,False,False,False,True,False,False,True,True,False,False,True,1342,1,2023,False,False,0.0,0.0,False,79,11,False,False,False,False,False,False,False,False,False,False,False,20,1,1,False,HIGH,3
CVE-2021-10241,1.0,False,False,False,True,True,False,True,False,False,True,False,True,True,False,False,False,True,False,True,False,False,True,1129,3,2023,False,False,0.0,0.0,False,92,10,False,False,False,False,False,False,False,True,False,False,False,416,1,3,False,MEDIUM,2
CVE-2021-10242,1.0,True,False,False,False,True,False,True,False,False,True,False,False,False,True,False,True,False,False,False,True,False,True,925,1,2024,False,False,0.0,0.0,False,79,9,False,False,False,False,False,False,False,False,False,False,True,200,1,3,False,HIGH,3
CVE-2025-10243,1.0,False,False,True,False,True,False,False,True,False,False,True,False,False,True,False,False,True,False,False,False,True,True,1160,3,2023,False,False,0.0,0.0,False,76,11,False,False,False,False,False,False,True,True,False,False,False,787,1,2,False,MEDIUM,2
CVE-2022-10244,1.0,False,False,False,True,True,False,True,False,False,False,True,False,False,True,False,True,False,False,False,False,True,True,1787,4,2021,False,False,0.0,0.0,False,86,10,False,False,False,False,False,False,False,True,False,False,False,416,1,3,False,MEDIUM,2
CVE-2022-10245,1.0,False,False,False,True,False,True,True,False,False,True,False,True,True,False,False,True,False,False,True,False,False,True,1010,4,2023,False,False,0.0,0.0,False,76,11,False,False,False,False,False,False,True,True,False,False,False,416,1,3,False,MEDIUM,2
CVE-2026-10246,1.0,True,False,False,False,True,False,False,False,True,False,True,False,False,False,True,False,False,True,True,False,False,True,1922,2,2021,False,False,0.0,0.0,False,76,11,False,False,False,True,False,False,False,False,True,False,False,89,1,2,False,HIGH,3
CVE-2023-10247,1.0,False,False,False,True,False,True,False,True,False,False,True,True,True,False,False,True,False,False,True,False,False,True,353,4,2025,False,False,0.0,0.0,False,79,9,False,False,False,False,False,False,False,False,True,False,False,89,1,5,False,MEDIUM,2
CVE-2022-10248,1.0,False,False,False,True,False,True,False,True,False,False,True,False,False,False,True,False,True,False,True,False,False,True,1879,3,2021,False,False,0.0,0.0,False,76,11,False,False,False,False,False,False,True,True,False,False,False,787,1,3,False,MEDIUM,2
CVE-2023-10249,1.0,True,False,False,False,True,False,False,False,True,False,True,False,True,False,False,False,True,False,True,False,False,True,350,4,2025,False,False,0.0,0.0,False,76,11,False,False,False,True,False,False,False,False,True,False,False,79,1,2,False,MEDIUM,2
CVE-2024-10250,1.0,False,False,True,False,False,True,True,False,False,True,False,True,False,True,False,False,False,True,False,False,True,True,1044,4,2023,False,False,0.0,0.0,False,83,11,False,False,False,False,True,False,False,True,False,False,False,119,1,1,False,HIGH,3
CVE-2021-10251,1.0,True,False,False,False,True,False,True,False,False,True,False,False,True,False,False,False,True,False,False,True,False,True,449,3,2025,False,False,0.0,0.0,False,76,11,False,False,False,True,False,False,False,False,True,False,False,79,1,5,False,HIGH,3
CVE-2023-10252,1.0,True,False,False,False,True,False,True,False,False,False,True,False,True,False,False,False,True,False,True,False,False,True,431,3,2025,False,False,0.0,0.0,False,79,11,False,False,False,False,False,False,False,False,False,False,False,20,1,4,False,HIGH,3
CVE-2022-10253,1.0,False,False,False,True,False,True,True,False,False,False,True,True,True,False,False,False,True,False,True,False,False,True,920,1,2024,False,False,0.0,0.0,False,69,10,False,False,False,True,False,False,False,False,True,False,False,89,1,3,False,MEDIUM,2
CVE-2024-10254,1.0,False,True,False,False,False,True,False,True,False,False,True,True,True,False,False,True,False,False,False,True,False,True,1791,4,2021,False,False,0.0,0.0,False,79,9,False,False,False,False,False,False,False,True,False,False,False,416,1,2,False,MEDIUM,2
CVE-2022-10255,1.0,False,True,False,False,True,False,False,True,False,False,True,True,False,False,True,False,True,False,False,True,False,True,779,3,2024,False,False,0.0,0.0,False,95,11,False,False,False,False,False,False,False,False,False,False,False,269,1,4,False,HIGH,3
CVE-2022-10256,1.0,False,True,False,False,True,False,False,True,False,True,False,True,False,False,True,False,True,False,False,False,True,True,2042,1,2021,False,False,0.0,0.0,False,79,9,False,False,False,False,False,False,False,True,False,False,False,119,1,2,False,CRITICAL,4
CVE-2022-10257,1.0,False,False,True,False,True,False,True,False,False,False,True,True,True,False,False,True,False,False,True,False,False,True,750,3,2024,False,False,0.0,0.0,False,76,11,False,False,False,False,False,False,True,False,False,False,False,269,1,3,False,MEDIUM,2
CVE-2021-10258,1.0,False,False,True,False,True,False,False,False,True,True,False,True,False,False,True,False,True,False,True,False,False,True,655,4,2024,False,False,0.0,0.0,False,79,11,False,False,False,False,False,False,False,True,False,False,False,787,1,1,False,HIGH,3
CVE-2021-10259,1.0,False,True,False,False,True,False,False,False,True,False,True,False,False,True,False,False,False,True,True,False,False,True,1619,2,2022,False,False,0.0,0.0,False,76,11,False,False,False,False,False,False,True,False,True,False,False,89,1,3,False,MEDIUM,2
CVE-2023-10260,1.0,False,True,False,False,True,False,True,False,False,False,True,False,False,True,False,False,False,True,False,False,True,True,1974,2,2021,False,False,0.0,0.0,False,75,10,False,False,False,False,False,False,False,True,False,False,False,416,1,5,False,HIGH,3
CVE-2023-10261,1.0,False,True,False,False,True,False,False,False,True,False,True,True,False,False,True,False,True,False,True,False,False,True,1477,3,2022,False,False,0.0,0.0,False,76,11,False,False,False,False,False,False,True,False,False,False,False,269,1,2,False,MEDIUM,2
CVE-2022-10262,1.0,False,False,True,False,True,False,True,False,False,True,False,True,False,False,True,True,False,False,True,False,False,True,1321,1,2023,False,False,0.0,0.0,False,79,11,False,False,False,False,False,False,False,False,False,False,False,269,1,5,False,HIGH,3
CVE-2026-10263,1.0,False,False,False,True,True,False,False,True,False,True,False,False,False,True,False,False,True,False,True,False,False,True,937,1,2024,False,False,0.0,0.0,False,92,10,False,False,False,False,False,False,False,False,True,False,False,79,1,3,False,MEDIUM,2
CVE-2021-10264,1.0,False,True,False,False,True,False,False,True,False,False,True,False,False,False,True,True,False,False,True,False,False,True,1552,2,2022,False,False,0.0,0.0,False,76,11,False,False,False,True,False,False,False,True,False,False,False,416,1,4,False,MEDIUM,2
CVE-2022-10265,1.0,False,False,False,True,False,True,False,False,True,False,True,False,False,True,False,False,False,True,False,False,True,True,1248,2,2023,False,False,0.0,0.0,False,95,11,False,False,False,False,False,False,False,True,False,False,False,119,1,2,False,MEDIUM,2
CVE-2021-10266,1.0,False,False,True,False,True,False,False,True,False,False,True,False,True,False,False,False,True,False,True,False,False,True,459,2,2025,False,False,0.0,0.0,False,76,11,False,False,False,True,False,False,False,True,False,False,False,416,1,2,False,MEDIUM,2
CVE-2025-10267,1.0,False,False,False,True,True,False,False,True,False,True,False,True,True,False,False,True,False,False,True,False,False,True,1905,3,2021,False,False,0.0,0.0,False,76,11,False,False,False,False,False,False,True,False,False,False,False,269,1,2,False,MEDIUM,2
CVE-2024-10268,1.0,False,False,True,False,False,True,False,True,False,True,False,False,True,False,False,False,True,False,False,False,True,True,668,4,2024,False,False,0.0,0.0,False,92,10,False,False,False,False,False,False,False,True,False,False,False,787,1,2,False,MEDIUM,2
CVE-2023-10269,1.0,True,False,False,False,False,True,False,False,True,False,True,False,True,False,False,True,False,False,True,False,False,True,2088,1,2021,False,False,0.0,0.0,False,69,10,False,False,False,True,False,False,False,False,True,False,False,89,1,3,False,MEDIUM,2
CVE-2024-10270,1.0,False,False,True,False,False,True,False,True,False,False,True,True,True,False,False,False,False,True,False,False,True,True,367,3,2025,False,False,0.0,0.0,False,76,11,False,False,False,False,False,False,True,True,False,False,False,416,1,2,False,MEDIUM,2
CVE-2024-10271,1.0,False,False,False,True,True,False,False,True,False,False,True,True,False,True,False,True,False,False,False,True,False,True,1339,1,2023,False,False,0.0,0.0,False,83,11,False,False,False,False,True,False,False,False,False,False,False,20,1,2,False,MEDIUM,2
CVE-2021-10272,1.0,False,False,False,True,True,False,False,False,True,True,False,True,False,False,True,False,True,False,False,False,True,True,727,3,2024,False,False,0.0,0.0,False,76,11,False,False,False,False,False,False,True,True,False,False,False,787,1,5,False,HIGH,3
CVE-2024-10273,1.0,False,False,False,True,True,False,False,False,True,True,False,False,False,True,False,True,False,False,True,False,False,True,1483,3,2022,False,False,0.0,0.0,False,92,10,False,False,False,False,False,False,False,True,False,False,False,119,1,2,False,MEDIUM,2
CVE-2021-10274,1.0,False,False,False,True,True,False,False,False,True,True,False,True,False,True,False,False,False,True,True,False,False,True,1228,2,2023,False,False,0.0,0.0,False,75,10,False,False,False,False,False,False,False,False,True,False,False,79,1,4,False,MEDIUM,2
CVE-2024-10275,1.0,False,False,True,False,False,True,True,False,False,False,True,False,False,True,False,True,False,False,True,False,False,True,965,1,2024,False,False,0.0,0.0,False,86,10,False,False,False,False,False,False,False,False,True,False,False,79,1,1,False,MEDIUM,2
CVE-2021-10276,1.0,False,False,True,False,False,True,False,True,False,False,True,True,False,False,True,False,False,True,False,True,False,True,486,2,2025,False,False,0.0,0.0,False,79,11,False,False,False,False,False,False,False,False,False,False,False,20,1,2,False,MEDIUM,2
CVE-2024-10277,1.0,False,False,False,True,True,False,False,True,False,False,True,False,True,False,False,False,False,True,False,True,False,True,1801,4,2021,False,False,0.0,0.0,False,79,9,False,False,False,False,False,False,False,False,False,False,True,200,1,3,False,MEDIUM,2
CVE-2023-10278,1.0,False,False,True,False,False,True,False,True,False,True,False,False,True,False,False,False,True,False,False,False,True,True,421,3,2025,False,False,0.0,0.0,False,69,10,False,False,False,True,False,False,False,True,False,False,False,787,1,3,False,MEDIUM,2
CVE-2026-10279,1.0,True,False,False,False,True,False,False,True,False,True,False,True,False,False,True,False,True,False,False,False,True,True,1242,2,2023,False,False,0.0,0.0,False,79,9,False,False,False,False,False,False,False,False,False,False,False,20,1,5,False,CRITICAL,4
CVE-2021-10280,1.0,False,False,False,True,True,False,False,False,True,True,False,False,True,False,False,True,False,False,True,False,False,True,1458,3,2022,False,False,0.0,0.0,False,75,10,False,False,False,False,False,False,False,True,False,False,False,119,1,1,False,MEDIUM,2
CVE-2021-10281,1.0,False,False,True,False,False,True,False,True,False,False,True,False,False,False,True,True,False,False,True,False,False,True,1357,1,2023,False,False,0.0,0.0,False,76,11,False,False,False,True,False,False,False,False,False,False,False,269,1,4,False,MEDIUM,2
CVE-2024-10282,1.0,False,False,True,False,False,True,True,False,False,False,True,False,False,True,False,True,False,False,False,True,False,True,1732,4,2021,False,False,0.0,0.0,False,79,11,False,False,False,False,False,False,False,False,False,False,False,20,1,2,False,MEDIUM,2
CVE-2022-10283,1.0,False,True,False,False,True,False,False,True,False,False,True,False,False,False,True,True,False,False,False,True,False,True,340,4,2025,False,False,0.0,0.0,False,79,11,False,False,False,False,False,False,False,False,True,False,False,89,1,2,False,MEDIUM,2
CVE-2021-10284,1.0,False,False,True,False,False,True,False,True,False,False,True,True,False,True,False,False,True,False,True,False,False,True,1637,2,2022,False,False,0.0,0.0,False,79,11,False,False,False,False,False,False,False,True,False,False,False,787,1,3,False,MEDIUM,2
CVE-2025-10285,1.0,True,False,False,False,True,False,False,False,True,False,True,True,False,True,False,False,False,True,True,False,False,True,1282,1,2023,False,False,0.0,0.0,False,86,10,False,False,False,False,False,False,False,False,False,False,False,269,1,3,False,HIGH,3
CVE-2023-10286,1.0,False,False,True,False,True,False,True,False,False,True,False,False,False,False,True,False,True,False,False,False,True,True,1561,2,2022,False,False,0.0,0.0,False,83,11,False,False,False,False,True,False,False,False,False,False,False,269,1,2,False,HIGH,3
CVE-2026-10287,1.0,False,False,True,False,False,True,False,True,False,False,True,False,False,False,True,False,False,True,False,False,True,True,1077,4,2023,False,False,0.0,0.0,False,69,10,False,False,False,True,False,False,False,True,False,False,False,119,1,3,False,HIGH,3
CVE-2026-10288,1.0,False,False,False,True,False,True,False,False,True,False,True,False,False,False,True,False,False,True,True,False,False,True,1001,4,2023,False,False,0.0,0.0,False,92,10,False,False,False,False,False,False,False,False,False,False,True,200,1,1,False,MEDIUM,2
CVE-2022-10289,1.0,False,True,False,False,False,True,False,False,True,True,False,False,False,True,False,True,False,False,False,False,True,True,578,1,2025,False,False,0.0,0.0,False,76,11,False,False,False,True,False,False,False,False,False,False,True,200,1,4,False,MEDIUM,2
CVE-2023-10290,1.0,False,False,True,False,False,True,True,False,False,False,True,False,False,False,True,False,False,True,False,False,True,True,1562,2,2022,False,False,0.0,0.0,False,83,11,False,False,False,False,True,False,False,False,True,False,False,79,1,4,False,HIGH,3
CVE-2025-10291,1.0,False,False,False,True,False,True,False,True,False,True,False,False,True,False,False,True,False,False,False,True,False,True,1850,3,2021,False,False,0.0,0.0,False,92,10,False,False,False,False,False,False,False,True,False,False,False,416,1,5,False,LOW,1
CVE-2022-10292,1.0,True,False,False,False,False,True,False,True,False,True,False,True,False,False,True,True,False,False,True,False,False,True,1448,4,2022,False,False,0.0,0.0,False,76,11,False,False,False,True,False,False,False,True,False,False,False,119,1,2,False,HIGH,3
CVE-2022-10293,1.0,False,True,False,False,False,True,False,False,True,False,True,True,False,True,False,False,True,False,False,True,False,True,1093,3,2023,False,False,0.0,0.0,False,79,11,False,False,False,False,False,False,False,False,False,False,False,20,1,1,False,MEDIUM,2
CVE-2022-10294,1.0,True,False,False,False,False,True,False,False,True,True,False,False,False,False,True,True,False,False,False,False,True,True,599,1,2025,False,False,0.0,0.0,False,86,10,False,False,False,False,False,False,False,True,False,False,False,119,1,3,False,HIGH,3
CVE-2022-10295,1.0,False,False,True,False,True,False,True,False,False,True,False,True,False,True,False,False,True,False,False,False,True,True,1885,3,2021,False,False,0.0,0.0,False,79,9,False,False,False,False,False,False,False,False,False,False,False,269,1,4,False,HIGH,3
CVE-2023-10296,1.0,False,True,False,False,True,False,False,True,False,True,False,False,True,False,False,False,False,True,True,False,False,True,1092,4,2023,False,False,0.0,0.0,False,75,10,False,False,False,False,False,False,False,True,False,False,False,119,1,1,False,HIGH,3
CVE-2025-10297,1.0,False,False,True,False,True,False,False,True,False,False,True,False,False,False,True,True,False,False,False,False,True,True,1749,4,2021,False,False,0.0,0.0,False,79,11,False,False,False,False,False,False,False,False,True,False,False,79,1,1,False,MEDIUM,2
CVE-2026-10298,1.0,False,False,False,True,False,True,True,False,False,False,True,True,False,False,True,True,False,False,True,False,False,True,1858,3,2021,False,False,0.0,0.0,False,69,10,False,False,False,True,False,False,False,False,False,False,False,20,1,3,False,MEDIUM,2
CVE-2026-10299,1.0,False,False,True,False,True,False,False,True,False,True,False,False,False,True,False,True,False,False,True,False,False,True,1889,3,2021,False,False,0.0,0.0,False,95,11,False,False,False,False,False,False,False,True,False,False,False,787,1,2,False,MEDIUM,2
CVE-2022-10300,1.0,False,True,False,False,False,True,False,False,True,False,True,True,True,False,False,True,False,False,False,False,True,True,502,2,2025,False,False,0.0,0.0,False,79,11,False,False,False,False,False,False,False,True,False,False,False,787,1,2,False,MEDIUM,2
CVE-2023-10301,1.0,True,False,False,False,True,False,True,False,False,False,True,False,True,False,False,False,False,True,True,False,False,True,1615,2,2022,False,False,0.0,0.0,False,76,11,False,False,False,True,False,False,False,False,True,False,False,79,1,3,False,HIGH,3
CVE-2024-10302,1.0,False,False,False,True,True,False,True,False,False,True,False,False,False,True,False,False,True,False,False,False,True,True,1489,3,2022,False,False,0.0,0.0,False,92,10,False,False,False,False,False,False,False,False,False,False,False,269,1,4,False,HIGH,3
CVE-2021-10303,1.0,True,False,False,False,True,False,False,False,True,True,False,True,False,True,False,False,True,False,False,False,True,True,352,4,2025,False,False,0.0,0.0,False,76,11,False,False,False,False,False,False,True,False,True,False,False,79,1,3,False,HIGH,3
CVE-2022-10304,1.0,False,False,False,True,False,True,False,True,False,False,True,True,False,True,False,False,False,True,True,False,False,True,1862,3,2021,False,False,0.0,0.0,False,83,11,False,False,False,False,True,False,False,False,True,False,False,79,1,2,False,MEDIUM,2
CVE-2022-10305,1.0,False,False,False,True,False,True,True,False,False,False,True,True,False,False,True,True,False,False,False,False,True,True,1883,3,2021,False,False,0.0,0.0,False,69,10,False,False,False,True,False,False,False,False,True,False,False,89,1,4,False,MEDIUM,2
CVE-2021-10306,1.0,True,False,False,False,True,False,False,True,False,False,True,False,False,False,True,False,False,True,False,False,True,True,1253,2,2023,False,False,0.0,0.0,False,76,11,False,False,False,True,False,False,False,True,False,False,False,119,1,3,False,CRITICAL,4
CVE-2025-10307,1.0,True,False,False,False,False,True,False,False,True,True,False,True,False,True,False,False,False,True,False,False,True,True,686,4,2024,False,False,0.0,0.0,False,86,10,False,False,False,False,False,False,False,False,True,False,False,89,1,5,False,HIGH,3
CVE-2021-10308,1.0,False,True,False,False,False,True,False,True,False,True,False,False,False,True,False,False,True,False,True,False,False,True,2072,1,2021,False,False,0.0,0.0,False,79,11,False,False,False,False,False,False,False,False,False,False,False,269,1,3,False,MEDIUM,2
CVE-2025-10309,1.0,False,False,False,True,False,True,True,False,False,True,False,True,False,True,False,False,False,True,False,True,False,True,1639,2,2022,False,False,0.0,0.0,False,69,10,False,False,False,True,False,False,False,False,True,False,False,79,1,4,False,MEDIUM,2
CVE-2023-10310,1.0,True,False,False,False,True,False,False,True,False,False,True,False,False,False,True,False,False,True,True,False,False,True,1852,3,2021,False,False,0.0,0.0,False,76,11,False,False,False,True,False,False,False,False,False,False,True,200,1,5,False,HIGH,3
CVE-2022-10311,1.0,False,False,False,True,False,True,False,True,False,True,False,False,False,True,False,False,True,False,False,False,True,True,755,3,2024,False,False,0.0,0.0,False,86,10,False,False,False,False,False,False,False,True,False,False,False,787,1,3,False,MEDIUM,2
CVE-2021-10312,1.0,False,True,False,False,True,False,False,True,False,False,True,True,False,False,True,False,False,True,False,True,False,True,1896,3,2021,False,False,0.0,0.0,False,76,11,False,False,False,True,False,False,False,False,True,False,False,79,1,1,False,HIGH,3
CVE-2024-10313,1.0,True,False,False,False,False,True,False,False,True,True,False,False,True,False,False,False,True,False,True,False,False,True,1808,4,2021,False,False,0.0,0.0,False,75,10,False,False,False,False,False,False,False,True,False,False,False,787,1,2,False,MEDIUM,2
CVE-2021-10314,1.0,True,False,False,False,True,False,False,True,False,False,True,False,False,True,False,True,False,False,False,False,True,True,545,1,2025,False,False,0.0,0.0,False,83,11,False,False,False,False,True,False,False,False,False,False,False,20,1,5,False,HIGH,3
CVE-2025-10315,1.0,False,True,False,False,True,False,False,False,True,True,False,False,False,True,False,False,False,True,False,False,True,True,1106,3,2023,False,False,0.0,0.0,False,95,11,False,False,False,False,False,False,False,False,False,False,False,269,1,5,False,HIGH,3
CVE-2024-10316,1.0,False,True,False,False,False,True,False,True,False,False,True,True,False,True,False,True,False,False,True,False,False,True,848,2,2024,False,False,0.0,0.0,False,95,11,False,False,False,False,False,False,False,True,False,False,False,416,1,5,False,MEDIUM,2
CVE-2023-10317,1.0,False,False,True,False,True,False,True,False,False,True,False,True,False,False,True,False,True,False,False,False,True,True,369,3,2025,False,False,0.0,0.0,False,86,10,False,False,False,False,False,False,False,False,True,False,False,89,1,2,False,CRITICAL,4
CVE-2025-10318,1.0,False,False,True,False,True,False,False,True,False,False,True,True,False,False,True,False,False,True,False,False,True,True,674,4,2024,False,False,0.0,0.0,False,86,10,False,False,False,False,False,False,False,False,False,False,True,200,1,4,False,HIGH,3
CVE-2025-10319,1.0,False,False,False,True,True,False,True,False,False,True,False,False,False,True,False,True,False,False,False,True,False,True,1877,3,2021,False,False,0.0,0.0,False,69,10,False,False,False,True,False,False,False,False,False,False,True,200,1,2,False,MEDIUM,2
CVE-2026-10320,1.0,False,True,False,False,True,False,False,True,False,False,True,False,False,False,True,False,False,True,False,False,True,True,489,2,2025,False,False,0.0,0.0,False,69,10,False,False,False,True,False,False,False,True,False,False,False,119,1,5,False,HIGH,3
CVE-2022-10321,1.0,False,False,True,False,True,False,False,True,False,False,True,True,False,False,True,False,True,False,False,False,True,True,1049,4,2023,False,False,0.0,0.0,False,95,11,False,False,False,False,False,False,False,False,False,False,False,20,1,1,False,MEDIUM,2
CVE-2022-10322,1.0,False,True,False,False,False,True,False,False,True,True,False,False,False,True,False,False,True,False,True,False,False,True,825,2,2024,False,False,0.0,0.0,False,79,9,False,False,False,False,False,False,False,False,True,False,False,79,1,2,False,MEDIUM,2
CVE-2026-10323,1.0,False,False,False,True,True,False,False,True,False,False,True,True,True,False,False,True,False,False,False,False,True,True,1043,4,2023,False,False,0.0,0.0,False,75,10,False,False,False,False,False,False,False,False,False,False,True,200,1,1,False,MEDIUM,2
CVE-2024-10324,1.0,True,False,False,False,True,False,False,True,False,True,False,True,False,True,False,False,False,True,False,False,True,True,642,4,2024,False,False,0.0,0.0,False,83,11,False,False,False,False,True,False,False,False,False,False,False,269,1,5,False,CRITICAL,4
CVE-2022-10325,1.0,False,True,False,False,False,True,False,False,True,False,True,False,False,True,False,True,False,False,True,False,False,True,1029,4,2023,False,False,0.0,0.0,False,92,10,False,False,False,False,False,False,False,False,False,False,False,269,1,3,False,MEDIUM,2
CVE-2023-10326,1.0,False,False,False,True,True,False,True,False,False,False,True,True,True,False,False,False,False,True,False,False,True,True,1648,1,2022,False,False,0.0,0.0,False,83,11,False,False,False,False,True,False,False,True,False,False,False,119,1,1,False,HIGH,3
CVE-2024-10327,1.0,False,False,False,True,False,True,False,False,True,False,True,False,False,False,True,False,True,False,False,False,True,True,465,2,2025,False,False,0.0,0.0,False,83,11,False,False,False,False,True,False,False,True,False,False,False,787,1,4,False,MEDIUM,2
CVE-2023-10328,1.0,False,False,True,False,True,False,True,False,False,True,False,False,False,False,True,True,False,False,True,False,False,True,761,3,2024,False,False,0.0,0.0,False,69,10,False,False,False,True,False,False,False,True,False,False,False,119,1,4,False,HIGH,3
CVE-2022-10329,1.0,False,False,False,True,True,False,False,False,True,True,False,False,False,True,False,False,False,True,False,True,False,True,994,1,2024,False,False,0.0,0.0,False,76,11,False,False,False,False,False,False,True,False,False,False,False,20,1,1,False,MEDIUM,2
CVE-2021-10330,1.0,True,False,False,False,True,False,False,True,False,False,True,True,False,True,False,False,False,True,False,True,False,True,1731,4,2021,False,False,0.0,0.0,False,76,11,False,False,False,False,False,False,True,False,False,False,False,20,1,4,False,HIGH,3
CVE-2025-10331,1.0,True,False,False,False,True,False,False,False,True,True,False,True,False,False,True,True,False,False,False,True,False,True,2083,1,2021,False,False,0.0,0.0,False,76,11,False,False,False,False,False,False,True,False,False,False,True,200,1,5,False,HIGH,3
CVE-2023-10332,1.0,False,False,False,True,False,True,False,False,True,True,False,True,True,False,False,False,False,True,True,False,False,True,528,2,2025,False,False,0.0,0.0,False,76,11,False,False,False,False,False,False,True,False,True,False,False,89,1,4,False,MEDIUM,2
CVE-2023-10333,1.0,False,False,True,False,False,True,True,False,False,True,False,False,True,False,False,True,False,False,False,False,True,True,797,3,2024,False,False,0.0,0.0,False,86,10,False,False,False,False,False,False,False,True,False,False,False,416,1,5,False,MEDIUM,2
CVE-2021-10334,1.0,False,False,True,False,True,False,False,True,False,True,False,False,True,False,False,True,False,False,False,False,True,True,1471,3,2022,False,False,0.0,0.0,False,86,10,False,False,False,False,False,False,False,False,False,False,True,200,1,2,False,MEDIUM,2
CVE-2022-10335,1.0,True,False,False,False,False,True,False,False,True,True,False,True,False,False,True,True,False,False,False,True,False,True,721,4,2024,False,False,0.0,0.0,False,76,11,False,False,False,False,False,False,True,False,True,False,False,79,1,2,False,HIGH,3
CVE-2024-10336,1.0,False,True,False,False,True,False,True,False,False,False,True,False,True,False,False,False,True,False,False,True,False,True,1418,4,2022,False,False,0.0,0.0,False,79,11,False,False,False,False,False,False,False,True,False,False,False,787,1,3,False,MEDIUM,2
CVE-2026-10337,1.0,False,True,False,False,False,True,False,True,False,False,True,False,True,False,False,False,True,False,True,False,False,True,1469,3,2022,False,False,0.0,0.0,False,79,11,False,False,False,False,False,False,False,True,False,False,False,119,1,4,False,MEDIUM,2
CVE-2023-10338,1.0,False,False,True,False,False,True,False,True,False,False,True,True,False,True,False,False,True,False,False,False,True,True,1820,4,2021,False,False,0.0,0.0,False,79,9,False,False,False,False,False,False,False,False,True,False,False,79,1,2,False,MEDIUM,2
CVE-2021-10339,1.0,False,True,False,False,True,False,False,True,False,True,False,False,True,False,False,False,False,True,False,False,True,True,372,3,2025,False,False,0.0,0.0,False,79,11,False,False,False,False,False,False,False,False,False,False,False,20,1,5,False,HIGH,3
CVE-2024-10340,1.0,False,True,False,False,True,False,False,False,True,False,True,True,False,False,True,True,False,False,False,True,False,True,520,2,2025,False,False,0.0,0.0,False,79,11,False,False,False,False,False,False,False,True,False,False,False,416,1,2,False,MEDIUM,2
CVE-2026-10341,1.0,False,True,False,False,False,True,False,False,True,True,False,True,False,True,False,False,False,True,True,False,False,True,340,4,2025,False,False,0.0,0.0,False,79,11,False,False,False,False,False,False,False,True,False,False,False,119,1,5,False,MEDIUM,2
CVE-2025-10342,1.0,False,True,False,False,True,False,False,False,True,True,False,True,False,True,False,True,False,False,True,False,False,True,1808,4,2021,False,False,0.0,0.0,False,75,10,False,False,False,False,False,False,False,True,False,False,False,787,1,2,False,MEDIUM,2
CVE-2023-10343,1.0,True,False,False,False,True,False,False,False,True,False,True,True,False,True,False,False,True,False,True,False,False,True,1339,1,2023,False,False,0.0,0.0,False,76,11,False,False,False,False,False,False,True,False,False,False,False,20,1,3,False,MEDIUM,2
CVE-2026-10344,1.0,False,False,True,False,False,True,False,False,True,True,False,True,False,False,True,False,True,False,False,True,False,True,1028,4,2023,False,False,0.0,0.0,False,76,11,False,False,False,False,False,False,True,False,True,False,False,79,1,5,False,MEDIUM,2
CVE-2024-10345,1.0,False,False,False,True,False,True,False,True,False,False,True,True,False,False,True,True,False,False,False,False,True,True,1639,2,2022,False,False,0.0,0.0,False,79,9,False,False,False,False,False,False,False,False,True,False,False,89,1,4,False,MEDIUM,2
CVE-2022-10346,1.0,False,False,True,False,True,False,True,False,False,True,False,False,False,True,False,False,False,True,False,False,True,True,1938,2,2021,False,False,0.0,0.0,False,75,10,False,False,False,False,False,False,False,False,True,False,False,79,1,2,False,HIGH,3
CVE-2023-10347,1.0,False,False,False,True,False,True,False,True,False,True,False,False,False,False,True,False,True,False,True,False,False,True,620,1,2025,False,False,0.0,0.0,False,95,11,False,False,False,False,False,False,False,True,False,False,False,119,1,1,False,MEDIUM,2
CVE-2025-10348,1.0,False,True,False,False,True,False,False,False,True,True,False,False,True,False,False,False,True,False,True,False,False,True,882,2,2024,False,False,0.0,0.0,False,75,10,False,False,False,False,False,False,False,True,False,False,False,416,1,5,False,MEDIUM,2
CVE-2026-10349,1.0,False,False,True,False,True,False,True,False,False,False,True,True,False,True,False,True,False,False,True,False,False,True,2057,1,2021,False,False,0.0,0.0,False,79,11,False,False,False,False,False,False,False,True,False,False,False,416,1,5,False,MEDIUM,2
CVE-2025-10350,1.0,False,False,True,False,True,False,False,False,True,False,True,True,False,False,True,False,False,True,True,False,False,True,415,3,2025,False,False,0.0,0.0,False,75,10,False,False,False,False,False,False,False,True,False,False,False,119,1,4,False,MEDIUM,2
CVE-2022-10351,1.0,False,True,False,False,False,True,True,False,False,True,False,False,False,True,False,False,False,True,False,False,True,True,1873,3,2021,False,False,0.0,0.0,False,95,11,False,False,False,False,False,False,False,False,False,False,False,20,1,5,False,HIGH,3
CVE-2021-10352,1.0,False,True,False,False,True,False,False,False,True,False,True,True,False,True,False,True,False,False,False,False,True,True,1905,3,2021,False,False,0.0,0.0,False,86,10,False,False,False,False,False,False,False,True,False,False,False,416,1,2,False,HIGH,3
CVE-2024-10353,1.0,True,False,False,False,False,True,True,False,False,False,True,True,True,False,False,True,False,False,False,True,False,True,1378,4,2022,False,False,0.0,0.0,False,76,11,False,False,False,True,False,False,False,True,False,False,False,416,1,3,False,HIGH,3
CVE-2021-10354,1.0,True,False,False,False,True,False,False,True,False,True,False,True,False,True,False,False,True,False,True,False,False,True,643,4,2024,False,False,0.0,0.0,False,92,10,False,False,False,False,False,False,False,False,True,False,False,89,1,4,False,HIGH,3
CVE-2023-10355,1.0,False,False,False,True,False,True,False,False,True,False,True,True,True,False,False,False,True,False,False,False,True,True,1560,2,2022,False,False,0.0,0.0,False,79,11,False,False,False,False,False,False,False,True,False,False,False,787,1,2,False,MEDIUM,2
CVE-2025-10356,1.0,False,False,True,False,False,True,False,False,True,False,True,True,False,False,True,True,False,False,False,False,True,True,959,1,2024,False,False,0.0,0.0,False,83,11,False,False,False,False,True,False,False,False,True,False,False,79,1,2,False,MEDIUM,2
CVE-2026-10357,1.0,False,True,False,False,False,True,False,True,False,True,False,False,False,True,False,False,False,True,True,False,False,True,1764,4,2021,False,False,0.0,0.0,False,76,11,False,False,False,True,False,False,False,False,True,False,False,79,1,2,False,MEDIUM,2
CVE-2025-10358,1.0,True,False,False,False,False,True,True,False,False,False,True,False,False,False,True,True,False,False,False,False,True,True,1204,2,2023,False,False,0.0,0.0,False,76,11,False,False,False,True,False,False,False,True,False,False,False,416,1,5,False,CRITICAL,4
CVE-2023-10359,1.0,True,False,False,False,True,False,False,False,True,False,True,True,True,False,False,True,False,False,False,False,True,True,638,4,2024,False,False,0.0,0.0,False,86,10,False,False,False,False,False,False,False,False,False,False,True,200,1,2,False,HIGH,3
CVE-2025-10360,1.0,False,True,False,False,True,False,False,False,True,True,False,True,True,False,False,False,False,True,True,False,False,True,1050,4,2023,False,False,0.0,0.0,False,69,10,False,False,False,True,False,False,False,False,True,False,False,89,1,1,False,HIGH,3
CVE-2024-10361,1.0,False,False,False,True,False,True,False,False,True,True,False,False,False,False,True,False,False,True,True,False,False,True,1372,4,2022,False,False,0.0,0.0,False,79,9,False,False,False,False,False,False,False,False,True,False,False,79,1,5,False,MEDIUM,2
CVE-2026-10362,1.0,False,False,True,False,False,True,False,True,False,True,False,False,False,True,False,False,True,False,False,False,True,True,396,3,2025,False,False,0.0,0.0,False,79,9,False,False,False,False,False,False,False,False,False,False,False,20,1,3,False,MEDIUM,2
CVE-2024-10363,1.0,True,False,False,False,False,True,False,True,False,True,False,True,False,False,True,False,False,True,False,True,False,True,1059,4,2023,False,False,0.0,0.0,False,75,10,False,False,False,False,False,False,False,True,False,False,False,416,1,5,False,HIGH,3
CVE-2022-10364,1.0,False,False,False,True,False,True,False,False,True,True,False,True,True,False,False,False,True,False,True,False,False,True,544,2,2025,False,False,0.0,0.0,False,76,11,False,False,False,True,False,False,False,True,False,False,False,416,1,2,False,MEDIUM,2
CVE-2023-10365,1.0,True,False,False,False,False,True,True,False,False,False,True,False,False,True,False,False,False,True,False,False,True,True,1251,2,2023,False,False,0.0,0.0,False,92,10,False,False,False,False,False,False,False,False,True,False,False,79,1,5,False,HIGH,3
CVE-2024-10366,1.0,False,True,False,False,False,True,True,False,False,True,False,True,False,False,True,True,False,False,True,False,False,True,1453,4,2022,False,False,0.0,0.0,False,75,10,False,False,False,False,False,False,False,True,False,False,False,119,1,3,False,HIGH,3
CVE-2022-10367,1.0,False,False,True,False,True,False,True,False,False,True,False,False,False,False,True,False,False,True,False,True,False,True,1680,1,2022,False,False,0.0,0.0,False,92,10,False,False,False,False,False,False,False,False,False,False,False,20,1,5,False,HIGH,3
CVE-2024-10368,1.0,False,False,True,False,False,True,False,False,True,False,True,True,True,False,False,False,False,True,False,True,False,True,1335,1,2023,False,False,0.0,0.0,False,69,10,False,False,False,True,False,False,False,True,False,False,False,416,1,2,False,MEDIUM,2
CVE-2022-10369,1.0,False,False,False,True,False,True,False,False,True,True,False,True,False,True,False,False,False,True,True,False,False,True,1985,2,2021,False,False,0.0,0.0,False,79,11,False,False,False,False,False,False,False,True,False,False,False,787,1,1,False,MEDIUM,2
CVE-2024-10370,1.0,True,False,False,False,True,False,False,False,True,True,False,True,False,False,True,True,False,False,False,True,False,True,1449,4,2022,False,False,0.0,0.0,False,86,10,False,False,False,False,False,False,False,False,False,False,True,200,1,2,False,HIGH,3
CVE-2023-10371,1.0,False,False,False,True,False,True,False,True,False,True,False,True,False,True,False,True,False,False,False,True,False,True,1610,2,2022,False,False,0.0,0.0,False,86,10,False,False,False,False,False,False,False,False,False,False,False,269,1,3,False,MEDIUM,2
CVE-2023-10372,1.0,False,True,False,False,True,False,True,False,False,False,True,False,False,False,True,False,True,False,False,True,False,True,1172,3,2023,False,False,0.0,0.0,False,95,11,False,False,False,False,False,False,False,True,False,False,False,119,1,2,False,HIGH,3
CVE-2024-10373,1.0,False,True,False,False,False,True,False,True,False,True,False,True,False,True,False,False,True,False,False,True,False,True,445,3,2025,False,False,0.0,0.0,False,75,10,False,False,False,False,False,False,False,False,False,False,False,20,1,4,False,MEDIUM,2
CVE-2026-10374,1.0,False,True,False,False,False,True,False,True,False,True,False,True,False,False,True,False,True,False,False,True,False,True,1761,4,2021,False,False,0.0,0.0,False,76,11,False,False,False,False,False,False,True,False,False,False,False,269,1,3,False,MEDIUM,2
CVE-2025-10375,1.0,False,False,True,False,True,False,False,True,False,True,False,True,False,False,True,False,False,True,True,False,False,True,437,3,2025,False,False,0.0,0.0,False,86,10,False,False,False,False,False,False,False,False,True,False,False,89,1,3,False,HIGH,3
CVE-2023-10376,1.0,False,False,False,True,False,True,True,False,False,False,True,True,False,True,False,False,False,True,True,False,False,True,717,4,2024,False,False,0.0,0.0,False,83,11,False,False,False,False,True,False,False,False,True,False,False,89,1,3,False,MEDIUM,2
CVE-2026-10377,1.0,False,False,False,True,True,False,True,False,False,True,False,True,True,False,False,False,True,False,False,True,False,True,841,2,2024,False,False,0.0,0.0,False,95,11,False,False,False,False,False,False,False,False,False,False,True,200,1,3,False,MEDIUM,2
CVE-2026-10378,1.0,False,False,False,True,False,True,False,False,True,False,True,True,True,False,False,True,False,False,True,False,False,True,1286,1,2023,False,False,0.0,0.0,False,79,11,False,False,False,False,False,False,False,False,True,False,False,89,1,2,False,LOW,1
CVE-2026-10379,1.0,False,True,False,False,True,False,False,True,False,True,False,False,True,False,False,False,True,False,False,False,True,True,660,4,2024,False,False,0.0,0.0,False,79,9,False,False,False,False,False,False,False,False,False,False,False,20,1,1,False,HIGH,3
CVE-2025-10380,1.0,True,False,False,False,False,True,False,False,True,True,False,False,False,False,True,False,True,False,False,True,False,True,529,2,2025,False,False,0.0,0.0,False,95,11,False,False,False,False,False,False,False,True,False,False,False,119,1,2,False,MEDIUM,2
CVE-2024-10381,1.0,False,True,False,False,True,False,True,False,False,True,False,True,False,True,False,False,True,False,False,True,False,True,812,3,2024,False,False,0.0,0.0,False,79,9,False,False,False,False,False,False,False,False,False,False,True,200,1,5,False,HIGH,3
CVE-2022-10382,1.0,False,True,False,False,False,True,False,False,True,False,True,True,False,True,False,False,True,False,False,False,True,True,667,4,2024,False,False,0.0,0.0,False,76,11,False,False,False,True,False,False,False,True,False,False,False,119,1,1,False,MEDIUM,2
CVE-2023-10383,1.0,False,False,True,False,True,False,False,True,False,True,False,False,False,False,True,True,False,False,False,True,False,True,1346,1,2023,False,False,0.0,0.0,False,76,11,False,False,False,True,False,False,False,False,False,False,True,200,1,4,False,MEDIUM,2
CVE-2021-10384,1.0,False,False,False,True,False,True,True,False,False,False,True,True,False,False,True,True,False,False,True,False,False,True,687,4,2024,False,False,0.0,0.0,False,86,10,False,False,False,False,False,False,False,False,False,False,False,269,1,2,False,MEDIUM,2
CVE-2025-10385,1.0,False,True,False,False,True,False,False,False,True,False,True,True,True,False,False,False,True,False,True,False,False,True,1200,2,2023,False,False,0.0,0.0,False,95,11,False,False,False,False,False,False,False,True,False,False,False,416,1,2,False,MEDIUM,2
CVE-2025-10386,1.0,False,False,True,False,False,True,False,False,True,False,True,True,True,False,False,True,False,False,True,False,False,True,442,3,2025,False,False,0.0,0.0,False,86,10,False,False,False,False,False,False,False,False,True,False,False,89,1,3,False,MEDIUM,2
CVE-2026-10387,1.0,False,False,False,True,False,True,False,False,True,False,True,False,False,True,False,True,False,False,True,False,False,True,1163,3,2023,False,False,0.0,0.0,False,76,11,False,False,False,False,False,False,True,False,False,False,False,20,1,5,False,LOW,1
CVE-2022-10388,1.0,False,False,True,False,True,False,False,False,True,False,True,False,True,False,False,True,False,False,True,False,False,True,1886,3,2021,False,False,0.0,0.0,False,69,10,False,False,False,True,False,False,False,False,False,False,False,20,1,4,False,MEDIUM,2
CVE-2023-10389,1.0,False,False,False,True,False,True,False,True,False,True,False,True,True,False,False,True,False,False,True,False,False,True,1235,2,2023,False,False,0.0,0.0,False,92,10,False,False,False,False,False,False,False,False,False,False,True,200,1,4,False,LOW,1
CVE-2025-10390,1.0,False,True,False,False,False,True,False,True,False,True,False,False,False,False,True,True,False,False,False,True,False,True,1133,3,2023,False,False,0.0,0.0,False,76,11,False,False,False,False,False,False,True,True,False,False,False,787,1,2,False,MEDIUM,2
CVE-2022-10391,1.0,False,True,False,False,False,True,False,True,False,False,True,True,True,False,False,False,False,True,False,False,True,True,1152,3,2023,False,False,0.0,0.0,False,69,10,False,False,False,True,False,False,False,False,False,False,False,20,1,5,False,MEDIUM,2
CVE-2021-10392,1.0,False,False,True,False,True,False,False,True,False,True,False,False,True,False,False,True,False,False,False,False,True,True,1577,2,2022,False,False,0.0,0.0,False,86,10,False,False,False,False,False,False,False,True,False,False,False,416,1,3,False,MEDIUM,2
CVE-2022-10393,1.0,True,False,False,False,False,True,True,False,False,True,False,False,False,False,True,False,False,True,False,True,False,True,469,2,2025,False,False,0.0,0.0,False,69,10,False,False,False,True,False,False,False,False,True,False,False,89,1,3,False,CRITICAL,4
CVE-2022-10394,1.0,True,False,False,False,False,True,False,False,True,True,False,False,False,True,False,False,False,True,True,False,False,True,1773,4,2021,False,False,0.0,0.0,False,76,11,False,False,False,False,False,False,True,False,True,False,False,79,1,2,False,HIGH,3
CVE-2022-10395,1.0,False,False,True,False,False,True,False,False,True,True,False,False,False,False,True,False,True,False,False,True,False,True,1447,4,2022,False,False,0.0,0.0,False,76,11,False,False,False,True,False,False,False,False,True,False,False,89,1,3,False,MEDIUM,2
CVE-2024-10396,1.0,False,False,True,False,False,True,True,False,False,True,False,True,False,True,False,False,False,True,False,True,False,True,648,4,2024,False,False,0.0,0.0,False,69,10,False,False,False,True,False,False,False,False,False,False,True,200,1,5,False,HIGH,3
CVE-2022-10397,1.0,False,True,False,False,False,True,False,True,False,False,True,True,False,True,False,True,False,False,False,False,True,True,1954,2,2021,False,False,0.0,0.0,False,86,10,False,False,False,False,False,False,False,True,False,False,False,416,1,2,False,MEDIUM,2
CVE-2025-10398,1.0,False,True,False,False,False,True,False,False,True,True,False,True,True,False,False,False,False,True,False,False,True,True,341,4,2025,False,False,0.0,0.0,False,69,10,False,False,False,True,False,False,False,True,False,False,False,787,1,5,False,HIGH,3
CVE-2025-10399,1.0,False,False,False,True,False,True,True,False,False,True,False,False,True,False,False,True,False,False,True,False,False,True,1516,3,2022,False,False,0.0,0.0,False,75,10,False,False,False,False,False,False,False,False,False,False,False,20,1,2,False,MEDIUM,2
CVE-2024-10400,1.0,True,False,False,False,False,True,False,False,True,False,True,True,True,False,False,False,True,False,True,False,False,True,1703,1,2022,False,False,0.0,0.0,False,76,11,False,False,False,False,False,False,True,False,True,False,False,79,1,1,False,MEDIUM,2
CVE-2026-10401,1.0,False,False,False,True,True,False,False,True,False,False,True,True,False,False,True,True,False,False,False,False,True,True,1089,4,2023,False,False,0.0,0.0,False,92,10,False,False,False,False,False,False,False,False,False,False,True,200,1,5,False,MEDIUM,2
CVE-2026-10402,1.0,True,False,False,False,True,False,False,False,True,True,False,False,False,False,True,True,False,False,False,False,True,True,1951,2,2021,False,False,0.0,0.0,False,69,10,False,False,False,True,False,False,False,True,False,False,False,119,1,5,False,CRITICAL,4
CVE-2025-10403,1.0,False,False,False,True,True,False,False,False,True,False,True,True,False,False,True,False,False,True,False,True,False,True,815,3,2024,False,False,0.0,0.0,False,92,10,False,False,False,False,False,False,False,False,True,False,False,79,1,2,False,MEDIUM,2
CVE-2025-10404,1.0,False,False,True,False,True,False,False,False,True,False,True,True,False,True,False,False,False,True,False,True,False,True,1273,2,2023,False,False,0.0,0.0,False,75,10,False,False,False,False,False,False,False,False,False,False,False,269,1,4,False,MEDIUM,2
CVE-2026-10405,1.0,False,True,False,False,True,False,False,True,False,False,True,True,False,True,False,False,True,False,False,True,False,True,1433,4,2022,False,False,0.0,0.0,False,95,11,False,False,False,False,False,False,False,False,False,False,False,20,1,1,False,MEDIUM,2
CVE-2025-10406,1.0,False,True,False,False,False,True,True,False,False,False,True,False,True,False,False,False,True,False,True,False,False,True,2062,1,2021,False,False,0.0,0.0,False,79,9,False,False,False,False,False,False,False,False,False,False,True,200,1,5,False,MEDIUM,2
CVE-2025-10407,1.0,False,True,False,False,True,False,True,False,False,False,True,True,True,False,False,True,False,False,False,True,False,True,927,1,2024,False,False,0.0,0.0,False,86,10,False,False,False,False,False,False,False,False,False,False,False,269,1,5,False,HIGH,3
CVE-2022-10408,1.0,True,False,False,False,False,True,False,False,True,True,False,False,False,False,True,False,True,False,False,True,False,True,1571,2,2022,False,False,0.0,0.0,False,92,10,False,False,False,False,False,False,False,False,True,False,False,89,1,4,False,MEDIUM,2
CVE-2021-10409,1.0,False,False,True,False,True,False,False,False,True,False,True,False,True,False,False,False,True,False,False,True,False,True,876,2,2024,False,False,0.0,0.0,False,79,11,False,False,False,False,False,False,False,True,False,False,False,416,1,4,False,MEDIUM,2
CVE-2022-10410,1.0,True,False,False,False,False,True,True,False,False,False,True,False,False,True,False,False,False,True,False,False,True,True,564,1,2025,False,False,0.0,0.0,False,76,11,False,False,False,False,False,False,True,True,False,False,False,119,1,2,False,HIGH,3
CVE-2026-10411,1.0,False,False,False,True,True,False,True,False,False,False,True,True,False,True,False,True,False,False,True,False,False,True,597,1,2025,False,False,0.0,0.0,False,69,10,False,False,False,True,False,False,False,False,False,False,False,269,1,1,False,MEDIUM,2
CVE-2025-10412,1.0,False,False,False,True,False,True,True,False,False,False,True,True,False,False,True,True,False,False,True,False,False,True,569,1,2025,False,False,0.0,0.0,False,76,11,False,False,False,True,False,False,False,True,False,False,False,787,1,5,False,MEDIUM,2
CVE-2024-10413,1.0,False,True,False,False,True,False,True,False,False,True,False,True,False,True,False,False,True,False,False,False,True,True,1286,1,2023,False,False,0.0,0.0,False,92,10,False,False,False,False,False,False,False,False,True,False,False,79,1,1,False,HIGH,3
CVE-2024-10414,1.0,False,True,False,False,False,True,False,True,False,True,False,True,True,False,False,False,True,False,False,False,True,True,1347,1,2023,False,False,0.0,0.0,False,95,11,False,False,False,False,False,False,False,True,False,False,False,787,1,5,False,HIGH,3
CVE-2024-10415,1.0,False,True,False,False,False,True,True,False,False,True,False,False,False,False,True,True,False,False,True,False,False,True,2004,2,2021,False,False,0.0,0.0,False,75,10,False,False,False,False,False,False,False,False,True,False,False,89,1,3,False,HIGH,3
CVE-2023-10416,1.0,False,False,True,False,False,True,False,True,False,True,False,True,True,False,False,False,False,True,False,False,True,True,675,4,2024,False,False,0.0,0.0,False,69,10,False,False,False,True,False,False,False,True,False,False,False,119,1,2,False,HIGH,3
CVE-2025-10417,1.0,False,False,False,True,True,False,False,False,True,True,False,True,False,False,True,False,False,True,False,False,True,True,559,1,2025,False,False,0.0,0.0,False,86,10,False,False,False,False,False,False,False,False,False,False,False,20,1,3,False,HIGH,3
CVE-2021-10418,1.0,False,False,True,False,True,False,False,True,False,True,False,False,False,True,False,False,False,True,False,True,False,True,1514,3,2022,False,False,0.0,0.0,False,75,10,False,False,False,False,False,False,False,False,False,False,False,269,1,1,False,MEDIUM,2
CVE-2023-10419,1.0,False,False,False,True,True,False,False,True,False,True,False,True,False,True,False,False,False,True,False,False,True,True,319,4,2025,False,False,0.0,0.0,False,69,10,False,False,False,True,False,False,False,False,True,False,False,79,1,2,False,MEDIUM,2
CVE-2025-10420,1.0,True,False,False,False,True,False,True,False,False,False,True,True,False,True,False,False,True,False,False,False,True,True,1158,3,2023,False,False,0.0,0.0,False,92,10,False,False,False,False,False,False,False,False,False,False,False,269,1,3,False,CRITICAL,4
CVE-2026-10421,1.0,False,False,True,False,True,False,False,False,True,False,True,True,True,False,False,False,False,True,False,True,False,True,1476,3,2022,False,False,0.0,0.0,False,83,11,False,False,False,False,True,False,False,True,False,False,False,119,1,2,False,MEDIUM,2
CVE-2024-10422,1.0,True,False,False,False,False,True,False,False,True,True,False,True,True,False,False,False,False,True,True,False,False,True,750,3,2024,False,False,0.0,0.0,False,83,11,False,False,False,False,True,False,False,True,False,False,False,416,1,3,False,HIGH,3
CVE-2023-10423,1.0,False,True,False,False,True,False,False,False,True,True,False,False,True,False,False,False,True,False,False,False,True,True,1176,3,2023,False,False,0.0,0.0,False,79,11,False,False,False,False,False,False,False,False,True,False,False,89,1,4,False,HIGH,3
CVE-2026-10424,1.0,False,False,True,False,True,False,False,False,True,True,False,False,False,True,False,True,False,False,False,False,True,True,939,1,2024,False,False,0.0,0.0,False,75,10,False,False,False,False,False,False,False,False,False,False,False,20,1,3,False,MEDIUM,2
CVE-2024-10425,1.0,False,False,True,False,True,False,True,False,False,True,False,False,True,False,False,True,False,False,False,False,True,True,1474,3,2022,False,False,0.0,0.0,False,95,11,False,False,False,False,False,False,False,False,False,False,True,200,1,5,False,HIGH,3
CVE-2025-10426,1.0,False,True,False,False,True,False,False,False,True,True,False,True,True,False,False,False,False,True,False,True,False,True,1623,2,2022,False,False,0.0,0.0,False,79,11,False,False,False,False,False,False,False,False,True,False,False,89,1,5,False,HIGH,3
CVE-2024-10427,1.0,False,False,True,False,True,False,False,True,False,False,True,True,True,False,False,True,False,False,True,False,False,True,637,4,2024,False,False,0.0,0.0,False,79,11,False,False,False,False,False,False,False,True,False,False,False,119,1,1,False,MEDIUM,2
CVE-2021-10428,1.0,False,True,False,False,True,False,True,False,False,True,False,False,False,True,False,False,False,True,False,True,False,True,1543,3,2022,False,False,0.0,0.0,False,95,11,False,False,False,False,False,False,False,False,False,False,False,269,1,4,False,HIGH,3
CVE-2024-10429,1.0,False,False,False,True,False,True,False,True,False,True,False,False,False,True,False,False,True,False,True,False,False,True,1266,2,2023,False,False,0.0,0.0,False,92,10,False,False,False,False,False,False,False,True,False,False,False,119,1,5,False,MEDIUM,2
CVE-2024-10430,1.0,False,False,False,True,True,False,True,False,False,False,True,True,False,True,False,False,True,False,False,True,False,True,590,1,2025,False,False,0.0,0.0,False,86,10,False,False,False,False,False,False,False,True,False,False,False,787,1,2,False,MEDIUM,2
CVE-2023-10431,1.0,False,True,False,False,False,True,False,False,True,False,True,False,False,False,True,False,False,True,True,False,False,True,840,2,2024,False,False,0.0,0.0,False,95,11,False,False,False,False,False,False,False,False,True,False,False,89,1,5,False,MEDIUM,2
CVE-2022-10432,1.0,False,False,True,False,False,True,True,False,False,True,False,True,False,False,True,False,False,True,True,False,False,True,1290,1,2023,False,False,0.0,0.0,False,86,10,False,False,False,False,False,False,False,True,False,False,False,787,1,1,False,HIGH,3
CVE-2023-10433,1.0,False,True,False,False,True,False,True,False,False,True,False,True,False,False,True,False,True,False,True,False,False,True,679,4,2024,False,False,0.0,0.0,False,79,9,False,False,False,False,False,False,False,True,False,False,False,416,1,5,False,CRITICAL,4
CVE-2022-10434,1.0,False,False,False,True,True,False,True,False,False,False,True,False,True,False,False,True,False,False,True,False,False,True,1320,1,2023,False,False,0.0,0.0,False,79,11,False,False,False,False,False,False,False,False,False,False,False,20,1,4,False,MEDIUM,2
CVE-2023-10435,1.0,False,False,True,False,True,False,True,False,False,True,False,False,True,False,False,False,False,True,False,True,False,True,600,1,2025,False,False,0.0,0.0,False,79,9,False,False,False,False,False,False,False,False,False,False,False,20,1,4,False,HIGH,3
CVE-2024-10436,1.0,False,False,False,True,True,False,True,False,False,False,True,True,False,True,False,False,True,False,True,False,False,True,982,1,2024,False,False,0.0,0.0,False,76,11,False,False,False,True,False,False,False,False,False,False,False,20,1,2,False,MEDIUM,2
CVE-2023-10437,1.0,False,True,False,False,True,False,True,False,False,True,False,False,False,False,True,False,True,False,True,False,False,True,826,2,2024,False,False,0.0,0.0,False,86,10,False,False,False,False,False,False,False,False,True,False,False,89,1,1,False,HIGH,3
CVE-2025-10438,1.0,True,False,False,False,True,False,True,False,False,False,True,False,True,False,False,False,False,True,False,True,False,True,1484,3,2022,False,False,0.0,0.0,False,79,11,False,False,False,False,False,False,False,False,True,False,False,89,1,4,False,HIGH,3
CVE-2023-10439,1.0,False,False,True,False,False,True,False,True,False,False,True,False,False,True,False,False,False,True,True,False,False,True,2022,1,2021,False,False,0.0,0.0,False,79,11,False,False,False,False,False,False,False,False,False,False,True,200,1,4,False,MEDIUM,2
CVE-2021-10440,1.0,False,False,True,False,False,True,False,False,True,True,False,False,False,False,True,True,False,False,True,False,False,True,673,4,2024,False,False,0.0,0.0,False,75,10,False,False,False,False,False,False,False,False,True,False,False,79,1,4,False,MEDIUM,2
CVE-2026-10441,1.0,False,False,True,False,False,True,False,False,True,False,True,False,False,False,True,False,False,True,False,True,False,True,1507,3,2022,False,False,0.0,0.0,False,79,11,False,False,False,False,False,False,False,True,False,False,False,787,1,4,False,MEDIUM,2
CVE-2025-10442,1.0,False,True,False,False,True,False,True,False,False,True,False,True,False,False,True,True,False,False,False,False,True,True,1619,2,2022,False,False,0.0,0.0,False,75,10,False,False,False,False,False,False,False,True,False,False,False,119,1,5,False,CRITICAL,4
CVE-2024-10443,1.0,False,False,True,False,True,False,True,False,False,True,False,True,False,True,False,True,False,False,False,True,False,True,2002,2,2021,False,False,0.0,0.0,False,95,11,False,False,False,False,False,False,False,False,False,False,True,200,1,5,False,HIGH,3
CVE-2023-10444,1.0,True,False,False,False,False,True,False,True,False,False,True,False,True,False,False,True,False,False,False,True,False,True,525,2,2025,False,False,0.0,0.0,False,86,10,False,False,False,False,False,False,False,False,False,False,False,269,1,4,False,MEDIUM,2
CVE-2021-10445,1.0,False,False,False,True,True,False,False,False,True,False,True,True,False,True,False,False,True,False,False,False,True,True,773,3,2024,False,False,0.0,0.0,False,76,11,False,False,False,True,False,False,False,False,False,False,False,20,1,5,False,MEDIUM,2
CVE-2025-10446,1.0,False,False,True,False,True,False,True,False,False,False,True,True,True,False,False,True,False,False,False,True,False,True,611,1,2025,False,False,0.0,0.0,False,79,9,False,False,False,False,False,False,False,False,False,False,False,20,1,3,False,MEDIUM,2
CVE-2026-10447,1.0,False,False,False,True,True,False,False,False,True,True,False,True,False,False,True,False,True,False,False,False,True,True,1001,4,2023,False,False,0.0,0.0,False,95,11,False,False,False,False,False,False,False,False,False,False,False,20,1,3,False,HIGH,3
CVE-2021-10448,1.0,False,False,True,False,False,True,False,True,False,True,False,True,True,False,False,True,False,False,False,True,False,True,1078,4,2023,False,False,0.0,0.0,False,95,11,False,False,False,False,False,False,False,False,False,False,False,20,1,2,False,MEDIUM,2
CVE-2024-10449,1.0,False,False,False,True,True,False,True,False,False,False,True,True,False,False,True,False,False,True,False,True,False,True,1059,4,2023,False,False,0.0,0.0,False,76,11,False,False,False,False,False,False,True,False,False,False,False,269,1,2,False,HIGH,3
CVE-2025-10450,1.0,False,True,False,False,True,False,False,True,False,False,True,False,True,False,False,False,True,False,True,False,False,True,710,4,2024,False,False,0.0,0.0,False,76,11,False,False,False,False,False,False,True,False,True,False,False,79,1,3,False,MEDIUM,2
CVE-2021-10451,1.0,False,False,True,False,True,False,False,False,True,False,True,False,False,True,False,True,False,False,True,False,False,True,1884,3,2021,False,False,0.0,0.0,False,76,11,False,False,False,True,False,False,False,False,False,False,True,200,1,3,False,MEDIUM,2
CVE-2023-10452,1.0,True,False,False,False,False,True,True,False,False,True,False,True,True,False,False,True,False,False,False,False,True,True,513,2,2025,False,False,0.0,0.0,False,86,10,False,False,False,False,False,False,False,False,True,False,False,79,1,2,False,CRITICAL,4
CVE-2023-10453,1.0,False,False,True,False,True,False,False,False,True,False,True,False,True,False,False,True,False,False,False,True,False,True,970,1,2024,False,False,0.0,0.0,False,86,10,False,False,False,False,False,False,False,False,False,False,False,269,1,5,False,MEDIUM,2
CVE-2021-10454,1.0,False,False,False,True,True,False,True,False,False,False,True,False,True,False,False,False,True,False,False,True,False,True,1829,3,2021,False,False,0.0,0.0,False,76,11,False,False,False,True,False,False,False,False,True,False,False,89,1,5,False,MEDIUM,2
CVE-2026-10455,1.0,False,False,False,True,False,True,False,True,False,False,True,False,False,False,True,False,False,True,False,False,True,True,383,3,2025,False,False,0.0,0.0,False,79,11,False,False,False,False,False,False,False,False,True,False,False,79,1,4,False,MEDIUM,2
CVE-2022-10456,1.0,False,False,False,True,True,False,False,True,False,False,True,True,False,True,False,True,False,False,True,False,False,True,1905,3,2021,False,False,0.0,0.0,False,79,11,False,False,False,False,False,False,False,False,True,False,False,89,1,5,False,MEDIUM,2
CVE-2023-10457,1.0,False,False,True,False,False,True,False,True,False,False,True,False,True,False,False,False,True,False,True,False,False,True,1293,1,2023,False,False,0.0,0.0,False,79,9,False,False,False,False,False,False,False,False,False,False,False,269,1,4,False,LOW,1
CVE-2022-10458,1.0,False,True,False,False,True,False,False,True,False,True,False,True,False,False,True,False,False,True,True,False,False,True,1517,3,2022,False,False,0.0,0.0,False,76,11,False,False,False,True,False,False,False,False,False,False,True,200,1,5,False,HIGH,3
CVE-2024-10459,1.0,False,True,False,False,True,False,False,False,True,True,False,True,False,True,False,True,False,False,False,True,False,True,886,2,2024,False,False,0.0,0.0,False,76,11,False,False,False,True,False,False,False,True,False,False,False,119,1,5,False,HIGH,3
CVE-2024-10460,1.0,False,True,False,False,True,False,False,False,True,True,False,True,True,False,False,False,False,True,False,False,True,True,934,1,2024,False,False,0.0,0.0,False,95,11,False,False,False,False,False,False,False,True,False,False,False,787,1,3,False,HIGH,3
CVE-2021-10461,1.0,False,True,False,False,False,True,False,True,False,True,False,False,False,False,True,False,False,True,False,True,False,True,412,3,2025,False,False,0.0,0.0,False,86,10,False,False,False,False,False,False,False,False,False,False,False,269,1,4,False,MEDIUM,2
CVE-2021-10462,1.0,True,False,False,False,True,False,False,False,True,True,False,True,False,False,True,False,True,False,False,True,False,True,1650,1,2022,False,False,0.0,0.0,False,69,10,False,False,False,True,False,False,False,True,False,False,False,787,1,2,False,HIGH,3
CVE-2026-10463,1.0,False,False,True,False,False,True,False,True,False,False,True,False,False,False,True,True,False,False,False,False,True,True,299,4,2025,False,False,0.0,0.0,False,92,10,False,False,False,False,False,False,False,True,False,False,False,416,1,2,False,MEDIUM,2
CVE-2021-10464,1.0,True,False,False,False,True,False,False,False,True,False,True,False,False,True,False,True,False,False,True,False,False,True,1339,1,2023,False,False,0.0,0.0,False,79,9,False,False,False,False,False,False,False,True,False,False,False,416,1,5,False,MEDIUM,2
CVE-2026-10465,1.0,False,False,False,True,False,True,False,True,False,True,False,False,False,True,False,True,False,False,True,False,False,True,1444,4,2022,False,False,0.0,0.0,False,95,11,False,False,False,False,False,False,False,True,False,False,False,416,1,3,False,LOW,1
CVE-2022-10466,1.0,False,True,False,False,True,False,True,False,False,True,False,False,True,False,False,False,False,True,False,True,False,True,1505,3,2022,False,False,0.0,0.0,False,95,11,False,False,False,False,False,False,False,True,False,False,False,416,1,2,False,HIGH,3
CVE-2022-10467,1.0,False,False,False,True,False,True,False,False,True,True,False,True,False,False,True,False,True,False,False,False,True,True,780,3,2024,False,False,0.0,0.0,False,76,11,False,False,False,False,False,False,True,True,False,False,False,787,1,4,False,MEDIUM,2
CVE-2022-10468,1.0,True,False,False,False,False,True,False,False,True,True,False,True,False,True,False,False,False,True,False,False,True,True,1715,1,2022,False,False,0.0,0.0,False,83,11,False,False,False,False,True,False,False,False,False,False,False,20,1,5,False,HIGH,3
CVE-2026-10469,1.0,False,False,False,True,True,False,True,False,False,False,True,True,False,False,True,True,False,False,False,False,True,True,1341,1,2023,False,False,0.0,0.0,False,76,11,False,False,False,True,False,False,False,False,True,False,False,79,1,2,False,HIGH,3
CVE-2026-10470,1.0,True,False,False,False,False,True,False,False,True,True,False,True,False,False,True,True,False,False,False,True,False,True,577,1,2025,False,False,0.0,0.0,False,76,11,False,False,False,True,False,False,False,True,False,False,False,787,1,5,False,HIGH,3
CVE-2025-10471,1.0,False,False,False,True,False,True,False,True,False,False,True,False,True,False,False,False,False,True,False,False,True,True,593,1,2025,False,False,0.0,0.0,False,76,11,False,False,False,True,False,False,False,False,False,False,True,200,1,5,False,MEDIUM,2
CVE-2021-10472,1.0,False,True,False,False,True,False,False,False,True,False,True,False,False,True,False,False,True,False,True,False,False,True,807,3,2024,False,False,0.0,0.0,False,79,9,False,False,False,False,False,False,False,False,True,False,False,89,1,5,False,MEDIUM,2
CVE-2023-10473,1.0,False,False,True,False,False,True,False,True,False,True,False,False,False,False,True,True,False,False,False,False,True,True,1579,2,2022,False,False,0.0,0.0,False,76,11,False,False,False,False,False,False,True,False,True,False,False,89,1,4,False,MEDIUM,2
CVE-2022-10474,1.0,False,True,False,False,False,True,True,False,False,True,False,True,True,False,False,True,False,False,False,False,True,True,1560,2,2022,False,False,0.0,0.0,False,83,11,False,False,False,False,True,False,False,False,True,False,False,89,1,4,False,HIGH,3
CVE-2024-10475,1.0,False,False,False,True,True,False,True,False,False,False,True,False,False,False,True,False,True,False,True,False,False,True,1608,2,2022,False,False,0.0,0.0,False,95,11,False,False,False,False,False,False,False,False,False,False,False,20,1,2,False,MEDIUM,2
CVE-2024-10476,1.0,False,False,False,True,True,False,False,True,False,False,True,True,False,True,False,True,False,False,False,False,True,True,1120,3,2023,False,False,0.0,0.0,False,76,11,False,False,False,True,False,False,False,True,False,False,False,416,1,1,False,MEDIUM,2
CVE-2024-10477,1.0,False,False,True,False,True,False,True,False,False,False,True,True,False,False,True,False,False,True,False,True,False,True,1313,1,2023,False,False,0.0,0.0,False,79,9,False,False,False,False,False,False,False,False,False,False,False,269,1,3,False,HIGH,3
CVE-2021-10478,1.0,False,False,False,True,False,True,False,False,True,True,False,False,False,False,True,False,True,False,False,False,True,True,1573,2,2022,False,False,0.0,0.0,False,79,9,False,False,False,False,False,False,False,False,True,False,False,89,1,3,False,MEDIUM,2
CVE-2021-10479,1.0,True,False,False,False,True,False,False,True,False,True,False,False,False,False,True,False,True,False,False,True,False,True,718,4,2024,False,False,0.0,0.0,False,86,10,False,False,False,False,False,False,False,False,False,False,True,200,1,3,False,HIGH,3
CVE-2021-10480,1.0,True,False,False,False,True,False,False,False,True,True,False,False,False,False,True,True,False,False,True,False,False,True,2047,1,2021,False,False,0.0,0.0,False,92,10,False,False,False,False,False,False,False,False,True,False,False,89,1,4,False,HIGH,3
CVE-2022-10481,1.0,False,True,False,False,False,True,False,True,False,False,True,False,False,False,True,False,True,False,False,True,False,True,1868,3,2021,False,False,0.0,0.0,False,79,11,False,False,False,False,False,False,False,True,False,False,False,416,1,3,False,MEDIUM,2
CVE-2022-10482,1.0,False,False,True,False,True,False,False,True,False,False,True,True,True,False,False,False,True,False,False,True,False,True,497,2,2025,False,False,0.0,0.0,False,79,9,False,False,False,False,False,False,False,False,True,False,False,89,1,4,False,MEDIUM,2
CVE-2024-10483,1.0,False,False,False,True,True,False,False,False,True,False,True,False,True,False,False,False,False,True,False,True,False,True,1685,1,2022,False,False,0.0,0.0,False,76,11,False,False,False,False,False,False,True,True,False,False,False,119,1,5,False,MEDIUM,2
CVE-2024-10484,1.0,True,False,False,False,True,False,True,False,False,True,False,True,False,True,False,True,False,False,False,True,False,True,630,1,2025,False,False,0.0,0.0,False,76,11,False,False,False,False,False,False,True,False,False,False,False,20,1,1,False,HIGH,3
CVE-2023-10485,1.0,False,False,True,False,False,True,False,False,True,True,False,True,False,True,False,False,True,False,False,True,False,True,1785,4,2021,False,False,0.0,0.0,False,95,11,False,False,False,False,False,False,False,False,True,False,False,79,1,5,False,MEDIUM,2
CVE-2021-10486,1.0,False,False,False,True,True,False,False,False,True,False,True,True,False,False,True,False,True,False,False,True,False,True,1308,1,2023,False,False,0.0,0.0,False,92,10,False,False,False,False,False,False,False,False,False,False,False,20,1,1,False,MEDIUM,2
CVE-2025-10487,1.0,True,False,False,False,False,True,False,True,False,True,False,False,False,False,True,True,False,False,False,True,False,True,348,4,2025,False,False,0.0,0.0,False,83,11,False,False,False,False,True,False,False,True,False,False,False,119,1,3,False,MEDIUM,2
CVE-2021-10488,1.0,False,False,True,False,False,True,True,False,False,False,True,False,True,False,False,True,False,False,True,False,False,True,804,3,2024,False,False,0.0,0.0,False,95,11,False,False,False,False,False,False,False,False,False,False,False,20,1,5,False,MEDIUM,2
CVE-2024-10489,1.0,False,False,True,False,False,True,False,False,True,False,True,False,True,False,False,False,True,False,True,False,False,True,1299,1,2023,False,False,0.0,0.0,False,92,10,False,False,False,False,False,False,False,False,False,False,False,269,1,1,False,MEDIUM,2
CVE-2021-10490,1.0,False,False,False,True,True,False,False,False,True,True,False,False,True,False,False,False,False,True,True,False,False,True,1662,1,2022,False,False,0.0,0.0,False,95,11,False,False,False,False,False,False,False,True,False,False,False,787,1,1,False,MEDIUM,2
CVE-2025-10491,1.0,False,True,False,False,True,False,True,False,False,True,False,True,True,False,False,False,True,False,False,False,True,True,2002,2,2021,False,False,0.0,0.0,False,76,11,False,False,False,True,False,False,False,False,True,False,False,89,1,5,False,HIGH,3
CVE-2021-10492,1.0,False,True,False,False,True,False,True,False,False,False,True,True,False,False,True,False,False,True,False,True,False,True,1862,3,2021,False,False,0.0,0.0,False,76,11,False,False,False,False,False,False,True,False,False,False,False,269,1,1,False,HIGH,3
CVE-2025-10493,1.0,False,True,False,False,True,False,False,False,True,True,False,True,True,False,False,True,False,False,False,True,False,True,1814,4,2021,False,False,0.0,0.0,False,79,11,False,False,False,False,False,False,False,False,True,False,False,89,1,4,False,HIGH,3
CVE-2026-10494,1.0,False,True,False,False,False,True,True,False,False,True,False,False,True,False,False,False,False,True,False,False,True,True,1338,1,2023,False,False,0.0,0.0,False,75,10,False,False,False,False,False,False,False,True,False,False,False,416,1,2,False,HIGH,3
CVE-2024-10495,1.0,True,False,False,False,True,False,True,False,False,False,True,True,False,False,True,False,True,False,False,False,True,True,1930,2,2021,False,False,0.0,0.0,False,69,10,False,False,False,True,False,False,False,False,True,False,False,89,1,3,False,CRITICAL,4
CVE-2024-10496,1.0,False,True,False,False,True,False,False,False,True,True,False,True,False,False,True,True,False,False,False,False,True,True,1252,2,2023,False,False,0.0,0.0,False,86,10,False,False,False,False,False,False,False,False,False,False,True,200,1,3,False,CRITICAL,4
CVE-2021-10497,1.0,False,True,False,False,True,False,False,False,True,True,False,True,False,False,True,False,False,True,True,False,False,True,953,1,2024,False,False,0.0,0.0,False,95,11,False,False,False,False,False,False,False,True,False,False,False,787,1,2,False,HIGH,3
CVE-2021-10498,1.0,False,True,False,False,False,True,False,True,False,True,False,False,False,False,True,True,False,False,True,False,False,True,1699,1,2022,False,False,0.0,0.0,False,79,9,False,False,False,False,False,False,False,False,False,False,False,269,1,3,False,MEDIUM,2
CVE-2024-10499,1.0,False,False,False,True,True,False,True,False,False,True,False,False,True,False,False,True,False,False,False,True,False,True,1581,2,2022,False,False,0.0,0.0,False,92,10,False,False,False,False,False,False,False,False,True,False,False,79,1,1,False,MEDIUM,2
CVE-2026-10500,1.0,False,False,True,False,False,True,True,False,False,False,True,False,True,False,False,False,True,False,True,False,False,True,1185,2,2023,False,False,0.0,0.0,False,92,10,False,False,False,False,False,False,False,False,True,False,False,79,1,2,False,MEDIUM,2
CVE-2022-10501,1.0,True,False,False,False,False,True,False,False,True,False,True,False,False,True,False,True,False,False,True,False,False,True,1326,1,2023,False,False,0.0,0.0,False,95,11,False,False,False,False,False,False,False,True,False,False,False,787,1,2,False,MEDIUM,2
CVE-2023-10502,1.0,False,True,False,False,False,True,False,True,False,True,False,True,True,False,False,True,False,False,False,False,True,True,1816,4,2021,False,False,0.0,0.0,False,95,11,False,False,False,False,False,False,False,False,False,False,False,20,1,3,False,HIGH,3
CVE-2021-10503,1.0,False,False,False,True,False,True,True,False,False,False,True,False,False,True,False,False,False,True,True,False,False,True,351,4,2025,False,False,0.0,0.0,False,75,10,False,False,False,False,False,False,False,False,True,False,False,89,1,5,False,MEDIUM,2
CVE-2022-10504,1.0,False,False,False,True,True,False,False,False,True,False,True,True,False,True,False,True,False,False,False,False,True,True,1918,2,2021,False,False,0.0,0.0,False,86,10,False,False,False,False,False,False,False,True,False,False,False,416,1,2,False,MEDIUM,2
CVE-2023-10505,1.0,False,True,False,False,True,False,False,False,True,True,False,True,True,False,False,True,False,False,False,True,False,True,1206,2,2023,False,False,0.0,0.0,False,92,10,False,False,False,False,False,False,False,False,False,False,False,20,1,4,False,HIGH,3
CVE-2024-10506,1.0,True,False,False,False,False,True,False,True,False,True,False,False,False,False,True,True,False,False,False,False,True,True,1114,3,2023,False,False,0.0,0.0,False,86,10,False,False,False,False,False,False,False,True,False,False,False,119,1,2,False,HIGH,3
CVE-2023-10507,1.0,True,False,False,False,True,False,False,True,False,False,True,False,False,False,True,False,True,False,False,False,True,True,1606,2,2022,False,False,0.0,0.0,False,83,11,False,False,False,False,True,False,False,False,False,False,False,20,1,4,False,HIGH,3
CVE-2022-10508,1.0,False,True,False,False,False,True,False,False,True,False,True,False,False,False,True,True,False,False,False,True,False,True,305,4,2025,False,False,0.0,0.0,False,76,11,False,False,False,True,False,False,False,False,False,False,False,269,1,5,False,MEDIUM,2
CVE-2023-10509,1.0,False,True,False,False,True,False,False,False,True,False,True,False,False,False,True,False,False,True,False,True,False,True,1223,2,2023,False,False,0.0,0.0,False,69,10,False,False,False,True,False,False,False,False,False,False,False,20,1,1,False,HIGH,3
CVE-2023-10510,1.0,True,False,False,False,False,True,False,True,False,True,False,False,False,False,True,False,False,True,True,False,False,True,1142,3,2023,False,False,0.0,0.0,False,95,11,False,False,False,False,False,False,False,False,False,False,False,269,1,2,False,HIGH,3
CVE-2021-10511,1.0,False,True,False,False,True,False,False,True,False,False,True,True,False,False,True,False,False,True,False,True,False,True,766,3,2024,False,False,0.0,0.0,False,86,10,False,False,False,False,False,False,False,False,False,False,True,200,1,1,False,HIGH,3
CVE-2023-10512,1.0,False,False,False,True,True,False,False,True,False,False,True,True,False,False,True,False,True,False,False,False,True,True,1388,4,2022,False,False,0.0,0.0,False,76,11,False,False,False,False,False,False,True,False,True,False,False,79,1,2,False,MEDIUM,2
CVE-2021-10513,1.0,False,True,False,False,False,True,True,False,False,True,False,False,False,True,False,True,False,False,False,False,True,True,1931,2,2021,False,False,0.0,0.0,False,76,11,False,False,False,True,False,False,False,False,True,False,False,89,1,4,False,HIGH,3
CVE-2022-10514,1.0,True,False,False,False,False,True,False,True,False,True,False,True,False,True,False,False,True,False,False,True,False,True,1029,4,2023,False,False,0.0,0.0,False,75,10,False,False,False,False,False,False,False,False,False,False,False,20,1,3,False,MEDIUM,2
CVE-2021-10515,1.0,False,False,True,False,False,True,False,False,True,False,True,True,False,True,False,False,False,True,False,False,True,True,2050,1,2021,False,False,0.0,0.0,False,92,10,False,False,False,False,False,False,False,True,False,False,False,787,1,4,False,MEDIUM,2
CVE-2025-10516,1.0,False,True,False,False,False,True,True,False,False,False,True,True,False,True,False,True,False,False,True,False,False,True,1825,3,2021,False,False,0.0,0.0,False,79,9,False,False,False,False,False,False,False,False,False,False,False,269,1,3,False,MEDIUM,2
CVE-2022-10517,1.0,False,False,True,False,True,False,True,False,False,True,False,False,True,False,False,True,False,False,True,False,False,True,829,2,2024,False,False,0.0,0.0,False,76,11,False,False,False,True,False,False,False,False,False,False,False,269,1,5,False,HIGH,3
CVE-2024-10518,1.0,False,True,False,False,True,False,False,False,True,True,False,True,False,True,False,True,False,False,False,True,False,True,1562,2,2022,False,False,0.0,0.0,False,75,10,False,False,False,False,False,False,False,True,False,False,False,787,1,5,False,MEDIUM,2
CVE-2025-10519,1.0,True,False,False,False,False,True,False,True,False,True,False,True,False,True,False,True,False,False,True,False,False,True,1478,3,2022,False,False,0.0,0.0,False,75,10,False,False,False,False,False,False,False,False,False,False,False,269,1,3,False,HIGH,3
CVE-2023-10520,1.0,False,True,False,False,False,True,False,True,False,True,False,True,True,False,False,True,False,False,False,False,True,True,551,1,2025,False,False,0.0,0.0,False,76,11,False,False,False,True,False,False,False,False,True,False,False,79,1,3,False,MEDIUM,2
CVE-2024-10521,1.0,False,False,False,True,False,True,True,False,False,False,True,False,False,False,True,False,False,True,True,False,False,True,831,2,2024,False,False,0.0,0.0,False,69,10,False,False,False,True,False,False,False,True,False,False,False,119,1,3,False,MEDIUM,2
CVE-2021-10522,1.0,False,False,False,True,True,False,False,False,True,False,True,False,False,True,False,False,True,False,False,False,True,True,1924,2,2021,False,False,0.0,0.0,False,92,10,False,False,False,False,False,False,False,False,False,False,False,20,1,3,False,MEDIUM,2
CVE-2022-10523,1.0,False,False,True,False,False,True,False,True,False,True,False,True,False,True,False,False,True,False,False,True,False,True,629,1,2025,False,False,0.0,0.0,False,95,11,False,False,False,False,False,False,False,True,False,False,False,787,1,5,False,MEDIUM,2
CVE-2022-10524,1.0,False,False,False,True,False,True,False,True,False,True,False,True,False,False,True,False,True,False,True,False,False,True,605,1,2025,False,False,0.0,0.0,False,76,11,False,False,False,False,False,False,True,False,True,False,False,79,1,2,False,MEDIUM,2
CVE-2023-10525,1.0,False,False,True,False,True,False,False,False,True,False,True,False,True,False,False,False,True,False,False,False,True,True,1123,3,2023,False,False,0.0,0.0,False,92,10,False,False,False,False,False,False,False,False,False,False,True,200,1,4,False,MEDIUM,2
CVE-2025-10526,1.0,False,True,False,False,True,False,True,False,False,False,True,True,False,False,True,False,True,False,True,False,False,True,1149,3,2023,False,False,0.0,0.0,False,75,10,False,False,False,False,False,False,False,False,False,False,True,200,1,5,False,HIGH,3
CVE-2024-10527,1.0,False,True,False,False,True,False,True,False,False,True,False,True,False,True,False,False,False,True,False,False,True,True,950,1,2024,False,False,0.0,0.0,False,79,9,False,False,False,False,False,False,False,True,False,False,False,787,1,1,False,CRITICAL,4
CVE-2024-10528,1.0,False,True,False,False,True,False,True,False,False,False,True,True,True,False,False,False,False,True,False,False,True,True,1728,1,2022,False,False,0.0,0.0,False,79,9,False,False,False,False,False,False,False,False,False,False,False,269,1,5,False,CRITICAL,4
CVE-2025-10529,1.0,False,False,False,True,True,False,False,True,False,True,False,True,True,False,False,False,False,True,True,False,False,True,1202,2,2023,False,False,0.0,0.0,False,76,11,False,False,False,True,False,False,False,False,True,False,False,89,1,3,False,MEDIUM,2
CVE-2026-10530,1.0,False,True,False,False,True,False,False,True,False,False,True,True,False,False,True,False,True,False,True,False,False,True,1818,4,2021,False,False,0.0,0.0,False,76,11,False,False,False,True,False,False,False,False,False,False,True,200,1,3,False,HIGH,3
CVE-2026-10531,1.0,False,True,False,False,True,False,True,False,False,True,False,True,False,True,False,False,False,True,False,True,False,True,1938,2,2021,False,False,0.0,0.0,False,86,10,False,False,False,False,False,False,False,False,False,False,True,200,1,3,False,HIGH,3
CVE-2025-10532,1.0,False,True,False,False,True,False,True,False,False,False,True,True,False,True,False,False,True,False,False,True,False,True,908,2,2024,False,False,0.0,0.0,False,76,11,False,False,False,False,False,False,True,False,True,False,False,89,1,1,False,HIGH,3
CVE-2022-10533,1.0,False,True,False,False,True,False,False,True,False,False,True,False,True,False,False,True,False,False,True,False,False,True,1065,4,2023,False,False,0.0,0.0,False,92,10,False,False,False,False,False,False,False,True,False,False,False,787,1,3,False,MEDIUM,2
CVE-2026-10534,1.0,False,False,False,True,False,True,True,False,False,False,True,False,False,False,True,True,False,False,True,False,False,True,1353,1,2023,False,False,0.0,0.0,False,79,9,False,False,False,False,False,False,False,False,True,False,False,89,1,2,False,MEDIUM,2
CVE-2023-10535,1.0,False,True,False,False,True,False,False,True,False,True,False,False,True,False,False,False,True,False,False,True,False,True,1839,3,2021,False,False,0.0,0.0,False,92,10,False,False,False,False,False,False,False,False,False,False,False,20,1,2,False,MEDIUM,2
CVE-2021-10536,1.0,True,False,False,False,False,True,True,False,False,False,True,False,True,False,False,False,True,False,False,False,True,True,471,2,2025,False,False,0.0,0.0,False,76,11,False,False,False,False,False,False,True,False,False,False,False,20,1,1,False,HIGH,3
CVE-2025-10537,1.0,False,True,False,False,True,False,False,False,True,False,True,False,True,False,False,True,False,False,False,False,True,True,1675,1,2022,False,False,0.0,0.0,False,76,11,False,False,False,False,False,False,True,False,False,False,True,200,1,5,False,MEDIUM,2
CVE-2023-10538,1.0,False,True,False,False,True,False,True,False,False,True,False,False,False,False,True,True,False,False,False,True,False,True,1767,4,2021,False,False,0.0,0.0,False,83,11,False,False,False,False,True,False,False,False,True,False,False,89,1,5,False,HIGH,3
CVE-2026-10539,1.0,False,False,False,True,False,True,False,False,True,True,False,True,False,False,True,True,False,False,True,False,False,True,1893,3,2021,False,False,0.0,0.0,False,69,10,False,False,False,True,False,False,False,False,False,False,False,269,1,4,False,MEDIUM,2
CVE-2022-10540,1.0,False,False,False,True,True,False,False,True,False,True,False,True,True,False,False,False,False,True,True,False,False,True,1042,4,2023,False,False,0.0,0.0,False,95,11,False,False,False,False,False,False,False,True,False,False,False,787,1,3,False,MEDIUM,2
CVE-2025-10541,1.0,True,False,False,False,False,True,False,True,False,True,False,True,False,True,False,False,True,False,False,False,True,True,617,1,2025,False,False,0.0,0.0,False,79,9,False,False,False,False,False,False,False,True,False,False,False,787,1,2,False,HIGH,3
CVE-2024-10542,1.0,False,True,False,False,True,False,False,True,False,False,True,False,True,False,False,False,False,True,False,True,False,True,1500,3,2022,False,False,0.0,0.0,False,86,10,False,False,False,False,False,False,False,False,True,False,False,79,1,4,False,MEDIUM,2
CVE-2025-10543,1.0,True,False,False,False,True,False,True,False,False,False,True,True,False,False,True,False,False,True,True,False,False,True,747,3,2024,False,False,0.0,0.0,False,76,11,False,False,False,True,False,False,False,False,True,False,False,89,1,1,False,CRITICAL,4
CVE-2022-10544,1.0,False,False,False,True,True,False,True,False,False,False,True,True,False,True,False,False,False,True,False,False,True,True,1402,4,2022,False,False,0.0,0.0,False,83,11,False,False,False,False,True,False,False,False,False,False,True,200,1,4,False,HIGH,3
CVE-2024-10545,1.0,False,False,False,True,False,True,False,False,True,False,True,False,False,True,False,True,False,False,True,False,False,True,730,3,2024,False,False,0.0,0.0,False,83,11,False,False,False,False,True,False,False,False,False,False,True,200,1,4,False,LOW,1
CVE-2022-10546,1.0,True,False,False,False,True,False,False,False,True,True,False,False,False,True,False,False,False,True,True,False,False,True,809,3,2024,False,False,0.0,0.0,False,76,11,False,False,False,True,False,False,False,True,False,False,False,416,1,5,False,HIGH,3
CVE-2022-10547,1.0,True,False,False,False,True,False,False,False,True,False,True,True,True,False,False,False,True,False,False,False,True,True,1475,3,2022,False,False,0.0,0.0,False,83,11,False,False,False,False,True,False,False,True,False,False,False,787,1,4,False,HIGH,3
CVE-2023-10548,1.0,True,False,False,False,True,False,False,True,False,True,False,True,False,True,False,False,True,False,False,True,False,True,985,1,2024,False,False,0.0,0.0,False,86,10,False,False,False,False,False,False,False,False,False,False,False,20,1,1,False,HIGH,3
CVE-2025-10549,1.0,False,True,False,False,False,True,False,True,False,True,False,True,False,False,True,False,True,False,False,True,False,True,745,3,2024,False,False,0.0,0.0,False,75,10,False,False,False,False,False,False,False,False,True,False,False,79,1,5,False,HIGH,3
CVE-2026-10550,1.0,False,False,False,True,False,True,False,False,True,True,False,False,False,True,False,False,True,False,False,True,False,True,961,1,2024,False,False,0.0,0.0,False,76,11,False,False,False,True,False,False,False,True,False,False,False,416,1,5,False,LOW,1
CVE-2023-10551,1.0,True,False,False,False,True,False,True,False,False,False,True,True,False,False,True,False,False,True,True,False,False,True,1439,4,2022,False,False,0.0,0.0,False,83,11,False,False,False,False,True,False,False,False,False,False,False,269,1,4,False,CRITICAL,4
CVE-2024-10552,1.0,False,False,False,True,False,True,True,False,False,True,False,False,True,False,False,False,False,True,False,True,False,True,1389,4,2022,False,False,0.0,0.0,False,76,11,False,False,False,False,False,False,True,False,True,False,False,79,1,1,False,MEDIUM,2
CVE-2021-10553,1.0,True,False,False,False,False,True,True,False,False,False,True,True,False,False,True,False,False,True,False,True,False,True,1404,4,2022,False,False,0.0,0.0,False,79,9,False,False,False,False,False,False,False,True,False,False,False,787,1,5,False,CRITICAL,4
CVE-2023-10554,1.0,False,False,False,True,False,True,False,False,True,True,False,True,True,False,False,False,False,True,False,False,True,True,1322,1,2023,False,False,0.0,0.0,False,69,10,False,False,False,True,False,False,False,True,False,False,False,119,1,3,False,MEDIUM,2
CVE-2025-10555,1.0,False,False,True,False,True,False,False,False,True,False,True,True,False,True,False,True,False,False,False,True,False,True,434,3,2025,False,False,0.0,0.0,False,76,11,False,False,False,True,False,False,False,False,True,False,False,79,1,5,False,MEDIUM,2
CVE-2023-10556,1.0,False,False,True,False,False,True,True,False,False,True,False,False,False,False,True,False,True,False,False,True,False,True,1552,2,2022,False,False,0.0,0.0,False,92,10,False,False,False,False,False,False,False,False,True,False,False,79,1,5,False,MEDIUM,2
CVE-2024-10557,1.0,False,False,True,False,True,False,False,False,True,False,True,True,False,True,False,False,False,True,False,False,True,True,1221,2,2023,False,False,0.0,0.0,False,86,10,False,False,False,False,False,False,False,False,False,False,False,269,1,2,False,HIGH,3
CVE-2024-10558,1.0,False,False,False,True,True,False,True,False,False,True,False,True,True,False,False,False,False,True,False,False,True,True,1581,2,2022,False,False,0.0,0.0,False,95,11,False,False,False,False,False,False,False,True,False,False,False,787,1,3,False,HIGH,3
CVE-2025-10559,1.0,True,False,False,False,True,False,False,True,False,False,True,False,True,False,False,True,False,False,False,False,True,True,349,4,2025,False,False,0.0,0.0,False,86,10,False,False,False,False,False,False,False,False,False,False,True,200,1,4,False,HIGH,3
CVE-2023-10560,1.0,False,True,False,False,False,True,False,True,False,False,True,False,False,True,False,False,False,True,False,False,True,True,334,4,2025,False,False,0.0,0.0,False,95,11,False,False,False,False,False,False,False,True,False,False,False,119,1,4,False,HIGH,3
CVE-2021-10561,1.0,True,False,False,False,True,False,False,True,False,False,True,True,False,False,True,False,True,False,False,True,False,True,1788,4,2021,False,False,0.0,0.0,False,92,10,False,False,False,False,False,False,False,False,False,False,False,20,1,2,False,HIGH,3
CVE-2023-10562,1.0,False,False,True,False,False,True,False,False,True,True,False,False,False,False,True,False,True,False,True,False,False,True,1816,4,2021,False,False,0.0,0.0,False,75,10,False,False,False,False,False,False,False,False,False,False,False,20,1,1,False,MEDIUM,2
CVE-2025-10563,1.0,False,False,False,True,False,True,False,False,True,True,False,True,False,False,True,True,False,False,True,False,False,True,1485,3,2022,False,False,0.0,0.0,False,83,11,False,False,False,False,True,False,False,False,True,False,False,79,1,5,False,MEDIUM,2
CVE-2021-10564,1.0,False,False,True,False,False,True,True,False,False,True,False,False,False,True,False,False,True,False,False,False,True,True,1027,4,2023,False,False,0.0,0.0,False,86,10,False,False,False,False,False,False,False,True,False,False,False,416,1,2,False,HIGH,3
CVE-2022-10565,1.0,False,True,False,False,True,False,False,True,False,False,True,True,False,True,False,False,False,True,True,False,False,True,1800,4,2021,False,False,0.0,0.0,False,95,11,False,False,False,False,False,False,False,True,False,False,False,787,1,5,False,MEDIUM,2
CVE-2026-10566,1.0,False,False,False,True,False,True,False,False,True,True,False,True,True,False,False,False,True,False,False,True,False,True,1864,3,2021,False,False,0.0,0.0,False,83,11,False,False,False,False,True,False,False,False,False,False,False,269,1,3,False,MEDIUM,2
CVE-2026-10567,1.0,True,False,False,False,True,False,False,True,False,False,True,True,False,False,True,False,False,True,False,True,False,True,855,2,2024,False,False,0.0,0.0,False,69,10,False,False,False,True,False,False,False,False,True,False,False,79,1,5,False,HIGH,3
CVE-2024-10568,1.0,False,False,False,True,False,True,False,True,False,True,False,False,False,True,False,True,False,False,True,False,False,True,1300,1,2023,False,False,0.0,0.0,False,92,10,False,False,False,False,False,False,False,True,False,False,False,787,1,3,False,LOW,1
CVE-2021-10569,1.0,False,False,False,True,False,True,False,False,True,False,True,True,False,False,True,False,True,False,True,False,False,True,1534,3,2022,False,False,0.0,0.0,False,95,11,False,False,False,False,False,False,False,False,True,False,False,89,1,3,False,MEDIUM,2
CVE-2021-10570,1.0,False,False,True,False,False,True,False,False,True,True,False,False,False,False,True,False,False,True,True,False,False,True,1375,4,2022,False,False,0.0,0.0,False,86,10,False,False,False,False,False,False,False,True,False,False,False,787,1,2,False,MEDIUM,2
CVE-2024-10571,1.0,False,False,True,False,False,True,False,False,True,True,False,False,True,False,False,True,False,False,False,False,True,True,1686,1,2022,False,False,0.0,0.0,False,69,10,False,False,False,True,False,False,False,False,True,False,False,89,1,5,False,MEDIUM,2
CVE-2023-10572,1.0,False,True,False,False,False,True,True,False,False,False,True,True,True,False,False,True,False,False,False,True,False,True,1171,3,2023,False,False,0.0,0.0,False,95,11,False,False,False,False,False,False,False,False,False,False,False,269,1,2,False,MEDIUM,2
CVE-2024-10573,1.0,False,True,False,False,True,False,True,False,False,True,False,False,False,True,False,True,False,False,False,True,False,True,386,3,2025,False,False,0.0,0.0,False,95,11,False,False,False,False,False,False,False,False,True,False,False,89,1,1,False,HIGH,3
CVE-2025-10574,1.0,False,False,True,False,True,False,True,False,False,False,True,False,False,False,True,True,False,False,True,False,False,True,1217,2,2023,False,False,0.0,0.0,False,95,11,False,False,False,False,False,False,False,True,False,False,False,416,1,4,False,HIGH,3
CVE-2021-10575,1.0,False,True,False,False,False,True,False,True,False,False,True,True,True,False,False,False,True,False,True,False,False,True,1636,2,2022,False,False,0.0,0.0,False,76,11,False,False,False,True,False,False,False,True,False,False,False,119,1,3,False,MEDIUM,2
CVE-2024-10576,1.0,False,True,False,False,True,False,False,True,False,False,True,False,False,False,True,False,True,False,True,False,False,True,1726,1,2022,False,False,0.0,0.0,False,92,10,False,False,False,False,False,False,False,False,False,False,False,269,1,5,False,MEDIUM,2
CVE-2021-10577,1.0,False,True,False,False,False,True,False,False,True,False,True,False,False,False,True,False,True,False,False,False,True,True,2074,1,2021,False,False,0.0,0.0,False,76,11,False,False,False,True,False,False,False,True,False,False,False,416,1,5,False,MEDIUM,2
CVE-2021-10578,1.0,True,False,False,False,True,False,False,True,False,True,False,True,False,True,False,False,False,True,False,False,True,True,1900,3,2021,False,False,0.0,0.0,False,79,9,False,False,False,False,False,False,False,False,False,False,False,20,1,1,False,CRITICAL,4
CVE-2025-10579,1.0,False,False,True,False,False,True,False,False,True,False,True,False,False,False,True,True,False,False,False,False,True,True,826,2,2024,False,False,0.0,0.0,False,79,9,False,False,False,False,False,False,False,False,True,False,False,89,1,3,False,MEDIUM,2
CVE-2025-10580,1.0,False,False,False,True,True,False,True,False,False,False,True,True,True,False,False,False,True,False,True,False,False,True,1086,4,2023,False,False,0.0,0.0,False,75,10,False,False,False,False,False,False,False,False,False,False,False,269,1,1,False,MEDIUM,2
CVE-2024-10581,1.0,False,False,True,False,False,True,False,True,False,False,True,True,False,False,True,False,True,False,False,True,False,True,310,4,2025,False,False,0.0,0.0,False,75,10,False,False,False,False,False,False,False,False,True,False,False,89,1,3,False,MEDIUM,2
CVE-2022-10582,1.0,False,False,False,True,True,False,True,False,False,True,False,False,True,False,False,True,False,False,True,False,False,True,957,1,2024,False,False,0.0,0.0,False,76,11,False,False,False,True,False,False,False,True,False,False,False,787,1,3,False,MEDIUM,2
CVE-2026-10583,1.0,True,False,False,False,False,True,True,False,False,False,True,True,False,False,True,False,False,True,False,True,False,True,1139,3,2023,False,False,0.0,0.0,False,75,10,False,False,False,False,False,False,False,False,True,False,False,79,1,2,False,CRITICAL,4
CVE-2023-10584,1.0,False,False,True,False,True,False,True,False,False,False,True,False,False,False,True,True,False,False,False,False,True,True,1904,3,2021,False,False,0.0,0.0,False,76,11,False,False,False,False,False,False,True,False,True,False,False,89,1,4,False,HIGH,3
CVE-2022-10585,1.0,True,False,False,False,False,True,True,False,False,False,True,False,False,True,False,False,True,False,False,False,True,True,522,2,2025,False,False,0.0,0.0,False,76,11,False,False,False,False,False,False,True,False,True,False,False,79,1,3,False,HIGH,3
CVE-2021-10586,1.0,False,False,False,True,False,True,False,False,True,False,True,False,False,True,False,True,False,False,False,False,True,True,1929,2,2021,False,False,0.0,0.0,False,75,10,False,False,False,False,False,False,False,True,False,False,False,787,1,3,False,MEDIUM,2
CVE-2022-10587,1.0,False,False,True,False,False,True,True,False,False,True,False,True,True,False,False,False,True,False,False,True,False,True,1663,1,2022,False,False,0.0,0.0,False,79,11,False,False,False,False,False,False,False,False,True,False,False,89,1,2,False,MEDIUM,2
CVE-2021-10588,1.0,False,True,False,False,False,True,False,True,False,False,True,False,True,False,False,False,True,False,False,True,False,True,2053,1,2021,False,False,0.0,0.0,False,95,11,False,False,False,False,False,False,False,True,False,False,False,416,1,3,False,MEDIUM,2
CVE-2022-10589,1.0,True,False,False,False,False,True,False,False,True,True,False,True,False,True,False,False,True,False,False,True,False,True,1360,1,2023,False,False,0.0,0.0,False,79,11,False,False,False,False,False,False,False,False,False,False,True,200,1,5,False,HIGH,3
CVE-2024-10590,1.0,False,False,True,False,True,False,False,True,False,False,True,False,True,False,False,False,False,True,False,True,False,True,1911,3,2021,False,False,0.0,0.0,False,79,11,False,False,False,False,False,False,False,True,False,False,False,787,1,2,False,MEDIUM,2
CVE-2024-10591,1.0,True,False,False,False,False,True,False,True,False,False,True,False,False,True,False,False,True,False,True,False,False,True,1016,4,2023,False,False,0.0,0.0,False,75,10,False,False,False,False,False,False,False,False,True,False,False,89,1,3,False,MEDIUM,2
CVE-2025-10592,1.0,True,False,False,False,True,False,True,False,False,True,False,True,False,True,False,True,False,False,False,True,False,True,1220,2,2023,False,False,0.0,0.0,False,92,10,False,False,False,False,False,False,False,False,False,False,True,200,1,3,False,CRITICAL,4
CVE-2025-10593,1.0,True,False,False,False,True,False,False,False,True,False,True,False,True,False,False,False,True,False,True,False,False,True,1928,2,2021,False,False,0.0,0.0,False,79,9,False,False,False,False,False,False,False,False,True,False,False,79,1,4,False,MEDIUM,2
CVE-2023-10594,1.0,False,False,False,True,False,True,False,True,False,True,False,False,True,False,False,True,False,False,False,False,True,True,893,2,2024,False,False,0.0,0.0,False,79,9,False,False,False,False,False,False,False,False,False,False,True,200,1,1,False,MEDIUM,2
CVE-2025-10595,1.0,False,False,False,True,True,False,True,False,False,True,False,True,False,True,False,False,False,True,False,True,False,True,2059,1,2021,False,False,0.0,0.0,False,95,11,False,False,False,False,False,False,False,True,False,False,False,787,1,3,False,HIGH,3
CVE-2025-10596,1.0,False,False,False,True,False,True,True,False,False,True,False,False,True,False,False,True,False,False,True,False,False,True,1357,1,2023,False,False,0.0,0.0,False,79,11,False,False,False,False,False,False,False,False,False,False,False,20,1,2,False,MEDIUM,2
CVE-2022-10597,1.0,False,True,False,False,True,False,False,True,False,True,False,False,False,True,False,False,True,False,True,False,False,True,1110,3,2023,False,False,0.0,0.0,False,69,10,False,False,False,True,False,False,False,True,False,False,False,787,1,4,False,MEDIUM,2
CVE-2021-10598,1.0,False,False,False,True,False,True,False,True,False,True,False,True,False,False,True,True,False,False,True,False,False,True,1755,4,2021,False,False,0.0,0.0,False,69,10,False,False,False,True,False,False,False,False,False,False,True,200,1,5,False,MEDIUM,2
CVE-2021-10599,1.0,True,False,False,False,False,True,False,True,False,False,True,True,True,False,False,False,True,False,False,True,False,True,1412,4,2022,False,False,0.0,0.0,False,95,11,False,False,False,False,False,False,False,True,False,False,False,787,1,5,False,MEDIUM,2
CVE-2026-10600,1.0,False,False,False,True,True,False,False,False,True,True,False,False,False,True,False,False,False,True,False,True,False,True,843,2,2024,False,False,0.0,0.0,False,79,11,False,False,False,False,False,False,False,False,True,False,False,79,1,3,False,MEDIUM,2
CVE-2024-10601,1.0,False,False,True,False,False,True,False,False,True,False,True,False,True,False,False,False,True,False,False,False,True,True,1856,3,2021,False,False,0.0,0.0,False,95,11,False,False,False,False,False,False,False,True,False,False,False,119,1,4,False,MEDIUM,2
CVE-2024-10602,1.0,False,True,False,False,False,True,False,False,True,False,True,False,False,True,False,False,False,True,False,False,True,True,1620,2,2022,False,False,0.0,0.0,False,83,11,False,False,False,False,True,False,False,True,False,False,False,416,1,4,False,MEDIUM,2
CVE-2024-10603,1.0,False,True,False,False,False,True,False,False,True,True,False,True,True,False,False,True,False,False,True,False,False,True,458,2,2025,False,False,0.0,0.0,False,83,11,False,False,False,False,True,False,False,False,True,False,False,89,1,5,False,MEDIUM,2
CVE-2021-10604,1.0,False,False,False,True,False,True,True,False,False,True,False,False,True,False,False,False,True,False,False,True,False,True,470,2,2025,False,False,0.0,0.0,False,76,11,False,False,False,True,False,False,False,False,False,False,False,269,1,2,False,MEDIUM,2
CVE-2025-10605,1.0,False,False,True,False,False,True,True,False,False,True,False,False,False,False,True,True,False,False,False,True,False,True,2030,1,2021,False,False,0.0,0.0,False,75,10,False,False,False,False,False,False,False,False,False,False,True,200,1,3,False,MEDIUM,2
CVE-2021-10606,1.0,False,False,True,False,True,False,False,False,True,True,False,False,False,True,False,False,True,False,True,False,False,True,518,2,2025,False,False,0.0,0.0,False,83,11,False,False,False,False,True,False,False,False,True,False,False,79,1,5,False,MEDIUM,2
CVE-2021-10607,1.0,True,False,False,False,True,False,True,False,False,True,False,False,False,True,False,True,False,False,False,False,True,True,409,3,2025,False,False,0.0,0.0,False,79,11,False,False,False,False,False,False,False,True,False,False,False,787,1,5,False,CRITICAL,4
CVE-2026-10608,1.0,False,True,False,False,False,True,False,True,False,True,False,False,True,False,False,False,True,False,False,True,False,True,313,4,2025,False,False,0.0,0.0,False,76,11,False,False,False,True,False,False,False,False,False,False,False,20,1,2,False,MEDIUM,2
CVE-2023-10609,1.0,False,True,False,False,True,False,False,True,False,False,True,True,False,True,False,False,False,True,False,False,True,True,1508,3,2022,False,False,0.0,0.0,False,76,11,False,False,False,True,False,False,False,True,False,False,False,119,1,2,False,HIGH,3
CVE-2024-10610,1.0,False,True,False,False,False,True,False,True,False,False,True,True,False,False,True,False,False,True,False,True,False,True,483,2,2025,False,False,0.0,0.0,False,86,10,False,False,False,False,False,False,False,False,False,False,False,20,1,4,False,HIGH,3
CVE-2021-10611,1.0,True,False,False,False,True,False,False,True,False,False,True,True,True,False,False,False,True,False,True,False,False,True,626,1,2025,False,False,0.0,0.0,False,75,10,False,False,False,False,False,False,False,True,False,False,False,416,1,1,False,MEDIUM,2
CVE-2025-10612,1.0,False,False,True,False,False,True,False,True,False,False,True,True,False,True,False,True,False,False,False,True,False,True,1977,2,2021,False,False,0.0,0.0,False,75,10,False,False,False,False,False,False,False,False,True,False,False,89,1,4,False,MEDIUM,2
CVE-2026-10613,1.0,False,False,False,True,False,True,False,False,True,False,True,False,False,True,False,True,False,False,True,False,False,True,1675,1,2022,False,False,0.0,0.0,False,76,11,False,False,False,True,False,False,False,False,False,False,False,269,1,4,False,LOW,1
CVE-2025-10614,1.0,False,True,False,False,True,False,False,False,True,False,True,True,False,False,True,True,False,False,True,False,False,True,988,1,2024,False,False,0.0,0.0,False,75,10,False,False,False,False,False,False,False,False,False,False,False,20,1,5,False,HIGH,3
CVE-2023-10615,1.0,False,False,False,True,True,False,False,False,True,True,False,True,False,True,False,False,False,True,False,False,True,True,1601,2,2022,False,False,0.0,0.0,False,79,11,False,False,False,False,False,False,False,False,False,False,False,269,1,1,False,HIGH,3
CVE-2026-10616,1.0,False,False,True,False,True,False,False,True,False,False,True,False,False,False,True,False,False,True,False,False,True,True,1840,3,2021,False,False,0.0,0.0,False,69,10,False,False,False,True,False,False,False,True,False,False,False,119,1,3,False,HIGH,3
CVE-2023-10617,1.0,False,True,False,False,False,True,False,False,True,True,False,False,False,True,False,False,False,True,False,False,True,True,730,3,2024,False,False,0.0,0.0,False,79,9,False,False,False,False,False,False,False,True,False,False,False,119,1,3,False,HIGH,3
CVE-2021-10618,1.0,False,False,False,True,True,False,True,False,False,True,False,True,True,False,False,False,True,False,True,False,False,True,1795,4,2021,False,False,0.0,0.0,False,76,11,False,False,False,True,False,False,False,True,False,False,False,787,1,1,False,MEDIUM,2
CVE-2026-10619,1.0,False,False,False,True,False,True,False,False,True,False,True,True,False,True,False,False,False,True,False,True,False,True,1018,4,2023,False,False,0.0,0.0,False,83,11,False,False,False,False,True,False,False,True,False,False,False,416,1,2,False,MEDIUM,2
CVE-2025-10620,1.0,False,False,False,True,True,False,False,False,True,True,False,False,False,True,False,False,True,False,True,False,False,True,1835,3,2021,False,False,0.0,0.0,False,75,10,False,False,False,False,False,False,False,False,True,False,False,89,1,5,False,MEDIUM,2
CVE-2021-10621,1.0,True,False,False,False,True,False,False,True,False,False,True,False,False,False,True,True,False,False,True,False,False,True,863,2,2024,False,False,0.0,0.0,False,83,11,False,False,False,False,True,False,False,False,False,False,False,269,1,3,False,HIGH,3
CVE-2023-10622,1.0,True,False,False,False,True,False,True,False,False,False,True,False,False,True,False,False,True,False,True,False,False,True,1493,3,2022,False,False,0.0,0.0,False,83,11,False,False,False,False,True,False,False,False,True,False,False,89,1,4,False,HIGH,3
CVE-2021-10623,1.0,True,False,False,False,True,False,False,True,False,False,True,True,False,False,True,False,True,False,False,True,False,True,974,1,2024,False,False,0.0,0.0,False,69,10,False,False,False,True,False,False,False,True,False,False,False,416,1,4,False,HIGH,3
CVE-2022-10624,1.0,False,False,False,True,False,True,False,False,True,False,True,False,False,False,True,False,True,False,True,False,False,True,535,2,2025,False,False,0.0,0.0,False,79,11,False,False,False,False,False,False,False,True,False,False,False,416,1,4,False,MEDIUM,2
CVE-2024-10625,1.0,True,False,False,False,False,True,False,False,True,False,True,False,True,False,False,False,False,True,True,False,False,True,1401,4,2022,False,False,0.0,0.0,False,92,10,False,False,False,False,False,False,False,False,False,False,True,200,1,5,False,MEDIUM,2
CVE-2026-10626,1.0,False,True,False,False,True,False,False,False,True,True,False,True,False,False,True,True,False,False,True,False,False,True,950,1,2024,False,False,0.0,0.0,False,76,11,False,False,False,False,False,False,True,False,True,False,False,89,1,1,False,HIGH,3
CVE-2022-10627,1.0,False,False,False,True,True,False,False,False,True,False,True,True,False,False,True,True,False,False,False,True,False,True,1593,2,2022,False,False,0.0,0.0,False,79,9,False,False,False,False,False,False,False,False,False,False,False,20,1,3,False,MEDIUM,2
CVE-2022-10628,1.0,False,False,True,False,False,True,False,True,False,True,False,False,True,False,False,False,False,True,True,False,False,True,1246,2,2023,False,False,0.0,0.0,False,95,11,False,False,False,False,False,False,False,False,False,False,True,200,1,2,False,MEDIUM,2
CVE-2023-10629,1.0,False,True,False,False,False,True,False,True,False,True,False,False,False,False,True,False,True,False,True,False,False,True,522,2,2025,False,False,0.0,0.0,False,75,10,False,False,False,False,False,False,False,False,False,False,False,20,1,1,False,MEDIUM,2
CVE-2024-10630,1.0,False,True,False,False,False,True,False,True,False,False,True,True,True,False,False,True,False,False,True,False,False,True,1893,3,2021,False,False,0.0,0.0,False,79,9,False,False,False,False,False,False,False,True,False,False,False,119,1,5,False,MEDIUM,2
CVE-2022-10631,1.0,False,False,False,True,True,False,False,True,False,True,False,True,False,True,False,False,False,True,False,True,False,True,1086,4,2023,False,False,0.0,0.0,False,79,11,False,False,False,False,False,False,False,False,True,False,False,79,1,4,False,MEDIUM,2
CVE-2024-10632,1.0,True,False,False,False,False,True,False,False,True,True,False,False,False,False,True,False,False,True,True,False,False,True,798,3,2024,False,False,0.0,0.0,False,69,10,False,False,False,True,False,False,False,True,False,False,False,416,1,4,False,HIGH,3
CVE-2026-10633,1.0,False,True,False,False,False,True,False,False,True,True,False,False,False,False,True,False,True,False,False,False,True,True,1071,4,2023,False,False,0.0,0.0,False,76,11,False,False,False,False,False,False,True,True,False,False,False,787,1,1,False,HIGH,3
CVE-2024-10634,1.0,False,False,True,False,True,False,True,False,False,True,False,True,False,True,False,False,False,True,False,True,False,True,397,3,2025,False,False,0.0,0.0,False,69,10,False,False,False,True,False,False,False,True,False,False,False,416,1,3,False,HIGH,3
CVE-2025-10635,1.0,False,False,True,False,True,False,True,False,False,True,False,True,True,False,False,False,True,False,False,False,True,True,374,3,2025,False,False,0.0,0.0,False,92,10,False,False,False,False,False,False,False,False,True,False,False,79,1,2,False,HIGH,3
CVE-2023-10636,1.0,False,True,False,False,False,True,False,False,True,False,True,True,False,False,True,False,True,False,False,True,False,True,297,4,2025,False,False,0.0,0.0,False,86,10,False,False,False,False,False,False,False,True,False,False,False,119,1,3,False,MEDIUM,2
CVE-2022-10637,1.0,False,False,True,False,True,False,False,False,True,True,False,False,False,False,True,False,True,False,True,False,False,True,1154,3,2023,False,False,0.0,0.0,False,83,11,False,False,False,False,True,False,False,False,False,False,False,20,1,2,False,MEDIUM,2
CVE-2025-10638,1.0,False,False,False,True,True,False,False,False,True,True,False,False,False,False,True,False,True,False,False,False,True,True,669,4,2024,False,False,0.0,0.0,False,95,11,False,False,False,False,False,False,False,False,True,False,False,79,1,3,False,MEDIUM,2
CVE-2025-10639,1.0,False,True,False,False,True,False,True,False,False,False,True,True,True,False,False,False,True,False,True,False,False,True,1362,1,2023,False,False,0.0,0.0,False,95,11,False,False,False,False,False,False,False,True,False,False,False,119,1,1,False,HIGH,3
CVE-2026-10640,1.0,False,True,False,False,True,False,False,False,True,False,True,False,True,False,False,False,True,False,False,True,False,True,643,4,2024,False,False,0.0,0.0,False,79,9,False,False,False,False,False,False,False,False,False,False,False,20,1,3,False,MEDIUM,2
CVE-2026-10641,1.0,False,True,False,False,True,False,True,False,False,False,True,False,False,True,False,False,False,True,False,False,True,True,648,4,2024,False,False,0.0,0.0,False,76,11,False,False,False,True,False,False,False,True,False,False,False,787,1,2,False,HIGH,3
CVE-2022-10642,1.0,False,True,False,False,True,False,False,False,True,True,False,False,True,False,False,False,True,False,False,False,True,True,744,3,2024,False,False,0.0,0.0,False,86,10,False,False,False,False,False,False,False,True,False,False,False,119,1,5,False,HIGH,3
CVE-2022-10643,1.0,True,False,False,False,False,True,False,False,True,False,True,False,False,True,False,False,False,True,False,False,True,True,359,4,2025,False,False,0.0,0.0,False,79,9,False,False,False,False,False,False,False,False,False,False,False,20,1,3,False,HIGH,3
CVE-2024-10644,1.0,False,False,False,True,False,True,False,True,False,True,False,False,True,False,False,False,True,False,False,True,False,True,1534,3,2022,False,False,0.0,0.0,False,95,11,False,False,False,False,False,False,False,True,False,False,False,787,1,3,False,LOW,1
CVE-2024-10645,1.0,True,False,False,False,True,False,False,False,True,True,False,True,True,False,False,True,False,False,True,False,False,True,1697,1,2022,False,False,0.0,0.0,False,69,10,False,False,False,True,False,False,False,False,False,False,True,200,1,1,False,HIGH,3
CVE-2021-10646,1.0,True,False,False,False,False,True,False,True,False,True,False,False,False,True,False,True,False,False,False,True,False,True,1113,3,2023,False,False,0.0,0.0,False,76,11,False,False,False,False,False,False,True,False,False,False,False,20,1,3,False,MEDIUM,2
CVE-2022-10647,1.0,False,False,False,True,True,False,False,False,True,False,True,False,True,False,False,True,False,False,True,False,False,True,1946,2,2021,False,False,0.0,0.0,False,86,10,False,False,False,False,False,False,False,True,False,False,False,416,1,3,False,MEDIUM,2
CVE-2022-10648,1.0,True,False,False,False,False,True,False,False,True,False,True,False,True,False,False,False,False,True,True,False,False,True,1969,2,2021,False,False,0.0,0.0,False,76,11,False,False,False,False,False,False,True,False,False,False,False,20,1,3,False,MEDIUM,2
CVE-2024-10649,1.0,False,False,False,True,True,False,False,False,True,True,False,True,False,True,False,False,True,False,False,True,False,True,1899,3,2021,False,False,0.0,0.0,False,95,11,False,False,False,False,False,False,False,False,True,False,False,79,1,3,False,MEDIUM,2
CVE-2024-10650,1.0,False,True,False,False,True,False,True,False,False,True,False,False,False,False,True,True,False,False,False,False,True,True,1036,4,2023,False,False,0.0,0.0,False,69,10,False,False,False,True,False,False,False,False,True,False,False,89,1,5,False,CRITICAL,4
CVE-2023-10651,1.0,False,False,False,True,True,False,True,False,False,True,False,False,True,False,False,True,False,False,False,True,False,True,1233,2,2023,False,False,0.0,0.0,False,79,9,False,False,False,False,False,False,False,True,False,False,False,416,1,5,False,MEDIUM,2
CVE-2023-10652,1.0,False,True,False,False,True,False,False,True,False,False,True,True,False,True,False,False,True,False,True,False,False,True,900,2,2024,False,False,0.0,0.0,False,83,11,False,False,False,False,True,False,False,False,True,False,False,89,1,1,False,MEDIUM,2
CVE-2025-10653,1.0,True,False,False,False,False,True,False,True,False,True,False,False,False,False,True,True,False,False,True,False,False,True,418,3,2025,False,False,0.0,0.0,False,92,10,False,False,False,False,False,False,False,False,False,False,False,269,1,2,False,HIGH,3
CVE-2026-10654,1.0,False,False,True,False,False,True,False,False,True,False,True,True,False,True,False,True,False,False,True,False,False,True,679,4,2024,False,False,0.0,0.0,False,76,11,False,False,False,True,False,False,False,True,False,False,False,787,1,1,False,MEDIUM,2
CVE-2022-10655,1.0,False,True,False,False,True,False,False,True,False,True,False,False,False,True,False,False,False,True,False,True,False,True,2088,1,2021,False,False,0.0,0.0,False,76,11,False,False,False,True,False,False,False,True,False,False,False,416,1,2,False,HIGH,3
CVE-2022-10656,1.0,False,False,True,False,True,False,True,False,False,False,True,False,False,False,True,True,False,False,True,False,False,True,404,3,2025,False,False,0.0,0.0,False,95,11,False,False,False,False,False,False,False,False,False,False,True,200,1,4,False,MEDIUM,2
CVE-2026-10657,1.0,True,False,False,False,True,False,True,False,False,True,False,True,True,False,False,True,False,False,False,True,False,True,896,2,2024,False,False,0.0,0.0,False,92,10,False,False,False,False,False,False,False,False,False,False,False,269,1,5,False,CRITICAL,4
CVE-2022-10658,1.0,False,True,False,False,False,True,True,False,False,True,False,False,False,True,False,False,False,True,True,False,False,True,1694,1,2022,False,False,0.0,0.0,False,92,10,False,False,False,False,False,False,False,False,False,False,False,269,1,2,False,HIGH,3
CVE-2024-10659,1.0,False,False,True,False,True,False,False,False,True,False,True,False,True,False,False,True,False,False,True,False,False,True,1604,2,2022,False,False,0.0,0.0,False,79,9,False,False,False,False,False,False,False,True,False,False,False,119,1,2,False,MEDIUM,2
CVE-2024-10660,1.0,False,False,True,False,False,True,False,False,True,True,False,False,False,False,True,False,False,True,True,False,False,True,673,4,2024,False,False,0.0,0.0,False,86,10,False,False,False,False,False,False,False,False,False,False,True,200,1,2,False,MEDIUM,2
CVE-2022-10661,1.0,False,False,True,False,True,False,False,False,True,False,True,False,False,False,True,True,False,False,False,True,False,True,1986,2,2021,False,False,0.0,0.0,False,83,11,False,False,False,False,True,False,False,False,True,False,False,79,1,2,False,MEDIUM,2
CVE-2024-10662,1.0,False,False,True,False,False,True,False,False,True,False,True,False,False,True,False,False,False,True,False,True,False,True,557,1,2025,False,False,0.0,0.0,False,86,10,False,False,False,False,False,False,False,True,False,False,False,787,1,4,False,MEDIUM,2
CVE-2023-10663,1.0,True,False,False,False,True,False,True,False,False,True,False,True,True,False,False,False,True,False,True,False,False,True,905,2,2024,False,False,0.0,0.0,False,76,11,False,False,False,True,False,False,False,True,False,False,False,416,1,5,False,HIGH,3
CVE-2023-10664,1.0,True,False,False,False,True,False,True,False,False,False,True,True,False,False,True,False,True,False,True,False,False,True,1574,2,2022,False,False,0.0,0.0,False,75,10,False,False,False,False,False,False,False,True,False,False,False,787,1,5,False,CRITICAL,4
CVE-2023-10665,1.0,False,False,False,True,False,True,False,True,False,False,True,True,False,True,False,False,True,False,False,True,False,True,1223,2,2023,False,False,0.0,0.0,False,79,11,False,False,False,False,False,False,False,False,False,False,False,20,1,2,False,LOW,1
CVE-2022-10666,1.0,True,False,False,False,False,True,True,False,False,False,True,False,False,True,False,True,False,False,True,False,False,True,1552,2,2022,False,False,0.0,0.0,False,76,11,False,False,False,True,False,False,False,False,True,False,False,79,1,1,False,MEDIUM,2
CVE-2021-10667,1.0,False,False,True,False,True,False,False,False,True,False,True,True,False,True,False,False,False,True,False,False,True,True,977,1,2024,False,False,0.0,0.0,False,83,11,False,False,False,False,True,False,False,False,False,False,True,200,1,2,False,HIGH,3
CVE-2022-10668,1.0,False,False,True,False,True,False,False,True,False,False,True,True,False,True,False,False,True,False,False,False,True,True,344,4,2025,False,False,0.0,0.0,False,79,11,False,False,False,False,False,False,False,False,False,False,False,20,1,4,False,MEDIUM,2
CVE-2022-10669,1.0,False,True,False,False,True,False,False,False,True,True,False,True,True,False,False,False,False,True,False,False,True,True,323,4,2025,False,False,0.0,0.0,False,86,10,False,False,False,False,False,False,False,True,False,False,False,787,1,4,False,HIGH,3
CVE-2021-10670,1.0,False,False,False,True,False,True,True,False,False,False,True,True,False,False,True,True,False,False,False,True,False,True,1454,4,2022,False,False,0.0,0.0,False,83,11,False,False,False,False,True,False,False,False,True,False,False,89,1,5,False,MEDIUM,2
CVE-2023-10671,1.0,False,False,False,True,False,True,False,True,False,True,False,True,False,True,False,False,False,True,False,True,False,True,584,1,2025,False,False,0.0,0.0,False,75,10,False,False,False,False,False,False,False,False,False,False,True,200,1,3,False,MEDIUM,2
CVE-2021-10672,1.0,False,True,False,False,True,False,False,True,False,False,True,True,True,False,False,False,True,False,True,False,False,True,933,1,2024,False,False,0.0,0.0,False,79,11,False,False,False,False,False,False,False,True,False,False,False,416,1,2,False,MEDIUM,2
CVE-2021-10673,1.0,False,False,False,True,False,True,True,False,False,True,False,False,False,False,True,False,False,True,True,False,False,True,1422,4,2022,False,False,0.0,0.0,False,76,11,False,False,False,True,False,False,False,False,False,False,False,20,1,5,False,MEDIUM,2
CVE-2021-10674,1.0,True,False,False,False,False,True,False,True,False,True,False,False,False,True,False,False,False,True,False,False,True,True,1713,1,2022,False,False,0.0,0.0,False,76,11,False,False,False,True,False,False,False,False,False,False,False,20,1,3,False,HIGH,3
CVE-2021-10675,1.0,False,False,False,True,False,True,True,False,False,True,False,False,False,False,True,False,True,False,False,True,False,True,1744,4,2021,False,False,0.0,0.0,False,86,10,False,False,False,False,False,False,False,False,True,False,False,79,1,4,False,MEDIUM,2
CVE-2022-10676,1.0,False,False,True,False,False,True,False,False,True,False,True,False,False,False,True,False,False,True,False,True,False,True,313,4,2025,False,False,0.0,0.0,False,92,10,False,False,False,False,False,False,False,True,False,False,False,119,1,5,False,MEDIUM,2
CVE-2023-10677,1.0,False,True,False,False,False,True,True,False,False,False,True,False,False,False,True,False,True,False,False,False,True,True,1682,1,2022,False,False,0.0,0.0,False,76,11,False,False,False,True,False,False,False,True,False,False,False,787,1,4,False,HIGH,3
CVE-2025-10678,1.0,False,False,True,False,False,True,False,True,False,False,True,True,False,False,True,True,False,False,False,True,False,True,2015,1,2021,False,False,0.0,0.0,False,76,11,False,False,False,True,False,False,False,True,False,False,False,119,1,2,False,MEDIUM,2
CVE-2026-10679,1.0,False,False,False,True,True,False,False,False,True,True,False,True,False,False,True,True,False,False,True,False,False,True,1211,2,2023,False,False,0.0,0.0,False,79,11,False,False,False,False,False,False,False,False,True,False,False,89,1,3,False,MEDIUM,2
CVE-2023-10680,1.0,False,True,False,False,False,True,False,True,False,True,False,True,True,False,False,True,False,False,False,False,True,True,730,3,2024,False,False,0.0,0.0,False,86,10,False,False,False,False,False,False,False,False,False,False,False,269,1,4,False,MEDIUM,2
CVE-2022-10681,1.0,True,False,False,False,False,True,True,False,False,True,False,True,False,True,False,False,True,False,False,False,True,True,1578,2,2022,False,False,0.0,0.0,False,76,11,False,False,False,True,False,False,False,True,False,False,False,119,1,4,False,CRITICAL,4
CVE-2021-10682,1.0,False,True,False,False,False,True,False,False,True,False,True,True,False,True,False,True,False,False,True,False,False,True,1582,2,2022,False,False,0.0,0.0,False,69,10,False,False,False,True,False,False,False,True,False,False,False,119,1,4,False,MEDIUM,2
CVE-2024-10683,1.0,False,True,False,False,True,False,True,False,False,True,False,False,False,True,False,True,False,False,False,False,True,True,415,3,2025,False,False,0.0,0.0,False,75,10,False,False,False,False,False,False,False,True,False,False,False,416,1,2,False,HIGH,3
CVE-2026-10684,1.0,False,False,True,False,True,False,False,True,False,False,True,False,True,False,False,False,False,True,True,False,False,True,532,2,2025,False,False,0.0,0.0,False,76,11,False,False,False,False,False,False,True,True,False,False,False,119,1,4,False,MEDIUM,2
CVE-2026-10685,1.0,True,False,False,False,False,True,False,False,True,False,True,True,True,False,False,False,False,True,True,False,False,True,434,3,2025,False,False,0.0,0.0,False,69,10,False,False,False,True,False,False,False,False,False,False,False,20,1,4,False,MEDIUM,2
CVE-2022-10686,1.0,False,True,False,False,True,False,True,False,False,False,True,False,True,False,False,False,True,False,True,False,False,True,1328,1,2023,False,False,0.0,0.0,False,92,10,False,False,False,False,False,False,False,False,True,False,False,79,1,2,False,MEDIUM,2
CVE-2026-10687,1.0,True,False,False,False,False,True,False,False,True,True,False,True,False,True,False,False,False,True,False,False,True,True,1752,4,2021,False,False,0.0,0.0,False,76,11,False,False,False,False,False,False,True,True,False,False,False,119,1,5,False,CRITICAL,4
CVE-2024-10688,1.0,False,True,False,False,True,False,False,True,False,False,True,False,True,False,False,False,True,False,False,False,True,True,1848,3,2021,False,False,0.0,0.0,False,95,11,False,False,False,False,False,False,False,False,False,False,False,269,1,1,False,MEDIUM,2
CVE-2022-10689,1.0,True,False,False,False,False,True,False,False,True,False,True,False,True,False,False,True,False,False,False,True,False,True,1156,3,2023,False,False,0.0,0.0,False,95,11,False,False,False,False,False,False,False,False,False,False,True,200,1,5,False,MEDIUM,2
CVE-2021-10690,1.0,False,True,False,False,False,True,True,False,False,False,True,True,False,False,True,False,False,True,True,False,False,True,636,4,2024,False,False,0.0,0.0,False,76,11,False,False,False,True,False,False,False,False,False,False,False,269,1,2,False,HIGH,3
CVE-2026-10691,1.0,False,False,True,False,True,False,False,False,True,False,True,True,False,False,True,False,False,True,False,False,True,True,1108,3,2023,False,False,0.0,0.0,False,83,11,False,False,False,False,True,False,False,True,False,False,False,119,1,5,False,HIGH,3
CVE-2026-10692,1.0,True,False,False,False,True,False,False,True,False,True,False,True,True,False,False,False,False,True,True,False,False,True,2068,1,2021,False,False,0.0,0.0,False,79,11,False,False,False,False,False,False,False,False,False,False,False,269,1,4,False,CRITICAL,4
CVE-2022-10693,1.0,False,True,False,False,True,False,True,False,False,False,True,True,True,False,False,False,True,False,False,True,False,True,1785,4,2021,False,False,0.0,0.0,False,79,9,False,False,False,False,False,False,False,False,False,False,False,20,1,5,False,HIGH,3
CVE-2026-10694,1.0,True,False,False,False,True,False,False,False,True,False,True,True,True,False,False,True,False,False,False,False,True,True,431,3,2025,False,False,0.0,0.0,False,95,11,False,False,False,False,False,False,False,False,False,False,False,20,1,2,False,HIGH,3
CVE-2025-10695,1.0,False,False,True,False,True,False,False,True,False,True,False,False,False,True,False,True,False,False,True,False,False,True,308,4,2025,False,False,0.0,0.0,False,92,10,False,False,False,False,False,False,False,False,False,False,False,20,1,2,False,MEDIUM,2
CVE-2022-10696,1.0,False,True,False,False,True,False,False,False,True,True,False,True,False,False,True,False,True,False,False,True,False,True,1908,3,2021,False,False,0.0,0.0,False,92,10,False,False,False,False,False,False,False,False,True,False,False,89,1,2,False,HIGH,3
CVE-2024-10697,1.0,False,True,False,False,False,True,False,True,False,False,True,False,False,True,False,False,True,False,True,False,False,True,1734,4,2021,False,False,0.0,0.0,False,92,10,False,False,False,False,False,False,False,False,False,False,False,269,1,4,False,MEDIUM,2
CVE-2022-10698,1.0,False,False,False,True,False,True,True,False,False,False,True,False,False,True,False,False,True,False,True,False,False,True,1131,3,2023,False,False,0.0,0.0,False,95,11,False,False,False,False,False,False,False,False,False,False,True,200,1,5,False,MEDIUM,2
CVE-2022-10699,1.0,False,False,True,False,False,True,False,True,False,False,True,True,False,True,False,False,True,False,False,False,True,True,963,1,2024,False,False,0.0,0.0,False,86,10,False,False,False,False,False,False,False,True,False,False,False,787,1,1,False,MEDIUM,2
CVE-2022-10700,1.0,False,True,False,False,True,False,True,False,False,True,False,False,False,False,True,False,False,True,False,False,True,True,631,1,2025,False,False,0.0,0.0,False,83,11,False,False,False,False,True,False,False,False,False,False,False,269,1,4,False,CRITICAL,4
CVE-2024-10701,1.0,False,False,False,True,False,True,False,True,False,True,False,True,True,False,False,True,False,False,False,True,False,True,1287,1,2023,False,False,0.0,0.0,False,95,11,False,False,False,False,False,False,False,False,True,False,False,89,1,2,False,MEDIUM,2
CVE-2023-10702,1.0,False,False,False,True,False,True,False,False,True,True,False,True,False,True,False,False,False,True,True,False,False,True,516,2,2025,False,False,0.0,0.0,False,95,11,False,False,False,False,False,False,False,True,False,False,False,119,1,4,False,MEDIUM,2
CVE-2023-10703,1.0,True,False,False,False,True,False,False,True,False,False,True,False,False,True,False,True,False,False,False,False,True,True,803,3,2024,False,False,0.0,0.0,False,69,10,False,False,False,True,False,False,False,False,True,False,False,89,1,1,False,HIGH,3
CVE-2021-10704,1.0,False,False,False,True,True,False,False,False,True,True,False,True,True,False,False,False,True,False,False,True,False,True,776,3,2024,False,False,0.0,0.0,False,76,11,False,False,False,False,False,False,True,False,False,False,True,200,1,5,False,MEDIUM,2
CVE-2026-10705,1.0,False,False,True,False,False,True,False,False,True,True,False,False,False,False,True,False,False,True,False,True,False,True,1312,1,2023,False,False,0.0,0.0,False,86,10,False,False,False,False,False,False,False,False,True,False,False,89,1,3,False,HIGH,3
CVE-2026-10706,1.0,False,False,True,False,True,False,True,False,False,False,True,False,True,False,False,True,False,False,False,False,True,True,1280,1,2023,False,False,0.0,0.0,False,92,10,False,False,False,False,False,False,False,True,False,False,False,416,1,5,False,HIGH,3
CVE-2026-10707,1.0,False,True,False,False,True,False,False,True,False,True,False,False,True,False,False,False,True,False,True,False,False,True,1505,3,2022,False,False,0.0,0.0,False,95,11,False,False,False,False,False,False,False,False,True,False,False,79,1,4,False,MEDIUM,2
CVE-2022-10708,1.0,True,False,False,False,True,False,True,False,False,False,True,True,False,True,False,False,False,True,False,False,True,True,1715,1,2022,False,False,0.0,0.0,False,79,11,False,False,False,False,False,False,False,False,True,False,False,89,1,1,False,CRITICAL,4
CVE-2021-10709,1.0,False,False,True,False,True,False,False,True,False,True,False,False,False,True,False,False,True,False,False,False,True,True,1322,1,2023,False,False,0.0,0.0,False,79,9,False,False,False,False,False,False,False,False,True,False,False,79,1,1,False,MEDIUM,2
CVE-2023-10710,1.0,True,False,False,False,True,False,True,False,False,True,False,True,False,False,True,False,False,True,False,True,False,True,556,1,2025,False,False,0.0,0.0,False,69,10,False,False,False,True,False,False,False,True,False,False,False,787,1,3,False,CRITICAL,4
CVE-2024-10711,1.0,False,False,True,False,False,True,True,False,False,False,True,True,False,True,False,False,False,True,True,False,False,True,1406,4,2022,False,False,0.0,0.0,False,79,11,False,False,False,False,False,False,False,False,False,False,False,269,1,3,False,MEDIUM,2
CVE-2021-10712,1.0,False,False,False,True,True,False,True,False,False,True,False,True,False,False,True,True,False,False,False,True,False,True,1160,3,2023,False,False,0.0,0.0,False,76,11,False,False,False,False,False,False,True,True,False,False,False,787,1,5,False,HIGH,3
CVE-2025-10713,1.0,False,True,False,False,True,False,False,False,True,False,True,False,False,False,True,False,True,False,True,False,False,True,1249,2,2023,False,False,0.0,0.0,False,76,11,False,False,False,True,False,False,False,False,False,False,False,269,1,4,False,HIGH,3
CVE-2025-10714,1.0,True,False,False,False,False,True,False,True,False,False,True,False,False,False,True,False,True,False,False,True,False,True,1103,3,2023,False,False,0.0,0.0,False,92,10,False,False,False,False,False,False,False,True,False,False,False,119,1,2,False,HIGH,3
CVE-2025-10715,1.0,True,False,False,False,True,False,False,True,False,True,False,True,False,False,True,False,False,True,False,True,False,True,488,2,2025,False,False,0.0,0.0,False,86,10,False,False,False,False,False,False,False,True,False,False,False,787,1,1,False,CRITICAL,4
CVE-2026-10716,1.0,False,True,False,False,True,False,True,False,False,True,False,False,False,True,False,False,False,True,True,False,False,True,988,1,2024,False,False,0.0,0.0,False,76,11,False,False,False,True,False,False,False,False,True,False,False,89,1,3,False,HIGH,3
CVE-2023-10717,1.0,False,False,False,True,True,False,False,False,True,True,False,True,True,False,False,False,False,True,False,True,False,True,1644,1,2022,False,False,0.0,0.0,False,95,11,False,False,False,False,False,False,False,True,False,False,False,119,1,5,False,MEDIUM,2
CVE-2021-10718,1.0,False,False,False,True,False,True,False,False,True,False,True,False,True,False,False,False,True,False,True,False,False,True,777,3,2024,False,False,0.0,0.0,False,79,11,False,False,False,False,False,False,False,False,False,False,True,200,1,1,False,LOW,1
CVE-2021-10719,1.0,False,True,False,False,True,False,False,False,True,False,True,False,False,True,False,False,True,False,False,False,True,True,1399,4,2022,False,False,0.0,0.0,False,76,11,False,False,False,False,False,False,True,False,False,False,False,20,1,3,False,MEDIUM,2
CVE-2025-10720,1.0,False,False,False,True,False,True,False,True,False,False,True,False,False,False,True,False,False,True,False,False,True,True,999,1,2024,False,False,0.0,0.0,False,69,10,False,False,False,True,False,False,False,True,False,False,False,119,1,1,False,MEDIUM,2
CVE-2021-10721,1.0,False,False,True,False,True,False,False,True,False,True,False,True,False,False,True,False,True,False,True,False,False,True,993,1,2024,False,False,0.0,0.0,False,95,11,False,False,False,False,False,False,False,False,False,False,True,200,1,2,False,MEDIUM,2
CVE-2025-10722,1.0,True,False,False,False,False,True,False,False,True,False,True,False,False,True,False,False,True,False,False,False,True,True,1440,4,2022,False,False,0.0,0.0,False,69,10,False,False,False,True,False,False,False,True,False,False,False,416,1,1,False,MEDIUM,2
CVE-2022-10723,1.0,False,True,False,False,True,False,True,False,False,False,True,True,False,True,False,False,False,True,True,False,False,True,400,3,2025,False,False,0.0,0.0,False,83,11,False,False,False,False,True,False,False,False,False,False,False,20,1,5,False,HIGH,3
CVE-2023-10724,1.0,False,False,False,True,False,True,False,True,False,False,True,False,False,False,True,False,False,True,False,True,False,True,1230,2,2023,False,False,0.0,0.0,False,95,11,False,False,False,False,False,False,False,False,False,False,True,200,1,2,False,MEDIUM,2
CVE-2024-10725,1.0,False,False,True,False,True,False,False,False,True,False,True,True,False,False,True,True,False,False,False,False,True,True,1896,3,2021,False,False,0.0,0.0,False,86,10,False,False,False,False,False,False,False,False,True,False,False,89,1,4,False,HIGH,3
CVE-2023-10726,1.0,False,True,False,False,True,False,False,False,True,True,False,True,False,False,True,False,False,True,True,False,False,True,1799,4,2021,False,False,0.0,0.0,False,76,11,False,False,False,True,False,False,False,False,True,False,False,89,1,4,False,CRITICAL,4
CVE-2026-10727,1.0,True,False,False,False,True,False,False,True,False,False,True,False,True,False,False,True,False,False,False,False,True,True,372,3,2025,False,False,0.0,0.0,False,95,11,False,False,False,False,False,False,False,False,False,False,False,269,1,5,False,HIGH,3
CVE-2022-10728,1.0,False,True,False,False,True,False,True,False,False,True,False,True,False,True,False,False,True,False,False,False,True,True,811,3,2024,False,False,0.0,0.0,False,95,11,False,False,False,False,False,False,False,False,True,False,False,89,1,4,False,CRITICAL,4
CVE-2024-10729,1.0,False,False,False,True,False,True,False,False,True,False,True,True,True,False,False,True,False,False,True,False,False,True,324,4,2025,False,False,0.0,0.0,False,76,11,False,False,False,False,False,False,True,False,True,False,False,79,1,1,False,LOW,1
CVE-2026-10730,1.0,False,True,False,False,True,False,False,False,True,False,True,True,False,False,True,False,False,True,True,False,False,True,726,4,2024,False,False,0.0,0.0,False,76,11,False,False,False,True,False,False,False,False,True,False,False,89,1,4,False,HIGH,3
CVE-2026-10731,1.0,False,False,True,False,True,False,True,False,False,False,True,False,False,False,True,False,False,True,True,False,False,True,656,4,2024,False,False,0.0,0.0,False,76,11,False,False,False,True,False,False,False,True,False,False,False,416,1,1,False,HIGH,3
CVE-2025-10732,1.0,False,False,False,True,True,False,False,False,True,True,False,False,False,False,True,True,False,False,True,False,False,True,421,3,2025,False,False,0.0,0.0,False,95,11,False,False,False,False,False,False,False,False,True,False,False,89,1,1,False,MEDIUM,2
CVE-2024-10733,1.0,True,False,False,False,True,False,True,False,False,True,False,False,True,False,False,False,False,True,False,True,False,True,456,2,2025,False,False,0.0,0.0,False,86,10,False,False,False,False,False,False,False,False,False,False,False,20,1,1,False,CRITICAL,4
CVE-2025-10734,1.0,False,True,False,False,False,True,False,False,True,True,False,False,False,True,False,True,False,False,False,False,True,True,1484,3,2022,False,False,0.0,0.0,False,76,11,False,False,False,False,False,False,True,False,False,False,True,200,1,5,False,MEDIUM,2
CVE-2022-10735,1.0,False,False,True,False,False,True,False,False,True,True,False,False,False,False,True,True,False,False,True,False,False,True,914,1,2024,False,False,0.0,0.0,False,76,11,False,False,False,True,False,False,False,False,False,False,False,20,1,2,False,MEDIUM,2
CVE-2023-10736,1.0,False,True,False,False,True,False,False,False,True,False,True,True,True,False,False,False,False,True,False,False,True,True,342,4,2025,False,False,0.0,0.0,False,75,10,False,False,False,False,False,False,False,True,False,False,False,416,1,1,False,HIGH,3
CVE-2023-10737,1.0,False,True,False,False,False,True,False,True,False,True,False,True,False,False,True,False,True,False,False,False,True,True,1562,2,2022,False,False,0.0,0.0,False,86,10,False,False,False,False,False,False,False,False,True,False,False,89,1,5,False,HIGH,3
CVE-2021-10738,1.0,False,True,False,False,False,True,False,False,True,True,False,True,True,False,False,False,True,False,False,True,False,True,806,3,2024,False,False,0.0,0.0,False,92,10,False,False,False,False,False,False,False,True,False,False,False,416,1,1,False,MEDIUM,2
CVE-2022-10739,1.0,True,False,False,False,True,False,False,False,True,False,True,False,False,True,False,False,False,True,True,False,False,True,1937,2,2021,False,False,0.0,0.0,False,79,11,False,False,False,False,False,False,False,False,False,False,False,269,1,3,False,HIGH,3
CVE-2022-10740,1.0,False,False,True,False,True,False,True,False,False,False,True,False,False,True,False,True,False,False,True,False,False,True,316,4,2025,False,False,0.0,0.0,False,79,9,False,False,False,False,False,False,False,False,True,False,False,89,1,5,False,MEDIUM,2
CVE-2025-10741,1.0,True,False,False,False,False,True,False,False,True,False,True,True,False,False,True,True,False,False,True,False,False,True,413,3,2025,False,False,0.0,0.0,False,79,9,False,False,False,False,False,False,False,False,True,False,False,89,1,3,False,MEDIUM,2
CVE-2022-10742,1.0,False,False,False,True,False,True,False,False,True,True,False,True,True,False,False,False,False,True,False,False,True,True,1389,4,2022,False,False,0.0,0.0,False,95,11,False,False,False,False,False,False,False,False,True,False,False,89,1,2,False,MEDIUM,2
CVE-2024-10743,1.0,True,False,False,False,False,True,False,False,True,True,False,True,False,False,True,False,True,False,True,False,False,True,933,1,2024,False,False,0.0,0.0,False,75,10,False,False,False,False,False,False,False,False,False,False,False,269,1,4,False,HIGH,3
CVE-2023-10744,1.0,False,True,False,False,False,True,False,False,True,True,False,True,False,True,False,False,True,False,True,False,False,True,1531,3,2022,False,False,0.0,0.0,False,86,10,False,False,False,False,False,False,False,False,True,False,False,79,1,1,False,MEDIUM,2
CVE-2021-10745,1.0,True,False,False,False,True,False,False,False,True,False,True,True,True,False,False,False,True,False,False,False,True,True,1757,4,2021,False,False,0.0,0.0,False,92,10,False,False,False,False,False,False,False,False,True,False,False,89,1,4,False,HIGH,3
CVE-2025-10746,1.0,True,False,False,False,False,True,True,False,False,True,False,False,False,False,True,False,True,False,False,False,True,True,692,4,2024,False,False,0.0,0.0,False,76,11,False,False,False,True,False,False,False,False,False,False,False,269,1,2,False,CRITICAL,4
CVE-2026-10747,1.0,False,False,False,True,True,False,False,False,True,True,False,False,True,False,False,False,True,False,True,False,False,True,848,2,2024,False,False,0.0,0.0,False,86,10,False,False,False,False,False,False,False,False,False,False,False,269,1,1,False,MEDIUM,2
CVE-2024-10748,1.0,False,False,True,False,True,False,False,True,False,True,False,False,False,True,False,False,True,False,False,True,False,True,1319,1,2023,False,False,0.0,0.0,False,95,11,False,False,False,False,False,False,False,False,False,False,True,200,1,3,False,MEDIUM,2
CVE-2021-10749,1.0,False,False,False,True,True,False,False,True,False,True,False,True,False,False,True,False,True,False,True,False,False,True,584,1,2025,False,False,0.0,0.0,False,92,10,False,False,False,False,False,False,False,False,False,False,False,269,1,1,False,MEDIUM,2
CVE-2024-10750,1.0,False,False,True,False,True,False,True,False,False,False,True,False,False,True,False,False,True,False,True,False,False,True,1423,4,2022,False,False,0.0,0.0,False,79,11,False,False,False,False,False,False,False,False,True,False,False,79,1,4,False,MEDIUM,2
CVE-2022-10751,1.0,False,True,False,False,False,True,True,False,False,False,True,False,True,False,False,False,False,True,False,True,False,True,1922,2,2021,False,False,0.0,0.0,False,76,11,False,False,False,True,False,False,False,True,False,False,False,119,1,4,False,MEDIUM,2
CVE-2023-10752,1.0,False,False,False,True,True,False,False,False,True,False,True,False,False,True,False,False,False,True,False,True,False,True,1483,3,2022,False,False,0.0,0.0,False,95,11,False,False,False,False,False,False,False,False,True,False,False,89,1,2,False,MEDIUM,2
CVE-2026-10753,1.0,False,False,True,False,True,False,True,False,False,True,False,True,True,False,False,True,False,False,False,True,False,True,1207,2,2023,False,False,0.0,0.0,False,83,11,False,False,False,False,True,False,False,True,False,False,False,416,1,3,False,MEDIUM,2
CVE-2022-10754,1.0,False,False,False,True,False,True,True,False,False,False,True,True,False,False,True,False,True,False,False,False,True,True,731,3,2024,False,False,0.0,0.0,False,69,10,False,False,False,True,False,False,False,False,True,False,False,89,1,3,False,HIGH,3
CVE-2025-10755,1.0,False,True,False,False,True,False,True,False,False,True,False,False,True,False,False,False,True,False,False,False,True,True,609,1,2025,False,False,0.0,0.0,False,95,11,False,False,False,False,False,False,False,False,False,False,False,20,1,2,False,HIGH,3
CVE-2026-10756,1.0,False,False,False,True,True,False,False,True,False,False,True,True,False,True,False,False,True,False,True,False,False,True,396,3,2025,False,False,0.0,0.0,False,69,10,False,False,False,True,False,False,False,True,False,False,False,416,1,2,False,MEDIUM,2
CVE-2022-10757,1.0,False,True,False,False,True,False,False,True,False,True,False,True,False,False,True,True,False,False,False,False,True,True,602,1,2025,False,False,0.0,0.0,False,79,11,False,False,False,False,False,False,False,True,False,False,False,416,1,2,False,CRITICAL,4
CVE-2026-10758,1.0,False,True,False,False,True,False,False,False,True,True,False,False,True,False,False,True,False,False,False,True,False,True,492,2,2025,False,False,0.0,0.0,False,76,11,False,False,False,True,False,False,False,False,False,False,False,20,1,3,False,MEDIUM,2
CVE-2022-10759,1.0,False,True,False,False,True,False,True,False,False,False,True,True,False,False,True,False,True,False,False,False,True,True,1222,2,2023,False,False,0.0,0.0,False,92,10,False,False,False,False,False,False,False,True,False,False,False,119,1,2,False,CRITICAL,4
CVE-2024-10760,1.0,False,False,False,True,True,False,False,True,False,True,False,True,False,True,False,False,True,False,False,True,False,True,1114,3,2023,False,False,0.0,0.0,False,83,11,False,False,False,False,True,False,False,True,False,False,False,416,1,2,False,MEDIUM,2
CVE-2021-10761,1.0,True,False,False,False,True,False,False,False,True,False,True,False,False,True,False,False,True,False,False,True,False,True,1723,1,2022,False,False,0.0,0.0,False,83,11,False,False,False,False,True,False,False,False,True,False,False,79,1,4,False,MEDIUM,2
CVE-2023-10762,1.0,False,False,True,False,False,True,True,False,False,True,False,False,False,False,True,False,False,True,True,False,False,True,1089,4,2023,False,False,0.0,0.0,False,75,10,False,False,False,False,False,False,False,False,False,False,False,269,1,3,False,HIGH,3
CVE-2026-10763,1.0,False,False,True,False,True,False,False,False,True,False,True,False,False,False,True,False,True,False,True,False,False,True,501,2,2025,False,False,0.0,0.0,False,83,11,False,False,False,False,True,False,False,False,True,False,False,79,1,2,False,MEDIUM,2
CVE-2021-10764,1.0,False,True,False,False,True,False,False,False,True,False,True,False,True,False,False,False,False,True,False,False,True,True,2011,1,2021,False,False,0.0,0.0,False,79,11,False,False,False,False,False,False,False,False,False,False,False,269,1,3,False,HIGH,3
CVE-2022-10765,1.0,True,False,False,False,True,False,True,False,False,False,True,True,False,False,True,False,True,False,False,True,False,True,1003,4,2023,False,False,0.0,0.0,False,76,11,False,False,False,True,False,False,False,False,True,False,False,79,1,4,False,CRITICAL,4
CVE-2024-10766,1.0,True,False,False,False,True,False,False,False,True,False,True,False,False,True,False,True,False,False,False,False,True,True,1237,2,2023,False,False,0.0,0.0,False,76,11,False,False,False,False,False,False,True,False,False,False,False,20,1,2,False,HIGH,3
CVE-2024-10767,1.0,True,False,False,False,True,False,False,True,False,False,True,True,False,True,False,False,False,True,False,True,False,True,693,4,2024,False,False,0.0,0.0,False,95,11,False,False,False,False,False,False,False,True,False,False,False,119,1,2,False,HIGH,3
CVE-2022-10768,1.0,True,False,False,False,False,True,False,False,True,False,True,True,True,False,False,False,True,False,False,False,True,True,924,1,2024,False,False,0.0,0.0,False,69,10,False,False,False,True,False,False,False,False,False,False,True,200,1,5,False,MEDIUM,2
CVE-2022-10769,1.0,False,True,False,False,False,True,True,False,False,True,False,True,True,False,False,False,True,False,True,False,False,True,1637,2,2022,False,False,0.0,0.0,False,76,11,False,False,False,False,False,False,True,True,False,False,False,119,1,2,False,MEDIUM,2
CVE-2021-10770,1.0,False,False,True,False,False,True,False,True,False,True,False,True,False,False,True,True,False,False,False,True,False,True,2093,1,2021,False,False,0.0,0.0,False,86,10,False,False,False,False,False,False,False,False,False,False,True,200,1,3,False,MEDIUM,2
CVE-2026-10771,1.0,False,False,True,False,True,False,False,False,True,False,True,False,False,True,False,True,False,False,False,False,True,True,424,3,2025,False,False,0.0,0.0,False,69,10,False,False,False,True,False,False,False,False,True,False,False,79,1,4,False,MEDIUM,2
CVE-2026-10772,1.0,False,True,False,False,False,True,True,False,False,False,True,True,True,False,False,False,False,True,False,False,True,True,796,3,2024,False,False,0.0,0.0,False,79,9,False,False,False,False,False,False,False,True,False,False,False,416,1,2,False,HIGH,3
CVE-2022-10773,1.0,False,False,True,False,True,False,False,True,False,True,False,True,True,False,False,False,True,False,True,False,False,True,601,1,2025,False,False,0.0,0.0,False,76,11,False,False,False,True,False,False,False,False,True,False,False,89,1,2,False,MEDIUM,2
CVE-2024-10774,1.0,False,False,True,False,True,False,False,True,False,True,False,False,False,True,False,False,False,True,False,False,True,True,602,1,2025,False,False,0.0,0.0,False,79,11,False,False,False,False,False,False,False,True,False,False,False,119,1,1,False,HIGH,3
CVE-2021-10775,1.0,False,False,False,True,False,True,True,False,False,True,False,False,False,False,True,True,False,False,False,True,False,True,1222,2,2023,False,False,0.0,0.0,False,75,10,False,False,False,False,False,False,False,True,False,False,False,416,1,1,False,MEDIUM,2
CVE-2021-10776,1.0,True,False,False,False,True,False,True,False,False,True,False,True,True,False,False,False,False,True,False,False,True,True,532,2,2025,False,False,0.0,0.0,False,76,11,False,False,False,False,False,False,True,False,False,False,False,20,1,1,False,CRITICAL,4
CVE-2026-10777,1.0,True,False,False,False,True,False,True,False,False,False,True,True,True,False,False,False,True,False,False,True,False,True,420,3,2025,False,False,0.0,0.0,False,86,10,False,False,False,False,False,False,False,True,False,False,False,119,1,1,False,HIGH,3
CVE-2026-10778,1.0,True,False,False,False,True,False,True,False,False,True,False,True,True,False,False,False,False,True,False,True,False,True,1548,3,2022,False,False,0.0,0.0,False,86,10,False,False,False,False,False,False,False,True,False,False,False,119,1,1,False,CRITICAL,4
CVE-2024-10779,1.0,False,False,True,False,False,True,True,False,False,False,True,False,False,True,False,True,False,False,True,False,False,True,1306,1,2023,False,False,0.0,0.0,False,92,10,False,False,False,False,False,False,False,True,False,False,False,119,1,1,False,MEDIUM,2
CVE-2023-10780,1.0,False,False,True,False,True,False,False,True,False,True,False,False,False,False,True,True,False,False,True,False,False,True,1939,2,2021,False,False,0.0,0.0,False,79,9,False,False,False,False,False,False,False,True,False,False,False,416,1,5,False,MEDIUM,2
CVE-2025-10781,1.0,False,False,False,True,True,False,False,False,True,False,True,True,False,True,False,True,False,False,False,True,False,True,1724,1,2022,False,False,0.0,0.0,False,83,11,False,False,False,False,True,False,False,True,False,False,False,787,1,3,False,MEDIUM,2
CVE-2026-10782,1.0,True,False,False,False,True,False,False,False,True,True,False,True,True,False,False,False,True,False,False,True,False,True,460,2,2025,False,False,0.0,0.0,False,79,9,False,False,False,False,False,False,False,True,False,False,False,787,1,1,False,HIGH,3
CVE-2025-10783,1.0,False,True,False,False,True,False,False,True,False,True,False,False,False,True,False,False,True,False,False,True,False,True,1220,2,2023,False,False,0.0,0.0,False,76,11,False,False,False,False,False,False,True,True,False,False,False,787,1,4,False,MEDIUM,2
CVE-2026-10784,1.0,False,False,True,False,True,False,False,False,True,True,False,True,False,True,False,False,False,True,False,True,False,True,1248,2,2023,False,False,0.0,0.0,False,76,11,False,False,False,True,False,False,False,True,False,False,False,787,1,5,False,HIGH,3
CVE-2022-10785,1.0,False,False,False,True,True,False,False,False,True,True,False,False,False,True,False,True,False,False,True,False,False,True,1308,1,2023,False,False,0.0,0.0,False,86,10,False,False,False,False,False,False,False,False,False,False,False,20,1,3,False,MEDIUM,2
CVE-2024-10786,1.0,True,False,False,False,False,True,False,True,False,True,False,True,False,True,False,True,False,False,False,False,True,True,1822,4,2021,False,False,0.0,0.0,False,86,10,False,False,False,False,False,False,False,True,False,False,False,416,1,2,False,HIGH,3
CVE-2022-10787,1.0,True,False,False,False,True,False,False,True,False,True,False,True,False,True,False,True,False,False,False,False,True,True,1981,2,2021,False,False,0.0,0.0,False,92,10,False,False,False,False,False,False,False,False,True,False,False,79,1,4,False,HIGH,3
CVE-2022-10788,1.0,False,False,True,False,True,False,True,False,False,True,False,False,True,False,False,False,False,True,False,True,False,True,2034,1,2021,False,False,0.0,0.0,False,79,11,False,False,False,False,False,False,False,False,True,False,False,89,1,2,False,HIGH,3
CVE-2026-10789,1.0,False,False,True,False,False,True,False,True,False,False,True,True,False,False,True,False,False,True,True,False,False,True,1809,4,2021,False,False,0.0,0.0,False,76,11,False,False,False,True,False,False,False,False,False,False,True,200,1,1,False,MEDIUM,2
CVE-2021-10790,1.0,False,True,False,False,True,False,True,False,False,False,True,True,False,False,True,False,True,False,False,False,True,True,780,3,2024,False,False,0.0,0.0,False,75,10,False,False,False,False,False,False,False,False,False,False,True,200,1,5,False,CRITICAL,4
CVE-2023-10791,1.0,False,False,False,True,True,False,False,True,False,True,False,True,True,False,False,False,False,True,True,False,False,True,643,4,2024,False,False,0.0,0.0,False,86,10,False,False,False,False,False,False,False,True,False,False,False,416,1,5,False,MEDIUM,2
CVE-2022-10792,1.0,True,False,False,False,False,True,False,True,False,False,True,True,False,True,False,True,False,False,True,False,False,True,1292,1,2023,False,False,0.0,0.0,False,69,10,False,False,False,True,False,False,False,False,False,False,False,269,1,4,False,MEDIUM,2
CVE-2023-10793,1.0,True,False,False,False,False,True,False,False,True,False,True,False,True,False,False,False,True,False,True,False,False,True,1873,3,2021,False,False,0.0,0.0,False,92,10,False,False,False,False,False,False,False,False,True,False,False,79,1,1,False,MEDIUM,2
CVE-2025-10794,1.0,False,True,False,False,True,False,False,False,True,True,False,False,False,True,False,True,False,False,False,False,True,True,2073,1,2021,False,False,0.0,0.0,False,92,10,False,False,False,False,False,False,False,False,False,False,False,20,1,5,False,HIGH,3
CVE-2021-10795,1.0,True,False,False,False,False,True,True,False,False,False,True,True,False,True,False,False,False,True,True,False,False,True,1997,2,2021,False,False,0.0,0.0,False,76,11,False,False,False,True,False,False,False,False,False,False,False,269,1,4,False,HIGH,3
CVE-2022-10796,1.0,True,False,False,False,False,True,False,True,False,True,False,False,True,False,False,False,False,True,False,True,False,True,656,4,2024,False,False,0.0,0.0,False,83,11,False,False,False,False,True,False,False,True,False,False,False,787,1,5,False,HIGH,3
CVE-2023-10797,1.0,False,False,False,True,True,False,False,False,True,True,False,False,True,False,False,False,False,True,False,False,True,True,1765,4,2021,False,False,0.0,0.0,False,69,10,False,False,False,True,False,False,False,False,True,False,False,89,1,2,False,MEDIUM,2
CVE-2025-10798,1.0,False,False,True,False,False,True,True,False,False,False,True,True,False,True,False,False,False,True,False,True,False,True,603,1,2025,False,False,0.0,0.0,False,86,10,False,False,False,False,False,False,False,False,False,False,False,20,1,4,False,MEDIUM,2
CVE-2022-10799,1.0,True,False,False,False,True,False,False,False,True,False,True,False,True,False,False,True,False,False,False,True,False,True,845,2,2024,False,False,0.0,0.0,False,92,10,False,False,False,False,False,False,False,False,True,False,False,79,1,4,False,MEDIUM,2
CVE-2024-10800,1.0,False,False,True,False,True,False,True,False,False,False,True,True,False,True,False,True,False,False,True,False,False,True,1453,4,2022,False,False,0.0,0.0,False,76,11,False,False,False,False,False,False,True,False,True,False,False,89,1,4,False,MEDIUM,2
CVE-2024-10801,1.0,False,True,False,False,True,False,False,False,True,False,True,False,False,True,False,False,True,False,False,True,False,True,1571,2,2022,False,False,0.0,0.0,False,79,9,False,False,False,False,False,False,False,True,False,False,False,416,1,5,False,MEDIUM,2
CVE-2024-10802,1.0,False,False,True,False,False,True,True,False,False,False,True,True,False,True,False,False,False,True,True,False,False,True,1344,1,2023,False,False,0.0,0.0,False,75,10,False,False,False,False,False,False,False,False,False,False,False,20,1,2,False,MEDIUM,2
CVE-2021-10803,1.0,False,False,True,False,False,True,True,False,False,False,True,False,True,False,False,False,True,False,False,True,False,True,1779,4,2021,False,False,0.0,0.0,False,86,10,False,False,False,False,False,False,False,False,True,False,False,79,1,3,False,MEDIUM,2
CVE-2024-10804,1.0,False,False,False,True,True,False,True,False,False,True,False,False,False,True,False,False,True,False,True,False,False,True,780,3,2024,False,False,0.0,0.0,False,76,11,False,False,False,True,False,False,False,True,False,False,False,416,1,3,False,MEDIUM,2
CVE-2023-10805,1.0,False,False,False,True,True,False,False,False,True,False,True,False,False,True,False,False,True,False,True,False,False,True,1394,4,2022,False,False,0.0,0.0,False,76,11,False,False,False,False,False,False,True,False,True,False,False,89,1,4,False,LOW,1
CVE-2026-10806,1.0,True,False,False,False,False,True,True,False,False,False,True,True,False,True,False,True,False,False,True,False,False,True,1658,1,2022,False,False,0.0,0.0,False,75,10,False,False,False,False,False,False,False,True,False,False,False,119,1,1,False,HIGH,3
CVE-2023-10807,1.0,False,True,False,False,True,False,True,False,False,True,False,True,False,True,False,True,False,False,False,True,False,True,1579,2,2022,False,False,0.0,0.0,False,95,11,False,False,False,False,False,False,False,True,False,False,False,787,1,4,False,HIGH,3
CVE-2022-10808,1.0,False,True,False,False,True,False,True,False,False,False,True,True,False,True,False,True,False,False,True,False,False,True,724,4,2024,False,False,0.0,0.0,False,86,10,False,False,False,False,False,False,False,False,False,False,False,269,1,4,False,HIGH,3
CVE-2024-10809,1.0,False,True,False,False,False,True,False,True,False,False,True,False,False,False,True,False,False,True,True,False,False,True,999,1,2024,False,False,0.0,0.0,False,76,11,False,False,False,True,False,False,False,False,True,False,False,79,1,5,False,MEDIUM,2
CVE-2022-10810,1.0,False,False,True,False,True,False,True,False,False,False,True,False,False,True,False,False,True,False,True,False,False,True,1432,4,2022,False,False,0.0,0.0,False,79,11,False,False,False,False,False,False,False,True,False,False,False,416,1,3,False,MEDIUM,2
CVE-2026-10811,1.0,False,True,False,False,False,True,False,False,True,True,False,False,True,False,False,False,False,True,True,False,False,True,2088,1,2021,False,False,0.0,0.0,False,86,10,False,False,False,False,False,False,False,True,False,False,False,416,1,5,False,MEDIUM,2
CVE-2025-10812,1.0,False,False,True,False,True,False,True,False,False,True,False,True,False,True,False,True,False,False,False,True,False,True,1322,1,2023,False,False,0.0,0.0,False,75,10,False,False,False,False,False,False,False,False,False,False,True,200,1,5,False,HIGH,3
CVE-2026-10813,1.0,False,False,False,True,False,True,False,True,False,False,True,True,False,False,True,False,True,False,False,False,True,True,1073,4,2023,False,False,0.0,0.0,False,76,11,False,False,False,False,False,False,True,False,False,False,False,269,1,1,False,MEDIUM,2
CVE-2024-10814,1.0,False,True,False,False,True,False,False,False,True,False,True,True,False,True,False,False,False,True,False,False,True,True,1218,2,2023,False,False,0.0,0.0,False,75,10,False,False,False,False,False,False,False,True,False,False,False,416,1,3,False,HIGH,3
CVE-2021-10815,1.0,True,False,False,False,True,False,False,False,True,False,True,False,False,True,False,False,False,True,False,False,True,True,1916,2,2021,False,False,0.0,0.0,False,79,11,False,False,False,False,False,False,False,False,True,False,False,79,1,4,False,HIGH,3
CVE-2025-10816,1.0,False,False,True,False,False,True,True,False,False,True,False,True,False,False,True,False,True,False,True,False,False,True,445,3,2025,False,False,0.0,0.0,False,86,10,False,False,False,False,False,False,False,True,False,False,False,119,1,4,False,HIGH,3
CVE-2023-10817,1.0,False,False,False,True,False,True,True,False,False,False,True,False,False,False,True,False,True,False,False,True,False,True,470,2,2025,False,False,0.0,0.0,False,76,11,False,False,False,False,False,False,True,False,False,False,True,200,1,3,False,MEDIUM,2
CVE-2026-10818,1.0,False,False,False,True,True,False,True,False,False,True,False,False,False,True,False,False,False,True,False,False,True,True,1601,2,2022,False,False,0.0,0.0,False,95,11,False,False,False,False,False,False,False,False,False,False,False,269,1,3,False,HIGH,3
CVE-2025-10819,1.0,False,False,False,True,True,False,False,False,True,False,True,False,False,False,True,False,True,False,True,False,False,True,1215,2,2023,False,False,0.0,0.0,False,75,10,False,False,False,False,False,False,False,True,False,False,False,416,1,2,False,MEDIUM,2
CVE-2023-10820,1.0,False,False,False,True,True,False,True,False,False,True,False,False,False,False,True,False,False,True,False,True,False,True,1036,4,2023,False,False,0.0,0.0,False,95,11,False,False,False,False,False,False,False,False,False,False,True,200,1,5,False,HIGH,3
CVE-2023-10821,1.0,True,False,False,False,True,False,False,True,False,True,False,False,True,False,False,False,False,True,False,False,True,True,1678,1,2022,False,False,0.0,0.0,False,75,10,False,False,False,False,False,False,False,False,True,False,False,79,1,5,False,HIGH,3
CVE-2021-10822,1.0,False,False,False,True,False,True,True,False,False,True,False,False,False,True,False,True,False,False,False,False,True,True,575,1,2025,False,False,0.0,0.0,False,95,11,False,False,False,False,False,False,False,True,False,False,False,119,1,4,False,MEDIUM,2
CVE-2026-10823,1.0,True,False,False,False,True,False,False,False,True,True,False,False,True,False,False,False,True,False,False,False,True,True,1990,2,2021,False,False,0.0,0.0,False,79,9,False,False,False,False,False,False,False,False,True,False,False,79,1,1,False,HIGH,3
CVE-2023-10824,1.0,True,False,False,False,True,False,False,True,False,False,True,False,False,True,False,True,False,False,False,True,False,True,1559,2,2022,False,False,0.0,0.0,False,75,10,False,False,False,False,False,False,False,False,False,False,False,20,1,4,False,MEDIUM,2
CVE-2024-10825,1.0,False,True,False,False,False,True,False,True,False,False,True,True,True,False,False,True,False,False,False,True,False,True,814,3,2024,False,False,0.0,0.0,False,76,11,False,False,False,False,False,False,True,False,False,False,False,20,1,2,False,MEDIUM,2
CVE-2026-10826,1.0,True,False,False,False,False,True,False,True,False,False,True,False,True,False,False,False,False,True,False,False,True,True,853,2,2024,False,False,0.0,0.0,False,79,11,False,False,False,False,False,False,False,False,False,False,True,200,1,1,False,HIGH,3
CVE-2025-10827,1.0,True,False,False,False,True,False,True,False,False,False,True,False,True,False,False,True,False,False,False,True,False,True,2035,1,2021,False,False,0.0,0.0,False,92,10,False,False,False,False,False,False,False,False,True,False,False,79,1,2,False,HIGH,3
CVE-2023-10828,1.0,True,False,False,False,False,True,False,False,True,False,True,True,False,False,True,False,True,False,False,True,False,True,1109,3,2023,False,False,0.0,0.0,False,79,9,False,False,False,False,False,False,False,True,False,False,False,416,1,2,False,MEDIUM,2
CVE-2022-10829,1.0,False,False,True,False,False,True,True,False,False,False,True,False,True,False,False,False,False,True,False,True,False,True,1690,1,2022,False,False,0.0,0.0,False,79,9,False,False,False,False,False,False,False,True,False,False,False,416,1,4,False,MEDIUM,2
CVE-2025-10830,1.0,False,False,True,False,True,False,False,False,True,False,True,True,True,False,False,False,False,True,False,True,False,True,565,1,2025,False,False,0.0,0.0,False,95,11,False,False,False,False,False,False,False,False,False,False,False,269,1,1,False,MEDIUM,2
CVE-2022-10831,1.0,False,False,True,False,False,True,False,True,False,False,True,True,True,False,False,True,False,False,True,False,False,True,2026,1,2021,False,False,0.0,0.0,False,76,11,False,False,False,True,False,False,False,False,False,False,False,269,1,4,False,MEDIUM,2
CVE-2023-10832,1.0,False,True,False,False,False,True,False,True,False,True,False,True,True,False,False,True,False,False,False,True,False,True,1593,2,2022,False,False,0.0,0.0,False,75,10,False,False,False,False,False,False,False,False,False,False,False,20,1,3,False,MEDIUM,2
CVE-2024-10833,1.0,False,True,False,False,True,False,False,True,False,False,True,False,False,False,True,True,False,False,True,False,False,True,933,1,2024,False,False,0.0,0.0,False,92,10,False,False,False,False,False,False,False,False,False,False,True,200,1,5,False,MEDIUM,2
CVE-2025-10834,1.0,False,False,False,True,False,True,False,True,False,True,False,False,True,False,False,False,True,False,False,True,False,True,772,3,2024,False,False,0.0,0.0,False,76,11,False,False,False,False,False,False,True,False,False,False,False,20,1,3,False,LOW,1
CVE-2021-10835,1.0,False,True,False,False,False,True,False,False,True,False,True,False,False,False,True,True,False,False,False,True,False,True,1841,3,2021,False,False,0.0,0.0,False,95,11,False,False,False,False,False,False,False,False,False,False,False,20,1,5,False,MEDIUM,2
CVE-2024-10836,1.0,False,False,False,True,True,False,False,False,True,True,False,True,False,False,True,True,False,False,True,False,False,True,1513,3,2022,False,False,0.0,0.0,False,69,10,False,False,False,True,False,False,False,True,False,False,False,787,1,1,False,MEDIUM,2
CVE-2026-10837,1.0,False,False,True,False,False,True,False,True,False,True,False,True,False,True,False,False,False,True,True,False,False,True,1479,3,2022,False,False,0.0,0.0,False,95,11,False,False,False,False,False,False,False,True,False,False,False,416,1,3,False,MEDIUM,2
CVE-2024-10838,1.0,True,False,False,False,False,True,False,False,True,True,False,False,True,False,False,True,False,False,True,False,False,True,357,4,2025,False,False,0.0,0.0,False,76,11,False,False,False,True,False,False,False,False,True,False,False,89,1,1,False,MEDIUM,2
CVE-2026-10839,1.0,False,True,False,False,True,False,True,False,False,True,False,True,False,False,True,True,False,False,False,False,True,True,612,1,2025,False,False,0.0,0.0,False,83,11,False,False,False,False,True,False,False,False,False,False,False,20,1,3,False,CRITICAL,4
CVE-2021-10840,1.0,True,False,False,False,False,True,False,True,False,False,True,True,False,False,True,True,False,False,True,False,False,True,1997,2,2021,False,False,0.0,0.0,False,69,10,False,False,False,True,False,False,False,True,False,False,False,787,1,1,False,HIGH,3
CVE-2023-10841,1.0,False,False,False,True,False,True,False,False,True,True,False,False,False,False,True,False,True,False,False,False,True,True,330,4,2025,False,False,0.0,0.0,False,75,10,False,False,False,False,False,False,False,True,False,False,False,787,1,3,False,MEDIUM,2
CVE-2026-10842,1.0,True,False,False,False,False,True,False,True,False,True,False,True,False,False,True,True,False,False,False,False,True,True,1107,3,2023,False,False,0.0,0.0,False,83,11,False,False,False,False,True,False,False,True,False,False,False,119,1,1,False,CRITICAL,4
CVE-2024-10843,1.0,True,False,False,False,True,False,False,True,False,False,True,False,False,True,False,True,False,False,False,True,False,True,1972,2,2021,False,False,0.0,0.0,False,76,11,False,False,False,False,False,False,True,True,False,False,False,119,1,5,False,MEDIUM,2
CVE-2025-10844,1.0,False,False,True,False,False,True,False,False,True,True,False,False,True,False,False,True,False,False,False,True,False,True,337,4,2025,False,False,0.0,0.0,False,86,10,False,False,False,False,False,False,False,True,False,False,False,416,1,4,False,MEDIUM,2
CVE-2025-10845,1.0,False,True,False,False,True,False,False,True,False,False,True,False,False,False,True,False,True,False,False,False,True,True,1680,1,2022,False,False,0.0,0.0,False,79,11,False,False,False,False,False,False,False,False,True,False,False,79,1,2,False,HIGH,3
CVE-2021-10846,1.0,False,True,False,False,True,False,False,True,False,True,False,True,True,False,False,False,True,False,False,False,True,True,570,1,2025,False,False,0.0,0.0,False,76,11,False,False,False,True,False,False,False,True,False,False,False,787,1,3,False,HIGH,3
CVE-2021-10847,1.0,False,False,True,False,False,True,True,False,False,True,False,True,False,False,True,False,True,False,False,False,True,True,968,1,2024,False,False,0.0,0.0,False,79,9,False,False,False,False,False,False,False,False,False,False,False,269,1,1,False,HIGH,3
CVE-2023-10848,1.0,True,False,False,False,False,True,False,False,True,False,True,False,False,True,False,True,False,False,False,True,False,True,1338,1,2023,False,False,0.0,0.0,False,76,11,False,False,False,True,False,False,False,False,True,False,False,89,1,5,False,MEDIUM,2
CVE-2025-10849,1.0,False,False,False,True,True,False,False,False,True,True,False,False,True,False,False,True,False,False,True,False,False,True,851,2,2024,False,False,0.0,0.0,False,79,9,False,False,False,False,False,False,False,False,False,False,False,20,1,1,False,MEDIUM,2
CVE-2023-10850,1.0,True,False,False,False,False,True,True,False,False,False,True,True,False,True,False,True,False,False,True,False,False,True,1607,2,2022,False,False,0.0,0.0,False,79,11,False,False,False,False,False,False,False,False,False,False,True,200,1,4,False,HIGH,3
CVE-2022-10851,1.0,False,False,True,False,False,True,False,False,True,False,True,False,True,False,False,True,False,False,False,False,True,True,486,2,2025,False,False,0.0,0.0,False,92,10,False,False,False,False,False,False,False,True,False,False,False,787,1,3,False,MEDIUM,2
CVE-2022-10852,1.0,True,False,False,False,True,False,True,False,False,False,True,True,True,False,False,True,False,False,False,False,True,True,1450,4,2022,False,False,0.0,0.0,False,92,10,False,False,False,False,False,False,False,False,False,False,False,269,1,1,False,CRITICAL,4
CVE-2023-10853,1.0,True,False,False,False,False,True,False,True,False,True,False,True,True,False,False,False,True,False,True,False,False,True,1938,2,2021,False,False,0.0,0.0,False,75,10,False,False,False,False,False,False,False,False,False,False,False,20,1,1,False,MEDIUM,2
CVE-2026-10854,1.0,False,True,False,False,True,False,True,False,False,True,False,True,False,False,True,False,True,False,False,True,False,True,1500,3,2022,False,False,0.0,0.0,False,79,11,False,False,False,False,False,False,False,True,False,False,False,787,1,3,False,HIGH,3
CVE-2023-10855,1.0,False,False,True,False,False,True,False,True,False,True,False,True,False,True,False,False,False,True,False,True,False,True,737,3,2024,False,False,0.0,0.0,False,86,10,False,False,False,False,False,False,False,True,False,False,False,787,1,1,False,MEDIUM,2
CVE-2026-10856,1.0,True,False,False,False,True,False,False,True,False,True,False,False,False,True,False,False,True,False,True,False,False,True,1032,4,2023,False,False,0.0,0.0,False,79,9,False,False,False,False,False,False,False,True,False,False,False,119,1,5,False,HIGH,3
CVE-2023-10857,1.0,False,True,False,False,False,True,False,False,True,True,False,True,False,False,True,False,False,True,False,False,True,True,1673,1,2022,False,False,0.0,0.0,False,95,11,False,False,False,False,False,False,False,True,False,False,False,787,1,5,False,HIGH,3
CVE-2023-10858,1.0,False,False,True,False,False,True,False,False,True,False,True,True,False,True,False,True,False,False,True,False,False,True,705,4,2024,False,False,0.0,0.0,False,75,10,False,False,False,False,False,False,False,False,False,False,False,269,1,5,False,LOW,1
CVE-2024-10859,1.0,False,False,True,False,False,True,True,False,False,True,False,True,False,False,True,True,False,False,False,True,False,True,467,2,2025,False,False,0.0,0.0,False,76,11,False,False,False,False,False,False,True,False,True,False,False,89,1,5,False,MEDIUM,2
CVE-2025-10860,1.0,False,True,False,False,False,True,False,True,False,False,True,False,False,True,False,True,False,False,False,True,False,True,952,1,2024,False,False,0.0,0.0,False,79,9,False,False,False,False,False,False,False,False,False,False,False,20,1,2,False,MEDIUM,2
CVE-2025-10861,1.0,False,False,False,True,False,True,True,False,False,False,True,True,False,False,True,True,False,False,True,False,False,True,1843,3,2021,False,False,0.0,0.0,False,79,9,False,False,False,False,False,False,False,False,False,False,True,200,1,2,False,MEDIUM,2
CVE-2023-10862,1.0,False,True,False,False,True,False,False,False,True,False,True,False,False,False,True,True,False,False,False,True,False,True,487,2,2025,False,False,0.0,0.0,False,83,11,False,False,False,False,True,False,False,False,True,False,False,79,1,3,False,MEDIUM,2
CVE-2021-10863,1.0,False,True,False,False,False,True,False,True,False,False,True,False,False,True,False,False,True,False,False,False,True,True,1126,3,2023,False,False,0.0,0.0,False,92,10,False,False,False,False,False,False,False,False,False,False,True,200,1,2,False,MEDIUM,2
CVE-2024-10864,1.0,False,True,False,False,True,False,False,True,False,True,False,True,False,False,True,True,False,False,False,True,False,True,705,4,2024,False,False,0.0,0.0,False,79,11,False,False,False,False,False,False,False,False,False,False,True,200,1,1,False,HIGH,3
CVE-2025-10865,1.0,False,True,False,False,False,True,False,True,False,True,False,False,False,False,True,False,True,False,False,False,True,True,809,3,2024,False,False,0.0,0.0,False,79,9,False,False,False,False,False,False,False,False,False,False,False,269,1,5,False,HIGH,3
CVE-2024-10866,1.0,False,False,False,True,False,True,False,True,False,False,True,False,False,False,True,True,False,False,False,True,False,True,1370,4,2022,False,False,0.0,0.0,False,83,11,False,False,False,False,True,False,False,False,True,False,False,79,1,2,False,MEDIUM,2
CVE-2023-10867,1.0,False,False,True,False,True,False,False,False,True,False,True,False,False,True,False,True,False,False,False,True,False,True,484,2,2025,False,False,0.0,0.0,False,79,11,False,False,False,False,False,False,False,False,False,False,False,20,1,4,False,MEDIUM,2
CVE-2024-10868,1.0,True,False,False,False,True,False,False,True,False,True,False,True,False,False,True,True,False,False,False,True,False,True,377,3,2025,False,False,0.0,0.0,False,86,10,False,False,False,False,False,False,False,False,False,False,False,269,1,1,False,CRITICAL,4
CVE-2026-10869,1.0,True,False,False,False,True,False,False,False,True,True,False,True,True,False,False,True,False,False,False,False,True,True,898,2,2024,False,False,0.0,0.0,False,76,11,False,False,False,False,False,False,True,False,True,False,False,89,1,3,False,HIGH,3
CVE-2026-10870,1.0,False,True,False,False,True,False,True,False,False,True,False,False,False,False,True,True,False,False,False,False,True,True,2082,1,2021,False,False,0.0,0.0,False,79,9,False,False,False,False,False,False,False,False,True,False,False,79,1,2,False,CRITICAL,4
CVE-2021-10871,1.0,False,False,False,True,False,True,True,False,False,True,False,True,False,True,False,False,True,False,True,False,False,True,1125,3,2023,False,False,0.0,0.0,False,92,10,False,False,False,False,False,False,False,True,False,False,False,119,1,5,False,MEDIUM,2
CVE-2025-10872,1.0,True,False,False,False,False,True,True,False,False,True,False,False,True,False,False,False,False,True,False,False,True,True,700,4,2024,False,False,0.0,0.0,False,79,9,False,False,False,False,False,False,False,True,False,False,False,119,1,4,False,CRITICAL,4
CVE-2023-10873,1.0,True,False,False,False,False,True,False,True,False,False,True,True,False,True,False,False,False,True,True,False,False,True,1503,3,2022,False,False,0.0,0.0,False,76,11,False,False,False,True,False,False,False,True,False,False,False,787,1,4,False,HIGH,3
CVE-2022-10874,1.0,False,False,False,True,True,False,False,False,True,False,True,False,False,False,True,False,True,False,True,False,False,True,2038,1,2021,False,False,0.0,0.0,False,95,11,False,False,False,False,False,False,False,True,False,False,False,787,1,1,False,MEDIUM,2
CVE-2022-10875,1.0,False,False,True,False,True,False,True,False,False,False,True,False,False,True,False,False,False,True,False,False,True,True,1137,3,2023,False,False,0.0,0.0,False,83,11,False,False,False,False,True,False,False,True,False,False,False,416,1,5,False,HIGH,3
CVE-2022-10876,1.0,False,False,True,False,False,True,False,True,False,True,False,True,False,False,True,False,True,False,False,True,False,True,752,3,2024,False,False,0.0,0.0,False,76,11,False,False,False,False,False,False,True,False,True,False,False,79,1,4,False,MEDIUM,2
CVE-2024-10877,1.0,False,True,False,False,False,True,True,False,False,False,True,True,False,False,True,False,False,True,False,True,False,True,855,2,2024,False,False,0.0,0.0,False,95,11,False,False,False,False,False,False,False,False,True,False,False,79,1,1,False,HIGH,3
CVE-2026-10878,1.0,True,False,False,False,True,False,False,True,False,False,True,True,True,False,False,False,False,True,True,False,False,True,1770,4,2021,False,False,0.0,0.0,False,69,10,False,False,False,True,False,False,False,False,True,False,False,89,1,4,False,HIGH,3
CVE-2021-10879,1.0,False,False,True,False,True,False,True,False,False,True,False,True,False,True,False,False,False,True,False,False,True,True,1969,2,2021,False,False,0.0,0.0,False,95,11,False,False,False,False,False,False,False,False,False,False,False,20,1,2,False,CRITICAL,4
CVE-2021-10880,1.0,False,False,False,True,True,False,False,False,True,True,False,False,False,True,False,False,True,False,False,True,False,True,665,4,2024,False,False,0.0,0.0,False,83,11,False,False,False,False,True,False,False,False,False,False,True,200,1,2,False,MEDIUM,2
CVE-2026-10881,1.0,False,True,False,False,True,False,False,False,True,True,False,False,True,False,False,True,False,False,True,False,False,True,1764,4,2021,False,False,0.0,0.0,False,92,10,False,False,False,False,False,False,False,False,False,False,False,20,1,3,False,MEDIUM,2
CVE-2025-10882,1.0,False,False,True,False,True,False,False,False,True,False,True,False,True,False,False,False,False,True,False,True,False,True,976,1,2024,False,False,0.0,0.0,False,95,11,False,False,False,False,False,False,False,False,False,False,False,269,1,3,False,MEDIUM,2
CVE-2025-10883,1.0,True,False,False,False,False,True,False,True,False,False,True,False,False,False,True,True,False,False,True,False,False,True,348,4,2025,False,False,0.0,0.0,False,79,11,False,False,False,False,False,False,False,False,False,False,True,200,1,1,False,MEDIUM,2
CVE-2024-10884,1.0,False,False,True,False,True,False,True,False,False,False,True,True,False,True,False,False,False,True,False,True,False,True,1623,2,2022,False,False,0.0,0.0,False,76,11,False,False,False,False,False,False,True,False,True,False,False,79,1,2,False,HIGH,3
CVE-2021-10885,1.0,False,True,False,False,False,True,False,True,False,True,False,False,False,False,True,False,True,False,False,True,False,True,1001,4,2023,False,False,0.0,0.0,False,79,9,False,False,False,False,False,False,False,False,False,False,False,20,1,1,False,MEDIUM,2
CVE-2024-10886,1.0,False,False,True,False,True,False,True,False,False,True,False,True,False,False,True,True,False,False,True,False,False,True,1561,2,2022,False,False,0.0,0.0,False,83,11,False,False,False,False,True,False,False,True,False,False,False,787,1,1,False,HIGH,3
CVE-2025-10887,1.0,False,False,True,False,True,False,False,True,False,True,False,True,True,False,False,False,True,False,False,False,True,True,656,4,2024,False,False,0.0,0.0,False,79,11,False,False,False,False,False,False,False,False,False,False,False,20,1,1,False,HIGH,3
CVE-2024-10888,1.0,False,False,True,False,False,True,False,True,False,False,True,False,True,False,False,True,False,False,True,False,False,True,1056,4,2023,False,False,0.0,0.0,False,69,10,False,False,False,True,False,False,False,True,False,False,False,119,1,5,False,LOW,1
CVE-2024-10889,1.0,True,False,False,False,False,True,True,False,False,False,True,True,False,False,True,True,False,False,False,True,False,True,699,4,2024,False,False,0.0,0.0,False,79,11,False,False,False,False,False,False,False,False,True,False,False,89,1,1,False,HIGH,3
CVE-2021-10890,1.0,False,False,True,False,True,False,False,True,False,False,True,False,True,False,False,True,False,False,True,False,False,True,835,2,2024,False,False,0.0,0.0,False,76,11,False,False,False,True,False,False,False,False,False,False,False,20,1,2,False,MEDIUM,2
CVE-2026-10891,1.0,True,False,False,False,True,False,False,False,True,True,False,False,True,False,False,True,False,False,True,False,False,True,554,1,2025,False,False,0.0,0.0,False,95,11,False,False,False,False,False,False,False,True,False,False,False,787,1,2,False,HIGH,3
CVE-2021-10892,1.0,False,True,False,False,False,True,True,False,False,False,True,True,False,False,True,True,False,False,False,False,True,True,1452,4,2022,False,False,0.0,0.0,False,79,9,False,False,False,False,False,False,False,False,True,False,False,79,1,1,False,HIGH,3
CVE-2025-10893,1.0,False,False,True,False,True,False,False,True,False,False,True,True,False,False,True,False,True,False,False,False,True,True,1674,1,2022,False,False,0.0,0.0,False,79,9,False,False,False,False,False,False,False,True,False,False,False,119,1,5,False,HIGH,3
CVE-2023-10894,1.0,True,False,False,False,True,False,False,True,False,False,True,True,False,True,False,True,False,False,True,False,False,True,666,4,2024,False,False,0.0,0.0,False,79,9,False,False,False,False,False,False,False,False,True,False,False,89,1,5,False,HIGH,3
CVE-2023-10895,1.0,False,True,False,False,True,False,False,True,False,True,False,False,True,False,False,False,False,True,False,True,False,True,576,1,2025,False,False,0.0,0.0,False,92,10,False,False,False,False,False,False,False,True,False,False,False,787,1,1,False,MEDIUM,2
CVE-2024-10896,1.0,False,False,True,False,False,True,False,False,True,False,True,True,True,False,False,True,False,False,False,True,False,True,383,3,2025,False,False,0.0,0.0,False,69,10,False,False,False,True,False,False,False,True,False,False,False,416,1,4,False,MEDIUM,2
CVE-2024-10897,1.0,True,False,False,False,True,False,True,False,False,False,True,False,False,False,True,False,True,False,False,False,True,True,1308,1,2023,False,False,0.0,0.0,False,69,10,False,False,False,True,False,False,False,False,False,False,True,200,1,1,False,CRITICAL,4
CVE-2023-10898,1.0,False,False,True,False,False,True,False,False,True,True,False,False,False,True,False,False,False,True,False,False,True,True,2042,1,2021,False,False,0.0,0.0,False,86,10,False,False,False,False,False,False,False,True,False,False,False,416,1,4,False,MEDIUM,2
CVE-2021-10899,1.0,False,False,True,False,False,True,False,True,False,False,True,False,False,True,False,False,True,False,False,False,True,True,962,1,2024,False,False,0.0,0.0,False,69,10,False,False,False,True,False,False,False,True,False,False,False,119,1,2,False,MEDIUM,2
CVE-2023-10900,1.0,False,False,True,False,True,False,True,False,False,False,True,True,False,False,True,False,True,False,True,False,False,True,458,2,2025,False,False,0.0,0.0,False,69,10,False,False,False,True,False,False,False,False,False,False,True,200,1,3,False,HIGH,3
CVE-2026-10901,1.0,True,False,False,False,True,False,False,True,False,False,True,True,True,False,False,False,True,False,False,True,False,True,1582,2,2022,False,False,0.0,0.0,False,79,9,False,False,False,False,False,False,False,False,False,False,False,20,1,4,False,MEDIUM,2
CVE-2024-10902,1.0,False,False,False,True,True,False,False,True,False,True,False,False,False,True,False,False,False,True,False,False,True,True,2020,1,2021,False,False,0.0,0.0,False,69,10,False,False,False,True,False,False,False,False,False,False,False,269,1,1,False,MEDIUM,2
CVE-2022-10903,1.0,False,False,True,False,False,True,True,False,False,True,False,False,True,False,False,False,False,True,False,False,True,True,1567,2,2022,False,False,0.0,0.0,False,76,11,False,False,False,True,False,False,False,False,False,False,False,20,1,2,False,HIGH,3
CVE-2026-10904,1.0,False,False,False,True,False,True,True,False,False,True,False,False,False,False,True,False,True,False,False,True,False,True,2017,1,2021,False,False,0.0,0.0,False,76,11,False,False,False,False,False,False,True,False,False,False,False,20,1,3,False,MEDIUM,2
CVE-2026-10905,1.0,False,True,False,False,False,True,True,False,False,True,False,True,True,False,False,False,False,True,True,False,False,True,2004,2,2021,False,False,0.0,0.0,False,86,10,False,False,False,False,False,False,False,True,False,False,False,119,1,2,False,HIGH,3
CVE-2025-10906,1.0,False,False,False,True,True,False,False,False,True,False,True,True,True,False,False,True,False,False,False,True,False,True,1335,1,2023,False,False,0.0,0.0,False,83,11,False,False,False,False,True,False,False,False,False,False,False,269,1,3,False,MEDIUM,2
CVE-2026-10907,1.0,False,False,True,False,True,False,True,False,False,False,True,False,False,True,False,True,False,False,False,False,True,True,1328,1,2023,False,False,0.0,0.0,False,95,11,False,False,False,False,False,False,False,False,False,False,False,20,1,1,False,MEDIUM,2
CVE-2022-10908,1.0,False,False,True,False,True,False,False,True,False,True,False,False,False,True,False,False,False,True,True,False,False,True,441,3,2025,False,False,0.0,0.0,False,79,11,False,False,False,False,False,False,False,False,True,False,False,79,1,2,False,MEDIUM,2
CVE-2025-10909,1.0,False,False,False,True,True,False,False,False,True,True,False,True,False,False,True,False,False,True,False,False,True,True,919,1,2024,False,False,0.0,0.0,False,79,11,False,False,False,False,False,False,False,True,False,False,False,787,1,3,False,HIGH,3
CVE-2022-10910,1.0,False,False,True,False,True,False,False,True,False,True,False,True,True,False,False,False,True,False,False,True,False,True,383,3,2025,False,False,0.0,0.0,False,79,9,False,False,False,False,False,False,False,False,True,False,False,79,1,2,False,MEDIUM,2
CVE-2026-10911,1.0,True,False,False,False,False,True,False,False,True,True,False,True,False,False,True,False,True,False,False,False,True,True,1256,2,2023,False,False,0.0,0.0,False,76,11,False,False,False,True,False,False,False,True,False,False,False,416,1,2,False,HIGH,3
CVE-2022-10912,1.0,False,False,False,True,True,False,False,False,True,False,True,True,False,True,False,False,True,False,True,False,False,True,994,1,2024,False,False,0.0,0.0,False,79,11,False,False,False,False,False,False,False,False,True,False,False,79,1,4,False,MEDIUM,2
CVE-2025-10913,1.0,False,False,False,True,True,False,True,False,False,False,True,False,True,False,False,True,False,False,False,True,False,True,1792,4,2021,False,False,0.0,0.0,False,95,11,False,False,False,False,False,False,False,False,False,False,True,200,1,5,False,MEDIUM,2
CVE-2026-10914,1.0,True,False,False,False,False,True,True,False,False,True,False,False,True,False,False,False,False,True,False,False,True,True,1889,3,2021,False,False,0.0,0.0,False,76,11,False,False,False,True,False,False,False,True,False,False,False,416,1,3,False,CRITICAL,4
CVE-2024-10915,1.0,False,True,False,False,False,True,True,False,False,False,True,True,False,False,True,False,False,True,False,False,True,True,668,4,2024,False,False,0.0,0.0,False,75,10,False,False,False,False,False,False,False,False,True,False,False,79,1,1,False,HIGH,3
CVE-2026-10916,1.0,False,False,False,True,False,True,False,False,True,False,True,True,False,True,False,False,False,True,True,False,False,True,1369,4,2022,False,False,0.0,0.0,False,76,11,False,False,False,False,False,False,True,False,True,False,False,89,1,5,False,MEDIUM,2
CVE-2021-10917,1.0,False,False,True,False,False,True,False,True,False,False,True,True,True,False,False,False,False,True,False,False,True,True,1784,4,2021,False,False,0.0,0.0,False,86,10,False,False,False,False,False,False,False,False,False,False,True,200,1,1,False,MEDIUM,2
CVE-2023-10918,1.0,True,False,False,False,False,True,False,True,False,False,True,True,False,True,False,True,False,False,True,False,False,True,1085,4,2023,False,False,0.0,0.0,False,92,10,False,False,False,False,False,False,False,False,False,False,False,20,1,2,False,MEDIUM,2
CVE-2025-10919,1.0,False,False,True,False,True,False,False,True,False,False,True,False,True,False,False,False,True,False,False,True,False,True,1526,3,2022,False,False,0.0,0.0,False,95,11,False,False,False,False,False,False,False,True,False,False,False,787,1,4,False,MEDIUM,2
CVE-2022-10920,1.0,True,False,False,False,True,False,False,False,True,False,True,False,True,False,False,True,False,False,False,False,True,True,1505,3,2022,False,False,0.0,0.0,False,92,10,False,False,False,False,False,False,False,False,True,False,False,89,1,1,False,HIGH,3
CVE-2021-10921,1.0,False,True,False,False,True,False,False,True,False,True,False,True,True,False,False,False,True,False,False,False,True,True,990,1,2024,False,False,0.0,0.0,False,79,11,False,False,False,False,False,False,False,True,False,False,False,416,1,4,False,HIGH,3
CVE-2022-10922,1.0,False,False,True,False,True,False,False,False,True,True,False,True,False,True,False,False,True,False,False,True,False,True,394,3,2025,False,False,0.0,0.0,False,86,10,False,False,False,False,False,False,False,False,True,False,False,79,1,2,False,MEDIUM,2
CVE-2026-10923,1.0,False,False,True,False,True,False,False,False,True,True,False,False,False,True,False,True,False,False,False,False,True,True,726,4,2024,False,False,0.0,0.0,False,79,9,False,False,False,False,False,False,False,False,False,False,False,269,1,3,False,MEDIUM,2
CVE-2026-10924,1.0,True,False,False,False,False,True,True,False,False,False,True,False,False,False,True,False,False,True,False,True,False,True,589,1,2025,False,False,0.0,0.0,False,76,11,False,False,False,True,False,False,False,False,False,False,False,20,1,1,False,HIGH,3
CVE-2022-10925,1.0,False,True,False,False,True,False,False,True,False,False,True,False,False,True,False,True,False,False,False,False,True,True,895,2,2024,False,False,0.0,0.0,False,92,10,False,False,False,False,False,False,False,True,False,False,False,787,1,3,False,MEDIUM,2
CVE-2022-10926,1.0,False,True,False,False,True,False,False,True,False,True,False,True,False,False,True,False,False,True,True,False,False,True,795,3,2024,False,False,0.0,0.0,False,75,10,False,False,False,False,False,False,False,False,True,False,False,89,1,1,False,HIGH,3
CVE-2026-10927,1.0,False,False,False,True,True,False,False,False,True,False,True,True,False,False,True,False,False,True,True,False,False,True,1557,2,2022,False,False,0.0,0.0,False,95,11,False,False,False,False,False,False,False,False,False,False,True,200,1,2,False,MEDIUM,2
CVE-2026-10928,1.0,False,False,False,True,False,True,False,False,True,False,True,True,True,False,False,True,False,False,True,False,False,True,1102,3,2023,False,False,0.0,0.0,False,79,9,False,False,False,False,False,False,False,False,False,False,True,200,1,4,False,LOW,1
CVE-2023-10929,1.0,False,False,False,True,True,False,True,False,False,False,True,True,False,False,True,True,False,False,False,True,False,True,1589,2,2022,False,False,0.0,0.0,False,76,11,False,False,False,True,False,False,False,True,False,False,False,416,1,2,False,HIGH,3
CVE-2024-10930,1.0,False,True,False,False,True,False,False,True,False,False,True,False,False,True,False,True,False,False,False,False,True,True,865,2,2024,False,False,0.0,0.0,False,76,11,False,False,False,True,False,False,False,False,False,False,False,269,1,3,False,MEDIUM,2
CVE-2024-10931,1.0,False,False,False,True,False,True,False,True,False,True,False,True,False,True,False,False,False,True,True,False,False,True,1294,1,2023,False,False,0.0,0.0,False,83,11,False,False,False,False,True,False,False,False,False,False,False,269,1,1,False,MEDIUM,2
CVE-2024-10932,1.0,False,True,False,False,True,False,False,False,True,True,False,True,True,False,False,False,False,True,False,False,True,True,1256,2,2023,False,False,0.0,0.0,False,79,9,False,False,False,False,False,False,False,False,False,False,False,20,1,1,False,HIGH,3
CVE-2021-10933,1.0,False,False,True,False,True,False,False,False,True,True,False,False,False,True,False,False,False,True,True,False,False,True,497,2,2025,False,False,0.0,0.0,False,95,11,False,False,False,False,False,False,False,False,True,False,False,89,1,5,False,MEDIUM,2
CVE-2026-10934,1.0,False,True,False,False,False,True,False,True,False,False,True,False,False,False,True,False,False,True,True,False,False,True,1626,2,2022,False,False,0.0,0.0,False,95,11,False,False,False,False,False,False,False,False,False,False,False,20,1,1,False,MEDIUM,2
CVE-2025-10935,1.0,False,False,False,True,False,True,True,False,False,True,False,True,False,True,False,True,False,False,True,False,False,True,1886,3,2021,False,False,0.0,0.0,False,69,10,False,False,False,True,False,False,False,True,False,False,False,119,1,1,False,MEDIUM,2
CVE-2026-10936,1.0,False,False,False,True,True,False,False,False,True,False,True,False,True,False,False,True,False,False,False,False,True,True,1842,3,2021,False,False,0.0,0.0,False,79,9,False,False,False,False,False,False,False,True,False,False,False,416,1,1,False,MEDIUM,2
CVE-2026-10937,1.0,False,True,False,False,True,False,False,False,True,False,True,False,False,False,True,False,True,False,False,True,False,True,395,3,2025,False,False,0.0,0.0,False,69,10,False,False,False,True,False,False,False,True,False,False,False,416,1,5,False,HIGH,3
CVE-2023-10938,1.0,False,True,False,False,True,False,False,True,False,False,True,True,False,True,False,False,True,False,True,False,False,True,1534,3,2022,False,False,0.0,0.0,False,69,10,False,False,False,True,False,False,False,True,False,False,False,119,1,4,False,MEDIUM,2
CVE-2023-10939,1.0,False,True,False,False,False,True,True,False,False,False,True,True,False,True,False,False,False,True,False,False,True,True,1106,3,2023,False,False,0.0,0.0,False,86,10,False,False,False,False,False,False,False,False,True,False,False,79,1,4,False,HIGH,3
CVE-2025-10940,1.0,False,True,False,False,False,True,False,True,False,False,True,False,False,False,True,False,True,False,False,True,False,True,2045,1,2021,False,False,0.0,0.0,False,92,10,False,False,False,False,False,False,False,False,True,False,False,89,1,1,False,MEDIUM,2
CVE-2025-10941,1.0,False,False,False,True,True,False,True,False,False,True,False,True,False,False,True,False,True,False,False,False,True,True,1749,4,2021,False,False,0.0,0.0,False,76,11,False,False,False,False,False,False,True,True,False,False,False,119,1,1,False,HIGH,3
CVE-2023-10942,1.0,False,False,True,False,True,False,True,False,False,False,True,True,True,False,False,False,True,False,False,False,True,True,1252,2,2023,False,False,0.0,0.0,False,76,11,False,False,False,True,False,False,False,True,False,False,False,119,1,5,False,HIGH,3
CVE-2025-10943,1.0,False,True,False,False,False,True,False,True,False,False,True,False,True,False,False,False,True,False,False,False,True,True,1072,4,2023,False,False,0.0,0.0,False,76,11,False,False,False,True,False,False,False,False,True,False,False,79,1,4,False,MEDIUM,2
CVE-2021-10944,1.0,True,False,False,False,True,False,True,False,False,False,True,False,True,False,False,False,True,False,False,True,False,True,1764,4,2021,False,False,0.0,0.0,False,75,10,False,False,False,False,False,False,False,False,True,False,False,89,1,5,False,HIGH,3
CVE-2022-10945,1.0,False,False,False,True,False,True,True,False,False,False,True,False,False,True,False,False,True,False,False,False,True,True,562,1,2025,False,False,0.0,0.0,False,76,11,False,False,False,True,False,False,False,False,False,False,True,200,1,5,False,MEDIUM,2
CVE-2025-10946,1.0,False,True,False,False,True,False,False,True,False,True,False,True,False,False,True,False,False,True,False,True,False,True,1334,1,2023,False,False,0.0,0.0,False,83,11,False,False,False,False,True,False,False,True,False,False,False,787,1,4,False,HIGH,3
CVE-2023-10947,1.0,False,True,False,False,False,True,True,False,False,False,True,True,True,False,False,True,False,False,False,True,False,True,566,1,2025,False,False,0.0,0.0,False,92,10,False,False,False,False,False,False,False,False,True,False,False,79,1,1,False,MEDIUM,2
CVE-2026-10948,1.0,True,False,False,False,False,True,False,True,False,True,False,False,False,False,True,False,True,False,False,False,True,True,1711,1,2022,False,False,0.0,0.0,False,79,9,False,False,False,False,False,False,False,False,False,False,False,269,1,5,False,HIGH,3
CVE-2023-10949,1.0,False,True,False,False,False,True,False,True,False,False,True,True,False,True,False,False,False,True,False,True,False,True,808,3,2024,False,False,0.0,0.0,False,92,10,False,False,False,False,False,False,False,False,False,False,True,200,1,5,False,MEDIUM,2
CVE-2026-10950,1.0,True,False,False,False,True,False,True,False,False,True,False,True,True,False,False,False,True,False,False,False,True,True,745,3,2024,False,False,0.0,0.0,False,86,10,False,False,False,False,False,False,False,True,False,False,False,416,1,3,False,CRITICAL,4
CVE-2025-10951,1.0,False,False,False,True,True,False,True,False,False,True,False,False,True,False,False,True,False,False,False,False,True,True,857,2,2024,False,False,0.0,0.0,False,79,11,False,False,False,False,False,False,False,False,True,False,False,89,1,2,False,MEDIUM,2
CVE-2024-10952,1.0,False,False,True,False,True,False,True,False,False,True,False,True,False,True,False,False,False,True,False,True,False,True,304,4,2025,False,False,0.0,0.0,False,75,10,False,False,False,False,False,False,False,False,False,False,False,269,1,3,False,HIGH,3
CVE-2021-10953,1.0,False,False,False,True,False,True,False,True,False,False,True,True,False,True,False,False,False,True,False,True,False,True,1602,2,2022,False,False,0.0,0.0,False,86,10,False,False,False,False,False,False,False,False,True,False,False,79,1,5,False,MEDIUM,2
CVE-2022-10954,1.0,False,True,False,False,False,True,False,False,True,False,True,True,False,False,True,False,True,False,False,False,True,True,798,3,2024,False,False,0.0,0.0,False,92,10,False,False,False,False,False,False,False,False,True,False,False,79,1,5,False,HIGH,3
CVE-2026-10955,1.0,True,False,False,False,False,True,False,True,False,False,True,True,True,False,False,False,False,True,False,False,True,True,1382,4,2022,False,False,0.0,0.0,False,95,11,False,False,False,False,False,False,False,True,False,False,False,119,1,4,False,HIGH,3
CVE-2022-10956,1.0,False,True,False,False,False,True,False,True,False,True,False,False,False,False,True,False,True,False,False,True,False,True,564,1,2025,False,False,0.0,0.0,False,83,11,False,False,False,False,True,False,False,False,True,False,False,79,1,3,False,MEDIUM,2
CVE-2025-10957,1.0,False,False,True,False,True,False,False,False,True,False,True,True,False,True,False,True,False,False,False,False,True,True,2069,1,2021,False,False,0.0,0.0,False,79,9,False,False,False,False,False,False,False,False,False,False,True,200,1,3,False,MEDIUM,2
CVE-2025-10958,1.0,False,False,False,True,False,True,False,True,False,True,False,True,False,False,True,False,False,True,False,False,True,True,409,3,2025,False,False,0.0,0.0,False,69,10,False,False,False,True,False,False,False,False,True,False,False,79,1,1,False,MEDIUM,2
CVE-2021-10959,1.0,False,True,False,False,True,False,True,False,False,False,True,False,True,False,False,False,True,False,False,False,True,True,840,2,2024,False,False,0.0,0.0,False,83,11,False,False,False,False,True,False,False,False,False,False,False,20,1,3,False,HIGH,3
CVE-2025-10960,1.0,True,False,False,False,False,True,False,False,True,False,True,False,False,False,True,False,False,True,False,True,False,True,1527,3,2022,False,False,0.0,0.0,False,76,11,False,False,False,False,False,False,True,False,False,False,False,20,1,4,False,HIGH,3
CVE-2026-10961,1.0,True,False,False,False,True,False,False,False,True,True,False,True,True,False,False,True,False,False,False,True,False,True,724,4,2024,False,False,0.0,0.0,False,95,11,False,False,False,False,False,False,False,False,False,False,False,20,1,3,False,HIGH,3
CVE-2022-10962,1.0,False,False,False,True,True,False,False,False,True,True,False,True,False,True,False,False,False,True,False,True,False,True,685,4,2024,False,False,0.0,0.0,False,79,11,False,False,False,False,False,False,False,False,True,False,False,79,1,3,False,MEDIUM,2
CVE-2025-10963,1.0,True,False,False,False,False,True,True,False,False,True,False,False,True,False,False,False,False,True,True,False,False,True,383,3,2025,False,False,0.0,0.0,False,76,11,False,False,False,True,False,False,False,False,False,False,False,20,1,2,False,HIGH,3
CVE-2022-10964,1.0,False,False,False,True,True,False,False,False,True,True,False,True,False,False,True,False,False,True,True,False,False,True,789,3,2024,False,False,0.0,0.0,False,69,10,False,False,False,True,False,False,False,False,True,False,False,89,1,3,False,HIGH,3
CVE-2024-10965,1.0,False,True,False,False,False,True,True,False,False,False,True,True,True,False,False,True,False,False,False,True,False,True,650,4,2024,False,False,0.0,0.0,False,69,10,False,False,False,True,False,False,False,True,False,False,False,119,1,2,False,MEDIUM,2
CVE-2023-10966,1.0,False,False,True,False,True,False,False,True,False,False,True,True,False,True,False,False,False,True,False,False,True,True,667,4,2024,False,False,0.0,0.0,False,79,9,False,False,False,False,False,False,False,True,False,False,False,787,1,2,False,HIGH,3
CVE-2025-10967,1.0,False,True,False,False,False,True,False,True,False,False,True,False,False,True,False,False,False,True,False,False,True,True,1306,1,2023,False,False,0.0,0.0,False,69,10,False,False,False,True,False,False,False,False,False,False,True,200,1,1,False,MEDIUM,2
CVE-2022-10968,1.0,False,False,False,True,False,True,True,False,False,True,False,False,False,True,False,True,False,False,False,True,False,True,1567,2,2022,False,False,0.0,0.0,False,86,10,False,False,False,False,False,False,False,False,False,False,False,269,1,3,False,MEDIUM,2
CVE-2024-10969,1.0,True,False,False,False,False,True,False,False,True,True,False,True,True,False,False,True,False,False,False,True,False,True,747,3,2024,False,False,0.0,0.0,False,79,11,False,False,False,False,False,False,False,True,False,False,False,787,1,3,False,HIGH,3
CVE-2026-10970,1.0,False,False,True,False,False,True,True,False,False,False,True,False,True,False,False,False,True,False,False,False,True,True,1890,3,2021,False,False,0.0,0.0,False,83,11,False,False,False,False,True,False,False,True,False,False,False,787,1,5,False,MEDIUM,2
CVE-2026-10971,1.0,False,False,False,True,True,False,False,True,False,False,True,True,False,True,False,False,False,True,False,True,False,True,1205,2,2023,False,False,0.0,0.0,False,79,11,False,False,False,False,False,False,False,False,False,False,True,200,1,1,False,MEDIUM,2
CVE-2025-10972,1.0,False,False,False,True,False,True,False,False,True,False,True,False,True,False,False,False,False,True,True,False,False,True,1875,3,2021,False,False,0.0,0.0,False,92,10,False,False,False,False,False,False,False,False,False,False,True,200,1,5,False,LOW,1
CVE-2022-10973,1.0,False,True,False,False,False,True,True,False,False,True,False,True,True,False,False,False,True,False,False,True,False,True,932,1,2024,False,False,0.0,0.0,False,86,10,False,False,False,False,False,False,False,True,False,False,False,416,1,2,False,HIGH,3
CVE-2021-10974,1.0,False,True,False,False,True,False,False,True,False,False,True,False,True,False,False,True,False,False,True,False,False,True,747,3,2024,False,False,0.0,0.0,False,76,11,False,False,False,True,False,False,False,True,False,False,False,416,1,1,False,MEDIUM,2
CVE-2022-10975,1.0,False,False,True,False,True,False,False,True,False,True,False,True,True,False,False,False,True,False,False,False,True,True,693,4,2024,False,False,0.0,0.0,False,92,10,False,False,False,False,False,False,False,True,False,False,False,416,1,2,False,HIGH,3
CVE-2026-10976,1.0,False,True,False,False,True,False,False,True,False,True,False,True,True,False,False,False,True,False,False,True,False,True,1325,1,2023,False,False,0.0,0.0,False,76,11,False,False,False,True,False,False,False,False,False,False,True,200,1,4,False,MEDIUM,2
CVE-2024-10977,1.0,False,False,True,False,False,True,False,False,True,True,False,False,False,False,True,True,False,False,True,False,False,True,1002,4,2023,False,False,0.0,0.0,False,79,11,False,False,False,False,False,False,False,False,False,False,False,269,1,3,False,MEDIUM,2
CVE-2025-10978,1.0,False,False,False,True,True,False,False,False,True,True,False,False,False,True,False,True,False,False,True,False,False,True,410,3,2025,False,False,0.0,0.0,False,83,11,False,False,False,False,True,False,False,True,False,False,False,119,1,3,False,MEDIUM,2
CVE-2021-10979,1.0,False,True,False,False,False,True,True,False,False,False,True,True,False,True,False,False,False,True,False,True,False,True,1400,4,2022,False,False,0.0,0.0,False,95,11,False,False,False,False,False,False,False,False,False,False,False,20,1,3,False,HIGH,3
CVE-2022-10980,1.0,True,False,False,False,False,True,True,False,False,False,True,False,False,False,True,False,True,False,True,False,False,True,1761,4,2021,False,False,0.0,0.0,False,95,11,False,False,False,False,False,False,False,False,True,False,False,89,1,3,False,HIGH,3
CVE-2025-10981,1.0,False,False,False,True,True,False,False,True,False,False,True,True,True,False,False,False,True,False,False,True,False,True,1057,4,2023,False,False,0.0,0.0,False,75,10,False,False,False,False,False,False,False,False,False,False,True,200,1,1,False,MEDIUM,2
CVE-2024-10982,1.0,False,False,False,True,False,True,False,False,True,False,True,False,True,False,False,False,True,False,False,False,True,True,1067,4,2023,False,False,0.0,0.0,False,79,11,False,False,False,False,False,False,False,True,False,False,False,416,1,1,False,LOW,1
CVE-2021-10983,1.0,False,False,True,False,True,False,False,False,True,False,True,True,True,False,False,False,True,False,False,True,False,True,1405,4,2022,False,False,0.0,0.0,False,75,10,False,False,False,False,False,False,False,False,False,False,False,20,1,1,False,MEDIUM,2
CVE-2024-10984,1.0,False,False,True,False,False,True,False,True,False,False,True,True,True,False,False,False,False,True,False,True,False,True,1344,1,2023,False,False,0.0,0.0,False,76,11,False,False,False,True,False,False,False,False,True,False,False,89,1,3,False,MEDIUM,2
CVE-2024-10985,1.0,False,False,True,False,False,True,False,False,True,True,False,False,False,True,False,False,False,True,True,False,False,True,2060,1,2021,False,False,0.0,0.0,False,83,11,False,False,False,False,True,False,False,True,False,False,False,416,1,2,False,MEDIUM,2
CVE-2021-10986,1.0,False,True,False,False,True,False,False,False,True,False,True,True,False,True,False,False,True,False,False,True,False,True,1000,1,2024,False,False,0.0,0.0,False,75,10,False,False,False,False,False,False,False,True,False,False,False,119,1,5,False,MEDIUM,2
CVE-2024-10987,1.0,False,False,True,False,False,True,True,False,False,True,False,False,False,True,False,False,False,True,False,False,True,True,2012,1,2021,False,False,0.0,0.0,False,79,11,False,False,False,False,False,False,False,False,True,False,False,79,1,3,False,HIGH,3
CVE-2024-10988,1.0,False,True,False,False,False,True,False,False,True,True,False,True,True,False,False,True,False,False,False,False,True,True,1275,2,2023,False,False,0.0,0.0,False,79,9,False,False,False,False,False,False,False,False,False,False,True,200,1,3,False,HIGH,3
CVE-2025-10989,1.0,True,False,False,False,False,True,False,False,True,False,True,False,False,True,False,False,True,False,False,False,True,True,991,1,2024,False,False,0.0,0.0,False,79,11,False,False,False,False,False,False,False,False,True,False,False,89,1,3,False,MEDIUM,2
CVE-2026-10990,1.0,False,False,False,True,True,False,False,False,True,False,True,True,True,False,False,False,True,False,True,False,False,True,2002,2,2021,False,False,0.0,0.0,False,86,10,False,False,False,False,False,False,False,False,False,False,False,20,1,4,False,MEDIUM,2
CVE-2023-10991,1.0,False,False,True,False,True,False,True,False,False,True,False,False,False,False,True,False,True,False,True,False,False,True,1549,3,2022,False,False,0.0,0.0,False,75,10,False,False,False,False,False,False,False,False,True,False,False,79,1,5,False,HIGH,3
CVE-2026-10992,1.0,False,False,False,True,False,True,False,False,True,False,True,True,False,True,False,False,False,True,True,False,False,True,637,4,2024,False,False,0.0,0.0,False,79,9,False,False,False,False,False,False,False,False,False,False,False,269,1,3,False,MEDIUM,2
CVE-2023-10993,1.0,False,True,False,False,False,True,False,False,True,False,True,False,False,False,True,False,False,True,True,False,False,True,411,3,2025,False,False,0.0,0.0,False,83,11,False,False,False,False,True,False,False,True,False,False,False,416,1,3,False,MEDIUM,2
CVE-2021-10994,1.0,True,False,False,False,False,True,False,False,True,False,True,False,True,False,False,False,False,True,False,False,True,True,742,3,2024,False,False,0.0,0.0,False,95,11,False,False,False,False,False,False,False,False,False,False,False,269,1,3,False,HIGH,3
CVE-2023-10995,1.0,False,False,False,True,True,False,True,False,False,True,False,True,False,False,True,False,True,False,False,True,False,True,1171,3,2023,False,False,0.0,0.0,False,79,9,False,False,False,False,False,False,False,False,False,False,False,20,1,3,False,HIGH,3
CVE-2026-10996,1.0,False,False,False,True,True,False,False,True,False,True,False,False,False,True,False,True,False,False,True,False,False,True,1090,4,2023,False,False,0.0,0.0,False,86,10,False,False,False,False,False,False,False,False,True,False,False,79,1,5,False,MEDIUM,2
CVE-2022-10997,1.0,False,False,False,True,False,True,False,True,False,True,False,True,False,False,True,False,True,False,False,True,False,True,324,4,2025,False,False,0.0,0.0,False,79,9,False,False,False,False,False,False,False,False,False,False,False,269,1,1,False,MEDIUM,2
CVE-2025-10998,1.0,False,False,False,True,True,False,False,True,False,False,True,True,False,True,False,False,True,False,True,False,False,True,999,1,2024,False,False,0.0,0.0,False,83,11,False,False,False,False,True,False,False,False,True,False,False,89,1,4,False,MEDIUM,2
CVE-2021-10999,1.0,False,False,False,True,True,False,False,False,True,True,False,True,False,False,True,False,False,True,False,True,False,True,1005,4,2023,False,False,0.0,0.0,False,79,9,False,False,False,False,False,False,False,True,False,False,False,416,1,4,False,MEDIUM,2
CVE-2026-11000,1.0,False,True,False,False,True,False,False,False,True,True,False,True,True,False,False,False,True,False,False,False,True,True,2036,1,2021,False,False,0.0,0.0,False,92,10,False,False,False,False,False,False,False,True,False,False,False,119,1,2,False,HIGH,3
CVE-2026-11001,1.0,True,False,False,False,False,True,True,False,False,False,True,False,True,False,False,False,True,False,False,True,False,True,1129,3,2023,False,False,0.0,0.0,False,79,11,False,False,False,False,False,False,False,True,False,False,False,119,1,2,False,MEDIUM,2
CVE-2026-11002,1.0,False,True,False,False,False,True,True,False,False,True,False,False,False,False,True,False,True,False,False,True,False,True,1686,1,2022,False,False,0.0,0.0,False,76,11,False,False,False,True,False,False,False,True,False,False,False,119,1,5,False,HIGH,3
CVE-2022-11003,1.0,False,False,False,True,True,False,False,False,True,False,True,False,True,False,False,False,True,False,False,False,True,True,464,2,2025,False,False,0.0,0.0,False,76,11,False,False,False,True,False,False,False,False,True,False,False,79,1,1,False,MEDIUM,2
CVE-2026-11004,1.0,False,False,False,True,False,True,True,False,False,False,True,True,False,False,True,False,False,True,True,False,False,True,709,4,2024,False,False,0.0,0.0,False,69,10,False,False,False,True,False,False,False,False,False,False,False,20,1,4,False,MEDIUM,2
CVE-2026-11005,1.0,False,False,False,True,True,False,False,True,False,False,True,True,False,True,False,True,False,False,True,False,False,True,1973,2,2021,False,False,0.0,0.0,False,76,11,False,False,False,True,False,False,False,False,True,False,False,89,1,3,False,MEDIUM,2
CVE-2021-11006,1.0,False,False,True,False,False,True,False,False,True,False,True,False,True,False,False,False,True,False,True,False,False,True,617,1,2025,False,False,0.0,0.0,False,79,11,False,False,False,False,False,False,False,False,False,False,True,200,1,1,False,LOW,1
CVE-2026-11007,1.0,False,False,False,True,False,True,True,False,False,False,True,True,False,True,False,False,False,True,False,True,False,True,675,4,2024,False,False,0.0,0.0,False,83,11,False,False,False,False,True,False,False,False,False,False,False,269,1,4,False,MEDIUM,2
CVE-2025-11008,1.0,True,False,False,False,True,False,True,False,False,False,True,False,True,False,False,False,True,False,False,False,True,True,1532,3,2022,False,False,0.0,0.0,False,79,9,False,False,False,False,False,False,False,False,False,False,True,200,1,3,False,HIGH,3
CVE-2025-11009,1.0,False,False,False,True,False,True,False,False,True,False,True,False,False,False,True,False,False,True,True,False,False,True,797,3,2024,False,False,0.0,0.0,False,75,10,False,False,False,False,False,False,False,False,True,False,False,89,1,5,False,MEDIUM,2
CVE-2024-11010,1.0,False,True,False,False,True,False,True,False,False,False,True,False,False,False,True,True,False,False,False,True,False,True,1569,2,2022,False,False,0.0,0.0,False,79,9,False,False,False,False,False,False,False,False,False,False,False,269,1,5,False,HIGH,3
CVE-2024-11011,1.0,False,True,False,False,False,True,False,False,True,True,False,True,False,False,True,False,True,False,False,True,False,True,1119,3,2023,False,False,0.0,0.0,False,86,10,False,False,False,False,False,False,False,True,False,False,False,787,1,2,False,HIGH,3
CVE-2024-11012,1.0,False,False,False,True,True,False,False,False,True,True,False,True,True,False,False,False,True,False,True,False,False,True,1736,4,2021,False,False,0.0,0.0,False,86,10,False,False,False,False,False,False,False,True,False,False,False,119,1,2,False,MEDIUM,2
CVE-2025-11013,1.0,False,True,False,False,False,True,False,True,False,False,True,False,False,False,True,False,False,True,True,False,False,True,502,2,2025,False,False,0.0,0.0,False,79,9,False,False,False,False,False,False,False,True,False,False,False,119,1,3,False,MEDIUM,2
CVE-2024-11014,1.0,False,False,True,False,True,False,False,True,False,True,False,False,False,True,False,False,False,True,False,False,True,True,813,3,2024,False,False,0.0,0.0,False,69,10,False,False,False,True,False,False,False,True,False,False,False,119,1,2,False,HIGH,3
CVE-2026-11015,1.0,False,True,False,False,True,False,False,False,True,False,True,False,True,False,False,False,False,True,False,True,False,True,1721,1,2022,False,False,0.0,0.0,False,79,9,False,False,False,False,False,False,False,False,False,False,True,200,1,1,False,MEDIUM,2
CVE-2026-11016,1.0,False,True,False,False,False,True,True,False,False,True,False,False,True,False,False,False,False,True,False,False,True,True,394,3,2025,False,False,0.0,0.0,False,92,10,False,False,False,False,False,False,False,True,False,False,False,787,1,4,False,HIGH,3
CVE-2025-11017,1.0,False,False,True,False,True,False,True,False,False,False,True,False,False,True,False,True,False,False,False,True,False,True,495,2,2025,False,False,0.0,0.0,False,76,11,False,False,False,False,False,False,True,True,False,False,False,119,1,1,False,MEDIUM,2
CVE-2025-11018,1.0,False,False,False,True,False,True,False,False,True,True,False,True,True,False,False,False,False,True,False,True,False,True,1655,1,2022,False,False,0.0,0.0,False,86,10,False,False,False,False,False,False,False,True,False,False,False,119,1,5,False,MEDIUM,2
CVE-2024-11019,1.0,False,False,False,True,False,True,False,True,False,True,False,True,False,False,True,False,True,False,False,False,True,True,2094,1,2021,False,False,0.0,0.0,False,79,11,False,False,False,False,False,False,False,False,False,False,True,200,1,3,False,MEDIUM,2
CVE-2025-11020,1.0,False,False,True,False,False,True,False,False,True,False,True,False,True,False,False,False,True,False,True,False,False,True,1586,2,2022,False,False,0.0,0.0,False,79,9,False,False,False,False,False,False,False,False,False,False,False,269,1,5,False,MEDIUM,2
CVE-2024-11021,1.0,True,False,False,False,False,True,False,False,True,False,True,False,False,True,False,False,True,False,False,False,True,True,1761,4,2021,False,False,0.0,0.0,False,76,11,False,False,False,True,False,False,False,False,True,False,False,89,1,2,False,MEDIUM,2
CVE-2022-11022,1.0,False,False,True,False,False,True,False,False,True,False,True,False,False,False,True,False,True,False,False,False,True,True,1659,1,2022,False,False,0.0,0.0,False,76,11,False,False,False,False,False,False,True,True,False,False,False,119,1,5,False,MEDIUM,2
CVE-2023-11023,1.0,False,False,False,True,True,False,True,False,False,True,False,True,False,False,True,False,True,False,False,False,True,True,1775,4,2021,False,False,0.0,0.0,False,75,10,False,False,False,False,False,False,False,True,False,False,False,416,1,3,False,CRITICAL,4
CVE-2023-11024,1.0,False,False,True,False,True,False,False,True,False,False,True,True,False,False,True,False,True,False,False,True,False,True,1129,3,2023,False,False,0.0,0.0,False,92,10,False,False,False,False,False,False,False,False,False,False,True,200,1,4,False,MEDIUM,2
CVE-2024-11025,1.0,True,False,False,False,False,True,True,False,False,False,True,True,False,False,True,True,False,False,False,True,False,True,534,2,2025,False,False,0.0,0.0,False,79,11,False,False,False,False,False,False,False,False,False,False,True,200,1,1,False,HIGH,3
CVE-2022-11026,1.0,False,False,True,False,False,True,True,False,False,False,True,True,False,True,False,False,True,False,False,False,True,True,740,3,2024,False,False,0.0,0.0,False,92,10,False,False,False,False,False,False,False,True,False,False,False,119,1,2,False,MEDIUM,2
CVE-2025-11027,1.0,True,False,False,False,True,False,True,False,False,True,False,True,False,False,True,False,True,False,False,False,True,True,1194,2,2023,False,False,0.0,0.0,False,79,11,False,False,False,False,False,False,False,False,False,False,False,20,1,4,False,CRITICAL,4
CVE-2022-11028,1.0,False,False,False,True,True,False,True,False,False,True,False,True,False,True,False,False,False,True,False,True,False,True,1522,3,2022,False,False,0.0,0.0,False,76,11,False,False,False,True,False,False,False,True,False,False,False,787,1,3,False,HIGH,3
CVE-2024-11029,1.0,False,False,True,False,False,True,True,False,False,True,False,True,False,False,True,True,False,False,False,False,True,True,1820,4,2021,False,False,0.0,0.0,False,76,11,False,False,False,False,False,False,True,False,True,False,False,79,1,4,False,HIGH,3
CVE-2023-11030,1.0,False,False,True,False,False,True,False,False,True,True,False,False,True,False,False,False,False,True,False,False,True,True,923,1,2024,False,False,0.0,0.0,False,92,10,False,False,False,False,False,False,False,False,False,False,False,269,1,3,False,MEDIUM,2
CVE-2026-11031,1.0,False,False,True,False,False,True,True,False,False,False,True,True,False,True,False,True,False,False,False,False,True,True,1656,1,2022,False,False,0.0,0.0,False,76,11,False,False,False,True,False,False,False,False,False,False,True,200,1,3,False,MEDIUM,2
CVE-2026-11032,1.0,True,False,False,False,False,True,False,True,False,False,True,True,True,False,False,False,False,True,True,False,False,True,2048,1,2021,False,False,0.0,0.0,False,79,11,False,False,False,False,False,False,False,False,False,False,False,269,1,1,False,MEDIUM,2
CVE-2024-11033,1.0,False,False,True,False,False,True,False,True,False,False,True,False,False,False,True,True,False,False,False,False,True,True,2030,1,2021,False,False,0.0,0.0,False,79,11,False,False,False,False,False,False,False,False,True,False,False,79,1,5,False,MEDIUM,2
CVE-2025-11034,1.0,True,False,False,False,False,True,False,False,True,True,False,False,False,False,True,False,True,False,False,True,False,True,1771,4,2021,False,False,0.0,0.0,False,76,11,False,False,False,False,False,False,True,True,False,False,False,787,1,4,False,HIGH,3
CVE-2026-11035,1.0,False,True,False,False,False,True,False,True,False,False,True,False,False,True,False,False,False,True,False,True,False,True,1419,4,2022,False,False,0.0,0.0,False,75,10,False,False,False,False,False,False,False,False,False,False,False,20,1,5,False,MEDIUM,2
CVE-2021-11036,1.0,False,False,True,False,False,True,True,False,False,False,True,False,False,False,True,False,False,True,False,True,False,True,2078,1,2021,False,False,0.0,0.0,False,95,11,False,False,False,False,False,False,False,True,False,False,False,787,1,2,False,MEDIUM,2
CVE-2023-11037,1.0,False,True,False,False,True,False,True,False,False,True,False,True,True,False,False,True,False,False,True,False,False,True,631,1,2025,False,False,0.0,0.0,False,79,11,False,False,False,False,False,False,False,False,False,False,False,20,1,2,False,HIGH,3
CVE-2023-11038,1.0,False,False,True,False,True,False,False,False,True,True,False,False,False,True,False,True,False,False,False,True,False,True,1954,2,2021,False,False,0.0,0.0,False,86,10,False,False,False,False,False,False,False,False,False,False,True,200,1,2,False,MEDIUM,2
CVE-2023-11039,1.0,False,False,False,True,True,False,False,True,False,True,False,True,False,False,True,False,False,True,True,False,False,True,2040,1,2021,False,False,0.0,0.0,False,92,10,False,False,False,False,False,False,False,True,False,False,False,416,1,1,False,HIGH,3
CVE-2024-11040,1.0,False,True,False,False,False,True,False,False,True,True,False,False,True,False,False,False,False,True,False,False,True,True,1278,1,2023,False,False,0.0,0.0,False,76,11,False,False,False,True,False,False,False,False,True,False,False,79,1,2,False,HIGH,3
CVE-2021-11041,1.0,False,False,True,False,False,True,False,True,False,True,False,False,True,False,False,False,False,True,False,True,False,True,1094,3,2023,False,False,0.0,0.0,False,92,10,False,False,False,False,False,False,False,True,False,False,False,787,1,3,False,MEDIUM,2
CVE-2021-11042,1.0,True,False,False,False,False,True,False,True,False,False,True,False,False,True,False,False,True,False,False,True,False,True,1160,3,2023,False,False,0.0,0.0,False,86,10,False,False,False,False,False,False,False,False,True,False,False,79,1,4,False,MEDIUM,2
CVE-2022-11043,1.0,False,False,False,True,False,True,True,False,False,False,True,True,True,False,False,True,False,False,True,False,False,True,659,4,2024,False,False,0.0,0.0,False,79,9,False,False,False,False,False,False,False,False,True,False,False,89,1,5,False,MEDIUM,2
CVE-2022-11044,1.0,False,True,False,False,False,True,True,False,False,True,False,False,False,False,True,False,False,True,False,True,False,True,1033,4,2023,False,False,0.0,0.0,False,69,10,False,False,False,True,False,False,False,False,False,False,False,269,1,5,False,HIGH,3
CVE-2022-11045,1.0,False,True,False,False,True,False,False,False,True,True,False,True,True,False,False,True,False,False,True,False,False,True,1237,2,2023,False,False,0.0,0.0,False,95,11,False,False,False,False,False,False,False,True,False,False,False,787,1,2,False,MEDIUM,2
CVE-2024-11046,1.0,False,False,True,False,False,True,True,False,False,True,False,True,True,False,False,False,True,False,True,False,False,True,815,3,2024,False,False,0.0,0.0,False,79,9,False,False,False,False,False,False,False,False,True,False,False,89,1,4,False,MEDIUM,2
CVE-2025-11047,1.0,False,True,False,False,True,False,True,False,False,True,False,True,True,False,False,True,False,False,False,True,False,True,1323,1,2023,False,False,0.0,0.0,False,69,10,False,False,False,True,False,False,False,False,True,False,False,79,1,1,False,HIGH,3
CVE-2024-11048,1.0,False,False,False,True,True,False,False,False,True,True,False,True,False,True,False,False,True,False,False,True,False,True,1245,2,2023,False,False,0.0,0.0,False,76,11,False,False,False,True,False,False,False,False,True,False,False,89,1,3,False,MEDIUM,2
CVE-2023-11049,1.0,True,False,False,False,False,True,False,True,False,True,False,False,True,False,False,False,False,True,True,False,False,True,839,2,2024,False,False,0.0,0.0,False,86,10,False,False,False,False,False,False,False,False,True,False,False,89,1,2,False,HIGH,3
CVE-2026-11050,1.0,False,False,True,False,True,False,True,False,False,True,False,True,True,False,False,False,False,True,False,False,True,True,1901,3,2021,False,False,0.0,0.0,False,76,11,False,False,False,False,False,False,True,False,False,False,True,200,1,3,False,HIGH,3
CVE-2026-11051,1.0,False,False,True,False,True,False,False,True,False,False,True,True,False,False,True,True,False,False,False,False,True,True,886,2,2024,False,False,0.0,0.0,False,76,11,False,False,False,True,False,False,False,False,False,False,False,20,1,4,False,HIGH,3
CVE-2022-11052,1.0,False,True,False,False,True,False,True,False,False,True,False,True,False,True,False,True,False,False,False,False,True,True,1722,1,2022,False,False,0.0,0.0,False,69,10,False,False,False,True,False,False,False,True,False,False,False,787,1,4,False,CRITICAL,4
CVE-2022-11053,1.0,False,False,False,True,False,True,True,False,False,False,True,True,False,False,True,False,True,False,True,False,False,True,808,3,2024,False,False,0.0,0.0,False,83,11,False,False,False,False,True,False,False,False,False,False,True,200,1,5,False,MEDIUM,2
CVE-2023-11054,1.0,False,False,True,False,False,True,False,False,True,False,True,False,False,False,True,False,True,False,False,False,True,True,1714,1,2022,False,False,0.0,0.0,False,83,11,False,False,False,False,True,False,False,False,False,False,True,200,1,1,False,MEDIUM,2
CVE-2024-11055,1.0,False,True,False,False,True,False,True,False,False,False,True,False,True,False,False,False,False,True,False,False,True,True,780,3,2024,False,False,0.0,0.0,False,83,11,False,False,False,False,True,False,False,False,False,False,True,200,1,2,False,HIGH,3
CVE-2023-11056,1.0,True,False,False,False,True,False,False,True,False,True,False,False,False,False,True,True,False,False,True,False,False,True,1169,3,2023,False,False,0.0,0.0,False,83,11,False,False,False,False,True,False,False,True,False,False,False,119,1,3,False,HIGH,3
CVE-2025-11057,1.0,True,False,False,False,False,True,False,False,True,True,False,False,False,True,False,True,False,False,True,False,False,True,498,2,2025,False,False,0.0,0.0,False,86,10,False,False,False,False,False,False,False,False,True,False,False,89,1,5,False,MEDIUM,2
CVE-2026-11058,1.0,False,False,False,True,True,False,False,True,False,True,False,True,False,True,False,False,True,False,False,False,True,True,1784,4,2021,False,False,0.0,0.0,False,92,10,False,False,False,False,False,False,False,True,False,False,False,416,1,4,False,MEDIUM,2
CVE-2023-11059,1.0,True,False,False,False,True,False,False,True,False,False,True,False,False,False,True,False,False,True,False,False,True,True,1817,4,2021,False,False,0.0,0.0,False,76,11,False,False,False,True,False,False,False,False,False,False,False,20,1,4,False,CRITICAL,4
CVE-2022-11060,1.0,False,True,False,False,False,True,True,False,False,False,True,True,False,False,True,True,False,False,True,False,False,True,1111,3,2023,False,False,0.0,0.0,False,75,10,False,False,False,False,False,False,False,False,False,False,False,269,1,1,False,HIGH,3
CVE-2023-11061,1.0,True,False,False,False,True,False,True,False,False,False,True,False,False,False,True,False,True,False,False,True,False,True,1808,4,2021,False,False,0.0,0.0,False,92,10,False,False,False,False,False,False,False,False,True,False,False,79,1,5,False,HIGH,3
CVE-2025-11062,1.0,False,False,False,True,True,False,False,False,True,False,True,True,True,False,False,False,False,True,False,False,True,True,1885,3,2021,False,False,0.0,0.0,False,79,9,False,False,False,False,False,False,False,True,False,False,False,787,1,2,False,MEDIUM,2
CVE-2026-11063,1.0,True,False,False,False,False,True,False,True,False,True,False,True,False,True,False,False,False,True,True,False,False,True,1396,4,2022,False,False,0.0,0.0,False,76,11,False,False,False,False,False,False,True,True,False,False,False,787,1,3,False,HIGH,3
CVE-2025-11064,1.0,False,False,True,False,True,False,False,False,True,False,True,True,False,True,False,True,False,False,False,False,True,True,1884,3,2021,False,False,0.0,0.0,False,92,10,False,False,False,False,False,False,False,False,True,False,False,79,1,3,False,MEDIUM,2
CVE-2023-11065,1.0,False,False,True,False,False,True,False,False,True,False,True,True,True,False,False,True,False,False,True,False,False,True,784,3,2024,False,False,0.0,0.0,False,79,9,False,False,False,False,False,False,False,True,False,False,False,787,1,2,False,MEDIUM,2
CVE-2024-11066,1.0,False,False,False,True,False,True,True,False,False,False,True,True,False,False,True,False,False,True,False,False,True,True,1642,1,2022,False,False,0.0,0.0,False,79,11,False,False,False,False,False,False,False,True,False,False,False,416,1,1,False,HIGH,3
CVE-2021-11067,1.0,True,False,False,False,True,False,True,False,False,True,False,True,False,False,True,False,False,True,False,False,True,True,886,2,2024,False,False,0.0,0.0,False,79,11,False,False,False,False,False,False,False,True,False,False,False,416,1,4,False,CRITICAL,4
CVE-2023-11068,1.0,False,False,False,True,True,False,False,True,False,False,True,False,True,False,False,False,False,True,True,False,False,True,770,3,2024,False,False,0.0,0.0,False,69,10,False,False,False,True,False,False,False,False,False,False,False,20,1,3,False,MEDIUM,2
CVE-2023-11069,1.0,False,False,False,True,False,True,False,True,False,False,True,True,True,False,False,False,True,False,False,True,False,True,1251,2,2023,False,False,0.0,0.0,False,76,11,False,False,False,False,False,False,True,False,False,False,False,20,1,3,False,LOW,1
CVE-2026-11070,1.0,False,True,False,False,True,False,False,False,True,False,True,True,False,True,False,True,False,False,False,True,False,True,795,3,2024,False,False,0.0,0.0,False,76,11,False,False,False,True,False,False,False,False,True,False,False,79,1,3,False,MEDIUM,2
CVE-2025-11071,1.0,False,False,True,False,False,True,True,False,False,True,False,True,False,True,False,False,False,True,False,True,False,True,993,1,2024,False,False,0.0,0.0,False,83,11,False,False,False,False,True,False,False,False,True,False,False,89,1,4,False,HIGH,3
CVE-2023-11072,1.0,False,False,True,False,False,True,False,True,False,False,True,False,True,False,False,False,True,False,True,False,False,True,342,4,2025,False,False,0.0,0.0,False,92,10,False,False,False,False,False,False,False,False,True,False,False,79,1,2,False,MEDIUM,2
CVE-2023-11073,1.0,False,False,True,False,True,False,False,True,False,True,False,False,True,False,False,True,False,False,False,False,True,True,1059,4,2023,False,False,0.0,0.0,False,79,11,False,False,False,False,False,False,False,True,False,False,False,416,1,3,False,HIGH,3
CVE-2026-11074,1.0,False,False,True,False,False,True,True,False,False,False,True,False,False,False,True,False,True,False,False,False,True,True,1399,4,2022,False,False,0.0,0.0,False,75,10,False,False,False,False,False,False,False,False,True,False,False,79,1,3,False,MEDIUM,2
CVE-2024-11075,1.0,False,True,False,False,True,False,False,False,True,False,True,False,False,True,False,True,False,False,False,False,True,True,404,3,2025,False,False,0.0,0.0,False,92,10,False,False,False,False,False,False,False,True,False,False,False,119,1,2,False,MEDIUM,2
CVE-2024-11076,1.0,False,True,False,False,True,False,False,True,False,True,False,False,False,False,True,False,True,False,False,True,False,True,769,3,2024,False,False,0.0,0.0,False,92,10,False,False,False,False,False,False,False,True,False,False,False,416,1,5,False,HIGH,3
CVE-2025-11077,1.0,False,True,False,False,False,True,False,False,True,False,True,True,False,False,True,False,True,False,False,True,False,True,1702,1,2022,False,False,0.0,0.0,False,86,10,False,False,False,False,False,False,False,True,False,False,False,416,1,3,False,MEDIUM,2
CVE-2022-11078,1.0,False,False,True,False,True,False,False,False,True,True,False,True,False,False,True,True,False,False,False,False,True,True,1440,4,2022,False,False,0.0,0.0,False,83,11,False,False,False,False,True,False,False,False,True,False,False,89,1,1,False,HIGH,3
CVE-2026-11079,1.0,False,False,True,False,True,False,False,False,True,True,False,True,False,False,True,False,False,True,False,False,True,True,1121,3,2023,False,False,0.0,0.0,False,86,10,False,False,False,False,False,False,False,True,False,False,False,119,1,4,False,HIGH,3
CVE-2025-11080,1.0,False,False,False,True,False,True,False,True,False,False,True,False,True,False,False,True,False,False,False,False,True,True,382,3,2025,False,False,0.0,0.0,False,79,9,False,False,False,False,False,False,False,True,False,False,False,787,1,5,False,MEDIUM,2
CVE-2023-11081,1.0,True,False,False,False,False,True,True,False,False,False,True,True,False,False,True,True,False,False,False,False,True,True,1119,3,2023,False,False,0.0,0.0,False,69,10,False,False,False,True,False,False,False,True,False,False,False,416,1,2,False,HIGH,3
CVE-2022-11082,1.0,False,False,True,False,False,True,False,True,False,True,False,True,True,False,False,False,False,True,False,False,True,True,740,3,2024,False,False,0.0,0.0,False,95,11,False,False,False,False,False,False,False,False,False,False,False,269,1,1,False,HIGH,3
CVE-2021-11083,1.0,True,False,False,False,True,False,False,False,True,True,False,True,False,False,True,True,False,False,False,False,True,True,637,4,2024,False,False,0.0,0.0,False,79,11,False,False,False,False,False,False,False,False,True,False,False,89,1,2,False,CRITICAL,4
CVE-2026-11084,1.0,False,False,True,False,True,False,True,False,False,False,True,True,False,True,False,False,True,False,False,False,True,True,1082,4,2023,False,False,0.0,0.0,False,69,10,False,False,False,True,False,False,False,True,False,False,False,787,1,2,False,HIGH,3
CVE-2022-11085,1.0,False,False,True,False,True,False,False,False,True,False,True,True,False,True,False,True,False,False,True,False,False,True,1899,3,2021,False,False,0.0,0.0,False,83,11,False,False,False,False,True,False,False,False,False,False,True,200,1,4,False,MEDIUM,2
CVE-2022-11086,1.0,True,False,False,False,False,True,False,True,False,True,False,True,True,False,False,False,False,True,True,False,False,True,1376,4,2022,False,False,0.0,0.0,False,92,10,False,False,False,False,False,False,False,False,False,False,False,20,1,3,False,HIGH,3
CVE-2022-11087,1.0,True,False,False,False,True,False,False,True,False,False,True,True,True,False,False,False,False,True,False,False,True,True,2092,1,2021,False,False,0.0,0.0,False,76,11,False,False,False,False,False,False,True,False,True,False,False,79,1,2,False,HIGH,3
CVE-2026-11088,1.0,False,True,False,False,True,False,False,True,False,True,False,False,False,False,True,False,True,False,False,False,True,True,824,2,2024,False,False,0.0,0.0,False,92,10,False,False,False,False,False,False,False,False,True,False,False,89,1,4,False,HIGH,3
CVE-2025-11089,1.0,True,False,False,False,True,False,False,False,True,True,False,True,False,True,False,True,False,False,False,True,False,True,1791,4,2021,False,False,0.0,0.0,False,75,10,False,False,False,False,False,False,False,False,True,False,False,89,1,1,False,HIGH,3
CVE-2022-11090,1.0,False,False,True,False,False,True,False,False,True,False,True,True,True,False,False,False,False,True,False,False,True,True,860,2,2024,False,False,0.0,0.0,False,76,11,False,False,False,True,False,False,False,False,True,False,False,79,1,3,False,MEDIUM,2
CVE-2023-11091,1.0,False,False,False,True,True,False,False,True,False,True,False,True,True,False,False,False,True,False,False,False,True,True,1806,4,2021,False,False,0.0,0.0,False,92,10,False,False,False,False,False,False,False,False,True,False,False,79,1,5,False,MEDIUM,2
CVE-2026-11092,1.0,False,False,False,True,True,False,False,True,False,False,True,False,False,True,False,True,False,False,False,True,False,True,754,3,2024,False,False,0.0,0.0,False,76,11,False,False,False,False,False,False,True,True,False,False,False,416,1,4,False,MEDIUM,2
CVE-2024-11093,1.0,True,False,False,False,False,True,True,False,False,False,True,True,False,False,True,False,True,False,False,True,False,True,1927,2,2021,False,False,0.0,0.0,False,95,11,False,False,False,False,False,False,False,False,False,False,True,200,1,1,False,HIGH,3
CVE-2021-11094,1.0,False,False,True,False,True,False,False,False,True,False,True,False,False,False,True,True,False,False,True,False,False,True,1710,1,2022,False,False,0.0,0.0,False,86,10,False,False,False,False,False,False,False,False,False,False,True,200,1,4,False,MEDIUM,2
CVE-2023-11095,1.0,False,False,False,True,True,False,False,False,True,False,True,False,True,False,False,True,False,False,False,True,False,True,994,1,2024,False,False,0.0,0.0,False,92,10,False,False,False,False,False,False,False,False,True,False,False,89,1,2,False,MEDIUM,2
CVE-2021-11096,1.0,False,False,False,True,True,False,False,False,True,True,False,False,False,True,False,True,False,False,False,False,True,True,633,1,2025,False,False,0.0,0.0,False,83,11,False,False,False,False,True,False,False,False,True,False,False,79,1,3,False,MEDIUM,2
CVE-2022-11097,1.0,False,True,False,False,False,True,True,False,False,False,True,True,True,False,False,True,False,False,True,False,False,True,745,3,2024,False,False,0.0,0.0,False,69,10,False,False,False,True,False,False,False,True,False,False,False,119,1,5,False,MEDIUM,2
CVE-2024-11098,1.0,False,False,True,False,True,False,False,False,True,False,True,True,False,False,True,True,False,False,False,True,False,True,702,4,2024,False,False,0.0,0.0,False,79,9,False,False,False,False,False,False,False,True,False,False,False,416,1,4,False,MEDIUM,2
CVE-2022-11099,1.0,False,False,True,False,True,False,False,False,True,False,True,False,False,False,True,False,True,False,True,False,False,True,423,3,2025,False,False,0.0,0.0,False,79,9,False,False,False,False,False,False,False,True,False,False,False,119,1,1,False,MEDIUM,2
CVE-2021-11100,1.0,True,False,False,False,True,False,False,False,True,False,True,False,False,False,True,False,True,False,False,False,True,True,1770,4,2021,False,False,0.0,0.0,False,76,11,False,False,False,False,False,False,True,True,False,False,False,416,1,3,False,HIGH,3
CVE-2023-11101,1.0,False,False,True,False,True,False,True,False,False,False,True,False,True,False,False,False,False,True,False,True,False,True,1512,3,2022,False,False,0.0,0.0,False,86,10,False,False,False,False,False,False,False,True,False,False,False,119,1,2,False,MEDIUM,2
CVE-2021-11102,1.0,True,False,False,False,True,False,True,False,False,True,False,True,True,False,False,True,False,False,False,False,True,True,1135,3,2023,False,False,0.0,0.0,False,86,10,False,False,False,False,False,False,False,True,False,False,False,119,1,4,False,CRITICAL,4
CVE-2023-11103,1.0,False,False,False,True,True,False,False,False,True,True,False,False,False,False,True,False,True,False,True,False,False,True,1198,2,2023,False,False,0.0,0.0,False,79,11,False,False,False,False,False,False,False,False,False,False,False,20,1,2,False,MEDIUM,2
CVE-2023-11104,1.0,False,False,False,True,True,False,False,False,True,True,False,True,False,True,False,True,False,False,False,True,False,True,1736,4,2021,False,False,0.0,0.0,False,83,11,False,False,False,False,True,False,False,False,True,False,False,79,1,2,False,MEDIUM,2
CVE-2026-11105,1.0,False,False,False,True,True,False,False,True,False,True,False,False,False,False,True,False,False,True,False,True,False,True,1697,1,2022,False,False,0.0,0.0,False,75,10,False,False,False,False,False,False,False,False,True,False,False,89,1,2,False,MEDIUM,2
CVE-2023-11106,1.0,True,False,False,False,False,True,False,False,True,True,False,False,False,False,True,False,True,False,False,True,False,True,1979,2,2021,False,False,0.0,0.0,False,86,10,False,False,False,False,False,False,False,False,False,False,False,20,1,2,False,MEDIUM,2
CVE-2026-11107,1.0,False,False,False,True,True,False,False,False,True,True,False,True,False,False,True,True,False,False,True,False,False,True,1617,2,2022,False,False,0.0,0.0,False,76,11,False,False,False,False,False,False,True,False,False,False,False,20,1,5,False,MEDIUM,2
CVE-2021-11108,1.0,False,False,False,True,False,True,False,True,False,False,True,True,False,False,True,True,False,False,False,False,True,True,2055,1,2021,False,False,0.0,0.0,False,86,10,False,False,False,False,False,False,False,True,False,False,False,787,1,5,False,MEDIUM,2
CVE-2023-11109,1.0,False,False,False,True,True,False,False,True,False,False,True,False,True,False,False,False,True,False,False,False,True,True,792,3,2024,False,False,0.0,0.0,False,79,9,False,False,False,False,False,False,False,False,True,False,False,89,1,4,False,MEDIUM,2
CVE-2022-11110,1.0,False,False,False,True,False,True,True,False,False,True,False,True,False,True,False,False,False,True,False,False,True,True,1342,1,2023,False,False,0.0,0.0,False,79,9,False,False,False,False,False,False,False,True,False,False,False,119,1,4,False,HIGH,3
CVE-2026-11111,1.0,False,False,False,True,False,True,False,True,False,False,True,True,False,True,False,False,True,False,False,True,False,True,1373,4,2022,False,False,0.0,0.0,False,75,10,False,False,False,False,False,False,False,False,False,False,False,269,1,3,False,LOW,1
CVE-2026-11112,1.0,False,True,False,False,True,False,True,False,False,True,False,False,False,False,True,False,False,True,False,False,True,True,1279,1,2023,False,False,0.0,0.0,False,83,11,False,False,False,False,True,False,False,False,False,False,False,269,1,4,False,CRITICAL,4
CVE-2024-11113,1.0,False,False,True,False,True,False,False,True,False,True,False,True,True,False,False,False,False,True,False,False,True,True,1328,1,2023,False,False,0.0,0.0,False,86,10,False,False,False,False,False,False,False,True,False,False,False,787,1,3,False,HIGH,3
CVE-2024-11114,1.0,False,True,False,False,False,True,False,False,True,True,False,True,False,False,True,False,True,False,True,False,False,True,1991,2,2021,False,False,0.0,0.0,False,79,11,False,False,False,False,False,False,False,True,False,False,False,787,1,1,False,MEDIUM,2
CVE-2024-11115,1.0,False,True,False,False,False,True,False,False,True,True,False,True,False,False,True,True,False,False,True,False,False,True,933,1,2024,False,False,0.0,0.0,False,92,10,False,False,False,False,False,False,False,True,False,False,False,416,1,3,False,MEDIUM,2
CVE-2022-11116,1.0,False,False,False,True,False,True,False,False,True,True,False,False,True,False,False,True,False,False,True,False,False,True,318,4,2025,False,False,0.0,0.0,False,76,11,False,False,False,True,False,False,False,False,False,False,False,20,1,1,False,LOW,1
CVE-2021-11117,1.0,False,True,False,False,True,False,True,False,False,False,True,False,False,True,False,False,False,True,False,True,False,True,1454,4,2022,False,False,0.0,0.0,False,83,11,False,False,False,False,True,False,False,True,False,False,False,787,1,4,False,HIGH,3
CVE-2026-11118,1.0,False,False,True,False,True,False,False,False,True,True,False,False,True,False,False,False,True,False,True,False,False,True,1737,4,2021,False,False,0.0,0.0,False,83,11,False,False,False,False,True,False,False,True,False,False,False,416,1,2,False,MEDIUM,2
CVE-2025-11119,1.0,False,False,True,False,True,False,True,False,False,True,False,True,True,False,False,True,False,False,True,False,False,True,808,3,2024,False,False,0.0,0.0,False,86,10,False,False,False,False,False,False,False,True,False,False,False,416,1,4,False,HIGH,3
CVE-2024-11120,1.0,False,False,True,False,False,True,False,False,True,True,False,True,True,False,False,False,True,False,False,False,True,True,1746,4,2021,False,False,0.0,0.0,False,95,11,False,False,False,False,False,False,False,False,False,False,False,269,1,3,False,MEDIUM,2
CVE-2023-11121,1.0,False,True,False,False,False,True,False,False,True,False,True,False,True,False,False,False,False,True,True,False,False,True,1954,2,2021,False,False,0.0,0.0,False,76,11,False,False,False,False,False,False,True,False,False,False,False,269,1,3,False,MEDIUM,2
CVE-2023-11122,1.0,True,False,False,False,False,True,True,False,False,False,True,True,True,False,False,False,False,True,False,True,False,True,861,2,2024,False,False,0.0,0.0,False,76,11,False,False,False,False,False,False,True,False,False,False,False,20,1,4,False,HIGH,3
CVE-2022-11123,1.0,False,True,False,False,False,True,False,True,False,False,True,True,False,True,False,True,False,False,False,True,False,True,1989,2,2021,False,False,0.0,0.0,False,83,11,False,False,False,False,True,False,False,True,False,False,False,787,1,1,False,MEDIUM,2
CVE-2025-11124,1.0,True,False,False,False,True,False,False,True,False,False,True,False,False,True,False,False,True,False,False,True,False,True,2031,1,2021,False,False,0.0,0.0,False,83,11,False,False,False,False,True,False,False,False,False,False,False,20,1,3,False,MEDIUM,2
CVE-2023-11125,1.0,False,False,False,True,False,True,False,False,True,False,True,False,False,True,False,False,False,True,False,True,False,True,1344,1,2023,False,False,0.0,0.0,False,95,11,False,False,False,False,False,False,False,True,False,False,False,119,1,4,False,MEDIUM,2
CVE-2023-11126,1.0,True,False,False,False,False,True,False,False,True,True,False,False,True,False,False,True,False,False,True,False,False,True,1925,2,2021,False,False,0.0,0.0,False,79,9,False,False,False,False,False,False,False,False,True,False,False,79,1,2,False,MEDIUM,2
CVE-2021-11127,1.0,False,True,False,False,True,False,True,False,False,True,False,False,False,False,True,False,True,False,False,False,True,True,1780,4,2021,False,False,0.0,0.0,False,83,11,False,False,False,False,True,False,False,False,True,False,False,79,1,2,False,CRITICAL,4
CVE-2026-11128,1.0,False,False,True,False,True,False,False,False,True,True,False,False,False,False,True,True,False,False,True,False,False,True,311,4,2025,False,False,0.0,0.0,False,79,11,False,False,False,False,False,False,False,False,True,False,False,79,1,2,False,MEDIUM,2
CVE-2026-11129,1.0,False,False,False,True,True,False,True,False,False,True,False,False,False,True,False,False,True,False,False,False,True,True,1908,3,2021,False,False,0.0,0.0,False,76,11,False,False,False,False,False,False,True,True,False,False,False,119,1,4,False,HIGH,3
CVE-2026-11130,1.0,False,True,False,False,False,True,False,True,False,True,False,True,True,False,False,False,False,True,True,False,False,True,1081,4,2023,False,False,0.0,0.0,False,92,10,False,False,False,False,False,False,False,False,True,False,False,79,1,2,False,MEDIUM,2
CVE-2023-11131,1.0,False,True,False,False,True,False,False,False,True,True,False,False,True,False,False,False,True,False,True,False,False,True,1801,4,2021,False,False,0.0,0.0,False,92,10,False,False,False,False,False,False,False,False,True,False,False,89,1,4,False,MEDIUM,2
CVE-2023-11132,1.0,False,False,True,False,True,False,False,True,False,False,True,True,False,False,True,True,False,False,False,False,True,True,864,2,2024,False,False,0.0,0.0,False,79,11,False,False,False,False,False,False,False,False,False,False,False,20,1,3,False,HIGH,3
CVE-2022-11133,1.0,True,False,False,False,False,True,False,True,False,True,False,True,True,False,False,False,False,True,False,False,True,True,1963,2,2021,False,False,0.0,0.0,False,79,9,False,False,False,False,False,False,False,False,True,False,False,79,1,3,False,HIGH,3
CVE-2023-11134,1.0,True,False,False,False,False,True,False,False,True,False,True,True,False,True,False,False,False,True,False,True,False,True,666,4,2024,False,False,0.0,0.0,False,79,11,False,False,False,False,False,False,False,False,False,False,False,269,1,4,False,MEDIUM,2
CVE-2024-11135,1.0,False,True,False,False,True,False,False,False,True,True,False,False,False,False,True,False,True,False,False,True,False,True,1454,4,2022,False,False,0.0,0.0,False,79,9,False,False,False,False,False,False,False,True,False,False,False,787,1,4,False,HIGH,3
CVE-2024-11136,1.0,False,False,False,True,True,False,True,False,False,False,True,True,True,False,False,True,False,False,False,True,False,True,1146,3,2023,False,False,0.0,0.0,False,83,11,False,False,False,False,True,False,False,True,False,False,False,416,1,2,False,MEDIUM,2
CVE-2023-11137,1.0,False,True,False,False,True,False,False,False,True,True,False,False,True,False,False,True,False,False,False,True,False,True,2067,1,2021,False,False,0.0,0.0,False,95,11,False,False,False,False,False,False,False,True,False,False,False,787,1,2,False,MEDIUM,2
CVE-2023-11138,1.0,False,False,False,True,False,True,True,False,False,False,True,True,True,False,False,True,False,False,False,True,False,True,1690,1,2022,False,False,0.0,0.0,False,79,9,False,False,False,False,False,False,False,True,False,False,False,787,1,4,False,MEDIUM,2
CVE-2022-11139,1.0,True,False,False,False,False,True,True,False,False,True,False,True,False,False,True,False,True,False,False,False,True,True,1097,3,2023,False,False,0.0,0.0,False,95,11,False,False,False,False,False,False,False,True,False,False,False,119,1,5,False,CRITICAL,4
CVE-2022-11140,1.0,True,False,False,False,False,True,False,False,True,True,False,True,False,False,True,False,True,False,False,False,True,True,1243,2,2023,False,False,0.0,0.0,False,76,11,False,False,False,True,False,False,False,False,True,False,False,79,1,5,False,HIGH,3
CVE-2025-11141,1.0,False,False,True,False,True,False,False,True,False,False,True,False,True,False,False,False,True,False,False,True,False,True,1518,3,2022,False,False,0.0,0.0,False,75,10,False,False,False,False,False,False,False,True,False,False,False,416,1,2,False,MEDIUM,2
CVE-2023-11142,1.0,False,False,True,False,False,True,False,True,False,False,True,True,False,False,True,True,False,False,True,False,False,True,686,4,2024,False,False,0.0,0.0,False,92,10,False,False,False,False,False,False,False,False,False,False,False,269,1,5,False,MEDIUM,2
CVE-2026-11143,1.0,False,True,False,False,True,False,False,True,False,False,True,False,False,True,False,False,False,True,True,False,False,True,881,2,2024,False,False,0.0,0.0,False,92,10,False,False,False,False,False,False,False,True,False,False,False,416,1,2,False,MEDIUM,2
CVE-2023-11144,1.0,False,False,False,True,False,True,False,False,True,False,True,False,False,True,False,False,True,False,True,False,False,True,1929,2,2021,False,False,0.0,0.0,False,79,11,False,False,False,False,False,False,False,False,False,False,True,200,1,2,False,LOW,1
CVE-2021-11145,1.0,False,True,False,False,True,False,False,True,False,False,True,True,False,False,True,True,False,False,False,True,False,True,1125,3,2023,False,False,0.0,0.0,False,83,11,False,False,False,False,True,False,False,False,False,False,False,269,1,4,False,HIGH,3
CVE-2025-11146,1.0,False,True,False,False,True,False,False,True,False,True,False,False,False,False,True,False,False,True,False,True,False,True,997,1,2024,False,False,0.0,0.0,False,83,11,False,False,False,False,True,False,False,True,False,False,False,119,1,4,False,HIGH,3
CVE-2026-11147,1.0,False,False,True,False,False,True,True,False,False,True,False,True,True,False,False,True,False,False,False,False,True,True,419,3,2025,False,False,0.0,0.0,False,95,11,False,False,False,False,False,False,False,True,False,False,False,416,1,1,False,HIGH,3
CVE-2024-11148,1.0,False,False,False,True,False,True,False,False,True,True,False,True,False,True,False,True,False,False,False,True,False,True,507,2,2025,False,False,0.0,0.0,False,83,11,False,False,False,False,True,False,False,True,False,False,False,787,1,3,False,MEDIUM,2
CVE-2026-11149,1.0,False,False,True,False,True,False,False,False,True,True,False,True,True,False,False,True,False,False,True,False,False,True,853,2,2024,False,False,0.0,0.0,False,92,10,False,False,False,False,False,False,False,False,False,False,False,269,1,5,False,MEDIUM,2
CVE-2023-11150,1.0,False,False,False,True,True,False,False,False,True,False,True,True,False,True,False,True,False,False,False,True,False,True,1805,4,2021,False,False,0.0,0.0,False,76,11,False,False,False,True,False,False,False,False,False,False,False,20,1,3,False,MEDIUM,2
CVE-2025-11151,1.0,True,False,False,False,True,False,False,False,True,True,False,True,True,False,False,True,False,False,True,False,False,True,546,1,2025,False,False,0.0,0.0,False,83,11,False,False,False,False,True,False,False,False,True,False,False,89,1,1,False,HIGH,3
CVE-2022-11152,1.0,True,False,False,False,False,True,False,True,False,False,True,False,False,True,False,False,True,False,True,False,False,True,634,1,2025,False,False,0.0,0.0,False,86,10,False,False,False,False,False,False,False,True,False,False,False,787,1,4,False,MEDIUM,2
CVE-2021-11153,1.0,False,False,False,True,True,False,False,False,True,True,False,False,False,True,False,True,False,False,True,False,False,True,1021,4,2023,False,False,0.0,0.0,False,86,10,False,False,False,False,False,False,False,False,False,False,True,200,1,2,False,MEDIUM,2
CVE-2021-11154,1.0,True,False,False,False,True,False,False,False,True,True,False,True,True,False,False,True,False,False,True,False,False,True,775,3,2024,False,False,0.0,0.0,False,92,10,False,False,False,False,False,False,False,False,True,False,False,89,1,2,False,HIGH,3
CVE-2023-11155,1.0,False,False,False,True,True,False,False,False,True,False,True,True,True,False,False,False,False,True,False,False,True,True,1434,4,2022,False,False,0.0,0.0,False,86,10,False,False,False,False,False,False,False,True,False,False,False,416,1,5,False,MEDIUM,2
CVE-2021-11156,1.0,True,False,False,False,True,False,True,False,False,False,True,False,False,True,False,False,False,True,True,False,False,True,1686,1,2022,False,False,0.0,0.0,False,76,11,False,False,False,False,False,False,True,False,False,False,False,269,1,5,False,HIGH,3
CVE-2024-11157,1.0,True,False,False,False,False,True,False,True,False,False,True,True,True,False,False,True,False,False,False,False,True,True,1660,1,2022,False,False,0.0,0.0,False,75,10,False,False,False,False,False,False,False,False,False,False,True,200,1,3,False,HIGH,3
CVE-2023-11158,1.0,True,False,False,False,False,True,False,True,False,True,False,True,False,False,True,False,False,True,False,False,True,True,1562,2,2022,False,False,0.0,0.0,False,92,10,False,False,False,False,False,False,False,True,False,False,False,416,1,2,False,CRITICAL,4
CVE-2021-11159,1.0,True,False,False,False,True,False,True,False,False,False,True,False,False,False,True,False,True,False,False,True,False,True,2010,1,2021,False,False,0.0,0.0,False,75,10,False,False,False,False,False,False,False,True,False,False,False,119,1,5,False,HIGH,3
CVE-2022-11160,1.0,False,False,True,False,True,False,True,False,False,True,False,True,True,False,False,False,True,False,False,False,True,True,1049,4,2023,False,False,0.0,0.0,False,79,9,False,False,False,False,False,False,False,True,False,False,False,416,1,3,False,HIGH,3
CVE-2024-11161,1.0,False,False,False,True,False,True,False,False,True,False,True,False,True,False,False,False,False,True,True,False,False,True,863,2,2024,False,False,0.0,0.0,False,76,11,False,False,False,True,False,False,False,False,False,False,False,20,1,1,False,MEDIUM,2
CVE-2021-11162,1.0,False,False,True,False,True,False,False,True,False,False,True,True,False,False,True,False,False,True,True,False,False,True,340,4,2025,False,False,0.0,0.0,False,79,11,False,False,False,False,False,False,False,False,True,False,False,79,1,1,False,MEDIUM,2
CVE-2022-11163,1.0,False,False,False,True,False,True,True,False,False,False,True,True,False,False,True,True,False,False,False,True,False,True,773,3,2024,False,False,0.0,0.0,False,83,11,False,False,False,False,True,False,False,False,False,False,False,20,1,1,False,MEDIUM,2
CVE-2022-11164,1.0,False,True,False,False,True,False,False,False,True,True,False,True,True,False,False,True,False,False,True,False,False,True,1557,2,2022,False,False,0.0,0.0,False,79,9,False,False,False,False,False,False,False,False,True,False,False,79,1,2,False,HIGH,3
CVE-2025-11165,1.0,False,False,True,False,False,True,True,False,False,False,True,False,False,False,True,False,False,True,True,False,False,True,672,4,2024,False,False,0.0,0.0,False,76,11,False,False,False,True,False,False,False,True,False,False,False,119,1,1,False,HIGH,3
CVE-2026-11166,1.0,True,False,False,False,False,True,False,True,False,False,True,True,True,False,False,True,False,False,False,False,True,True,1323,1,2023,False,False,0.0,0.0,False,95,11,False,False,False,False,False,False,False,False,False,False,False,20,1,1,False,MEDIUM,2
CVE-2026-11167,1.0,False,True,False,False,False,True,True,False,False,False,True,False,True,False,False,False,False,True,False,True,False,True,1519,3,2022,False,False,0.0,0.0,False,79,9,False,False,False,False,False,False,False,False,False,False,False,20,1,1,False,MEDIUM,2
CVE-2024-11168,1.0,False,False,False,True,True,False,False,False,True,True,False,True,False,True,False,True,False,False,False,False,True,True,951,1,2024,False,False,0.0,0.0,False,79,11,False,False,False,False,False,False,False,False,False,False,False,269,1,4,False,MEDIUM,2
CVE-2025-11169,1.0,False,False,True,False,True,False,False,True,False,False,True,True,True,False,False,False,False,True,False,True,False,True,1760,4,2021,False,False,0.0,0.0,False,76,11,False,False,False,True,False,False,False,False,False,False,False,269,1,4,False,MEDIUM,2
CVE-2023-11170,1.0,False,False,False,True,False,True,False,True,False,False,True,False,False,False,True,False,True,False,True,False,False,True,1793,4,2021,False,False,0.0,0.0,False,83,11,False,False,False,False,True,False,False,False,False,False,False,269,1,3,False,MEDIUM,2
CVE-2024-11171,1.0,False,True,False,False,True,False,False,True,False,True,False,True,False,False,True,False,False,True,False,False,True,True,552,1,2025,False,False,0.0,0.0,False,76,11,False,False,False,True,False,False,False,False,True,False,False,89,1,5,False,CRITICAL,4
CVE-2022-11172,1.0,False,False,False,True,True,False,False,True,False,True,False,False,False,False,True,True,False,False,False,False,True,True,407,3,2025,False,False,0.0,0.0,False,75,10,False,False,False,False,False,False,False,False,False,False,False,20,1,3,False,MEDIUM,2
CVE-2026-11173,1.0,False,False,True,False,False,True,True,False,False,False,True,True,False,False,True,False,True,False,False,False,True,True,1758,4,2021,False,False,0.0,0.0,False,86,10,False,False,False,False,False,False,False,True,False,False,False,416,1,2,False,HIGH,3
CVE-2023-11174,1.0,True,False,False,False,True,False,False,False,True,False,True,False,False,False,True,True,False,False,False,False,True,True,560,1,2025,False,False,0.0,0.0,False,79,11,False,False,False,False,False,False,False,False,False,False,False,20,1,5,False,HIGH,3
CVE-2024-11175,1.0,False,False,True,False,True,False,False,True,False,False,True,False,False,False,True,False,False,True,True,False,False,True,1800,4,2021,False,False,0.0,0.0,False,76,11,False,False,False,False,False,False,True,True,False,False,False,119,1,1,False,MEDIUM,2
CVE-2021-11176,1.0,False,True,False,False,True,False,False,False,True,True,False,False,False,True,False,False,True,False,True,False,False,True,1490,3,2022,False,False,0.0,0.0,False,69,10,False,False,False,True,False,False,False,True,False,False,False,416,1,3,False,MEDIUM,2
CVE-2021-11177,1.0,False,False,True,False,False,True,False,True,False,False,True,False,False,True,False,False,True,False,False,False,True,True,666,4,2024,False,False,0.0,0.0,False,95,11,False,False,False,False,False,False,False,True,False,False,False,787,1,5,False,MEDIUM,2
CVE-2021-11178,1.0,True,False,False,False,False,True,False,True,False,False,True,False,False,True,False,False,False,True,False,True,False,True,705,4,2024,False,False,0.0,0.0,False,79,11,False,False,False,False,False,False,False,True,False,False,False,416,1,5,False,MEDIUM,2
CVE-2024-11179,1.0,False,False,True,False,False,True,True,False,False,False,True,False,False,True,False,True,False,False,False,True,False,True,685,4,2024,False,False,0.0,0.0,False,76,11,False,False,False,False,False,False,True,False,False,False,True,200,1,5,False,MEDIUM,2
CVE-2021-11180,1.0,True,False,False,False,False,True,False,True,False,False,True,False,False,False,True,False,True,False,True,False,False,True,1593,2,2022,False,False,0.0,0.0,False,76,11,False,False,False,False,False,False,True,False,False,False,False,269,1,3,False,MEDIUM,2
CVE-2026-11181,1.0,False,True,False,False,False,True,True,False,False,True,False,False,False,False,True,False,False,True,True,False,False,True,345,4,2025,False,False,0.0,0.0,False,86,10,False,False,False,False,False,False,False,True,False,False,False,787,1,1,False,HIGH,3
CVE-2022-11182,1.0,False,False,False,True,True,False,False,True,False,True,False,True,True,False,False,False,True,False,False,True,False,True,1147,3,2023,False,False,0.0,0.0,False,86,10,False,False,False,False,False,False,False,False,True,False,False,89,1,1,False,MEDIUM,2
CVE-2025-11183,1.0,True,False,False,False,True,False,True,False,False,True,False,True,False,True,False,True,False,False,True,False,False,True,1417,4,2022,False,False,0.0,0.0,False,79,9,False,False,False,False,False,False,False,False,True,False,False,89,1,4,False,HIGH,3
CVE-2023-11184,1.0,False,False,True,False,False,True,True,False,False,False,True,False,True,False,False,True,False,False,True,False,False,True,1721,1,2022,False,False,0.0,0.0,False,69,10,False,False,False,True,False,False,False,False,True,False,False,89,1,5,False,MEDIUM,2
CVE-2021-11185,1.0,False,False,True,False,False,True,True,False,False,False,True,False,False,True,False,False,True,False,True,False,False,True,1198,2,2023,False,False,0.0,0.0,False,79,11,False,False,False,False,False,False,False,False,False,False,True,200,1,4,False,MEDIUM,2
CVE-2026-11186,1.0,True,False,False,False,True,False,False,True,False,False,True,True,False,True,False,False,False,True,True,False,False,True,1231,2,2023,False,False,0.0,0.0,False,86,10,False,False,False,False,False,False,False,False,True,False,False,89,1,1,False,HIGH,3
CVE-2022-11187,1.0,False,True,False,False,True,False,False,True,False,False,True,True,False,True,False,True,False,False,False,False,True,True,1919,2,2021,False,False,0.0,0.0,False,69,10,False,False,False,True,False,False,False,False,True,False,False,89,1,5,False,HIGH,3
CVE-2021-11188,1.0,False,True,False,False,True,False,True,False,False,False,True,False,False,False,True,False,False,True,False,True,False,True,949,1,2024,False,False,0.0,0.0,False,95,11,False,False,False,False,False,False,False,False,False,False,False,20,1,3,False,HIGH,3
CVE-2025-11189,1.0,True,False,False,False,False,True,False,False,True,True,False,True,True,False,False,False,True,False,True,False,False,True,481,2,2025,False,False,0.0,0.0,False,69,10,False,False,False,True,False,False,False,True,False,False,False,787,1,2,False,MEDIUM,2
CVE-2026-11190,1.0,False,False,False,True,True,False,True,False,False,True,False,True,False,False,True,False,False,True,False,False,True,True,1123,3,2023,False,False,0.0,0.0,False,92,10,False,False,False,False,False,False,False,False,True,False,False,79,1,2,False,CRITICAL,4
CVE-2025-11191,1.0,False,False,False,True,True,False,False,False,True,True,False,False,False,False,True,False,True,False,False,False,True,True,1798,4,2021,False,False,0.0,0.0,False,75,10,False,False,False,False,False,False,False,False,False,False,False,269,1,2,False,HIGH,3
CVE-2024-11192,1.0,True,False,False,False,False,True,False,True,False,True,False,False,False,False,True,False,False,True,False,True,False,True,1973,2,2021,False,False,0.0,0.0,False,79,9,False,False,False,False,False,False,False,True,False,False,False,119,1,2,False,HIGH,3
CVE-2025-11193,1.0,False,False,False,True,True,False,True,False,False,False,True,True,True,False,False,False,True,False,False,False,True,True,477,2,2025,False,False,0.0,0.0,False,76,11,False,False,False,True,False,False,False,False,False,False,False,20,1,4,False,HIGH,3
CVE-2025-11194,1.0,True,False,False,False,False,True,False,True,False,False,True,True,False,True,False,False,False,True,False,True,False,True,1922,2,2021,False,False,0.0,0.0,False,76,11,False,False,False,False,False,False,True,False,False,False,True,200,1,5,False,HIGH,3
CVE-2023-11195,1.0,False,False,False,True,False,True,False,False,True,True,False,True,False,True,False,True,False,False,False,False,True,True,1464,3,2022,False,False,0.0,0.0,False,79,11,False,False,False,False,False,False,False,True,False,False,False,787,1,3,False,MEDIUM,2
CVE-2025-11196,1.0,True,False,False,False,False,True,False,False,True,False,True,True,False,True,False,False,False,True,False,False,True,True,833,2,2024,False,False,0.0,0.0,False,86,10,False,False,False,False,False,False,False,True,False,False,False,119,1,3,False,HIGH,3
CVE-2022-11197,1.0,False,False,True,False,False,True,True,False,False,False,True,True,False,True,False,False,True,False,False,False,True,True,936,1,2024,False,False,0.0,0.0,False,83,11,False,False,False,False,True,False,False,True,False,False,False,416,1,2,False,MEDIUM,2
CVE-2022-11198,1.0,False,False,True,False,True,False,False,False,True,False,True,True,True,False,False,False,True,False,False,False,True,True,453,3,2025,False,False,0.0,0.0,False,79,11,False,False,False,False,False,False,False,False,True,False,False,89,1,1,False,MEDIUM,2
CVE-2026-11199,1.0,False,False,True,False,True,False,False,False,True,False,True,True,True,False,False,False,True,False,False,True,False,True,1590,2,2022,False,False,0.0,0.0,False,79,9,False,False,False,False,False,False,False,False,False,False,True,200,1,5,False,MEDIUM,2
CVE-2025-11200,1.0,False,False,True,False,True,False,False,True,False,True,False,True,False,False,True,False,True,False,True,False,False,True,1396,4,2022,False,False,0.0,0.0,False,76,11,False,False,False,True,False,False,False,False,True,False,False,79,1,2,False,MEDIUM,2
CVE-2024-11201,1.0,False,False,True,False,False,True,True,False,False,False,True,False,False,True,False,False,False,True,False,True,False,True,1164,3,2023,False,False,0.0,0.0,False,79,9,False,False,False,False,False,False,False,False,True,False,False,79,1,4,False,MEDIUM,2
CVE-2024-11202,1.0,False,True,False,False,True,False,True,False,False,False,True,False,True,False,False,True,False,False,False,True,False,True,1454,4,2022,False,False,0.0,0.0,False,95,11,False,False,False,False,False,False,False,False,True,False,False,79,1,5,False,HIGH,3
CVE-2023-11203,1.0,False,False,False,True,True,False,True,False,False,True,False,False,True,False,False,False,True,False,False,False,True,True,1835,3,2021,False,False,0.0,0.0,False,86,10,False,False,False,False,False,False,False,False,False,False,True,200,1,3,False,HIGH,3
CVE-2022-11204,1.0,False,False,True,False,False,True,True,False,False,True,False,False,False,False,True,False,False,True,False,True,False,True,1623,2,2022,False,False,0.0,0.0,False,95,11,False,False,False,False,False,False,False,True,False,False,False,119,1,2,False,HIGH,3
CVE-2022-11205,1.0,True,False,False,False,True,False,True,False,False,False,True,True,True,False,False,True,False,False,True,False,False,True,986,1,2024,False,False,0.0,0.0,False,95,11,False,False,False,False,False,False,False,True,False,False,False,119,1,2,False,HIGH,3
CVE-2025-11206,1.0,False,True,False,False,False,True,True,False,False,True,False,False,False,False,True,False,True,False,False,True,False,True,1756,4,2021,False,False,0.0,0.0,False,76,11,False,False,False,True,False,False,False,True,False,False,False,416,1,4,False,HIGH,3
CVE-2022-11207,1.0,False,False,False,True,False,True,False,True,False,True,False,True,False,False,True,False,True,False,True,False,False,True,1890,3,2021,False,False,0.0,0.0,False,92,10,False,False,False,False,False,False,False,False,False,False,True,200,1,2,False,MEDIUM,2
CVE-2024-11208,1.0,False,False,True,False,False,True,True,False,False,False,True,True,False,True,False,False,False,True,True,False,False,True,478,2,2025,False,False,0.0,0.0,False,76,11,False,False,False,True,False,False,False,False,False,False,False,269,1,2,False,MEDIUM,2
CVE-2025-11209,1.0,False,False,False,True,True,False,False,True,False,True,False,False,False,True,False,False,True,False,False,True,False,True,381,3,2025,False,False,0.0,0.0,False,76,11,False,False,False,False,False,False,True,False,False,False,True,200,1,2,False,MEDIUM,2
CVE-2022-11210,1.0,False,False,False,True,True,False,False,False,True,True,False,False,False,True,False,False,False,True,True,False,False,True,1318,1,2023,False,False,0.0,0.0,False,79,9,False,False,False,False,False,False,False,True,False,False,False,416,1,5,False,MEDIUM,2
CVE-2023-11211,1.0,False,False,False,True,False,True,False,False,True,False,True,True,True,False,False,False,True,False,False,True,False,True,1315,1,2023,False,False,0.0,0.0,False,83,11,False,False,False,False,True,False,False,False,False,False,False,269,1,2,False,MEDIUM,2
CVE-2023-11212,1.0,False,True,False,False,True,False,True,False,False,True,False,False,False,True,False,False,True,False,True,False,False,True,1563,2,2022,False,False,0.0,0.0,False,79,9,False,False,False,False,False,False,False,True,False,False,False,119,1,1,False,HIGH,3
CVE-2021-11213,1.0,True,False,False,False,False,True,True,False,False,False,True,True,True,False,False,False,True,False,True,False,False,True,835,2,2024,False,False,0.0,0.0,False,75,10,False,False,False,False,False,False,False,True,False,False,False,416,1,3,False,HIGH,3
CVE-2022-11214,1.0,False,True,False,False,True,False,True,False,False,True,False,False,False,False,True,False,False,True,False,False,True,True,1257,2,2023,False,False,0.0,0.0,False,75,10,False,False,False,False,False,False,False,False,True,False,False,89,1,3,False,CRITICAL,4
CVE-2024-11215,1.0,False,True,False,False,True,False,True,False,False,True,False,False,True,False,False,False,True,False,True,False,False,True,1229,2,2023,False,False,0.0,0.0,False,86,10,False,False,False,False,False,False,False,False,True,False,False,79,1,4,False,HIGH,3
CVE-2023-11216,1.0,False,True,False,False,True,False,True,False,False,True,False,True,True,False,False,False,True,False,False,False,True,True,614,1,2025,False,False,0.0,0.0,False,86,10,False,False,False,False,False,False,False,False,False,False,False,20,1,5,False,CRITICAL,4
CVE-2021-11217,1.0,False,True,False,False,True,False,False,True,False,True,False,False,True,False,False,False,False,True,False,True,False,True,1289,1,2023,False,False,0.0,0.0,False,86,10,False,False,False,False,False,False,False,False,False,False,True,200,1,4,False,MEDIUM,2
CVE-2024-11218,1.0,False,True,False,False,True,False,False,False,True,True,False,False,False,True,False,True,False,False,True,False,False,True,1737,4,2021,False,False,0.0,0.0,False,92,10,False,False,False,False,False,False,False,False,False,False,True,200,1,4,False,MEDIUM,2
CVE-2024-11219,1.0,False,False,False,True,False,True,False,False,True,False,True,True,False,True,False,False,False,True,False,True,False,True,708,4,2024,False,False,0.0,0.0,False,86,10,False,False,False,False,False,False,False,False,True,False,False,89,1,5,False,MEDIUM,2
CVE-2022-11220,1.0,False,True,False,False,True,False,False,False,True,False,True,True,True,False,False,False,False,True,False,True,False,True,447,3,2025,False,False,0.0,0.0,False,76,11,False,False,False,True,False,False,False,True,False,False,False,416,1,4,False,HIGH,3
CVE-2023-11221,1.0,False,False,False,True,True,False,True,False,False,True,False,True,False,False,True,True,False,False,False,True,False,True,2047,1,2021,False,False,0.0,0.0,False,79,9,False,False,False,False,False,False,False,False,True,False,False,89,1,3,False,HIGH,3
CVE-2022-11222,1.0,False,True,False,False,False,True,False,True,False,False,True,True,False,True,False,False,False,True,False,True,False,True,1804,4,2021,False,False,0.0,0.0,False,95,11,False,False,False,False,False,False,False,False,False,False,False,269,1,2,False,MEDIUM,2
CVE-2022-11223,1.0,False,True,False,False,True,False,False,False,True,True,False,True,False,True,False,True,False,False,False,True,False,True,1244,2,2023,False,False,0.0,0.0,False,76,11,False,False,False,True,False,False,False,True,False,False,False,787,1,4,False,HIGH,3
CVE-2021-11224,1.0,False,False,True,False,False,True,True,False,False,False,True,False,False,True,False,False,True,False,True,False,False,True,870,2,2024,False,False,0.0,0.0,False,95,11,False,False,False,False,False,False,False,False,False,False,True,200,1,5,False,MEDIUM,2
CVE-2021-11225,1.0,False,False,True,False,True,False,True,False,False,True,False,True,True,False,False,False,True,False,False,True,False,True,1888,3,2021,False,False,0.0,0.0,False,75,10,False,False,False,False,False,False,False,False,False,False,False,269,1,5,False,HIGH,3
CVE-2023-11226,1.0,False,False,True,False,False,True,True,False,False,True,False,True,False,True,False,False,True,False,False,False,True,True,822,2,2024,False,False,0.0,0.0,False,76,11,False,False,False,True,False,False,False,False,False,False,False,20,1,5,False,HIGH,3
CVE-2025-11227,1.0,False,False,False,True,False,True,False,False,True,False,True,True,True,False,False,True,False,False,True,False,False,True,1958,2,2021,False,False,0.0,0.0,False,79,11,False,False,False,False,False,False,False,False,True,False,False,79,1,5,False,MEDIUM,2
CVE-2023-11228,1.0,True,False,False,False,True,False,False,True,False,True,False,False,True,False,False,False,True,False,False,False,True,True,1288,1,2023,False,False,0.0,0.0,False,95,11,False,False,False,False,False,False,False,False,True,False,False,89,1,4,False,HIGH,3
CVE-2025-11229,1.0,True,False,False,False,True,False,True,False,False,True,False,True,False,False,True,False,True,False,True,False,False,True,1573,2,2022,False,False,0.0,0.0,False,86,10,False,False,False,False,False,False,False,False,True,False,False,89,1,4,False,CRITICAL,4
CVE-2021-11230,1.0,False,False,True,False,False,True,False,True,False,False,True,True,False,False,True,False,False,True,False,True,False,True,725,4,2024,False,False,0.0,0.0,False,76,11,False,False,False,False,False,False,True,False,True,False,False,89,1,5,False,MEDIUM,2
CVE-2026-11231,1.0,False,True,False,False,True,False,True,False,False,False,True,True,False,True,False,False,True,False,False,False,True,True,1524,3,2022,False,False,0.0,0.0,False,86,10,False,False,False,False,False,False,False,False,False,False,True,200,1,4,False,HIGH,3
CVE-2021-11232,1.0,False,False,True,False,True,False,True,False,False,True,False,False,True,False,False,False,True,False,True,False,False,True,884,2,2024,False,False,0.0,0.0,False,95,11,False,False,False,False,False,False,False,False,True,False,False,79,1,5,False,MEDIUM,2
CVE-2023-11233,1.0,False,False,False,True,False,True,False,True,False,True,False,False,True,False,False,False,False,True,False,True,False,True,1250,2,2023,False,False,0.0,0.0,False,86,10,False,False,False,False,False,False,False,False,True,False,False,79,1,3,False,MEDIUM,2
CVE-2024-11234,1.0,False,True,False,False,False,True,False,True,False,True,False,True,False,True,False,True,False,False,False,True,False,True,1264,2,2023,False,False,0.0,0.0,False,69,10,False,False,False,True,False,False,False,True,False,False,False,119,1,4,False,MEDIUM,2
CVE-2024-11235,1.0,False,False,False,True,False,True,True,False,False,False,True,False,False,False,True,True,False,False,False,True,False,True,890,2,2024,False,False,0.0,0.0,False,76,11,False,False,False,True,False,False,False,False,True,False,False,89,1,5,False,MEDIUM,2
CVE-2025-11236,1.0,True,False,False,False,True,False,True,False,False,True,False,False,False,False,True,False,True,False,False,True,False,True,1324,1,2023,False,False,0.0,0.0,False,83,11,False,False,False,False,True,False,False,False,True,False,False,89,1,1,False,CRITICAL,4
CVE-2024-11237,1.0,False,True,False,False,False,True,False,True,False,False,True,False,True,False,False,True,False,False,False,True,False,True,1732,4,2021,False,False,0.0,0.0,False,69,10,False,False,False,True,False,False,False,False,False,False,False,269,1,1,False,MEDIUM,2
CVE-2025-11238,1.0,True,False,False,False,True,False,True,False,False,False,True,True,True,False,False,False,True,False,False,False,True,True,1927,2,2021,False,False,0.0,0.0,False,69,10,False,False,False,True,False,False,False,False,True,False,False,79,1,5,False,CRITICAL,4
CVE-2022-11239,1.0,False,False,True,False,True,False,False,False,True,True,False,True,False,False,True,True,False,False,False,False,True,True,1962,2,2021,False,False,0.0,0.0,False,79,9,False,False,False,False,False,False,False,False,False,False,True,200,1,1,False,HIGH,3
CVE-2023-11240,1.0,False,False,False,True,False,True,False,True,False,False,True,True,False,False,True,False,False,True,False,True,False,True,734,3,2024,False,False,0.0,0.0,False,95,11,False,False,False,False,False,False,False,True,False,False,False,416,1,2,False,MEDIUM,2
CVE-2026-11241,1.0,False,True,False,False,False,True,True,False,False,True,False,False,True,False,False,True,False,False,False,False,True,True,1427,4,2022,False,False,0.0,0.0,False,79,9,False,False,False,False,False,False,False,False,True,False,False,79,1,2,False,HIGH,3
CVE-2024-11242,1.0,True,False,False,False,False,True,False,True,False,False,True,False,False,False,True,False,True,False,False,True,False,True,1837,3,2021,False,False,0.0,0.0,False,76,11,False,False,False,False,False,False,True,True,False,False,False,416,1,1,False,MEDIUM,2
CVE-2026-11243,1.0,False,True,False,False,False,True,False,False,True,True,False,True,True,False,False,False,True,False,True,False,False,True,892,2,2024,False,False,0.0,0.0,False,86,10,False,False,False,False,False,False,False,False,False,False,False,269,1,1,False,MEDIUM,2
CVE-2021-11244,1.0,False,False,False,True,True,False,False,True,False,False,True,True,False,False,True,False,True,False,False,True,False,True,373,3,2025,False,False,0.0,0.0,False,69,10,False,False,False,True,False,False,False,False,True,False,False,89,1,3,False,MEDIUM,2
CVE-2026-11245,1.0,False,True,False,False,True,False,True,False,False,False,True,True,True,False,False,False,True,False,False,True,False,True,1451,4,2022,False,False,0.0,0.0,False,95,11,False,False,False,False,False,False,False,False,True,False,False,89,1,1,False,HIGH,3
CVE-2022-11246,1.0,False,False,False,True,False,True,True,False,False,True,False,True,True,False,False,True,False,False,False,False,True,True,1045,4,2023,False,False,0.0,0.0,False,75,10,False,False,False,False,False,False,False,False,False,False,False,269,1,3,False,MEDIUM,2
CVE-2023-11247,1.0,True,False,False,False,False,True,False,False,True,True,False,False,True,False,False,False,True,False,False,False,True,True,1405,4,2022,False,False,0.0,0.0,False,79,11,False,False,False,False,False,False,False,False,False,False,True,200,1,5,False,HIGH,3
CVE-2025-11248,1.0,False,True,False,False,False,True,False,False,True,True,False,True,False,False,True,False,False,True,False,False,True,True,886,2,2024,False,False,0.0,0.0,False,95,11,False,False,False,False,False,False,False,False,False,False,True,200,1,5,False,HIGH,3
CVE-2021-11249,1.0,True,False,False,False,False,True,False,False,True,True,False,True,False,True,False,False,True,False,False,False,True,True,1513,3,2022,False,False,0.0,0.0,False,76,11,False,False,False,True,False,False,False,False,False,False,False,269,1,5,False,HIGH,3
CVE-2024-11250,1.0,True,False,False,False,True,False,False,False,True,False,True,True,False,True,False,True,False,False,False,False,True,True,1553,2,2022,False,False,0.0,0.0,False,92,10,False,False,False,False,False,False,False,True,False,False,False,119,1,1,False,HIGH,3
CVE-2024-11251,1.0,True,False,False,False,False,True,True,False,False,True,False,True,False,False,True,False,False,True,False,True,False,True,1606,2,2022,False,False,0.0,0.0,False,92,10,False,False,False,False,False,False,False,False,False,False,True,200,1,5,False,CRITICAL,4
CVE-2024-11252,1.0,False,False,True,False,True,False,True,False,False,False,True,True,True,False,False,False,False,True,False,False,True,True,907,2,2024,False,False,0.0,0.0,False,69,10,False,False,False,True,False,False,False,True,False,False,False,119,1,1,False,HIGH,3
CVE-2021-11253,1.0,False,True,False,False,False,True,True,False,False,True,False,False,False,False,True,False,False,True,False,True,False,True,1422,4,2022,False,False,0.0,0.0,False,95,11,False,False,False,False,False,False,False,False,True,False,False,89,1,3,False,HIGH,3
CVE-2024-11254,1.0,False,True,False,False,True,False,False,True,False,True,False,True,False,True,False,False,False,True,False,False,True,True,1764,4,2021,False,False,0.0,0.0,False,79,9,False,False,False,False,False,False,False,False,True,False,False,79,1,1,False,HIGH,3
CVE-2021-11255,1.0,False,True,False,False,True,False,False,True,False,True,False,False,False,True,False,False,True,False,True,False,False,True,348,4,2025,False,False,0.0,0.0,False,75,10,False,False,False,False,False,False,False,True,False,False,False,787,1,5,False,MEDIUM,2
CVE-2024-11256,1.0,False,False,True,False,True,False,False,True,False,True,False,True,True,False,False,False,True,False,True,False,False,True,727,3,2024,False,False,0.0,0.0,False,76,11,False,False,False,False,False,False,True,False,False,False,True,200,1,1,False,MEDIUM,2
CVE-2021-11257,1.0,False,True,False,False,False,True,True,False,False,True,False,True,False,False,True,False,True,False,True,False,False,True,1966,2,2021,False,False,0.0,0.0,False,79,11,False,False,False,False,False,False,False,False,False,False,False,269,1,4,False,HIGH,3
CVE-2021-11258,1.0,False,False,False,True,True,False,True,False,False,True,False,True,False,False,True,False,False,True,False,False,True,True,442,3,2025,False,False,0.0,0.0,False,95,11,False,False,False,False,False,False,False,False,True,False,False,79,1,2,False,CRITICAL,4
CVE-2025-11259,1.0,False,False,False,True,False,True,False,False,True,False,True,False,True,False,False,True,False,False,False,True,False,True,517,2,2025,False,False,0.0,0.0,False,76,11,False,False,False,True,False,False,False,True,False,False,False,119,1,1,False,LOW,1
CVE-2023-11260,1.0,False,False,True,False,False,True,False,True,False,True,False,True,False,True,False,True,False,False,True,False,False,True,2060,1,2021,False,False,0.0,0.0,False,79,11,False,False,False,False,False,False,False,False,True,False,False,79,1,5,False,MEDIUM,2
CVE-2025-11261,1.0,False,True,False,False,False,True,False,True,False,False,True,False,False,False,True,True,False,False,False,False,True,True,526,2,2025,False,False,0.0,0.0,False,86,10,False,False,False,False,False,False,False,False,False,False,False,269,1,2,False,MEDIUM,2
CVE-2025-11262,1.0,False,False,True,False,True,False,True,False,False,True,False,True,False,False,True,True,False,False,False,False,True,True,412,3,2025,False,False,0.0,0.0,False,79,9,False,False,False,False,False,False,False,False,False,False,True,200,1,4,False,CRITICAL,4
CVE-2023-11263,1.0,True,False,False,False,False,True,True,False,False,False,True,True,False,False,True,False,True,False,False,True,False,True,1399,4,2022,False,False,0.0,0.0,False,75,10,False,False,False,False,False,False,False,False,False,False,True,200,1,3,False,HIGH,3
CVE-2026-11264,1.0,True,False,False,False,False,True,True,False,False,True,False,True,False,True,False,False,True,False,True,False,False,True,1905,3,2021,False,False,0.0,0.0,False,75,10,False,False,False,False,False,False,False,True,False,False,False,119,1,5,False,HIGH,3
CVE-2022-11265,1.0,False,False,True,False,True,False,False,False,True,False,True,True,True,False,False,False,True,False,True,False,False,True,1995,2,2021,False,False,0.0,0.0,False,76,11,False,False,False,False,False,False,True,False,False,False,True,200,1,4,False,MEDIUM,2
CVE-2026-11266,1.0,True,False,False,False,True,False,True,False,False,True,False,False,True,False,False,False,True,False,True,False,False,True,1413,4,2022,False,False,0.0,0.0,False,76,11,False,False,False,False,False,False,True,False,False,False,False,269,1,4,False,HIGH,3
CVE-2021-11267,1.0,False,True,False,False,True,False,False,True,False,True,False,False,False,False,True,False,False,True,False,False,True,True,1554,2,2022,False,False,0.0,0.0,False,86,10,False,False,False,False,False,False,False,False,True,False,False,79,1,1,False,CRITICAL,4
CVE-2022-11268,1.0,False,True,False,False,True,False,False,True,False,True,False,True,False,False,True,False,False,True,True,False,False,True,603,1,2025,False,False,0.0,0.0,False,76,11,False,False,False,True,False,False,False,True,False,False,False,787,1,5,False,CRITICAL,4
CVE-2021-11269,1.0,False,False,False,True,True,False,False,False,True,False,True,True,True,False,False,False,True,False,False,False,True,True,1215,2,2023,False,False,0.0,0.0,False,92,10,False,False,False,False,False,False,False,True,False,False,False,416,1,5,False,MEDIUM,2
CVE-2023-11270,1.0,True,False,False,False,False,True,False,True,False,False,True,False,True,False,False,False,True,False,False,False,True,True,1585,2,2022,False,False,0.0,0.0,False,79,9,False,False,False,False,False,False,False,True,False,False,False,119,1,3,False,MEDIUM,2
CVE-2025-11271,1.0,True,False,False,False,True,False,True,False,False,True,False,False,True,False,False,False,False,True,True,False,False,True,1718,1,2022,False,False,0.0,0.0,False,75,10,False,False,False,False,False,False,False,True,False,False,False,416,1,2,False,CRITICAL,4
CVE-2023-11272,1.0,True,False,False,False,True,False,False,False,True,True,False,False,False,True,False,True,False,False,False,True,False,True,1865,3,2021,False,False,0.0,0.0,False,92,10,False,False,False,False,False,False,False,True,False,False,False,119,1,4,False,HIGH,3
CVE-2022-11273,1.0,True,False,False,False,False,True,False,True,False,False,True,True,False,False,True,False,False,True,False,False,True,True,612,1,2025,False,False,0.0,0.0,False,75,10,False,False,False,False,False,False,False,True,False,False,False,119,1,2,False,HIGH,3
CVE-2024-11274,1.0,False,True,False,False,False,True,False,True,False,False,True,True,True,False,False,False,True,False,True,False,False,True,1372,4,2022,False,False,0.0,0.0,False,92,10,False,False,False,False,False,False,False,True,False,False,False,416,1,4,False,MEDIUM,2
CVE-2021-11275,1.0,False,False,False,True,False,True,True,False,False,False,True,False,False,True,False,True,False,False,False,True,False,True,495,2,2025,False,False,0.0,0.0,False,75,10,False,False,False,False,False,False,False,False,False,False,True,200,1,2,False,MEDIUM,2
CVE-2021-11276,1.0,True,False,False,False,False,True,False,True,False,False,True,False,False,True,False,True,False,False,False,False,True,True,1126,3,2023,False,False,0.0,0.0,False,95,11,False,False,False,False,False,False,False,False,False,False,True,200,1,4,False,MEDIUM,2
CVE-2023-11277,1.0,False,True,False,False,False,True,True,False,False,True,False,False,False,False,True,False,True,False,False,True,False,True,1767,4,2021,False,False,0.0,0.0,False,95,11,False,False,False,False,False,False,False,True,False,False,False,119,1,5,False,HIGH,3
CVE-2026-11278,1.0,False,False,True,False,False,True,False,False,True,False,True,False,False,True,False,False,False,True,False,False,True,True,1799,4,2021,False,False,0.0,0.0,False,86,10,False,False,False,False,False,False,False,False,False,False,True,200,1,4,False,MEDIUM,2
CVE-2021-11279,1.0,False,True,False,False,False,True,False,True,False,True,False,False,False,False,True,False,True,False,False,False,True,True,934,1,2024,False,False,0.0,0.0,False,69,10,False,False,False,True,False,False,False,False,False,False,False,20,1,2,False,HIGH,3
CVE-2023-11280,1.0,False,False,False,True,False,True,True,False,False,False,True,False,True,False,False,True,False,False,False,False,True,True,522,2,2025,False,False,0.0,0.0,False,69,10,False,False,False,True,False,False,False,False,False,False,True,200,1,4,False,MEDIUM,2
CVE-2026-11281,1.0,False,True,False,False,False,True,False,False,True,False,True,False,False,True,False,False,True,False,False,False,True,True,448,3,2025,False,False,0.0,0.0,False,79,9,False,False,False,False,False,False,False,True,False,False,False,119,1,2,False,MEDIUM,2
CVE-2021-11282,1.0,False,False,True,False,False,True,True,False,False,False,True,True,True,False,False,False,True,False,False,False,True,True,339,4,2025,False,False,0.0,0.0,False,83,11,False,False,False,False,True,False,False,False,False,False,False,20,1,1,False,MEDIUM,2
CVE-2025-11283,1.0,False,False,False,True,True,False,True,False,False,False,True,True,False,False,True,False,False,True,True,False,False,True,1815,4,2021,False,False,0.0,0.0,False,76,11,False,False,False,False,False,False,True,False,True,False,False,79,1,5,False,HIGH,3
CVE-2026-11284,1.0,False,True,False,False,True,False,False,True,False,True,False,False,False,True,False,True,False,False,False,False,True,True,1818,4,2021,False,False,0.0,0.0,False,76,11,False,False,False,True,False,False,False,True,False,False,False,416,1,1,False,HIGH,3
CVE-2026-11285,1.0,False,True,False,False,True,False,False,True,False,True,False,False,True,False,False,False,True,False,False,False,True,True,890,2,2024,False,False,0.0,0.0,False,79,9,False,False,False,False,False,False,False,True,False,False,False,119,1,1,False,HIGH,3
CVE-2026-11286,1.0,False,True,False,False,True,False,False,True,False,True,False,True,False,True,False,True,False,False,True,False,False,True,1528,3,2022,False,False,0.0,0.0,False,76,11,False,False,False,True,False,False,False,True,False,False,False,119,1,5,False,MEDIUM,2
CVE-2021-11287,1.0,False,False,True,False,False,True,False,True,False,True,False,False,False,False,True,True,False,False,False,False,True,True,1221,2,2023,False,False,0.0,0.0,False,79,9,False,False,False,False,False,False,False,False,False,False,False,20,1,3,False,MEDIUM,2
CVE-2022-11288,1.0,False,True,False,False,True,False,False,False,True,True,False,False,True,False,False,True,False,False,True,False,False,True,411,3,2025,False,False,0.0,0.0,False,92,10,False,False,False,False,False,False,False,False,False,False,True,200,1,4,False,MEDIUM,2
CVE-2026-11289,1.0,False,True,False,False,True,False,True,False,False,True,False,True,False,False,True,False,True,False,False,False,True,True,1175,3,2023,False,False,0.0,0.0,False,69,10,False,False,False,True,False,False,False,True,False,False,False,416,1,2,False,CRITICAL,4
CVE-2022-11290,1.0,True,False,False,False,True,False,False,True,False,True,False,False,False,False,True,False,True,False,True,False,False,True,1125,3,2023,False,False,0.0,0.0,False,76,11,False,False,False,False,False,False,True,False,True,False,False,79,1,2,False,HIGH,3
CVE-2021-11291,1.0,True,False,False,False,False,True,True,False,False,True,False,True,False,False,True,False,False,True,False,False,True,True,1781,4,2021,False,False,0.0,0.0,False,92,10,False,False,False,False,False,False,False,False,False,False,False,269,1,4,False,CRITICAL,4
CVE-2025-11292,1.0,False,True,False,False,False,True,False,True,False,True,False,True,False,True,False,False,True,False,False,True,False,True,1004,4,2023,False,False,0.0,0.0,False,75,10,False,False,False,False,False,False,False,True,False,False,False,119,1,1,False,MEDIUM,2
CVE-2024-11293,1.0,False,False,False,True,True,False,False,False,True,True,False,False,True,False,False,True,False,False,False,False,True,True,1490,3,2022,False,False,0.0,0.0,False,92,10,False,False,False,False,False,False,False,False,True,False,False,79,1,5,False,MEDIUM,2
CVE-2024-11294,1.0,False,True,False,False,True,False,False,False,True,True,False,False,True,False,False,True,False,False,True,False,False,True,765,3,2024,False,False,0.0,0.0,False,76,11,False,False,False,True,False,False,False,False,True,False,False,79,1,2,False,MEDIUM,2
CVE-2025-11295,1.0,True,False,False,False,False,True,False,True,False,False,True,False,True,False,False,True,False,False,False,True,False,True,1924,2,2021,False,False,0.0,0.0,False,86,10,False,False,False,False,False,False,False,True,False,False,False,787,1,2,False,MEDIUM,2
CVE-2022-11296,1.0,True,False,False,False,True,False,False,False,True,False,True,False,False,True,False,False,False,True,False,False,True,True,664,4,2024,False,False,0.0,0.0,False,75,10,False,False,False,False,False,False,False,False,False,False,False,269,1,4,False,CRITICAL,4
CVE-2026-11297,1.0,True,False,False,False,True,False,True,False,False,True,False,False,False,False,True,True,False,False,True,False,False,True,1530,3,2022,False,False,0.0,0.0,False,75,10,False,False,False,False,False,False,False,False,True,False,False,79,1,1,False,CRITICAL,4
CVE-2024-11298,1.0,False,False,False,True,False,True,True,False,False,True,False,False,False,True,False,False,True,False,False,True,False,True,446,3,2025,False,False,0.0,0.0,False,92,10,False,False,False,False,False,False,False,False,True,False,False,79,1,5,False,MEDIUM,2
CVE-2023-11299,1.0,True,False,False,False,True,False,False,False,True,False,True,True,False,True,False,False,False,True,True,False,False,True,1561,2,2022,False,False,0.0,0.0,False,79,9,False,False,False,False,False,False,False,False,False,False,True,200,1,5,False,HIGH,3
CVE-2021-11300,1.0,False,False,False,True,True,False,False,False,True,False,True,True,True,False,False,True,False,False,False,False,True,True,1452,4,2022,False,False,0.0,0.0,False,79,11,False,False,False,False,False,False,False,False,False,False,False,20,1,1,False,MEDIUM,2
CVE-2022-11301,1.0,False,False,True,False,True,False,False,True,False,False,True,False,False,True,False,False,True,False,False,False,True,True,1322,1,2023,False,False,0.0,0.0,False,79,9,False,False,False,False,False,False,False,False,True,False,False,79,1,2,False,MEDIUM,2
CVE-2022-11302,1.0,False,True,False,False,False,True,False,True,False,True,False,True,False,True,False,True,False,False,False,False,True,True,462,2,2025,False,False,0.0,0.0,False,95,11,False,False,False,False,False,False,False,True,False,False,False,416,1,1,False,MEDIUM,2
CVE-2026-11303,1.0,False,False,False,True,True,False,False,True,False,True,False,False,False,True,False,False,False,True,False,False,True,True,2015,1,2021,False,False,0.0,0.0,False,86,10,False,False,False,False,False,False,False,True,False,False,False,787,1,5,False,HIGH,3
CVE-2021-11304,1.0,False,True,False,False,True,False,True,False,False,True,False,True,True,False,False,True,False,False,False,True,False,True,514,2,2025,False,False,0.0,0.0,False,83,11,False,False,False,False,True,False,False,False,False,False,True,200,1,5,False,HIGH,3
CVE-2025-11305,1.0,False,False,True,False,False,True,False,False,True,True,False,True,False,True,False,True,False,False,False,False,True,True,1012,4,2023,False,False,0.0,0.0,False,76,11,False,False,False,False,False,False,True,True,False,False,False,119,1,4,False,MEDIUM,2
CVE-2025-11306,1.0,False,False,False,True,False,True,True,False,False,True,False,False,True,False,False,False,False,True,False,True,False,True,769,3,2024,False,False,0.0,0.0,False,92,10,False,False,False,False,False,False,False,False,False,False,True,200,1,2,False,MEDIUM,2
CVE-2025-11307,1.0,False,False,True,False,False,True,False,True,False,True,False,False,True,False,False,False,True,False,False,False,True,True,774,3,2024,False,False,0.0,0.0,False,86,10,False,False,False,False,False,False,False,False,True,False,False,89,1,3,False,MEDIUM,2
CVE-2024-11308,1.0,False,False,True,False,False,True,True,False,False,False,True,False,False,True,False,False,True,False,False,False,True,True,1657,1,2022,False,False,0.0,0.0,False,86,10,False,False,False,False,False,False,False,True,False,False,False,416,1,2,False,MEDIUM,2
CVE-2023-11309,1.0,True,False,False,False,True,False,False,True,False,True,False,True,False,True,False,False,False,True,False,False,True,True,544,2,2025,False,False,0.0,0.0,False,83,11,False,False,False,False,True,False,False,True,False,False,False,119,1,1,False,CRITICAL,4
CVE-2024-11310,1.0,False,False,False,True,False,True,False,True,False,True,False,False,False,False,True,True,False,False,False,True,False,True,1323,1,2023,False,False,0.0,0.0,False,76,11,False,False,False,False,False,False,True,True,False,False,False,119,1,5,False,MEDIUM,2
CVE-2025-11311,1.0,False,False,True,False,True,False,False,True,False,True,False,True,True,False,False,False,True,False,False,False,True,True,1730,1,2022,False,False,0.0,0.0,False,86,10,False,False,False,False,False,False,False,False,False,False,False,20,1,3,False,HIGH,3
CVE-2022-11312,1.0,False,False,True,False,True,False,False,False,True,False,True,True,False,False,True,True,False,False,False,True,False,True,1653,1,2022,False,False,0.0,0.0,False,92,10,False,False,False,False,False,False,False,True,False,False,False,119,1,2,False,MEDIUM,2
CVE-2021-11313,1.0,False,False,False,True,False,True,False,False,True,True,False,False,False,False,True,True,False,False,True,False,False,True,1902,3,2021,False,False,0.0,0.0,False,76,11,False,False,False,False,False,False,True,False,True,False,False,79,1,2,False,MEDIUM,2
CVE-2022-11314,1.0,False,False,True,False,True,False,True,False,False,False,True,False,False,False,True,True,False,False,True,False,False,True,1820,4,2021,False,False,0.0,0.0,False,76,11,False,False,False,True,False,False,False,True,False,False,False,787,1,3,False,MEDIUM,2
CVE-2021-11315,1.0,False,False,False,True,True,False,True,False,False,True,False,False,True,False,False,True,False,False,False,False,True,True,1150,3,2023,False,False,0.0,0.0,False,95,11,False,False,False,False,False,False,False,False,True,False,False,79,1,3,False,HIGH,3
CVE-2021-11316,1.0,True,False,False,False,True,False,False,False,True,False,True,True,False,True,False,False,False,True,False,False,True,True,970,1,2024,False,False,0.0,0.0,False,95,11,False,False,False,False,False,False,False,False,False,False,True,200,1,5,False,CRITICAL,4
CVE-2026-11317,1.0,False,True,False,False,False,True,False,True,False,False,True,False,True,False,False,True,False,False,False,True,False,True,1245,2,2023,False,False,0.0,0.0,False,76,11,False,False,False,False,False,False,True,False,True,False,False,79,1,1,False,MEDIUM,2
CVE-2026-11318,1.0,False,False,True,False,True,False,False,False,True,False,True,False,True,False,False,False,True,False,False,False,True,True,515,2,2025,False,False,0.0,0.0,False,86,10,False,False,False,False,False,False,False,True,False,False,False,787,1,3,False,MEDIUM,2
CVE-2025-11319,1.0,False,True,False,False,True,False,False,False,True,True,False,False,False,False,True,False,False,True,False,False,True,True,1810,4,2021,False,False,0.0,0.0,False,69,10,False,False,False,True,False,False,False,False,True,False,False,89,1,1,False,CRITICAL,4
CVE-2024-11320,1.0,False,False,True,False,False,True,True,False,False,True,False,True,True,False,False,False,False,True,False,False,True,True,1532,3,2022,False,False,0.0,0.0,False,92,10,False,False,False,False,False,False,False,False,False,False,True,200,1,2,False,HIGH,3
CVE-2025-11321,1.0,False,False,True,False,True,False,False,True,False,True,False,True,False,True,False,False,True,False,False,True,False,True,1261,2,2023,False,False,0.0,0.0,False,86,10,False,False,False,False,False,False,False,False,False,False,False,20,1,5,False,MEDIUM,2
CVE-2021-11322,1.0,False,False,False,True,True,False,True,False,False,True,False,False,False,False,True,True,False,False,False,True,False,True,567,1,2025,False,False,0.0,0.0,False,76,11,False,False,False,False,False,False,True,True,False,False,False,416,1,4,False,HIGH,3
CVE-2021-11323,1.0,False,False,False,True,True,False,False,False,True,False,True,False,False,True,False,False,False,True,True,False,False,True,420,3,2025,False,False,0.0,0.0,False,79,11,False,False,False,False,False,False,False,False,True,False,False,79,1,2,False,MEDIUM,2
CVE-2023-11324,1.0,True,False,False,False,False,True,False,False,True,True,False,True,False,False,True,True,False,False,False,True,False,True,1398,4,2022,False,False,0.0,0.0,False,92,10,False,False,False,False,False,False,False,True,False,False,False,787,1,4,False,HIGH,3
CVE-2026-11325,1.0,False,True,False,False,False,True,False,True,False,True,False,False,True,False,False,False,True,False,False,False,True,True,1803,4,2021,False,False,0.0,0.0,False,86,10,False,False,False,False,False,False,False,False,False,False,False,20,1,5,False,MEDIUM,2
CVE-2022-11326,1.0,False,True,False,False,False,True,False,False,True,True,False,True,True,False,False,True,False,False,True,False,False,True,1394,4,2022,False,False,0.0,0.0,False,76,11,False,False,False,True,False,False,False,False,False,False,False,269,1,5,False,MEDIUM,2
CVE-2021-11327,1.0,False,False,True,False,False,True,False,False,True,True,False,False,False,False,True,False,True,False,False,False,True,True,1886,3,2021,False,False,0.0,0.0,False,76,11,False,False,False,False,False,False,True,False,True,False,False,79,1,3,False,MEDIUM,2
CVE-2025-11328,1.0,False,False,False,True,False,True,False,False,True,True,False,True,False,False,True,False,False,True,False,False,True,True,1723,1,2022,False,False,0.0,0.0,False,79,9,False,False,False,False,False,False,False,True,False,False,False,416,1,5,False,HIGH,3
CVE-2024-11329,1.0,False,False,True,False,False,True,True,False,False,False,True,False,False,False,True,False,True,False,False,False,True,True,315,4,2025,False,False,0.0,0.0,False,79,11,False,False,False,False,False,False,False,True,False,False,False,416,1,5,False,MEDIUM,2
CVE-2022-11330,1.0,True,False,False,False,False,True,True,False,False,False,True,False,True,False,False,True,False,False,True,False,False,True,1419,4,2022,False,False,0.0,0.0,False,92,10,False,False,False,False,False,False,False,False,True,False,False,89,1,2,False,MEDIUM,2
CVE-2022-11331,1.0,False,False,False,True,True,False,False,True,False,True,False,True,True,False,False,False,True,False,False,False,True,True,506,2,2025,False,False,0.0,0.0,False,79,9,False,False,False,False,False,False,False,False,True,False,False,79,1,4,False,MEDIUM,2
CVE-2021-11332,1.0,False,True,False,False,True,False,False,True,False,True,False,False,False,True,False,False,False,True,False,False,True,True,781,3,2024,False,False,0.0,0.0,False,95,11,False,False,False,False,False,False,False,False,False,False,False,269,1,2,False,HIGH,3
CVE-2022-11333,1.0,True,False,False,False,False,True,True,False,False,False,True,True,False,False,True,True,False,False,True,False,False,True,749,3,2024,False,False,0.0,0.0,False,86,10,False,False,False,False,False,False,False,True,False,False,False,416,1,3,False,HIGH,3
CVE-2025-11334,1.0,False,False,False,True,False,True,False,False,True,True,False,True,False,False,True,False,True,False,True,False,False,True,448,3,2025,False,False,0.0,0.0,False,69,10,False,False,False,True,False,False,False,True,False,False,False,416,1,5,False,MEDIUM,2
CVE-2023-11335,1.0,True,False,False,False,True,False,True,False,False,False,True,True,True,False,False,False,False,True,False,False,True,True,1262,2,2023,False,False,0.0,0.0,False,95,11,False,False,False,False,False,False,False,True,False,False,False,119,1,5,False,CRITICAL,4
CVE-2025-11336,1.0,False,False,True,False,True,False,False,True,False,False,True,False,True,False,False,False,False,True,False,True,False,True,1406,4,2022,False,False,0.0,0.0,False,83,11,False,False,False,False,True,False,False,False,False,False,True,200,1,1,False,MEDIUM,2
CVE-2022-11337,1.0,True,False,False,False,True,False,False,False,True,False,True,True,False,True,False,True,False,False,True,False,False,True,1116,3,2023,False,False,0.0,0.0,False,69,10,False,False,False,True,False,False,False,False,True,False,False,79,1,4,False,MEDIUM,2
CVE-2022-11338,1.0,False,True,False,False,False,True,True,False,False,True,False,False,False,True,False,False,False,True,True,False,False,True,1942,2,2021,False,False,0.0,0.0,False,86,10,False,False,False,False,False,False,False,False,False,False,True,200,1,1,False,HIGH,3
CVE-2026-11339,1.0,False,False,True,False,True,False,False,True,False,False,True,False,False,False,True,False,False,True,True,False,False,True,853,2,2024,False,False,0.0,0.0,False,79,9,False,False,False,False,False,False,False,True,False,False,False,787,1,4,False,MEDIUM,2
CVE-2021-11340,1.0,False,True,False,False,False,True,False,True,False,True,False,True,False,True,False,False,True,False,False,False,True,True,601,1,2025,False,False,0.0,0.0,False,75,10,False,False,False,False,False,False,False,False,False,False,True,200,1,4,False,HIGH,3
CVE-2021-11341,1.0,False,True,False,False,False,True,False,True,False,True,False,False,False,True,False,True,False,False,False,False,True,True,633,1,2025,False,False,0.0,0.0,False,75,10,False,False,False,False,False,False,False,False,True,False,False,79,1,4,False,MEDIUM,2
CVE-2024-11342,1.0,True,False,False,False,False,True,True,False,False,False,True,True,True,False,False,True,False,False,True,False,False,True,1998,2,2021,False,False,0.0,0.0,False,76,11,False,False,False,True,False,False,False,True,False,False,False,119,1,4,False,HIGH,3
CVE-2021-11343,1.0,False,False,True,False,True,False,True,False,False,False,True,True,True,False,False,False,True,False,False,False,True,True,1824,3,2021,False,False,0.0,0.0,False,92,10,False,False,False,False,False,False,False,False,True,False,False,79,1,4,False,HIGH,3
CVE-2022-11344,1.0,True,False,False,False,True,False,False,False,True,True,False,False,False,True,False,True,False,False,True,False,False,True,356,4,2025,False,False,0.0,0.0,False,69,10,False,False,False,True,False,False,False,True,False,False,False,416,1,2,False,HIGH,3
CVE-2026-11345,1.0,False,False,False,True,False,True,False,False,True,False,True,True,True,False,False,True,False,False,True,False,False,True,1445,4,2022,False,False,0.0,0.0,False,86,10,False,False,False,False,False,False,False,True,False,False,False,787,1,1,False,LOW,1
CVE-2023-11346,1.0,True,False,False,False,True,False,False,False,True,False,True,False,True,False,False,False,True,False,False,True,False,True,1467,3,2022,False,False,0.0,0.0,False,86,10,False,False,False,False,False,False,False,False,False,False,False,20,1,1,False,MEDIUM,2
CVE-2023-11347,1.0,False,True,False,False,False,True,True,False,False,False,True,False,False,True,False,False,True,False,False,False,True,True,1512,3,2022,False,False,0.0,0.0,False,95,11,False,False,False,False,False,False,False,False,True,False,False,79,1,2,False,MEDIUM,2
CVE-2026-11348,1.0,False,True,False,False,True,False,True,False,False,True,False,False,False,False,True,True,False,False,False,True,False,True,476,2,2025,False,False,0.0,0.0,False,76,11,False,False,False,True,False,False,False,False,True,False,False,89,1,1,False,CRITICAL,4
CVE-2023-11349,1.0,False,True,False,False,False,True,False,False,True,False,True,True,True,False,False,False,True,False,True,False,False,True,1032,4,2023,False,False,0.0,0.0,False,92,10,False,False,False,False,False,False,False,True,False,False,False,119,1,1,False,MEDIUM,2
CVE-2022-11350,1.0,False,False,True,False,False,True,True,False,False,False,True,False,False,False,True,False,True,False,False,False,True,True,982,1,2024,False,False,0.0,0.0,False,86,10,False,False,False,False,False,False,False,False,False,False,False,20,1,4,False,MEDIUM,2
CVE-2025-11351,1.0,False,False,False,True,False,True,False,False,True,True,False,True,False,True,False,False,False,True,True,False,False,True,623,1,2025,False,False,0.0,0.0,False,79,11,False,False,False,False,False,False,False,True,False,False,False,416,1,4,False,MEDIUM,2
CVE-2024-11352,1.0,True,False,False,False,False,True,True,False,False,False,True,False,True,False,False,False,False,True,True,False,False,True,1034,4,2023,False,False,0.0,0.0,False,92,10,False,False,False,False,False,False,False,False,True,False,False,89,1,2,False,HIGH,3
CVE-2023-11353,1.0,True,False,False,False,False,True,False,False,True,False,True,False,False,True,False,False,False,True,False,True,False,True,715,4,2024,False,False,0.0,0.0,False,83,11,False,False,False,False,True,False,False,False,True,False,False,79,1,3,False,MEDIUM,2
CVE-2025-11354,1.0,False,True,False,False,True,False,False,False,True,True,False,True,False,False,True,False,True,False,False,True,False,True,1788,4,2021,False,False,0.0,0.0,False,95,11,False,False,False,False,False,False,False,False,False,False,False,20,1,5,False,HIGH,3
CVE-2025-11355,1.0,False,False,True,False,True,False,False,True,False,False,True,False,True,False,False,True,False,False,True,False,False,True,513,2,2025,False,False,0.0,0.0,False,79,11,False,False,False,False,False,False,False,False,False,False,False,269,1,1,False,MEDIUM,2
CVE-2026-11356,1.0,False,False,False,True,False,True,False,False,True,False,True,False,False,True,False,False,False,True,False,True,False,True,601,1,2025,False,False,0.0,0.0,False,79,11,False,False,False,False,False,False,False,False,True,False,False,79,1,1,False,LOW,1
CVE-2023-11357,1.0,False,False,False,True,True,False,False,False,True,False,True,False,False,True,False,True,False,False,True,False,False,True,1170,3,2023,False,False,0.0,0.0,False,79,9,False,False,False,False,False,False,False,True,False,False,False,416,1,4,False,MEDIUM,2
CVE-2024-11358,1.0,False,True,False,False,True,False,False,False,True,False,True,True,False,True,False,True,False,False,False,False,True,True,1694,1,2022,False,False,0.0,0.0,False,95,11,False,False,False,False,False,False,False,False,True,False,False,79,1,4,False,HIGH,3
CVE-2025-11359,1.0,False,False,False,True,True,False,False,False,True,False,True,True,False,False,True,True,False,False,True,False,False,True,1006,4,2023,False,False,0.0,0.0,False,76,11,False,False,False,True,False,False,False,False,False,False,False,269,1,5,False,MEDIUM,2
CVE-2022-11360,1.0,False,False,True,False,True,False,False,True,False,True,False,False,False,True,False,True,False,False,False,False,True,True,1084,4,2023,False,False,0.0,0.0,False,79,11,False,False,False,False,False,False,False,False,False,False,True,200,1,1,False,HIGH,3
CVE-2024-11361,1.0,False,False,True,False,False,True,False,False,True,True,False,False,False,False,True,True,False,False,True,False,False,True,1315,1,2023,False,False,0.0,0.0,False,83,11,False,False,False,False,True,False,False,False,False,False,True,200,1,5,False,MEDIUM,2
CVE-2026-11362,1.0,False,False,True,False,False,True,True,False,False,False,True,True,False,False,True,False,True,False,True,False,False,True,1394,4,2022,False,False,0.0,0.0,False,75,10,False,False,False,False,False,False,False,False,True,False,False,89,1,3,False,MEDIUM,2
CVE-2023-11363,1.0,False,True,False,False,True,False,False,False,True,False,True,True,True,False,False,True,False,False,False,False,True,True,1715,1,2022,False,False,0.0,0.0,False,79,11,False,False,False,False,False,False,False,False,True,False,False,79,1,3,False,MEDIUM,2
CVE-2022-11364,1.0,False,False,True,False,True,False,False,False,True,False,True,True,True,False,False,False,True,False,False,True,False,True,1562,2,2022,False,False,0.0,0.0,False,95,11,False,False,False,False,False,False,False,False,True,False,False,89,1,5,False,MEDIUM,2
CVE-2024-11365,1.0,False,True,False,False,False,True,False,False,True,False,True,False,True,False,False,False,False,True,True,False,False,True,889,2,2024,False,False,0.0,0.0,False,75,10,False,False,False,False,False,False,False,True,False,False,False,416,1,3,False,MEDIUM,2
CVE-2021-11366,1.0,False,False,True,False,False,True,False,False,True,False,True,False,False,False,True,False,True,False,False,True,False,True,773,3,2024,False,False,0.0,0.0,False,83,11,False,False,False,False,True,False,False,False,False,False,True,200,1,3,False,MEDIUM,2
CVE-2021-11367,1.0,True,False,False,False,True,False,True,False,False,False,True,True,True,False,False,True,False,False,True,False,False,True,1698,1,2022,False,False,0.0,0.0,False,92,10,False,False,False,False,False,False,False,False,False,False,False,269,1,5,False,HIGH,3
CVE-2023-11368,1.0,True,False,False,False,False,True,True,False,False,False,True,True,True,False,False,False,True,False,False,True,False,True,471,2,2025,False,False,0.0,0.0,False,92,10,False,False,False,False,False,False,False,True,False,False,False,787,1,1,False,HIGH,3
CVE-2023-11369,1.0,False,True,False,False,True,False,False,True,False,True,False,True,False,True,False,False,False,True,False,False,True,True,1681,1,2022,False,False,0.0,0.0,False,83,11,False,False,False,False,True,False,False,False,True,False,False,79,1,2,False,HIGH,3
CVE-2024-11370,1.0,True,False,False,False,True,False,False,False,True,False,True,False,False,False,True,False,False,True,True,False,False,True,352,4,2025,False,False,0.0,0.0,False,95,11,False,False,False,False,False,False,False,False,True,False,False,79,1,1,False,HIGH,3
CVE-2022-11371,1.0,True,False,False,False,False,True,False,False,True,True,False,False,False,True,False,True,False,False,False,True,False,True,1160,3,2023,False,False,0.0,0.0,False,83,11,False,False,False,False,True,False,False,False,False,False,False,269,1,2,False,MEDIUM,2
CVE-2025-11372,1.0,False,False,True,False,False,True,True,False,False,True,False,True,False,False,True,False,True,False,False,True,False,True,1017,4,2023,False,False,0.0,0.0,False,92,10,False,False,False,False,False,False,False,False,False,False,False,20,1,3,False,HIGH,3
CVE-2025-11373,1.0,False,False,False,True,False,True,False,True,False,True,False,False,False,True,False,False,False,True,False,True,False,True,1245,2,2023,False,False,0.0,0.0,False,79,11,False,False,False,False,False,False,False,False,False,False,False,269,1,3,False,MEDIUM,2
CVE-2026-11374,1.0,False,False,False,True,False,True,False,True,False,False,True,False,False,False,True,True,False,False,False,True,False,True,1400,4,2022,False,False,0.0,0.0,False,86,10,False,False,False,False,False,False,False,False,True,False,False,79,1,1,False,MEDIUM,2
CVE-2023-11375,1.0,True,False,False,False,True,False,True,False,False,True,False,True,False,True,False,False,False,True,True,False,False,True,2043,1,2021,False,False,0.0,0.0,False,95,11,False,False,False,False,False,False,False,True,False,False,False,119,1,1,False,CRITICAL,4
CVE-2022-11376,1.0,False,False,True,False,False,True,True,False,False,True,False,False,False,True,False,False,True,False,False,True,False,True,779,3,2024,False,False,0.0,0.0,False,92,10,False,False,False,False,False,False,False,False,False,False,False,20,1,5,False,MEDIUM,2
CVE-2026-11377,1.0,False,True,False,False,True,False,False,True,False,False,True,True,False,False,True,False,False,True,False,False,True,True,799,3,2024,False,False,0.0,0.0,False,92,10,False,False,False,False,False,False,False,True,False,False,False,416,1,4,False,CRITICAL,4
CVE-2025-11378,1.0,False,True,False,False,False,True,False,False,True,True,False,True,False,True,False,False,False,True,False,True,False,True,628,1,2025,False,False,0.0,0.0,False,79,11,False,False,False,False,False,False,False,False,False,False,True,200,1,4,False,MEDIUM,2
CVE-2026-11379,1.0,False,False,True,False,True,False,False,True,False,False,True,False,True,False,False,False,False,True,True,False,False,True,2082,1,2021,False,False,0.0,0.0,False,75,10,False,False,False,False,False,False,False,False,True,False,False,89,1,5,False,MEDIUM,2
CVE-2026-11380,1.0,True,False,False,False,True,False,True,False,False,True,False,False,False,False,True,False,True,False,False,False,True,True,1822,4,2021,False,False,0.0,0.0,False,76,11,False,False,False,False,False,False,True,True,False,False,False,416,1,1,False,CRITICAL,4
CVE-2025-11381,1.0,False,False,True,False,False,True,True,False,False,True,False,True,False,True,False,True,False,False,False,False,True,True,1594,2,2022,False,False,0.0,0.0,False,76,11,False,False,False,False,False,False,True,False,True,False,False,89,1,4,False,MEDIUM,2
CVE-2025-11382,1.0,False,False,False,True,True,False,True,False,False,False,True,True,False,True,False,False,True,False,False,True,False,True,649,4,2024,False,False,0.0,0.0,False,95,11,False,False,False,False,False,False,False,False,False,False,False,269,1,5,False,MEDIUM,2
CVE-2024-11383,1.0,False,True,False,False,True,False,False,True,False,True,False,False,False,False,True,False,False,True,False,False,True,True,1818,4,2021,False,False,0.0,0.0,False,79,9,False,False,False,False,False,False,False,True,False,False,False,787,1,4,False,HIGH,3
CVE-2022-11384,1.0,False,False,False,True,True,False,False,False,True,True,False,True,True,False,False,False,False,True,False,True,False,True,601,1,2025,False,False,0.0,0.0,False,86,10,False,False,False,False,False,False,False,False,True,False,False,89,1,1,False,MEDIUM,2
CVE-2026-11385,1.0,False,False,False,True,True,False,False,False,True,True,False,False,False,True,False,True,False,False,True,False,False,True,1655,1,2022,False,False,0.0,0.0,False,76,11,False,False,False,True,False,False,False,False,True,False,False,89,1,5,False,MEDIUM,2
CVE-2025-11386,1.0,False,True,False,False,True,False,False,False,True,False,True,True,False,False,True,False,False,True,True,False,False,True,1657,1,2022,False,False,0.0,0.0,False,79,11,False,False,False,False,False,False,False,False,False,False,True,200,1,2,False,HIGH,3
CVE-2025-11387,1.0,False,True,False,False,False,True,False,False,True,False,True,False,False,False,True,False,False,True,True,False,False,True,1801,4,2021,False,False,0.0,0.0,False,86,10,False,False,False,False,False,False,False,False,False,False,False,269,1,5,False,HIGH,3
CVE-2023-11388,1.0,False,False,False,True,False,True,False,False,True,False,True,False,True,False,False,False,True,False,False,True,False,True,1240,2,2023,False,False,0.0,0.0,False,79,9,False,False,False,False,False,False,False,True,False,False,False,119,1,1,False,LOW,1
CVE-2023-11389,1.0,False,False,False,True,True,False,True,False,False,False,True,True,True,False,False,True,False,False,False,False,True,True,1561,2,2022,False,False,0.0,0.0,False,79,11,False,False,False,False,False,False,False,False,True,False,False,89,1,4,False,HIGH,3
CVE-2022-11390,1.0,False,True,False,False,False,True,False,False,True,False,True,False,True,False,False,False,True,False,False,False,True,True,1982,2,2021,False,False,0.0,0.0,False,76,11,False,False,False,False,False,False,True,False,False,False,False,269,1,2,False,MEDIUM,2
CVE-2025-11391,1.0,False,True,False,False,True,False,True,False,False,True,False,False,False,True,False,False,True,False,False,False,True,True,1033,4,2023,False,False,0.0,0.0,False,79,11,False,False,False,False,False,False,False,False,False,False,False,20,1,5,False,HIGH,3
CVE-2022-11392,1.0,False,False,True,False,False,True,False,False,True,False,True,True,False,True,False,False,False,True,True,False,False,True,2018,1,2021,False,False,0.0,0.0,False,92,10,False,False,False,False,False,False,False,False,False,False,False,269,1,5,False,MEDIUM,2
CVE-2022-11393,1.0,False,False,False,True,True,False,True,False,False,True,False,False,False,True,False,False,True,False,True,False,False,True,1611,2,2022,False,False,0.0,0.0,False,83,11,False,False,False,False,True,False,False,True,False,False,False,416,1,1,False,MEDIUM,2
CVE-2025-11394,1.0,False,False,False,True,True,False,False,True,False,True,False,False,False,False,True,False,False,True,True,False,False,True,1439,4,2022,False,False,0.0,0.0,False,79,11,False,False,False,False,False,False,False,False,False,False,False,20,1,2,False,MEDIUM,2
CVE-2022-11395,1.0,False,False,True,False,True,False,True,False,False,False,True,False,False,True,False,False,True,False,False,False,True,True,500,2,2025,False,False,0.0,0.0,False,79,11,False,False,False,False,False,False,False,True,False,False,False,119,1,1,False,HIGH,3
CVE-2022-11396,1.0,False,False,False,True,False,True,True,False,False,True,False,True,True,False,False,False,False,True,True,False,False,True,2085,1,2021,False,False,0.0,0.0,False,79,11,False,False,False,False,False,False,False,False,True,False,False,89,1,4,False,MEDIUM,2
CVE-2026-11397,1.0,True,False,False,False,True,False,True,False,False,True,False,True,False,True,False,False,True,False,False,False,True,True,1786,4,2021,False,False,0.0,0.0,False,69,10,False,False,False,True,False,False,False,False,True,False,False,79,1,5,False,CRITICAL,4
CVE-2021-11398,1.0,False,False,False,True,True,False,True,False,False,True,False,False,True,False,False,False,False,True,False,False,True,True,1865,3,2021,False,False,0.0,0.0,False,76,11,False,False,False,False,False,False,True,False,False,False,False,20,1,4,False,HIGH,3
CVE-2026-11399,1.0,False,False,False,True,True,False,True,False,False,True,False,False,False,True,False,False,False,True,True,False,False,True,1393,4,2022,False,False,0.0,0.0,False,75,10,False,False,False,False,False,False,False,True,False,False,False,416,1,4,False,MEDIUM,2
CVE-2022-11400,1.0,False,True,False,False,False,True,False,False,True,False,True,False,True,False,False,False,True,False,True,False,False,True,997,1,2024,False,False,0.0,0.0,False,83,11,False,False,False,False,True,False,False,False,True,False,False,79,1,1,False,LOW,1
CVE-2021-11401,1.0,False,False,False,True,True,False,False,True,False,True,False,True,True,False,False,True,False,False,False,False,True,True,478,2,2025,False,False,0.0,0.0,False,79,9,False,False,False,False,False,False,False,False,False,False,True,200,1,4,False,MEDIUM,2
CVE-2021-11402,1.0,False,True,False,False,False,True,False,True,False,False,True,False,False,False,True,False,False,True,False,False,True,True,375,3,2025,False,False,0.0,0.0,False,75,10,False,False,False,False,False,False,False,False,False,False,False,20,1,2,False,HIGH,3
CVE-2025-11403,1.0,False,False,False,True,True,False,True,False,False,True,False,True,True,False,False,True,False,False,False,True,False,True,1388,4,2022,False,False,0.0,0.0,False,79,11,False,False,False,False,False,False,False,True,False,False,False,119,1,4,False,MEDIUM,2
CVE-2025-11404,1.0,False,False,True,False,False,True,False,True,False,True,False,False,True,False,False,False,True,False,True,False,False,True,1427,4,2022,False,False,0.0,0.0,False,83,11,False,False,False,False,True,False,False,False,True,False,False,89,1,1,False,MEDIUM,2
CVE-2024-11405,1.0,True,False,False,False,False,True,False,False,True,True,False,True,True,False,False,False,False,True,False,True,False,True,1985,2,2021,False,False,0.0,0.0,False,75,10,False,False,False,False,False,False,False,False,False,False,True,200,1,1,False,HIGH,3
CVE-2025-11406,1.0,False,False,False,True,True,False,False,True,False,False,True,False,False,True,False,True,False,False,True,False,False,True,827,2,2024,False,False,0.0,0.0,False,75,10,False,False,False,False,False,False,False,False,True,False,False,89,1,3,False,MEDIUM,2
CVE-2026-11407,1.0,False,False,True,False,False,True,True,False,False,True,False,False,False,False,True,False,False,True,False,True,False,True,1876,3,2021,False,False,0.0,0.0,False,86,10,False,False,False,False,False,False,False,False,False,False,False,20,1,2,False,HIGH,3
CVE-2021-11408,1.0,False,False,True,False,False,True,False,True,False,False,True,True,False,True,False,False,True,False,False,False,True,True,2061,1,2021,False,False,0.0,0.0,False,69,10,False,False,False,True,False,False,False,False,True,False,False,79,1,3,False,MEDIUM,2
CVE-2025-11409,1.0,False,False,True,False,False,True,False,True,False,True,False,False,False,True,False,False,True,False,True,False,False,True,709,4,2024,False,False,0.0,0.0,False,76,11,False,False,False,True,False,False,False,False,True,False,False,89,1,3,False,MEDIUM,2
CVE-2024-11410,1.0,True,False,False,False,True,False,True,False,False,True,False,False,True,False,False,True,False,False,False,False,True,True,2090,1,2021,False,False,0.0,0.0,False,76,11,False,False,False,True,False,False,False,True,False,False,False,119,1,1,False,CRITICAL,4
CVE-2024-11411,1.0,False,False,False,True,True,False,False,True,False,True,False,False,False,False,True,True,False,False,False,False,True,True,1530,3,2022,False,False,0.0,0.0,False,76,11,False,False,False,True,False,False,False,False,False,False,False,269,1,4,False,HIGH,3
CVE-2022-11412,1.0,True,False,False,False,False,True,False,False,True,True,False,True,True,False,False,True,False,False,False,False,True,True,882,2,2024,False,False,0.0,0.0,False,76,11,False,False,False,False,False,False,True,True,False,False,False,787,1,1,False,HIGH,3
CVE-2021-11413,1.0,False,False,True,False,True,False,True,False,False,False,True,True,False,False,True,False,True,False,False,True,False,True,1149,3,2023,False,False,0.0,0.0,False,92,10,False,False,False,False,False,False,False,False,False,False,True,200,1,2,False,HIGH,3
CVE-2022-11414,1.0,True,False,False,False,True,False,False,False,True,False,True,False,False,True,False,False,False,True,False,False,True,True,1862,3,2021,False,False,0.0,0.0,False,95,11,False,False,False,False,False,False,False,True,False,False,False,787,1,4,False,HIGH,3
CVE-2025-11415,1.0,True,False,False,False,True,False,True,False,False,True,False,True,True,False,False,False,False,True,True,False,False,True,1576,2,2022,False,False,0.0,0.0,False,95,11,False,False,False,False,False,False,False,False,True,False,False,89,1,4,False,CRITICAL,4
CVE-2024-11416,1.0,False,True,False,False,True,False,False,True,False,True,False,False,True,False,False,False,False,True,False,True,False,True,1289,1,2023,False,False,0.0,0.0,False,79,9,False,False,False,False,False,False,False,False,False,False,False,20,1,1,False,MEDIUM,2
CVE-2023-11417,1.0,False,False,False,True,True,False,False,True,False,False,True,False,True,False,False,True,False,False,True,False,False,True,1270,2,2023,False,False,0.0,0.0,False,69,10,False,False,False,True,False,False,False,True,False,False,False,787,1,5,False,MEDIUM,2
CVE-2026-11418,1.0,False,False,True,False,True,False,True,False,False,False,True,False,False,False,True,False,False,True,True,False,False,True,1138,3,2023,False,False,0.0,0.0,False,76,11,False,False,False,True,False,False,False,False,False,False,True,200,1,5,False,HIGH,3
CVE-2023-11419,1.0,True,False,False,False,False,True,True,False,False,True,False,True,False,False,True,False,False,True,False,False,True,True,1585,2,2022,False,False,0.0,0.0,False,69,10,False,False,False,True,False,False,False,False,False,False,True,200,1,5,False,CRITICAL,4
CVE-2024-11420,1.0,False,False,False,True,True,False,False,False,True,True,False,False,False,True,False,False,False,True,False,True,False,True,491,2,2025,False,False,0.0,0.0,False,76,11,False,False,False,True,False,False,False,False,True,False,False,79,1,4,False,MEDIUM,2
CVE-2025-11421,1.0,True,False,False,False,False,True,False,True,False,True,False,False,True,False,False,False,True,False,False,True,False,True,956,1,2024,False,False,0.0,0.0,False,95,11,False,False,False,False,False,False,False,False,False,False,False,20,1,4,False,MEDIUM,2
CVE-2025-11422,1.0,False,True,False,False,True,False,False,True,False,False,True,False,True,False,False,False,False,True,False,False,True,True,1550,2,2022,False,False,0.0,0.0,False,76,11,False,False,False,True,False,False,False,False,False,False,True,200,1,5,False,HIGH,3
CVE-2021-11423,1.0,True,False,False,False,True,False,False,False,True,False,True,False,False,True,False,False,False,True,True,False,False,True,845,2,2024,False,False,0.0,0.0,False,79,11,False,False,False,False,False,False,False,False,False,False,False,20,1,2,False,HIGH,3
CVE-2021-11424,1.0,False,True,False,False,True,False,True,False,False,False,True,False,True,False,False,False,False,True,False,False,True,True,1040,4,2023,False,False,0.0,0.0,False,76,11,False,False,False,True,False,False,False,False,False,False,False,20,1,3,False,HIGH,3
CVE-2025-11425,1.0,False,True,False,False,False,True,False,False,True,False,True,False,True,False,False,True,False,False,False,True,False,True,459,2,2025,False,False,0.0,0.0,False,76,11,False,False,False,False,False,False,True,False,False,False,False,20,1,5,False,MEDIUM,2
CVE-2026-11426,1.0,True,False,False,False,True,False,False,False,True,False,True,True,False,True,False,False,False,True,True,False,False,True,892,2,2024,False,False,0.0,0.0,False,86,10,False,False,False,False,False,False,False,False,True,False,False,79,1,4,False,HIGH,3
CVE-2025-11427,1.0,False,False,False,True,False,True,False,True,False,True,False,False,True,False,False,True,False,False,False,True,False,True,1045,4,2023,False,False,0.0,0.0,False,83,11,False,False,False,False,True,False,False,False,False,False,False,20,1,4,False,LOW,1
CVE-2023-11428,1.0,True,False,False,False,True,False,True,False,False,False,True,False,False,True,False,False,False,True,False,True,False,True,1126,3,2023,False,False,0.0,0.0,False,76,11,False,False,False,True,False,False,False,False,True,False,False,79,1,2,False,HIGH,3
CVE-2024-11429,1.0,False,False,True,False,True,False,False,False,True,False,True,False,False,True,False,False,False,True,False,True,False,True,714,4,2024,False,False,0.0,0.0,False,86,10,False,False,False,False,False,False,False,True,False,False,False,787,1,1,False,MEDIUM,2
CVE-2021-11430,1.0,False,True,False,False,True,False,False,True,False,True,False,True,True,False,False,False,True,False,False,True,False,True,890,2,2024,False,False,0.0,0.0,False,79,9,False,False,False,False,False,False,False,False,False,False,False,20,1,4,False,MEDIUM,2
CVE-2026-11431,1.0,False,False,False,True,False,True,False,False,True,True,False,True,False,False,True,False,True,False,False,True,False,True,1587,2,2022,False,False,0.0,0.0,False,86,10,False,False,False,False,False,False,False,False,True,False,False,79,1,4,False,MEDIUM,2
CVE-2026-11432,1.0,False,False,False,True,True,False,False,True,False,True,False,True,False,False,True,False,False,True,False,True,False,True,723,4,2024,False,False,0.0,0.0,False,79,11,False,False,False,False,False,False,False,True,False,False,False,416,1,4,False,HIGH,3
CVE-2022-11433,1.0,False,False,False,True,True,False,False,True,False,False,True,True,True,False,False,True,False,False,False,True,False,True,620,1,2025,False,False,0.0,0.0,False,86,10,False,False,False,False,False,False,False,False,False,False,False,20,1,2,False,MEDIUM,2
CVE-2023-11434,1.0,False,True,False,False,True,False,False,True,False,True,False,True,False,True,False,False,False,True,False,False,True,True,1886,3,2021,False,False,0.0,0.0,False,86,10,False,False,False,False,False,False,False,False,True,False,False,89,1,1,False,HIGH,3
CVE-2025-11435,1.0,False,False,True,False,False,True,False,False,True,True,False,False,False,True,False,True,False,False,False,True,False,True,479,2,2025,False,False,0.0,0.0,False,86,10,False,False,False,False,False,False,False,True,False,False,False,416,1,4,False,MEDIUM,2
CVE-2025-11436,1.0,True,False,False,False,False,True,True,False,False,True,False,False,False,True,False,True,False,False,True,False,False,True,1184,3,2023,False,False,0.0,0.0,False,75,10,False,False,False,False,False,False,False,False,True,False,False,79,1,5,False,HIGH,3
CVE-2023-11437,1.0,False,True,False,False,True,False,False,False,True,False,True,False,True,False,False,True,False,False,False,True,False,True,741,3,2024,False,False,0.0,0.0,False,92,10,False,False,False,False,False,False,False,True,False,False,False,416,1,1,False,MEDIUM,2
CVE-2022-11438,1.0,False,False,True,False,False,True,False,False,True,True,False,True,False,True,False,False,False,True,True,False,False,True,1586,2,2022,False,False,0.0,0.0,False,83,11,False,False,False,False,True,False,False,False,True,False,False,89,1,3,False,MEDIUM,2
CVE-2023-11439,1.0,False,False,True,False,True,False,False,False,True,True,False,True,False,True,False,False,False,True,True,False,False,True,1081,4,2023,False,False,0.0,0.0,False,79,9,False,False,False,False,False,False,False,True,False,False,False,119,1,3,False,HIGH,3
CVE-2021-11440,1.0,False,False,False,True,False,True,True,False,False,False,True,True,False,False,True,True,False,False,False,False,True,True,482,2,2025,False,False,0.0,0.0,False,79,9,False,False,False,False,False,False,False,False,True,False,False,89,1,3,False,MEDIUM,2
CVE-2025-11441,1.0,True,False,False,False,True,False,False,True,False,False,True,False,True,False,False,False,True,False,True,False,False,True,922,1,2024,False,False,0.0,0.0,False,79,11,False,False,False,False,False,False,False,True,False,False,False,787,1,3,False,MEDIUM,2
CVE-2025-11442,1.0,False,True,False,False,False,True,False,False,True,True,False,True,False,False,True,False,True,False,False,True,False,True,359,4,2025,False,False,0.0,0.0,False,95,11,False,False,False,False,False,False,False,True,False,False,False,416,1,5,False,MEDIUM,2
CVE-2025-11443,1.0,False,False,False,True,False,True,False,True,False,False,True,True,False,False,True,True,False,False,False,True,False,True,447,3,2025,False,False,0.0,0.0,False,86,10,False,False,False,False,False,False,False,False,False,False,False,269,1,5,False,MEDIUM,2
CVE-2023-11444,1.0,True,False,False,False,True,False,True,False,False,True,False,False,True,False,False,False,False,True,False,True,False,True,450,3,2025,False,False,0.0,0.0,False,79,9,False,False,False,False,False,False,False,True,False,False,False,119,1,4,False,CRITICAL,4
CVE-2023-11445,1.0,False,False,False,True,True,False,False,True,False,True,False,False,False,False,True,False,False,True,False,False,True,True,1863,3,2021,False,False,0.0,0.0,False,69,10,False,False,False,True,False,False,False,True,False,False,False,416,1,2,False,HIGH,3
CVE-2023-11446,1.0,False,True,False,False,True,False,False,False,True,False,True,True,False,True,False,False,False,True,True,False,False,True,1586,2,2022,False,False,0.0,0.0,False,95,11,False,False,False,False,False,False,False,True,False,False,False,416,1,4,False,MEDIUM,2
CVE-2021-11447,1.0,False,False,True,False,True,False,False,True,False,False,True,False,True,False,False,False,True,False,False,True,False,True,2045,1,2021,False,False,0.0,0.0,False,69,10,False,False,False,True,False,False,False,True,False,False,False,416,1,3,False,MEDIUM,2
CVE-2025-11448,1.0,False,False,False,True,False,True,True,False,False,False,True,True,False,True,False,True,False,False,True,False,False,True,1205,2,2023,False,False,0.0,0.0,False,86,10,False,False,False,False,False,False,False,False,False,False,True,200,1,3,False,MEDIUM,2
CVE-2023-11449,1.0,False,False,True,False,True,False,False,False,True,False,True,True,False,True,False,True,False,False,True,False,False,True,1092,4,2023,False,False,0.0,0.0,False,95,11,False,False,False,False,False,False,False,False,False,False,False,20,1,4,False,MEDIUM,2
CVE-2022-11450,1.0,False,False,True,False,False,True,False,True,False,True,False,False,False,True,False,False,True,False,False,False,True,True,340,4,2025,False,False,0.0,0.0,False,75,10,False,False,False,False,False,False,False,False,False,False,True,200,1,1,False,MEDIUM,2
CVE-2024-11451,1.0,False,False,True,False,True,False,True,False,False,True,False,True,True,False,False,True,False,False,True,False,False,True,800,3,2024,False,False,0.0,0.0,False,76,11,False,False,False,False,False,False,True,False,True,False,False,89,1,2,False,HIGH,3
CVE-2022-11452,1.0,False,False,False,True,False,True,False,False,True,False,True,True,False,True,False,True,False,False,False,True,False,True,535,2,2025,False,False,0.0,0.0,False,79,9,False,False,False,False,False,False,False,False,True,False,False,79,1,4,False,LOW,1
CVE-2021-11453,1.0,False,False,True,False,True,False,True,False,False,False,True,True,False,False,True,False,False,True,False,False,True,True,1934,2,2021,False,False,0.0,0.0,False,69,10,False,False,False,True,False,False,False,True,False,False,False,416,1,1,False,CRITICAL,4
CVE-2025-11454,1.0,False,False,False,True,False,True,False,True,False,False,True,False,True,False,False,True,False,False,True,False,False,True,2065,1,2021,False,False,0.0,0.0,False,69,10,False,False,False,True,False,False,False,False,False,False,False,269,1,4,False,LOW,1
CVE-2023-11455,1.0,False,False,False,True,False,True,True,False,False,False,True,False,True,False,False,False,False,True,True,False,False,True,1182,3,2023,False,False,0.0,0.0,False,69,10,False,False,False,True,False,False,False,False,True,False,False,89,1,1,False,MEDIUM,2
CVE-2025-11456,1.0,False,False,False,True,False,True,True,False,False,False,True,True,False,False,True,False,False,True,False,False,True,True,1581,2,2022,False,False,0.0,0.0,False,92,10,False,False,False,False,False,False,False,True,False,False,False,416,1,5,False,HIGH,3
CVE-2024-11457,1.0,False,True,False,False,False,True,False,True,False,True,False,True,True,False,False,True,False,False,False,False,True,True,961,1,2024,False,False,0.0,0.0,False,69,10,False,False,False,True,False,False,False,True,False,False,False,119,1,5,False,MEDIUM,2
CVE-2023-11458,1.0,True,False,False,False,True,False,False,False,True,False,True,True,False,True,False,False,False,True,False,True,False,True,1354,1,2023,False,False,0.0,0.0,False,83,11,False,False,False,False,True,False,False,True,False,False,False,787,1,3,False,HIGH,3
CVE-2022-11459,1.0,True,False,False,False,True,False,True,False,False,True,False,True,False,True,False,False,False,True,False,False,True,True,364,3,2025,False,False,0.0,0.0,False,75,10,False,False,False,False,False,False,False,True,False,False,False,787,1,5,False,CRITICAL,4
CVE-2024-11460,1.0,False,True,False,False,True,False,False,False,True,False,True,False,False,True,False,True,False,False,True,False,False,True,1198,2,2023,False,False,0.0,0.0,False,76,11,False,False,False,False,False,False,True,True,False,False,False,119,1,5,False,MEDIUM,2
CVE-2024-11461,1.0,True,False,False,False,False,True,False,True,False,True,False,False,True,False,False,False,False,True,False,True,False,True,692,4,2024,False,False,0.0,0.0,False,86,10,False,False,False,False,False,False,False,True,False,False,False,119,1,1,False,HIGH,3
CVE-2023-11462,1.0,False,True,False,False,True,False,False,True,False,True,False,True,False,False,True,False,False,True,False,False,True,True,632,1,2025,False,False,0.0,0.0,False,79,9,False,False,False,False,False,False,False,False,True,False,False,89,1,3,False,CRITICAL,4
CVE-2022-11463,1.0,False,False,True,False,True,False,True,False,False,True,False,False,False,False,True,False,True,False,False,True,False,True,1418,4,2022,False,False,0.0,0.0,False,79,11,False,False,False,False,False,False,False,True,False,False,False,787,1,5,False,HIGH,3
CVE-2025-11464,1.0,False,False,True,False,True,False,False,True,False,False,True,True,False,False,True,False,True,False,False,True,False,True,1958,2,2021,False,False,0.0,0.0,False,79,9,False,False,False,False,False,False,False,False,False,False,True,200,1,4,False,MEDIUM,2
CVE-2025-11465,1.0,False,False,True,False,True,False,False,True,False,True,False,True,False,False,True,False,False,True,True,False,False,True,1665,1,2022,False,False,0.0,0.0,False,69,10,False,False,False,True,False,False,False,False,False,False,False,20,1,3,False,HIGH,3
CVE-2026-11466,1.0,False,True,False,False,False,True,False,False,True,False,True,True,False,False,True,False,False,True,False,False,True,True,875,2,2024,False,False,0.0,0.0,False,92,10,False,False,False,False,False,False,False,True,False,False,False,416,1,5,False,HIGH,3
CVE-2025-11467,1.0,True,False,False,False,False,True,False,True,False,False,True,False,False,True,False,True,False,False,False,True,False,True,505,2,2025,False,False,0.0,0.0,False,86,10,False,False,False,False,False,False,False,True,False,False,False,787,1,2,False,MEDIUM,2
CVE-2024-11468,1.0,True,False,False,False,False,True,False,False,True,False,True,False,False,True,False,True,False,False,True,False,False,True,1619,2,2022,False,False,0.0,0.0,False,79,9,False,False,False,False,False,False,False,True,False,False,False,119,1,5,False,MEDIUM,2
CVE-2022-11469,1.0,False,True,False,False,True,False,True,False,False,True,False,True,True,False,False,False,True,False,True,False,False,True,1028,4,2023,False,False,0.0,0.0,False,76,11,False,False,False,True,False,False,False,True,False,False,False,119,1,2,False,HIGH,3
CVE-2025-11470,1.0,False,True,False,False,True,False,True,False,False,True,False,False,True,False,False,True,False,False,True,False,False,True,1994,2,2021,False,False,0.0,0.0,False,86,10,False,False,False,False,False,False,False,True,False,False,False,119,1,2,False,HIGH,3
CVE-2021-11471,1.0,False,False,False,True,False,True,False,True,False,False,True,False,True,False,False,True,False,False,False,False,True,True,1966,2,2021,False,False,0.0,0.0,False,69,10,False,False,False,True,False,False,False,True,False,False,False,787,1,4,False,LOW,1
CVE-2021-11472,1.0,False,False,True,False,True,False,False,True,False,False,True,False,False,True,False,True,False,False,False,False,True,True,974,1,2024,False,False,0.0,0.0,False,76,11,False,False,False,False,False,False,True,True,False,False,False,119,1,5,False,MEDIUM,2
CVE-2023-11473,1.0,True,False,False,False,True,False,False,True,False,False,True,True,False,False,True,False,False,True,True,False,False,True,765,3,2024,False,False,0.0,0.0,False,79,9,False,False,False,False,False,False,False,False,False,False,True,200,1,4,False,CRITICAL,4
CVE-2023-11474,1.0,True,False,False,False,True,False,True,False,False,True,False,False,False,True,False,False,True,False,True,False,False,True,391,3,2025,False,False,0.0,0.0,False,79,11,False,False,False,False,False,False,False,False,False,False,True,200,1,3,False,CRITICAL,4
CVE-2024-11475,1.0,False,False,True,False,True,False,False,False,True,True,False,True,False,True,False,False,False,True,False,True,False,True,1199,2,2023,False,False,0.0,0.0,False,79,11,False,False,False,False,False,False,False,True,False,False,False,416,1,3,False,HIGH,3
CVE-2021-11476,1.0,False,False,False,True,False,True,False,True,False,True,False,False,False,False,True,True,False,False,False,True,False,True,2069,1,2021,False,False,0.0,0.0,False,76,11,False,False,False,False,False,False,True,False,False,False,False,20,1,4,False,MEDIUM,2
CVE-2023-11477,1.0,False,False,True,False,False,True,True,False,False,True,False,True,False,False,True,True,False,False,False,True,False,True,1890,3,2021,False,False,0.0,0.0,False,86,10,False,False,False,False,False,False,False,True,False,False,False,416,1,5,False,HIGH,3
CVE-2023-11478,1.0,False,False,False,True,False,True,True,False,False,False,True,True,True,False,False,False,False,True,True,False,False,True,961,1,2024,False,False,0.0,0.0,False,92,10,False,False,False,False,False,False,False,True,False,False,False,416,1,5,False,MEDIUM,2
CVE-2025-11479,1.0,True,False,False,False,False,True,False,False,True,False,True,False,False,True,False,True,False,False,False,True,False,True,794,3,2024,False,False,0.0,0.0,False,86,10,False,False,False,False,False,False,False,True,False,False,False,416,1,2,False,MEDIUM,2
CVE-2024-11480,1.0,False,False,False,True,False,True,True,False,False,True,False,False,True,False,False,True,False,False,True,False,False,True,367,3,2025,False,False,0.0,0.0,False,83,11,False,False,False,False,True,False,False,True,False,False,False,416,1,3,False,MEDIUM,2
CVE-2026-11481,1.0,False,True,False,False,False,True,True,False,False,False,True,False,False,False,True,True,False,False,False,False,True,True,1026,4,2023,False,False,0.0,0.0,False,76,11,False,False,False,True,False,False,False,False,False,False,False,269,1,2,False,HIGH,3
CVE-2024-11482,1.0,False,False,True,False,True,False,False,True,False,False,True,True,False,True,False,False,False,True,True,False,False,True,1356,1,2023,False,False,0.0,0.0,False,76,11,False,False,False,False,False,False,True,False,True,False,False,89,1,4,False,MEDIUM,2
CVE-2024-11483,1.0,True,False,False,False,True,False,False,False,True,True,False,True,True,False,False,False,False,True,False,False,True,True,862,2,2024,False,False,0.0,0.0,False,79,9,False,False,False,False,False,False,False,False,True,False,False,89,1,4,False,CRITICAL,4
CVE-2022-11484,1.0,False,False,False,True,False,True,False,False,True,True,False,True,True,False,False,False,False,True,False,True,False,True,1762,4,2021,False,False,0.0,0.0,False,79,9,False,False,False,False,False,False,False,False,False,False,False,269,1,3,False,MEDIUM,2
CVE-2021-11485,1.0,False,False,True,False,False,True,False,True,False,False,True,False,False,True,False,False,True,False,False,False,True,True,409,3,2025,False,False,0.0,0.0,False,75,10,False,False,False,False,False,False,False,False,True,False,False,89,1,1,False,MEDIUM,2
CVE-2022-11486,1.0,False,False,False,True,True,False,False,False,True,True,False,False,True,False,False,False,False,True,False,True,False,True,1837,3,2021,False,False,0.0,0.0,False,79,11,False,False,False,False,False,False,False,True,False,False,False,119,1,3,False,MEDIUM,2
CVE-2023-11487,1.0,False,True,False,False,True,False,True,False,False,False,True,True,True,False,False,False,False,True,True,False,False,True,1987,2,2021,False,False,0.0,0.0,False,95,11,False,False,False,False,False,False,False,False,False,False,False,269,1,3,False,HIGH,3
CVE-2021-11488,1.0,False,True,False,False,True,False,False,False,True,False,True,True,True,False,False,True,False,False,True,False,False,True,1913,3,2021,False,False,0.0,0.0,False,69,10,False,False,False,True,False,False,False,True,False,False,False,416,1,1,False,MEDIUM,2
CVE-2025-11489,1.0,True,False,False,False,False,True,True,False,False,True,False,True,False,False,True,False,False,True,False,False,True,True,468,2,2025,False,False,0.0,0.0,False,95,11,False,False,False,False,False,False,False,False,False,False,False,20,1,1,False,CRITICAL,4
CVE-2025-11490,1.0,False,True,False,False,False,True,True,False,False,True,False,True,True,False,False,False,True,False,True,False,False,True,1334,1,2023,False,False,0.0,0.0,False,76,11,False,False,False,False,False,False,True,False,False,False,False,20,1,3,False,HIGH,3
CVE-2024-11491,1.0,False,True,False,False,True,False,True,False,False,True,False,True,True,False,False,False,True,False,False,False,True,True,1986,2,2021,False,False,0.0,0.0,False,92,10,False,False,False,False,False,False,False,False,False,False,False,269,1,1,False,HIGH,3
CVE-2024-11492,1.0,True,False,False,False,False,True,False,False,True,False,True,True,True,False,False,False,False,True,True,False,False,True,1570,2,2022,False,False,0.0,0.0,False,69,10,False,False,False,True,False,False,False,True,False,False,False,787,1,4,False,HIGH,3
CVE-2025-11493,1.0,False,False,False,True,False,True,True,False,False,False,True,True,False,True,False,True,False,False,False,True,False,True,922,1,2024,False,False,0.0,0.0,False,79,11,False,False,False,False,False,False,False,False,True,False,False,79,1,5,False,MEDIUM,2
CVE-2022-11494,1.0,False,False,True,False,True,False,True,False,False,True,False,False,False,True,False,False,True,False,True,False,False,True,1124,3,2023,False,False,0.0,0.0,False,86,10,False,False,False,False,False,False,False,False,True,False,False,89,1,3,False,MEDIUM,2
CVE-2026-11495,1.0,False,True,False,False,True,False,True,False,False,False,True,True,True,False,False,False,False,True,False,True,False,True,845,2,2024,False,False,0.0,0.0,False,86,10,False,False,False,False,False,False,False,True,False,False,False,787,1,3,False,HIGH,3
CVE-2022-11496,1.0,False,False,False,True,True,False,False,True,False,False,True,True,True,False,False,False,False,True,False,True,False,True,1405,4,2022,False,False,0.0,0.0,False,86,10,False,False,False,False,False,False,False,True,False,False,False,787,1,2,False,MEDIUM,2
CVE-2025-11497,1.0,False,False,True,False,True,False,False,False,True,False,True,False,False,True,False,True,False,False,False,True,False,True,1647,1,2022,False,False,0.0,0.0,False,79,11,False,False,False,False,False,False,False,False,False,False,True,200,1,4,False,MEDIUM,2
CVE-2025-11498,1.0,False,False,True,False,True,False,False,True,False,False,True,True,False,False,True,True,False,False,False,True,False,True,1998,2,2021,False,False,0.0,0.0,False,75,10,False,False,False,False,False,False,False,False,False,False,False,269,1,4,False,MEDIUM,2
CVE-2023-11499,1.0,False,False,True,False,False,True,True,False,False,True,False,False,False,False,True,True,False,False,False,False,True,True,1374,4,2022,False,False,0.0,0.0,False,79,11,False,False,False,False,False,False,False,False,False,False,False,20,1,5,False,HIGH,3
CVE-2023-11500,1.0,False,False,False,True,False,True,False,False,True,True,False,False,True,False,False,True,False,False,True,False,False,True,1876,3,2021,False,False,0.0,0.0,False,83,11,False,False,False,False,True,False,False,False,True,False,False,79,1,4,False,LOW,1
CVE-2024-11501,1.0,True,False,False,False,True,False,False,True,False,False,True,True,False,False,True,False,True,False,True,False,False,True,1901,3,2021,False,False,0.0,0.0,False,86,10,False,False,False,False,False,False,False,False,True,False,False,89,1,2,False,HIGH,3
CVE-2024-11502,1.0,False,False,True,False,True,False,False,True,False,False,True,False,False,False,True,True,False,False,True,False,False,True,627,1,2025,False,False,0.0,0.0,False,69,10,False,False,False,True,False,False,False,False,True,False,False,79,1,2,False,MEDIUM,2
CVE-2024-11503,1.0,False,False,True,False,True,False,True,False,False,True,False,True,False,False,True,True,False,False,True,False,False,True,1453,4,2022,False,False,0.0,0.0,False,75,10,False,False,False,False,False,False,False,False,False,False,False,269,1,1,False,HIGH,3
CVE-2022-11504,1.0,False,False,True,False,False,True,False,True,False,False,True,False,False,True,False,False,True,False,True,False,False,True,328,4,2025,False,False,0.0,0.0,False,83,11,False,False,False,False,True,False,False,True,False,False,False,787,1,1,False,MEDIUM,2
CVE-2026-11505,1.0,False,False,False,True,True,False,False,True,False,False,True,False,True,False,False,False,False,True,True,False,False,True,1704,1,2022,False,False,0.0,0.0,False,76,11,False,False,False,True,False,False,False,False,False,False,False,20,1,1,False,MEDIUM,2
CVE-2023-11506,1.0,False,True,False,False,False,True,False,False,True,True,False,False,False,False,True,False,False,True,True,False,False,True,708,4,2024,False,False,0.0,0.0,False,95,11,False,False,False,False,False,False,False,False,False,False,False,20,1,3,False,MEDIUM,2
CVE-2022-11507,1.0,False,False,False,True,True,False,False,False,True,False,True,False,True,False,False,False,False,True,False,True,False,True,2031,1,2021,False,False,0.0,0.0,False,83,11,False,False,False,False,True,False,False,False,True,False,False,79,1,2,False,MEDIUM,2
CVE-2025-11508,1.0,False,False,True,False,False,True,True,False,False,False,True,True,True,False,False,True,False,False,False,True,False,True,833,2,2024,False,False,0.0,0.0,False,83,11,False,False,False,False,True,False,False,True,False,False,False,416,1,1,False,MEDIUM,2
CVE-2021-11509,1.0,True,False,False,False,True,False,False,True,False,False,True,False,True,False,False,False,False,True,False,True,False,True,1261,2,2023,False,False,0.0,0.0,False,69,10,False,False,False,True,False,False,False,True,False,False,False,787,1,4,False,HIGH,3
CVE-2021-11510,1.0,False,True,False,False,False,True,False,False,True,False,True,False,False,False,True,True,False,False,False,False,True,True,502,2,2025,False,False,0.0,0.0,False,79,9,False,False,False,False,False,False,False,True,False,False,False,119,1,5,False,MEDIUM,2
CVE-2023-11511,1.0,False,False,True,False,True,False,True,False,False,True,False,True,False,True,False,False,True,False,False,True,False,True,906,2,2024,False,False,0.0,0.0,False,79,9,False,False,False,False,False,False,False,False,True,False,False,89,1,3,False,HIGH,3
CVE-2021-11512,1.0,False,False,True,False,True,False,True,False,False,False,True,False,False,True,False,False,True,False,False,True,False,True,1649,1,2022,False,False,0.0,0.0,False,83,11,False,False,False,False,True,False,False,False,True,False,False,89,1,4,False,MEDIUM,2
CVE-2023-11513,1.0,False,False,True,False,True,False,False,False,True,True,False,False,False,False,True,False,False,True,False,False,True,True,1879,3,2021,False,False,0.0,0.0,False,75,10,False,False,False,False,False,False,False,False,True,False,False,89,1,2,False,HIGH,3
CVE-2023-11514,1.0,True,False,False,False,True,False,False,False,True,True,False,False,False,False,True,False,True,False,False,False,True,True,1418,4,2022,False,False,0.0,0.0,False,92,10,False,False,False,False,False,False,False,True,False,False,False,119,1,1,False,HIGH,3
CVE-2025-11515,1.0,False,False,True,False,True,False,True,False,False,True,False,False,True,False,False,False,True,False,False,True,False,True,1248,2,2023,False,False,0.0,0.0,False,86,10,False,False,False,False,False,False,False,True,False,False,False,787,1,2,False,HIGH,3
CVE-2025-11516,1.0,False,False,True,False,False,True,False,True,False,False,True,True,False,False,True,True,False,False,True,False,False,True,2082,1,2021,False,False,0.0,0.0,False,75,10,False,False,False,False,False,False,False,False,True,False,False,89,1,5,False,MEDIUM,2
CVE-2024-11517,1.0,False,False,False,True,True,False,True,False,False,True,False,True,False,False,True,True,False,False,True,False,False,True,1457,4,2022,False,False,0.0,0.0,False,79,11,False,False,False,False,False,False,False,False,True,False,False,89,1,4,False,HIGH,3
CVE-2023-11518,1.0,True,False,False,False,False,True,False,True,False,False,True,False,False,False,True,False,False,True,True,False,False,True,1029,4,2023,False,False,0.0,0.0,False,83,11,False,False,False,False,True,False,False,False,False,False,False,20,1,4,False,HIGH,3
CVE-2021-11519,1.0,False,True,False,False,True,False,False,False,True,True,False,False,True,False,False,False,True,False,False,False,True,True,455,2,2025,False,False,0.0,0.0,False,76,11,False,False,False,False,False,False,True,False,True,False,False,89,1,1,False,HIGH,3
CVE-2026-11520,1.0,True,False,False,False,False,True,False,False,True,True,False,True,False,False,True,True,False,False,False,False,True,True,743,3,2024,False,False,0.0,0.0,False,79,11,False,False,False,False,False,False,False,False,True,False,False,79,1,4,False,CRITICAL,4
CVE-2021-11521,1.0,False,True,False,False,False,True,False,True,False,True,False,True,False,False,True,False,False,True,False,True,False,True,1065,4,2023,False,False,0.0,0.0,False,76,11,False,False,False,False,False,False,True,True,False,False,False,787,1,2,False,HIGH,3
CVE-2024-11522,1.0,True,False,False,False,True,False,False,True,False,True,False,True,False,False,True,False,False,True,False,False,True,True,957,1,2024,False,False,0.0,0.0,False,76,11,False,False,False,False,False,False,True,False,True,False,False,79,1,5,False,CRITICAL,4
CVE-2025-11523,1.0,False,False,False,True,True,False,False,False,True,False,True,True,False,True,False,True,False,False,False,False,True,True,1779,4,2021,False,False,0.0,0.0,False,95,11,False,False,False,False,False,False,False,False,True,False,False,79,1,5,False,MEDIUM,2
CVE-2022-11524,1.0,False,True,False,False,True,False,True,False,False,True,False,False,False,False,True,False,True,False,False,False,True,True,616,1,2025,False,False,0.0,0.0,False,75,10,False,False,False,False,False,False,False,False,True,False,False,89,1,2,False,CRITICAL,4
CVE-2026-11525,1.0,False,False,True,False,True,False,False,True,False,False,True,True,False,True,False,False,False,True,True,False,False,True,1777,4,2021,False,False,0.0,0.0,False,75,10,False,False,False,False,False,False,False,False,True,False,False,89,1,5,False,MEDIUM,2
CVE-2021-11526,1.0,False,True,False,False,True,False,False,False,True,True,False,False,True,False,False,True,False,False,False,False,True,True,1232,2,2023,False,False,0.0,0.0,False,76,11,False,False,False,False,False,False,True,True,False,False,False,119,1,1,False,HIGH,3
CVE-2026-11527,1.0,False,True,False,False,True,False,True,False,False,False,True,True,False,True,False,True,False,False,False,False,True,True,670,4,2024,False,False,0.0,0.0,False,79,9,False,False,False,False,False,False,False,False,True,False,False,79,1,2,False,HIGH,3
CVE-2026-11528,1.0,False,True,False,False,True,False,False,True,False,False,True,False,False,True,False,False,True,False,False,True,False,True,1698,1,2022,False,False,0.0,0.0,False,83,11,False,False,False,False,True,False,False,True,False,False,False,119,1,1,False,MEDIUM,2
CVE-2023-11529,1.0,False,True,False,False,False,True,False,True,False,False,True,True,False,True,False,False,False,True,True,False,False,True,631,1,2025,False,False,0.0,0.0,False,69,10,False,False,False,True,False,False,False,True,False,False,False,119,1,2,False,MEDIUM,2
CVE-2026-11530,1.0,False,True,False,False,True,False,False,True,False,True,False,True,False,True,False,False,True,False,False,False,True,True,2049,1,2021,False,False,0.0,0.0,False,76,11,False,False,False,False,False,False,True,False,False,False,False,20,1,2,False,HIGH,3
CVE-2026-11531,1.0,True,False,False,False,True,False,False,True,False,True,False,True,True,False,False,False,False,True,False,True,False,True,1008,4,2023,False,False,0.0,0.0,False,79,11,False,False,False,False,False,False,False,False,True,False,False,89,1,5,False,CRITICAL,4
CVE-2022-11532,1.0,False,False,False,True,True,False,False,False,True,True,False,True,False,True,False,False,False,True,False,True,False,True,1853,3,2021,False,False,0.0,0.0,False,76,11,False,False,False,False,False,False,True,True,False,False,False,416,1,4,False,MEDIUM,2
CVE-2021-11533,1.0,False,False,False,True,True,False,True,False,False,False,True,True,False,True,False,True,False,False,False,True,False,True,1311,1,2023,False,False,0.0,0.0,False,76,11,False,False,False,True,False,False,False,False,False,False,True,200,1,3,False,MEDIUM,2
CVE-2026-11534,1.0,False,False,False,True,False,True,True,False,False,False,True,False,False,False,True,True,False,False,False,False,True,True,2021,1,2021,False,False,0.0,0.0,False,79,9,False,False,False,False,False,False,False,True,False,False,False,416,1,3,False,MEDIUM,2
CVE-2023-11535,1.0,False,False,False,True,True,False,False,True,False,True,False,False,True,False,False,False,True,False,True,False,False,True,770,3,2024,False,False,0.0,0.0,False,69,10,False,False,False,True,False,False,False,True,False,False,False,416,1,1,False,MEDIUM,2
CVE-2023-11536,1.0,False,True,False,False,False,True,False,False,True,True,False,True,False,False,True,False,False,True,False,False,True,True,1795,4,2021,False,False,0.0,0.0,False,76,11,False,False,False,False,False,False,True,False,False,False,False,269,1,3,False,HIGH,3
CVE-2021-11537,1.0,True,False,False,False,False,True,False,False,True,True,False,True,True,False,False,False,False,True,True,False,False,True,705,4,2024,False,False,0.0,0.0,False,75,10,False,False,False,False,False,False,False,False,False,False,True,200,1,1,False,HIGH,3
CVE-2025-11538,1.0,False,False,True,False,True,False,True,False,False,False,True,False,True,False,False,False,False,True,False,True,False,True,697,4,2024,False,False,0.0,0.0,False,79,11,False,False,False,False,False,False,False,True,False,False,False,787,1,2,False,MEDIUM,2
CVE-2026-11539,1.0,False,True,False,False,True,False,True,False,False,False,True,False,True,False,False,False,False,True,True,False,False,True,1978,2,2021,False,False,0.0,0.0,False,83,11,False,False,False,False,True,False,False,False,True,False,False,79,1,1,False,HIGH,3
CVE-2026-11540,1.0,False,False,False,True,True,False,False,True,False,False,True,True,False,True,False,False,False,True,False,True,False,True,1012,4,2023,False,False,0.0,0.0,False,83,11,False,False,False,False,True,False,False,False,False,False,True,200,1,4,False,MEDIUM,2
CVE-2024-11541,1.0,False,False,True,False,False,True,True,False,False,False,True,False,False,True,False,False,True,False,False,False,True,True,1273,2,2023,False,False,0.0,0.0,False,83,11,False,False,False,False,True,False,False,True,False,False,False,787,1,3,False,MEDIUM,2
CVE-2024-11542,1.0,False,False,False,True,True,False,False,True,False,True,False,True,True,False,False,True,False,False,True,False,False,True,604,1,2025,False,False,0.0,0.0,False,95,11,False,False,False,False,False,False,False,False,False,False,False,269,1,3,False,MEDIUM,2
CVE-2021-11543,1.0,True,False,False,False,False,True,False,False,True,False,True,False,False,True,False,True,False,False,False,True,False,True,999,1,2024,False,False,0.0,0.0,False,83,11,False,False,False,False,True,False,False,False,True,False,False,89,1,3,False,MEDIUM,2
CVE-2025-11544,1.0,False,False,True,False,False,True,True,False,False,True,False,False,True,False,False,False,True,False,False,True,False,True,1315,1,2023,False,False,0.0,0.0,False,83,11,False,False,False,False,True,False,False,False,True,False,False,89,1,2,False,MEDIUM,2
CVE-2026-11545,1.0,False,False,True,False,True,False,False,True,False,True,False,True,True,False,False,False,False,True,False,True,False,True,890,2,2024,False,False,0.0,0.0,False,83,11,False,False,False,False,True,False,False,True,False,False,False,119,1,2,False,HIGH,3
CVE-2024-11546,1.0,False,False,True,False,False,True,False,True,False,True,False,False,False,True,False,False,False,True,False,True,False,True,423,3,2025,False,False,0.0,0.0,False,75,10,False,False,False,False,False,False,False,True,False,False,False,119,1,4,False,MEDIUM,2
CVE-2021-11547,1.0,True,False,False,False,True,False,False,True,False,False,True,False,True,False,False,True,False,False,True,False,False,True,701,4,2024,False,False,0.0,0.0,False,92,10,False,False,False,False,False,False,False,False,False,False,False,269,1,5,False,MEDIUM,2
CVE-2021-11548,1.0,False,False,True,False,True,False,True,False,False,False,True,True,False,False,True,True,False,False,False,True,False,True,955,1,2024,False,False,0.0,0.0,False,76,11,False,False,False,True,False,False,False,True,False,False,False,787,1,3,False,HIGH,3
CVE-2026-11549,1.0,False,False,False,True,True,False,True,False,False,False,True,False,False,False,True,True,False,False,False,False,True,True,763,3,2024,False,False,0.0,0.0,False,79,9,False,False,False,False,False,False,False,False,False,False,False,20,1,5,False,MEDIUM,2
CVE-2023-11550,1.0,False,True,False,False,False,True,False,True,False,False,True,False,False,False,True,False,True,False,False,True,False,True,303,4,2025,False,False,0.0,0.0,False,95,11,False,False,False,False,False,False,False,False,False,False,False,269,1,4,False,MEDIUM,2
CVE-2022-11551,1.0,True,False,False,False,False,True,True,False,False,True,False,True,True,False,False,False,True,False,False,False,True,True,1137,3,2023,False,False,0.0,0.0,False,92,10,False,False,False,False,False,False,False,False,False,False,False,269,1,3,False,CRITICAL,4
CVE-2026-11552,1.0,True,False,False,False,True,False,False,True,False,True,False,False,True,False,False,False,True,False,True,False,False,True,2002,2,2021,False,False,0.0,0.0,False,86,10,False,False,False,False,False,False,False,False,False,False,False,269,1,4,False,HIGH,3
CVE-2021-11553,1.0,False,False,True,False,True,False,False,False,True,True,False,False,False,True,False,False,False,True,False,False,True,True,1224,2,2023,False,False,0.0,0.0,False,92,10,False,False,False,False,False,False,False,False,True,False,False,79,1,4,False,HIGH,3
CVE-2021-11554,1.0,False,True,False,False,False,True,False,False,True,False,True,True,False,False,True,True,False,False,False,False,True,True,1689,1,2022,False,False,0.0,0.0,False,75,10,False,False,False,False,False,False,False,True,False,False,False,416,1,2,False,HIGH,3
CVE-2025-11555,1.0,False,False,False,True,True,False,False,True,False,True,False,True,False,False,True,False,True,False,False,False,True,True,775,3,2024,False,False,0.0,0.0,False,69,10,False,False,False,True,False,False,False,True,False,False,False,119,1,2,False,HIGH,3
CVE-2022-11556,1.0,False,False,False,True,True,False,False,False,True,True,False,False,True,False,False,False,True,False,False,True,False,True,1787,4,2021,False,False,0.0,0.0,False,75,10,False,False,False,False,False,False,False,True,False,False,False,787,1,2,False,MEDIUM,2
CVE-2022-11557,1.0,False,False,False,True,False,True,True,False,False,False,True,False,False,True,False,False,True,False,True,False,False,True,1831,3,2021,False,False,0.0,0.0,False,83,11,False,False,False,False,True,False,False,False,False,False,False,20,1,5,False,MEDIUM,2
CVE-2021-11558,1.0,False,False,False,True,False,True,True,False,False,True,False,False,False,True,False,True,False,False,True,False,False,True,1048,4,2023,False,False,0.0,0.0,False,76,11,False,False,False,True,False,False,False,False,False,False,False,20,1,4,False,MEDIUM,2
CVE-2022-11559,1.0,False,False,True,False,True,False,False,False,True,True,False,False,False,True,False,False,False,True,False,False,True,True,1284,1,2023,False,False,0.0,0.0,False,76,11,False,False,False,False,False,False,True,True,False,False,False,416,1,3,False,HIGH,3
CVE-2023-11560,1.0,False,False,False,True,True,False,False,True,False,False,True,True,True,False,False,True,False,False,True,False,False,True,499,2,2025,False,False,0.0,0.0,False,86,10,False,False,False,False,False,False,False,True,False,False,False,119,1,2,False,MEDIUM,2
CVE-2022-11561,1.0,True,False,False,False,True,False,False,False,True,False,True,True,True,False,False,False,True,False,False,False,True,True,637,4,2024,False,False,0.0,0.0,False,75,10,False,False,False,False,False,False,False,False,True,False,False,89,1,2,False,HIGH,3
CVE-2026-11562,1.0,True,False,False,False,False,True,True,False,False,False,True,False,False,True,False,False,False,True,True,False,False,True,1371,4,2022,False,False,0.0,0.0,False,75,10,False,False,False,False,False,False,False,True,False,False,False,416,1,2,False,HIGH,3
CVE-2022-11563,1.0,True,False,False,False,True,False,False,True,False,False,True,True,False,True,False,True,False,False,True,False,False,True,1959,2,2021,False,False,0.0,0.0,False,76,11,False,False,False,True,False,False,False,False,False,False,False,20,1,4,False,HIGH,3
CVE-2022-11564,1.0,False,False,True,False,True,False,False,False,True,False,True,False,True,False,False,False,False,True,True,False,False,True,341,4,2025,False,False,0.0,0.0,False,83,11,False,False,False,False,True,False,False,True,False,False,False,119,1,4,False,MEDIUM,2
CVE-2024-11565,1.0,False,False,True,False,False,True,True,False,False,False,True,True,False,True,False,True,False,False,False,True,False,True,742,3,2024,False,False,0.0,0.0,False,75,10,False,False,False,False,False,False,False,False,False,False,True,200,1,4,False,MEDIUM,2
CVE-2023-11566,1.0,True,False,False,False,True,False,False,False,True,True,False,True,True,False,False,False,True,False,False,False,True,True,1443,4,2022,False,False,0.0,0.0,False,69,10,False,False,False,True,False,False,False,False,True,False,False,79,1,5,False,HIGH,3
CVE-2023-11567,1.0,True,False,False,False,True,False,False,False,True,False,True,False,False,False,True,False,True,False,False,True,False,True,1218,2,2023,False,False,0.0,0.0,False,83,11,False,False,False,False,True,False,False,True,False,False,False,787,1,3,False,HIGH,3
CVE-2021-11568,1.0,False,True,False,False,True,False,False,True,False,True,False,True,True,False,False,False,False,True,True,False,False,True,1118,3,2023,False,False,0.0,0.0,False,75,10,False,False,False,False,False,False,False,False,True,False,False,79,1,5,False,HIGH,3
CVE-2021-11569,1.0,True,False,False,False,True,False,False,True,False,True,False,False,False,False,True,True,False,False,False,False,True,True,1817,4,2021,False,False,0.0,0.0,False,76,11,False,False,False,True,False,False,False,True,False,False,False,416,1,4,False,CRITICAL,4
CVE-2025-11570,1.0,False,False,False,True,True,False,False,False,True,False,True,False,True,False,False,True,False,False,False,True,False,True,770,3,2024,False,False,0.0,0.0,False,86,10,False,False,False,False,False,False,False,True,False,False,False,787,1,4,False,LOW,1
CVE-2021-11571,1.0,False,True,False,False,True,False,False,True,False,False,True,False,False,True,False,False,True,False,False,False,True,True,461,2,2025,False,False,0.0,0.0,False,92,10,False,False,False,False,False,False,False,True,False,False,False,787,1,5,False,MEDIUM,2
CVE-2023-11572,1.0,False,True,False,False,False,True,True,False,False,True,False,False,False,False,True,False,True,False,False,True,False,True,1610,2,2022,False,False,0.0,0.0,False,95,11,False,False,False,False,False,False,False,False,False,False,True,200,1,2,False,MEDIUM,2
CVE-2025-11573,1.0,False,False,True,False,True,False,True,False,False,True,False,False,True,False,False,True,False,False,True,False,False,True,719,4,2024,False,False,0.0,0.0,False,69,10,False,False,False,True,False,False,False,False,True,False,False,79,1,3,False,HIGH,3
CVE-2023-11574,1.0,False,False,True,False,False,True,False,False,True,False,True,True,False,True,False,True,False,False,False,False,True,True,1100,3,2023,False,False,0.0,0.0,False,69,10,False,False,False,True,False,False,False,False,False,False,False,20,1,1,False,MEDIUM,2
CVE-2024-11575,1.0,False,False,False,True,False,True,False,True,False,False,True,True,False,True,False,False,True,False,False,False,True,True,946,1,2024,False,False,0.0,0.0,False,75,10,False,False,False,False,False,False,False,True,False,False,False,787,1,5,False,MEDIUM,2
CVE-2023-11576,1.0,False,True,False,False,False,True,False,True,False,False,True,False,False,True,False,False,True,False,True,False,False,True,1913,3,2021,False,False,0.0,0.0,False,76,11,False,False,False,True,False,False,False,False,False,False,False,20,1,4,False,MEDIUM,2
CVE-2023-11577,1.0,False,True,False,False,False,True,True,False,False,True,False,True,False,True,False,False,False,True,False,True,False,True,1451,4,2022,False,False,0.0,0.0,False,92,10,False,False,False,False,False,False,False,False,True,False,False,89,1,4,False,HIGH,3
CVE-2021-11578,1.0,False,False,True,False,True,False,False,False,True,False,True,False,False,True,False,True,False,False,True,False,False,True,1870,3,2021,False,False,0.0,0.0,False,76,11,False,False,False,True,False,False,False,False,False,False,False,269,1,5,False,MEDIUM,2
CVE-2026-11579,1.0,False,False,True,False,False,True,True,False,False,True,False,False,False,True,False,False,True,False,False,False,True,True,2079,1,2021,False,False,0.0,0.0,False,76,11,False,False,False,True,False,False,False,True,False,False,False,119,1,4,False,MEDIUM,2
CVE-2022-11580,1.0,False,False,True,False,False,True,False,False,True,False,True,True,False,True,False,False,True,False,False,False,True,True,1935,2,2021,False,False,0.0,0.0,False,79,9,False,False,False,False,False,False,False,True,False,False,False,416,1,2,False,MEDIUM,2
CVE-2023-11581,1.0,False,False,True,False,True,False,False,True,False,False,True,False,False,True,False,False,False,True,True,False,False,True,552,1,2025,False,False,0.0,0.0,False,79,9,False,False,False,False,False,False,False,True,False,False,False,416,1,5,False,MEDIUM,2
CVE-2025-11582,1.0,False,True,False,False,False,True,False,True,False,False,True,True,True,False,False,False,False,True,False,True,False,True,1595,2,2022,False,False,0.0,0.0,False,79,11,False,False,False,False,False,False,False,True,False,False,False,416,1,3,False,MEDIUM,2
CVE-2025-11583,1.0,False,True,False,False,True,False,True,False,False,True,False,True,False,False,True,False,True,False,True,False,False,True,541,2,2025,False,False,0.0,0.0,False,69,10,False,False,False,True,False,False,False,True,False,False,False,787,1,2,False,CRITICAL,4
CVE-2026-11584,1.0,False,False,True,False,True,False,True,False,False,True,False,False,True,False,False,False,False,True,False,True,False,True,421,3,2025,False,False,0.0,0.0,False,79,11,False,False,False,False,False,False,False,False,True,False,False,89,1,1,False,HIGH,3
CVE-2021-11585,1.0,True,False,False,False,False,True,False,True,False,False,True,True,True,False,False,False,True,False,False,False,True,True,333,4,2025,False,False,0.0,0.0,False,75,10,False,False,False,False,False,False,False,True,False,False,False,416,1,3,False,MEDIUM,2
CVE-2024-11586,1.0,False,True,False,False,True,False,True,False,False,True,False,False,True,False,False,False,True,False,False,True,False,True,456,2,2025,False,False,0.0,0.0,False,83,11,False,False,False,False,True,False,False,True,False,False,False,416,1,3,False,HIGH,3
CVE-2021-11587,1.0,False,True,False,False,True,False,True,False,False,True,False,True,True,False,False,True,False,False,True,False,False,True,1792,4,2021,False,False,0.0,0.0,False,95,11,False,False,False,False,False,False,False,True,False,False,False,119,1,4,False,HIGH,3
CVE-2024-11588,1.0,False,False,False,True,True,False,False,True,False,False,True,True,True,False,False,False,False,True,False,True,False,True,325,4,2025,False,False,0.0,0.0,False,83,11,False,False,False,False,True,False,False,False,True,False,False,79,1,5,False,MEDIUM,2
CVE-2022-11589,1.0,False,False,True,False,False,True,True,False,False,False,True,True,False,True,False,False,True,False,True,False,False,True,1955,2,2021,False,False,0.0,0.0,False,79,11,False,False,False,False,False,False,False,False,True,False,False,79,1,1,False,MEDIUM,2
CVE-2025-11590,1.0,True,False,False,False,True,False,False,True,False,True,False,False,False,True,False,True,False,False,False,False,True,True,968,1,2024,False,False,0.0,0.0,False,92,10,False,False,False,False,False,False,False,False,False,False,False,20,1,2,False,HIGH,3
CVE-2023-11591,1.0,False,True,False,False,False,True,False,True,False,True,False,False,True,False,False,False,True,False,True,False,False,True,1159,3,2023,False,False,0.0,0.0,False,92,10,False,False,False,False,False,False,False,True,False,False,False,787,1,5,False,MEDIUM,2
CVE-2025-11592,1.0,False,False,False,True,True,False,True,False,False,False,True,False,False,False,True,False,True,False,False,True,False,True,577,1,2025,False,False,0.0,0.0,False,95,11,False,False,False,False,False,False,False,False,False,False,False,20,1,2,False,MEDIUM,2
CVE-2026-11593,1.0,False,False,False,True,False,True,True,False,False,False,True,True,True,False,False,True,False,False,False,True,False,True,738,3,2024,False,False,0.0,0.0,False,76,11,False,False,False,False,False,False,True,True,False,False,False,119,1,3,False,MEDIUM,2
CVE-2022-11594,1.0,False,False,True,False,True,False,True,False,False,True,False,True,False,True,False,False,True,False,False,True,False,True,1628,2,2022,False,False,0.0,0.0,False,69,10,False,False,False,True,False,False,False,False,True,False,False,89,1,4,False,HIGH,3
CVE-2026-11595,1.0,False,True,False,False,True,False,True,False,False,True,False,False,True,False,False,True,False,False,True,False,False,True,309,4,2025,False,False,0.0,0.0,False,83,11,False,False,False,False,True,False,False,False,True,False,False,89,1,3,False,HIGH,3
CVE-2025-11596,1.0,False,True,False,False,True,False,True,False,False,True,False,False,True,False,False,False,True,False,False,True,False,True,1875,3,2021,False,False,0.0,0.0,False,95,11,False,False,False,False,False,False,False,True,False,False,False,787,1,4,False,HIGH,3
CVE-2026-11597,1.0,False,False,False,True,False,True,False,True,False,True,False,True,False,True,False,True,False,False,False,True,False,True,678,4,2024,False,False,0.0,0.0,False,76,11,False,False,False,False,False,False,True,False,False,False,False,269,1,3,False,MEDIUM,2
CVE-2026-11598,1.0,False,False,True,False,False,True,True,False,False,True,False,False,True,False,False,True,False,False,False,False,True,True,1979,2,2021,False,False,0.0,0.0,False,92,10,False,False,False,False,False,False,False,False,False,False,True,200,1,4,False,MEDIUM,2
CVE-2022-11599,1.0,False,False,True,False,True,False,True,False,False,True,False,True,False,True,False,True,False,False,False,False,True,True,2036,1,2021,False,False,0.0,0.0,False,75,10,False,False,False,False,False,False,False,False,False,False,False,20,1,1,False,HIGH,3
CVE-2026-11600,1.0,False,True,False,False,False,True,True,False,False,False,True,False,False,True,False,False,False,True,False,True,False,True,1762,4,2021,False,False,0.0,0.0,False,76,11,False,False,False,True,False,False,False,False,False,False,True,200,1,5,False,MEDIUM,2
CVE-2026-11601,1.0,False,False,False,True,False,True,False,True,False,False,True,True,True,False,False,False,False,True,False,False,True,True,506,2,2025,False,False,0.0,0.0,False,76,11,False,False,False,True,False,False,False,False,True,False,False,89,1,3,False,MEDIUM,2
CVE-2024-11602,1.0,False,True,False,False,False,True,True,False,False,False,True,False,False,True,False,False,False,True,True,False,False,True,1359,1,2023,False,False,0.0,0.0,False,69,10,False,False,False,True,False,False,False,False,True,False,False,89,1,2,False,MEDIUM,2
CVE-2025-11603,1.0,False,False,True,False,False,True,False,True,False,False,True,True,False,False,True,False,False,True,False,False,True,True,2013,1,2021,False,False,0.0,0.0,False,83,11,False,False,False,False,True,False,False,False,True,False,False,89,1,2,False,HIGH,3
CVE-2022-11604,1.0,False,False,False,True,True,False,True,False,False,True,False,False,True,False,False,True,False,False,True,False,False,True,811,3,2024,False,False,0.0,0.0,False,76,11,False,False,False,True,False,False,False,False,True,False,False,79,1,5,False,MEDIUM,2
CVE-2025-11605,1.0,False,False,True,False,False,True,False,False,True,True,False,False,False,True,False,True,False,False,False,True,False,True,2010,1,2021,False,False,0.0,0.0,False,76,11,False,False,False,True,False,False,False,False,False,False,True,200,1,1,False,MEDIUM,2
CVE-2025-11606,1.0,True,False,False,False,False,True,False,False,True,False,True,False,False,False,True,False,True,False,False,False,True,True,1786,4,2021,False,False,0.0,0.0,False,92,10,False,False,False,False,False,False,False,False,True,False,False,79,1,4,False,HIGH,3
CVE-2022-11607,1.0,False,False,False,True,False,True,False,False,True,False,True,False,True,False,False,False,False,True,False,True,False,True,1736,4,2021,False,False,0.0,0.0,False,76,11,False,False,False,False,False,False,True,False,True,False,False,89,1,2,False,LOW,1
CVE-2023-11608,1.0,False,True,False,False,True,False,True,False,False,False,True,False,False,True,False,False,False,True,False,True,False,True,340,4,2025,False,False,0.0,0.0,False,69,10,False,False,False,True,False,False,False,False,False,False,True,200,1,5,False,HIGH,3
CVE-2022-11609,1.0,False,True,False,False,True,False,False,True,False,False,True,True,False,True,False,True,False,False,False,True,False,True,1696,1,2022,False,False,0.0,0.0,False,95,11,False,False,False,False,False,False,False,True,False,False,False,787,1,5,False,MEDIUM,2
CVE-2025-11610,1.0,False,False,True,False,False,True,True,False,False,True,False,False,False,True,False,False,False,True,False,False,True,True,1418,4,2022,False,False,0.0,0.0,False,79,11,False,False,False,False,False,False,False,True,False,False,False,416,1,5,False,HIGH,3
CVE-2021-11611,1.0,False,True,False,False,False,True,False,True,False,False,True,False,False,True,False,False,True,False,False,False,True,True,842,2,2024,False,False,0.0,0.0,False,83,11,False,False,False,False,True,False,False,True,False,False,False,119,1,2,False,MEDIUM,2
CVE-2026-11612,1.0,False,True,False,False,False,True,True,False,False,False,True,True,False,True,False,False,True,False,True,False,False,True,1447,4,2022,False,False,0.0,0.0,False,79,11,False,False,False,False,False,False,False,False,True,False,False,89,1,3,False,MEDIUM,2
CVE-2022-11613,1.0,True,False,False,False,False,True,False,True,False,True,False,False,False,False,True,True,False,False,True,False,False,True,2060,1,2021,False,False,0.0,0.0,False,79,11,False,False,False,False,False,False,False,False,False,False,False,269,1,5,False,MEDIUM,2
CVE-2022-11614,1.0,True,False,False,False,True,False,False,True,False,False,True,False,True,False,False,True,False,False,False,False,True,True,882,2,2024,False,False,0.0,0.0,False,75,10,False,False,False,False,False,False,False,False,False,False,False,269,1,3,False,HIGH,3
CVE-2024-11615,1.0,False,True,False,False,False,True,False,False,True,True,False,True,True,False,False,False,False,True,False,False,True,True,1619,2,2022,False,False,0.0,0.0,False,79,11,False,False,False,False,False,False,False,False,False,False,True,200,1,2,False,MEDIUM,2
CVE-2024-11616,1.0,False,False,True,False,False,True,False,False,True,True,False,True,True,False,False,True,False,False,True,False,False,True,1323,1,2023,False,False,0.0,0.0,False,69,10,False,False,False,True,False,False,False,False,True,False,False,79,1,2,False,MEDIUM,2
CVE-2021-11617,1.0,False,True,False,False,True,False,True,False,False,True,False,False,True,False,False,True,False,False,True,False,False,True,2006,1,2021,False,False,0.0,0.0,False,86,10,False,False,False,False,False,False,False,False,True,False,False,79,1,3,False,HIGH,3
CVE-2025-11618,1.0,False,False,True,False,True,False,False,True,False,False,True,True,False,True,False,False,True,False,True,False,False,True,738,3,2024,False,False,0.0,0.0,False,79,9,False,False,False,False,False,False,False,False,True,False,False,79,1,5,False,MEDIUM,2
CVE-2025-11619,1.0,True,False,False,False,False,True,False,True,False,False,True,False,False,False,True,True,False,False,True,False,False,True,1426,4,2022,False,False,0.0,0.0,False,76,11,False,False,False,False,False,False,True,True,False,False,False,416,1,2,False,MEDIUM,2
CVE-2025-11620,1.0,False,False,False,True,True,False,False,True,False,False,True,True,False,False,True,False,True,False,False,True,False,True,1076,4,2023,False,False,0.0,0.0,False,79,11,False,False,False,False,False,False,False,True,False,False,False,416,1,3,False,MEDIUM,2
CVE-2025-11621,1.0,False,True,False,False,False,True,False,False,True,True,False,False,False,False,True,True,False,False,False,False,True,True,1204,2,2023,False,False,0.0,0.0,False,76,11,False,False,False,False,False,False,True,True,False,False,False,416,1,2,False,HIGH,3
CVE-2021-11622,1.0,True,False,False,False,False,True,False,False,True,True,False,False,False,True,False,True,False,False,False,False,True,True,1700,1,2022,False,False,0.0,0.0,False,75,10,False,False,False,False,False,False,False,False,False,False,True,200,1,5,False,HIGH,3
CVE-2021-11623,1.0,True,False,False,False,True,False,False,True,False,False,True,False,False,True,False,False,False,True,False,False,True,True,1519,3,2022,False,False,0.0,0.0,False,92,10,False,False,False,False,False,False,False,False,False,False,True,200,1,5,False,HIGH,3
CVE-2021-11624,1.0,False,True,False,False,True,False,False,False,True,True,False,False,True,False,False,False,True,False,False,True,False,True,761,3,2024,False,False,0.0,0.0,False,86,10,False,False,False,False,False,False,False,True,False,False,False,416,1,1,False,MEDIUM,2
CVE-2026-11625,1.0,True,False,False,False,False,True,True,False,False,True,False,True,True,False,False,False,False,True,False,True,False,True,2091,1,2021,False,False,0.0,0.0,False,75,10,False,False,False,False,False,False,False,False,True,False,False,79,1,1,False,HIGH,3
CVE-2026-11626,1.0,False,True,False,False,False,True,True,False,False,True,False,False,False,True,False,False,False,True,False,False,True,True,2000,2,2021,False,False,0.0,0.0,False,83,11,False,False,False,False,True,False,False,False,True,False,False,89,1,4,False,HIGH,3
CVE-2022-11627,1.0,True,False,False,False,True,False,False,True,False,False,True,True,True,False,False,False,True,False,False,True,False,True,744,3,2024,False,False,0.0,0.0,False,79,11,False,False,False,False,False,False,False,True,False,False,False,119,1,2,False,MEDIUM,2
CVE-2025-11628,1.0,False,False,False,True,True,False,True,False,False,False,True,True,False,False,True,True,False,False,False,False,True,True,1672,1,2022,False,False,0.0,0.0,False,75,10,False,False,False,False,False,False,False,False,False,False,False,269,1,1,False,HIGH,3
CVE-2024-11629,1.0,False,False,False,True,True,False,True,False,False,False,True,True,True,False,False,True,False,False,True,False,False,True,1733,4,2021,False,False,0.0,0.0,False,86,10,False,False,False,False,False,False,False,True,False,False,False,119,1,2,False,MEDIUM,2
CVE-2022-11630,1.0,False,True,False,False,True,False,False,False,True,True,False,True,True,False,False,False,True,False,False,False,True,True,1684,1,2022,False,False,0.0,0.0,False,86,10,False,False,False,False,False,False,False,False,True,False,False,79,1,5,False,HIGH,3
CVE-2023-11631,1.0,True,False,False,False,False,True,False,True,False,False,True,True,True,False,False,False,False,True,True,False,False,True,645,4,2024,False,False,0.0,0.0,False,76,11,False,False,False,True,False,False,False,True,False,False,False,416,1,3,False,MEDIUM,2
CVE-2022-11632,1.0,True,False,False,False,False,True,True,False,False,True,False,False,False,True,False,False,False,True,False,True,False,True,2083,1,2021,False,False,0.0,0.0,False,79,11,False,False,False,False,False,False,False,False,True,False,False,79,1,4,False,CRITICAL,4
CVE-2026-11633,1.0,False,False,False,True,True,False,False,False,True,False,True,True,False,False,True,False,True,False,True,False,False,True,1869,3,2021,False,False,0.0,0.0,False,86,10,False,False,False,False,False,False,False,False,False,False,False,20,1,2,False,MEDIUM,2
CVE-2024-11634,1.0,False,False,False,True,False,True,True,False,False,False,True,False,True,False,False,False,True,False,False,True,False,True,1341,1,2023,False,False,0.0,0.0,False,95,11,False,False,False,False,False,False,False,True,False,False,False,119,1,3,False,LOW,1
CVE-2025-11635,1.0,False,True,False,False,False,True,False,True,False,True,False,True,False,False,True,False,True,False,False,False,True,True,881,2,2024,False,False,0.0,0.0,False,79,11,False,False,False,False,False,False,False,False,False,False,False,20,1,4,False,HIGH,3
CVE-2022-11636,1.0,True,False,False,False,False,True,False,True,False,False,True,False,False,False,True,False,True,False,False,True,False,True,909,2,2024,False,False,0.0,0.0,False,79,9,False,False,False,False,False,False,False,False,False,False,True,200,1,1,False,MEDIUM,2
CVE-2025-11637,1.0,False,False,False,True,True,False,False,False,True,True,False,True,False,True,False,False,False,True,False,False,True,True,828,2,2024,False,False,0.0,0.0,False,76,11,False,False,False,True,False,False,False,True,False,False,False,787,1,3,False,HIGH,3
CVE-2023-11638,1.0,False,False,True,False,False,True,False,True,False,True,False,False,False,False,True,False,False,True,False,True,False,True,691,4,2024,False,False,0.0,0.0,False,86,10,False,False,False,False,False,False,False,False,True,False,False,79,1,4,False,MEDIUM,2
CVE-2022-11639,1.0,False,False,True,False,True,False,False,True,False,True,False,True,False,True,False,False,False,True,False,False,True,True,1504,3,2022,False,False,0.0,0.0,False,76,11,False,False,False,True,False,False,False,False,False,False,False,20,1,3,False,HIGH,3
CVE-2023-11640,1.0,False,True,False,False,False,True,True,False,False,False,True,False,True,False,False,True,False,False,True,False,False,True,2075,1,2021,False,False,0.0,0.0,False,79,9,False,False,False,False,False,False,False,True,False,False,False,416,1,2,False,MEDIUM,2
CVE-2021-11641,1.0,False,False,True,False,True,False,True,False,False,True,False,True,False,False,True,False,True,False,False,True,False,True,1283,1,2023,False,False,0.0,0.0,False,76,11,False,False,False,True,False,False,False,False,True,False,False,79,1,2,False,HIGH,3
CVE-2025-11642,1.0,False,True,False,False,True,False,False,True,False,False,True,True,False,False,True,False,False,True,False,False,True,True,299,4,2025,False,False,0.0,0.0,False,69,10,False,False,False,True,False,False,False,True,False,False,False,119,1,5,False,CRITICAL,4
CVE-2026-11643,1.0,True,False,False,False,False,True,False,True,False,True,False,False,True,False,False,False,True,False,False,True,False,True,1125,3,2023,False,False,0.0,0.0,False,79,11,False,False,False,False,False,False,False,False,False,False,False,20,1,1,False,MEDIUM,2
CVE-2022-11644,1.0,False,False,True,False,False,True,False,False,True,False,True,False,False,False,True,False,False,True,False,True,False,True,2001,2,2021,False,False,0.0,0.0,False,69,10,False,False,False,True,False,False,False,True,False,False,False,119,1,1,False,MEDIUM,2
CVE-2024-11645,1.0,False,False,True,False,True,False,False,True,False,False,True,True,False,True,False,False,False,True,True,False,False,True,1496,3,2022,False,False,0.0,0.0,False,83,11,False,False,False,False,True,False,False,True,False,False,False,787,1,1,False,MEDIUM,2
CVE-2025-11646,1.0,False,False,False,True,True,False,True,False,False,True,False,False,False,True,False,False,True,False,False,False,True,True,1129,3,2023,False,False,0.0,0.0,False,76,11,False,False,False,False,False,False,True,False,True,False,False,79,1,1,False,HIGH,3
CVE-2023-11647,1.0,False,False,True,False,True,False,False,False,True,True,False,True,False,True,False,False,True,False,False,False,True,True,1490,3,2022,False,False,0.0,0.0,False,92,10,False,False,False,False,False,False,False,False,False,False,False,269,1,4,False,MEDIUM,2
CVE-2024-11648,1.0,False,True,False,False,False,True,True,False,False,False,True,False,True,False,False,True,False,False,False,True,False,True,419,3,2025,False,False,0.0,0.0,False,86,10,False,False,False,False,False,False,False,False,False,False,False,269,1,5,False,MEDIUM,2
CVE-2024-11649,1.0,False,True,False,False,False,True,False,True,False,True,False,False,True,False,False,True,False,False,False,False,True,True,309,4,2025,False,False,0.0,0.0,False,79,11,False,False,False,False,False,False,False,False,False,False,False,20,1,3,False,MEDIUM,2
CVE-2022-11650,1.0,False,False,True,False,False,True,True,False,False,False,True,True,False,True,False,False,True,False,False,True,False,True,795,3,2024,False,False,0.0,0.0,False,92,10,False,False,False,False,False,False,False,False,False,False,True,200,1,5,False,MEDIUM,2
CVE-2026-11651,1.0,False,False,True,False,True,False,False,False,True,False,True,True,True,False,False,True,False,False,True,False,False,True,487,2,2025,False,False,0.0,0.0,False,79,9,False,False,False,False,False,False,False,True,False,False,False,119,1,3,False,MEDIUM,2
CVE-2024-11652,1.0,False,True,False,False,False,True,False,True,False,False,True,False,True,False,False,True,False,False,False,False,True,True,395,3,2025,False,False,0.0,0.0,False,69,10,False,False,False,True,False,False,False,False,False,False,False,20,1,1,False,MEDIUM,2
CVE-2024-11653,1.0,False,True,False,False,True,False,True,False,False,False,True,False,False,False,True,True,False,False,False,False,True,True,1834,3,2021,False,False,0.0,0.0,False,92,10,False,False,False,False,False,False,False,True,False,False,False,787,1,4,False,HIGH,3
CVE-2024-11654,1.0,False,True,False,False,False,True,False,False,True,False,True,True,False,False,True,False,True,False,True,False,False,True,514,2,2025,False,False,0.0,0.0,False,75,10,False,False,False,False,False,False,False,False,True,False,False,89,1,5,False,MEDIUM,2
CVE-2022-11655,1.0,False,True,False,False,False,True,True,False,False,False,True,False,False,False,True,False,True,False,False,True,False,True,700,4,2024,False,False,0.0,0.0,False,79,9,False,False,False,False,False,False,False,False,False,False,False,269,1,5,False,MEDIUM,2
CVE-2024-11656,1.0,False,False,True,False,True,False,False,False,True,True,False,True,False,True,False,False,False,True,True,False,False,True,1959,2,2021,False,False,0.0,0.0,False,76,11,False,False,False,False,False,False,True,False,False,False,True,200,1,4,False,HIGH,3
CVE-2023-11657,1.0,False,True,False,False,False,True,False,False,True,True,False,True,True,False,False,False,True,False,False,True,False,True,1544,3,2022,False,False,0.0,0.0,False,76,11,False,False,False,True,False,False,False,False,False,False,True,200,1,1,False,MEDIUM,2
CVE-2021-11658,1.0,False,False,True,False,False,True,True,False,False,False,True,True,False,False,True,True,False,False,True,False,False,True,1366,4,2022,False,False,0.0,0.0,False,76,11,False,False,False,True,False,False,False,False,False,False,False,269,1,2,False,MEDIUM,2
CVE-2025-11659,1.0,False,True,False,False,True,False,True,False,False,True,False,True,True,False,False,True,False,False,False,False,True,True,1001,4,2023,False,False,0.0,0.0,False,76,11,False,False,False,True,False,False,False,True,False,False,False,119,1,2,False,HIGH,3
CVE-2025-11660,1.0,True,False,False,False,False,True,False,False,True,True,False,False,False,True,False,True,False,False,False,True,False,True,1722,1,2022,False,False,0.0,0.0,False,86,10,False,False,False,False,False,False,False,True,False,False,False,787,1,2,False,MEDIUM,2
CVE-2023-11661,1.0,False,False,False,True,True,False,False,True,False,True,False,True,True,False,False,True,False,False,False,True,False,True,401,3,2025,False,False,0.0,0.0,False,69,10,False,False,False,True,False,False,False,False,False,False,True,200,1,4,False,MEDIUM,2
CVE-2026-11662,1.0,False,True,False,False,False,True,False,False,True,True,False,False,False,False,True,False,False,True,True,False,False,True,1660,1,2022,False,False,0.0,0.0,False,83,11,False,False,False,False,True,False,False,False,False,False,False,269,1,4,False,HIGH,3
CVE-2022-11663,1.0,False,False,False,True,False,True,True,False,False,False,True,True,False,False,True,False,True,False,True,False,False,True,1496,3,2022,False,False,0.0,0.0,False,76,11,False,False,False,True,False,False,False,True,False,False,False,416,1,5,False,MEDIUM,2
CVE-2023-11664,1.0,False,False,False,True,True,False,False,False,True,False,True,True,False,False,True,False,True,False,False,True,False,True,1636,2,2022,False,False,0.0,0.0,False,76,11,False,False,False,False,False,False,True,False,False,False,False,269,1,1,False,MEDIUM,2
CVE-2025-11665,1.0,True,False,False,False,True,False,True,False,False,True,False,True,False,True,False,True,False,False,False,False,True,True,918,1,2024,False,False,0.0,0.0,False,79,11,False,False,False,False,False,False,False,True,False,False,False,119,1,3,False,CRITICAL,4
CVE-2021-11666,1.0,False,False,False,True,False,True,False,True,False,True,False,True,False,True,False,False,True,False,False,False,True,True,653,4,2024,False,False,0.0,0.0,False,75,10,False,False,False,False,False,False,False,False,False,False,True,200,1,5,False,MEDIUM,2
CVE-2026-11667,1.0,False,False,True,False,False,True,True,False,False,False,True,True,False,True,False,False,False,True,False,False,True,True,1158,3,2023,False,False,0.0,0.0,False,79,11,False,False,False,False,False,False,False,False,False,False,False,269,1,5,False,HIGH,3
CVE-2025-11668,1.0,True,False,False,False,True,False,True,False,False,True,False,True,False,False,True,False,False,True,False,True,False,True,576,1,2025,False,False,0.0,0.0,False,75,10,False,False,False,False,False,False,False,False,True,False,False,79,1,2,False,CRITICAL,4
CVE-2025-11669,1.0,False,False,False,True,True,False,False,True,False,True,False,True,False,False,True,False,False,True,False,True,False,True,989,1,2024,False,False,0.0,0.0,False,79,9,False,False,False,False,False,False,False,False,False,False,True,200,1,3,False,HIGH,3
CVE-2023-11670,1.0,False,False,False,True,False,True,True,False,False,False,True,False,True,False,False,True,False,False,False,False,True,True,468,2,2025,False,False,0.0,0.0,False,76,11,False,False,False,False,False,False,True,True,False,False,False,119,1,1,False,MEDIUM,2
CVE-2025-11671,1.0,False,False,False,True,True,False,True,False,False,True,False,True,False,False,True,True,False,False,False,True,False,True,1066,4,2023,False,False,0.0,0.0,False,92,10,False,False,False,False,False,False,False,False,False,False,False,269,1,5,False,HIGH,3
CVE-2021-11672,1.0,False,True,False,False,True,False,False,True,False,False,True,False,False,True,False,False,True,False,True,False,False,True,584,1,2025,False,False,0.0,0.0,False,69,10,False,False,False,True,False,False,False,True,False,False,False,416,1,4,False,MEDIUM,2
CVE-2022-11673,1.0,True,False,False,False,False,True,False,False,True,True,False,True,False,False,True,True,False,False,False,False,True,True,1643,1,2022,False,False,0.0,0.0,False,79,11,False,False,False,False,False,False,False,False,True,False,False,89,1,4,False,HIGH,3
CVE-2026-11674,1.0,True,False,False,False,True,False,False,False,True,True,False,False,True,False,False,False,False,True,True,False,False,True,571,1,2025,False,False,0.0,0.0,False,69,10,False,False,False,True,False,False,False,True,False,False,False,787,1,3,False,HIGH,3
CVE-2026-11675,1.0,False,False,True,False,True,False,True,False,False,False,True,False,False,False,True,True,False,False,False,False,True,True,322,4,2025,False,False,0.0,0.0,False,75,10,False,False,False,False,False,False,False,False,False,False,False,269,1,5,False,HIGH,3
CVE-2025-11676,1.0,True,False,False,False,False,True,False,True,False,True,False,False,False,True,False,True,False,False,False,False,True,True,627,1,2025,False,False,0.0,0.0,False,76,11,False,False,False,False,False,False,True,True,False,False,False,787,1,2,False,MEDIUM,2
CVE-2021-11677,1.0,False,False,False,True,True,False,False,True,False,False,True,False,False,True,False,True,False,False,True,False,False,True,1393,4,2022,False,False,0.0,0.0,False,95,11,False,False,False,False,False,False,False,False,False,False,False,269,1,5,False,MEDIUM,2
CVE-2024-11678,1.0,False,True,False,False,False,True,True,False,False,True,False,False,False,False,True,False,True,False,False,False,True,True,932,1,2024,False,False,0.0,0.0,False,79,11,False,False,False,False,False,False,False,False,False,False,False,269,1,4,False,HIGH,3
CVE-2023-11679,1.0,False,False,False,True,True,False,True,False,False,False,True,True,False,True,False,True,False,False,False,False,True,True,799,3,2024,False,False,0.0,0.0,False,76,11,False,False,False,False,False,False,True,True,False,False,False,787,1,5,False,MEDIUM,2
CVE-2023-11680,1.0,True,False,False,False,False,True,False,True,False,True,False,True,False,False,True,False,False,True,True,False,False,True,1385,4,2022,False,False,0.0,0.0,False,75,10,False,False,False,False,False,False,False,True,False,False,False,119,1,4,False,HIGH,3
CVE-2022-11681,1.0,False,True,False,False,False,True,False,False,True,False,True,True,True,False,False,False,True,False,True,False,False,True,1160,3,2023,False,False,0.0,0.0,False,76,11,False,False,False,True,False,False,False,False,False,False,True,200,1,2,False,MEDIUM,2
CVE-2021-11682,1.0,False,False,True,False,True,False,False,False,True,False,True,False,True,False,False,True,False,False,False,False,True,True,1322,1,2023,False,False,0.0,0.0,False,86,10,False,False,False,False,False,False,False,True,False,False,False,787,1,3,False,MEDIUM,2
CVE-2023-11683,1.0,False,False,True,False,False,True,False,True,False,True,False,True,True,False,False,True,False,False,True,False,False,True,999,1,2024,False,False,0.0,0.0,False,92,10,False,False,False,False,False,False,False,False,False,False,False,20,1,2,False,MEDIUM,2
CVE-2022-11684,1.0,False,True,False,False,False,True,False,True,False,True,False,True,True,False,False,False,False,True,True,False,False,True,2079,1,2021,False,False,0.0,0.0,False,76,11,False,False,False,True,False,False,False,False,False,False,True,200,1,3,False,MEDIUM,2
CVE-2024-11685,1.0,False,True,False,False,False,True,True,False,False,True,False,True,False,False,True,True,False,False,False,True,False,True,1858,3,2021,False,False,0.0,0.0,False,79,9,False,False,False,False,False,False,False,True,False,False,False,787,1,4,False,HIGH,3
CVE-2026-11686,1.0,True,False,False,False,True,False,True,False,False,False,True,True,False,True,False,False,True,False,False,True,False,True,547,1,2025,False,False,0.0,0.0,False,79,9,False,False,False,False,False,False,False,True,False,False,False,119,1,3,False,HIGH,3
CVE-2026-11687,1.0,False,False,False,True,True,False,False,True,False,False,True,False,True,False,False,False,False,True,False,True,False,True,1166,3,2023,False,False,0.0,0.0,False,86,10,False,False,False,False,False,False,False,False,True,False,False,79,1,1,False,MEDIUM,2
CVE-2023-11688,1.0,False,True,False,False,False,True,True,False,False,True,False,True,True,False,False,False,False,True,False,True,False,True,507,2,2025,False,False,0.0,0.0,False,95,11,False,False,False,False,False,False,False,True,False,False,False,787,1,3,False,HIGH,3
CVE-2022-11689,1.0,False,True,False,False,False,True,False,True,False,False,True,True,True,False,False,False,True,False,True,False,False,True,596,1,2025,False,False,0.0,0.0,False,86,10,False,False,False,False,False,False,False,True,False,False,False,119,1,1,False,MEDIUM,2
CVE-2021-11690,1.0,False,False,True,False,True,False,False,False,True,False,True,False,True,False,False,False,False,True,True,False,False,True,820,2,2024,False,False,0.0,0.0,False,79,11,False,False,False,False,False,False,False,True,False,False,False,416,1,2,False,MEDIUM,2
CVE-2023-11691,1.0,True,False,False,False,False,True,True,False,False,True,False,False,True,False,False,False,False,True,True,False,False,True,483,2,2025,False,False,0.0,0.0,False,83,11,False,False,False,False,True,False,False,False,False,False,False,269,1,4,False,HIGH,3
CVE-2022-11692,1.0,False,False,True,False,True,False,True,False,False,True,False,True,False,False,True,False,False,True,False,False,True,True,2081,1,2021,False,False,0.0,0.0,False,76,11,False,False,False,True,False,False,False,False,False,False,True,200,1,1,False,CRITICAL,4
CVE-2022-11693,1.0,False,False,True,False,True,False,False,False,True,True,False,False,False,False,True,False,True,False,False,False,True,True,1769,4,2021,False,False,0.0,0.0,False,79,11,False,False,False,False,False,False,False,False,False,False,True,200,1,1,False,HIGH,3
CVE-2022-11694,1.0,False,False,False,True,True,False,False,False,True,False,True,False,False,False,True,False,True,False,False,True,False,True,558,1,2025,False,False,0.0,0.0,False,75,10,False,False,False,False,False,False,False,True,False,False,False,416,1,2,False,MEDIUM,2
CVE-2022-11695,1.0,False,False,False,True,False,True,True,False,False,True,False,True,True,False,False,False,True,False,False,False,True,True,1331,1,2023,False,False,0.0,0.0,False,75,10,False,False,False,False,False,False,False,True,False,False,False,119,1,2,False,MEDIUM,2
CVE-2021-11696,1.0,True,False,False,False,True,False,True,False,False,False,True,True,False,False,True,False,True,False,True,False,False,True,1875,3,2021,False,False,0.0,0.0,False,95,11,False,False,False,False,False,False,False,True,False,False,False,119,1,1,False,CRITICAL,4
CVE-2021-11697,1.0,False,False,False,True,False,True,False,False,True,True,False,False,True,False,False,True,False,False,True,False,False,True,1790,4,2021,False,False,0.0,0.0,False,76,11,False,False,False,True,False,False,False,False,False,False,False,269,1,2,False,LOW,1
CVE-2024-11698,1.0,True,False,False,False,False,True,True,False,False,False,True,False,True,False,False,False,True,False,False,True,False,True,618,1,2025,False,False,0.0,0.0,False,95,11,False,False,False,False,False,False,False,True,False,False,False,787,1,5,False,MEDIUM,2
CVE-2021-11699,1.0,False,False,False,True,True,False,True,False,False,False,True,False,True,False,False,False,True,False,True,False,False,True,1973,2,2021,False,False,0.0,0.0,False,83,11,False,False,False,False,True,False,False,True,False,False,False,787,1,1,False,MEDIUM,2
CVE-2021-11700,1.0,False,True,False,False,True,False,True,False,False,True,False,False,False,False,True,False,True,False,False,False,True,True,755,3,2024,False,False,0.0,0.0,False,92,10,False,False,False,False,False,False,False,False,False,False,False,20,1,5,False,CRITICAL,4
CVE-2021-11701,1.0,False,False,False,True,True,False,True,False,False,True,False,False,False,True,False,False,True,False,False,False,True,True,754,3,2024,False,False,0.0,0.0,False,76,11,False,False,False,True,False,False,False,False,False,False,True,200,1,4,False,MEDIUM,2
CVE-2024-11702,1.0,False,True,False,False,True,False,False,True,False,True,False,True,False,True,False,False,True,False,True,False,False,True,1868,3,2021,False,False,0.0,0.0,False,76,11,False,False,False,False,False,False,True,True,False,False,False,416,1,1,False,MEDIUM,2
CVE-2022-11703,1.0,False,False,True,False,True,False,True,False,False,False,True,False,True,False,False,False,False,True,False,True,False,True,540,2,2025,False,False,0.0,0.0,False,75,10,False,False,False,False,False,False,False,False,False,False,False,20,1,2,False,MEDIUM,2
CVE-2022-11704,1.0,False,False,True,False,True,False,True,False,False,True,False,True,False,True,False,False,False,True,False,True,False,True,1656,1,2022,False,False,0.0,0.0,False,83,11,False,False,False,False,True,False,False,True,False,False,False,787,1,2,False,HIGH,3
CVE-2025-11705,1.0,False,True,False,False,False,True,False,False,True,False,True,True,True,False,False,True,False,False,True,False,False,True,2049,1,2021,False,False,0.0,0.0,False,95,11,False,False,False,False,False,False,False,True,False,False,False,787,1,4,False,MEDIUM,2
CVE-2026-11706,1.0,False,False,True,False,True,False,False,False,True,True,False,True,False,True,False,False,False,True,False,True,False,True,1142,3,2023,False,False,0.0,0.0,False,76,11,False,False,False,False,False,False,True,False,False,False,False,269,1,1,False,HIGH,3
CVE-2021-11707,1.0,True,False,False,False,True,False,False,True,False,True,False,False,False,True,False,False,False,True,False,True,False,True,1826,3,2021,False,False,0.0,0.0,False,95,11,False,False,False,False,False,False,False,False,False,False,True,200,1,5,False,HIGH,3
CVE-2024-11708,1.0,False,False,False,True,False,True,True,False,False,True,False,True,False,True,False,True,False,False,True,False,False,True,1573,2,2022,False,False,0.0,0.0,False,86,10,False,False,False,False,False,False,False,False,False,False,True,200,1,3,False,MEDIUM,2
CVE-2023-11709,1.0,False,True,False,False,False,True,False,False,True,True,False,False,False,False,True,True,False,False,False,True,False,True,2047,1,2021,False,False,0.0,0.0,False,76,11,False,False,False,True,False,False,False,False,False,False,True,200,1,5,False,MEDIUM,2
CVE-2022-11710,1.0,False,False,True,False,True,False,True,False,False,False,True,False,False,True,False,False,False,True,False,False,True,True,1920,2,2021,False,False,0.0,0.0,False,79,11,False,False,False,False,False,False,False,False,True,False,False,89,1,2,False,HIGH,3
CVE-2022-11711,1.0,False,False,True,False,False,True,False,True,False,False,True,False,False,False,True,True,False,False,True,False,False,True,1525,3,2022,False,False,0.0,0.0,False,83,11,False,False,False,False,True,False,False,True,False,False,False,119,1,5,False,MEDIUM,2
CVE-2024-11712,1.0,False,False,False,True,True,False,True,False,False,True,False,False,True,False,False,True,False,False,True,False,False,True,1443,4,2022,False,False,0.0,0.0,False,86,10,False,False,False,False,False,False,False,True,False,False,False,787,1,2,False,MEDIUM,2
CVE-2023-11713,1.0,False,True,False,False,True,False,True,False,False,True,False,False,True,False,False,False,False,True,False,False,True,True,1422,4,2022,False,False,0.0,0.0,False,69,10,False,False,False,True,False,False,False,True,False,False,False,416,1,2,False,CRITICAL,4
CVE-2026-11714,1.0,False,False,False,True,True,False,False,False,True,True,False,False,True,False,False,False,False,True,False,False,True,True,633,1,2025,False,False,0.0,0.0,False,79,9,False,False,False,False,False,False,False,False,True,False,False,79,1,1,False,MEDIUM,2
CVE-2021-11715,1.0,True,False,False,False,True,False,False,True,False,True,False,False,True,False,False,False,False,True,False,True,False,True,1264,2,2023,False,False,0.0,0.0,False,79,9,False,False,False,False,False,False,False,True,False,False,False,787,1,5,False,HIGH,3
CVE-2025-11716,1.0,True,False,False,False,False,True,True,False,False,False,True,True,False,False,True,True,False,False,False,False,True,True,607,1,2025,False,False,0.0,0.0,False,86,10,False,False,False,False,False,False,False,False,False,False,True,200,1,4,False,CRITICAL,4
CVE-2021-11717,1.0,False,False,True,False,True,False,True,False,False,False,True,False,True,False,False,False,False,True,True,False,False,True,1992,2,2021,False,False,0.0,0.0,False,92,10,False,False,False,False,False,False,False,True,False,False,False,787,1,1,False,HIGH,3
CVE-2025-11718,1.0,True,False,False,False,False,True,False,False,True,False,True,True,False,False,True,True,False,False,False,False,True,True,1921,2,2021,False,False,0.0,0.0,False,76,11,False,False,False,False,False,False,True,False,False,False,True,200,1,2,False,HIGH,3
CVE-2022-11719,1.0,True,False,False,False,True,False,False,True,False,True,False,True,True,False,False,False,True,False,False,True,False,True,793,3,2024,False,False,0.0,0.0,False,69,10,False,False,False,True,False,False,False,True,False,False,False,787,1,3,False,HIGH,3
CVE-2025-11720,1.0,False,False,True,False,False,True,False,False,True,False,True,True,False,True,False,False,True,False,True,False,False,True,852,2,2024,False,False,0.0,0.0,False,95,11,False,False,False,False,False,False,False,False,False,False,False,20,1,1,False,LOW,1
CVE-2025-11721,1.0,True,False,False,False,True,False,False,False,True,True,False,False,True,False,False,False,False,True,True,False,False,True,1813,4,2021,False,False,0.0,0.0,False,69,10,False,False,False,True,False,False,False,False,False,False,True,200,1,1,False,HIGH,3
CVE-2024-11722,1.0,False,False,True,False,True,False,False,True,False,False,True,True,True,False,False,False,True,False,True,False,False,True,1807,4,2021,False,False,0.0,0.0,False,75,10,False,False,False,False,False,False,False,False,False,False,False,269,1,2,False,MEDIUM,2
CVE-2023-11723,1.0,False,False,True,False,False,True,True,False,False,True,False,True,True,False,False,True,False,False,False,False,True,True,1768,4,2021,False,False,0.0,0.0,False,95,11,False,False,False,False,False,False,False,False,True,False,False,79,1,5,False,HIGH,3
CVE-2025-11724,1.0,True,False,False,False,True,False,False,False,True,False,True,False,False,False,True,True,False,False,False,False,True,True,659,4,2024,False,False,0.0,0.0,False,75,10,False,False,False,False,False,False,False,False,False,False,False,269,1,5,False,HIGH,3
CVE-2023-11725,1.0,True,False,False,False,True,False,True,False,False,False,True,False,True,False,False,True,False,False,False,True,False,True,732,3,2024,False,False,0.0,0.0,False,69,10,False,False,False,True,False,False,False,True,False,False,False,416,1,4,False,HIGH,3
CVE-2021-11726,1.0,False,True,False,False,True,False,False,True,False,True,False,False,True,False,False,False,False,True,False,False,True,True,1921,2,2021,False,False,0.0,0.0,False,69,10,False,False,False,True,False,False,False,False,True,False,False,89,1,2,False,HIGH,3
CVE-2025-11727,1.0,False,False,False,True,True,False,False,True,False,True,False,False,True,False,False,False,False,True,False,True,False,True,590,1,2025,False,False,0.0,0.0,False,75,10,False,False,False,False,False,False,False,False,False,False,False,269,1,1,False,MEDIUM,2
CVE-2026-11728,1.0,False,False,True,False,True,False,False,False,True,False,True,True,False,True,False,False,False,True,True,False,False,True,1216,2,2023,False,False,0.0,0.0,False,76,11,False,False,False,True,False,False,False,False,False,False,True,200,1,2,False,MEDIUM,2
CVE-2024-11729,1.0,False,False,True,False,False,True,True,False,False,True,False,False,False,True,False,True,False,False,True,False,False,True,1237,2,2023,False,False,0.0,0.0,False,75,10,False,False,False,False,False,False,False,False,False,False,False,269,1,4,False,MEDIUM,2
CVE-2026-11730,1.0,False,True,False,False,False,True,True,False,False,False,True,True,True,False,False,False,True,False,False,True,False,True,1462,3,2022,False,False,0.0,0.0,False,92,10,False,False,False,False,False,False,False,False,True,False,False,89,1,2,False,MEDIUM,2
CVE-2021-11731,1.0,False,True,False,False,False,True,False,False,True,True,False,True,False,True,False,True,False,False,False,False,True,True,561,1,2025,False,False,0.0,0.0,False,83,11,False,False,False,False,True,False,False,True,False,False,False,416,1,4,False,HIGH,3
CVE-2023-11732,1.0,False,True,False,False,True,False,False,True,False,True,False,True,False,True,False,False,False,True,False,True,False,True,664,4,2024,False,False,0.0,0.0,False,95,11,False,False,False,False,False,False,False,False,False,False,True,200,1,5,False,HIGH,3
CVE-2024-11733,1.0,False,True,False,False,True,False,False,False,True,True,False,True,True,False,False,True,False,False,False,True,False,True,1139,3,2023,False,False,0.0,0.0,False,79,9,False,False,False,False,False,False,False,False,True,False,False,79,1,5,False,MEDIUM,2
CVE-2025-11734,1.0,False,False,True,False,True,False,True,False,False,True,False,True,False,True,False,True,False,False,False,True,False,True,937,1,2024,False,False,0.0,0.0,False,79,9,False,False,False,False,False,False,False,False,False,False,False,20,1,3,False,HIGH,3
CVE-2026-11735,1.0,False,True,False,False,True,False,True,False,False,True,False,True,False,False,True,False,True,False,False,True,False,True,552,1,2025,False,False,0.0,0.0,False,95,11,False,False,False,False,False,False,False,False,False,False,False,269,1,2,False,HIGH,3
CVE-2023-11736,1.0,True,False,False,False,False,True,False,False,True,False,True,True,False,False,True,True,False,False,True,False,False,True,918,1,2024,False,False,0.0,0.0,False,83,11,False,False,False,False,True,False,False,False,True,False,False,79,1,5,False,MEDIUM,2
CVE-2022-11737,1.0,True,False,False,False,True,False,False,True,False,True,False,False,False,False,True,False,True,False,True,False,False,True,976,1,2024,False,False,0.0,0.0,False,76,11,False,False,False,True,False,False,False,False,False,False,False,269,1,5,False,HIGH,3
CVE-2025-11738,1.0,False,True,False,False,True,False,False,False,True,False,True,True,False,False,True,True,False,False,False,True,False,True,305,4,2025,False,False,0.0,0.0,False,79,9,False,False,False,False,False,False,False,True,False,False,False,416,1,3,False,HIGH,3
CVE-2023-11739,1.0,True,False,False,False,True,False,True,False,False,True,False,False,False,True,False,False,True,False,True,False,False,True,361,4,2025,False,False,0.0,0.0,False,69,10,False,False,False,True,False,False,False,False,False,False,True,200,1,1,False,HIGH,3
CVE-2022-11740,1.0,True,False,False,False,False,True,True,False,False,False,True,True,True,False,False,True,False,False,False,True,False,True,328,4,2025,False,False,0.0,0.0,False,75,10,False,False,False,False,False,False,False,False,True,False,False,89,1,1,False,MEDIUM,2
CVE-2024-11741,1.0,False,True,False,False,True,False,True,False,False,True,False,False,False,False,True,False,True,False,False,False,True,True,1987,2,2021,False,False,0.0,0.0,False,86,10,False,False,False,False,False,False,False,False,False,False,False,20,1,1,False,CRITICAL,4
CVE-2023-11742,1.0,False,True,False,False,False,True,False,True,False,True,False,False,True,False,False,False,False,True,False,True,False,True,2029,1,2021,False,False,0.0,0.0,False,76,11,False,False,False,False,False,False,True,False,True,False,False,79,1,5,False,MEDIUM,2
CVE-2026-11743,1.0,True,False,False,False,True,False,False,False,True,False,True,False,False,True,False,False,False,True,False,False,True,True,959,1,2024,False,False,0.0,0.0,False,76,11,False,False,False,True,False,False,False,False,False,False,False,20,1,5,False,HIGH,3
CVE-2021-11744,1.0,False,False,True,False,False,True,False,False,True,False,True,True,True,False,False,False,False,True,True,False,False,True,904,2,2024,False,False,0.0,0.0,False,79,9,False,False,False,False,False,False,False,False,True,False,False,79,1,2,False,MEDIUM,2
CVE-2023-11745,1.0,False,True,False,False,True,False,True,False,False,False,True,False,False,False,True,False,False,True,False,False,True,True,1638,2,2022,False,False,0.0,0.0,False,76,11,False,False,False,True,False,False,False,True,False,False,False,787,1,5,False,CRITICAL,4
CVE-2024-11746,1.0,True,False,False,False,True,False,False,True,False,True,False,True,True,False,False,False,True,False,True,False,False,True,1814,4,2021,False,False,0.0,0.0,False,69,10,False,False,False,True,False,False,False,False,True,False,False,79,1,5,False,HIGH,3
CVE-2022-11747,1.0,False,False,False,True,False,True,False,True,False,False,True,False,False,False,True,True,False,False,False,True,False,True,1830,3,2021,False,False,0.0,0.0,False,76,11,False,False,False,True,False,False,False,False,False,False,False,269,1,2,False,MEDIUM,2
CVE-2024-11748,1.0,True,False,False,False,True,False,True,False,False,False,True,False,False,False,True,False,False,True,False,False,True,True,297,4,2025,False,False,0.0,0.0,False,69,10,False,False,False,True,False,False,False,False,False,False,False,269,1,4,False,CRITICAL,4
CVE-2021-11749,1.0,False,False,True,False,False,True,True,False,False,True,False,False,False,True,False,True,False,False,True,False,False,True,2065,1,2021,False,False,0.0,0.0,False,86,10,False,False,False,False,False,False,False,False,True,False,False,79,1,4,False,MEDIUM,2
CVE-2021-11750,1.0,False,False,False,True,False,True,False,True,False,False,True,True,False,False,True,False,True,False,True,False,False,True,479,2,2025,False,False,0.0,0.0,False,79,11,False,False,False,False,False,False,False,True,False,False,False,416,1,4,False,MEDIUM,2
CVE-2021-11751,1.0,True,False,False,False,True,False,False,False,True,False,True,False,True,False,False,False,True,False,True,False,False,True,1201,2,2023,False,False,0.0,0.0,False,83,11,False,False,False,False,True,False,False,False,True,False,False,79,1,4,False,MEDIUM,2
CVE-2022-11752,1.0,True,False,False,False,False,True,True,False,False,True,False,False,False,True,False,True,False,False,False,False,True,True,1300,1,2023,False,False,0.0,0.0,False,79,9,False,False,False,False,False,False,False,False,False,False,True,200,1,2,False,HIGH,3
CVE-2022-11753,1.0,True,False,False,False,True,False,False,False,True,True,False,True,False,False,True,False,True,False,False,False,True,True,656,4,2024,False,False,0.0,0.0,False,79,9,False,False,False,False,False,False,False,False,False,False,False,20,1,1,False,CRITICAL,4
CVE-2021-11754,1.0,True,False,False,False,True,False,False,True,False,True,False,False,True,False,False,True,False,False,False,True,False,True,583,1,2025,False,False,0.0,0.0,False,79,9,False,False,False,False,False,False,False,False,True,False,False,79,1,4,False,HIGH,3
CVE-2026-11755,1.0,False,False,False,True,False,True,False,True,False,True,False,False,False,False,True,False,False,True,False,True,False,True,1349,1,2023,False,False,0.0,0.0,False,76,11,False,False,False,True,False,False,False,True,False,False,False,119,1,3,False,MEDIUM,2
CVE-2021-11756,1.0,False,False,True,False,True,False,True,False,False,False,True,True,False,True,False,False,True,False,True,False,False,True,1904,3,2021,False,False,0.0,0.0,False,86,10,False,False,False,False,False,False,False,True,False,False,False,787,1,5,False,MEDIUM,2
CVE-2024-11757,1.0,False,False,True,False,False,True,True,False,False,False,True,True,False,False,True,True,False,False,True,False,False,True,343,4,2025,False,False,0.0,0.0,False,79,11,False,False,False,False,False,False,False,False,True,False,False,79,1,4,False,MEDIUM,2
CVE-2023-11758,1.0,False,True,False,False,True,False,False,False,True,False,True,True,False,False,True,True,False,False,False,True,False,True,442,3,2025,False,False,0.0,0.0,False,76,11,False,False,False,True,False,False,False,False,False,False,False,269,1,3,False,HIGH,3
CVE-2024-11759,1.0,True,False,False,False,False,True,True,False,False,True,False,True,True,False,False,True,False,False,False,True,False,True,346,4,2025,False,False,0.0,0.0,False,75,10,False,False,False,False,False,False,False,True,False,False,False,416,1,3,False,HIGH,3
CVE-2024-11760,1.0,False,False,False,True,True,False,True,False,False,False,True,False,False,True,False,True,False,False,True,False,False,True,512,2,2025,False,False,0.0,0.0,False,79,9,False,False,False,False,False,False,False,True,False,False,False,787,1,2,False,MEDIUM,2
CVE-2025-11761,1.0,False,False,True,False,False,True,False,True,False,False,True,False,False,True,False,False,False,True,False,False,True,True,1146,3,2023,False,False,0.0,0.0,False,69,10,False,False,False,True,False,False,False,False,False,False,False,20,1,2,False,MEDIUM,2
CVE-2024-11762,1.0,False,True,False,False,True,False,True,False,False,False,True,True,True,False,False,False,True,False,False,False,True,True,1444,4,2022,False,False,0.0,0.0,False,76,11,False,False,False,False,False,False,True,False,False,False,False,269,1,4,False,HIGH,3
CVE-2024-11763,1.0,False,True,False,False,False,True,False,True,False,False,True,True,True,False,False,False,True,False,True,False,False,True,1993,2,2021,False,False,0.0,0.0,False,75,10,False,False,False,False,False,False,False,False,False,False,True,200,1,1,False,MEDIUM,2
CVE-2024-11764,1.0,False,True,False,False,True,False,False,True,False,False,True,False,True,False,False,False,True,False,True,False,False,True,1218,2,2023,False,False,0.0,0.0,False,76,11,False,False,False,True,False,False,False,True,False,False,False,119,1,3,False,MEDIUM,2
CVE-2026-11765,1.0,False,False,False,True,False,True,False,False,True,True,False,True,False,False,True,True,False,False,True,False,False,True,972,1,2024,False,False,0.0,0.0,False,92,10,False,False,False,False,False,False,False,True,False,False,False,416,1,5,False,MEDIUM,2
CVE-2025-11766,1.0,True,False,False,False,False,True,False,False,True,False,True,False,True,False,False,True,False,False,False,False,True,True,1989,2,2021,False,False,0.0,0.0,False,76,11,False,False,False,True,False,False,False,False,False,False,False,269,1,3,False,MEDIUM,2
CVE-2023-11767,1.0,True,False,False,False,True,False,False,True,False,True,False,True,False,False,True,True,False,False,False,True,False,True,2083,1,2021,False,False,0.0,0.0,False,92,10,False,False,False,False,False,False,False,True,False,False,False,787,1,4,False,HIGH,3
CVE-2021-11768,1.0,False,False,True,False,False,True,False,True,False,True,False,True,False,False,True,False,False,True,False,True,False,True,1452,4,2022,False,False,0.0,0.0,False,79,9,False,False,False,False,False,False,False,True,False,False,False,787,1,3,False,MEDIUM,2
CVE-2023-11769,1.0,True,False,False,False,True,False,True,False,False,False,True,False,True,False,False,False,True,False,True,False,False,True,1770,4,2021,False,False,0.0,0.0,False,83,11,False,False,False,False,True,False,False,True,False,False,False,416,1,2,False,HIGH,3
CVE-2026-11770,1.0,True,False,False,False,True,False,True,False,False,True,False,True,True,False,False,True,False,False,True,False,False,True,1673,1,2022,False,False,0.0,0.0,False,76,11,False,False,False,True,False,False,False,False,False,False,False,269,1,4,False,CRITICAL,4
CVE-2025-11771,1.0,True,False,False,False,False,True,True,False,False,True,False,True,True,False,False,False,False,True,False,False,True,True,1848,3,2021,False,False,0.0,0.0,False,95,11,False,False,False,False,False,False,False,False,False,False,True,200,1,3,False,CRITICAL,4
CVE-2024-11772,1.0,False,True,False,False,True,False,False,True,False,True,False,False,False,True,False,False,False,True,True,False,False,True,914,1,2024,False,False,0.0,0.0,False,86,10,False,False,False,False,False,False,False,True,False,False,False,119,1,5,False,HIGH,3
CVE-2022-11773,1.0,False,False,False,True,True,False,True,False,False,False,True,False,False,False,True,False,True,False,False,True,False,True,2035,1,2021,False,False,0.0,0.0,False,75,10,False,False,False,False,False,False,False,True,False,False,False,787,1,1,False,MEDIUM,2
CVE-2024-11774,1.0,True,False,False,False,False,True,False,True,False,True,False,False,True,False,False,False,True,False,True,False,False,True,977,1,2024,False,False,0.0,0.0,False,69,10,False,False,False,True,False,False,False,True,False,False,False,787,1,1,False,MEDIUM,2
CVE-2026-11775,1.0,False,False,True,False,True,False,True,False,False,True,False,True,False,True,False,True,False,False,False,True,False,True,2073,1,2021,False,False,0.0,0.0,False,83,11,False,False,False,False,True,False,False,False,False,False,True,200,1,4,False,HIGH,3
CVE-2022-11776,1.0,False,False,False,True,True,False,False,False,True,False,True,True,False,True,False,True,False,False,False,False,True,True,349,4,2025,False,False,0.0,0.0,False,79,11,False,False,False,False,False,False,False,False,False,False,False,20,1,5,False,MEDIUM,2
CVE-2025-11777,1.0,False,False,True,False,False,True,True,False,False,True,False,True,False,False,True,False,False,True,False,False,True,True,2029,1,2021,False,False,0.0,0.0,False,92,10,False,False,False,False,False,False,False,False,False,False,False,269,1,1,False,CRITICAL,4
CVE-2022-11778,1.0,False,True,False,False,True,False,False,True,False,True,False,True,True,False,False,False,False,True,True,False,False,True,584,1,2025,False,False,0.0,0.0,False,79,11,False,False,False,False,False,False,False,False,True,False,False,89,1,5,False,HIGH,3
CVE-2024-11779,1.0,True,False,False,False,False,True,False,False,True,False,True,False,True,False,False,False,True,False,False,False,True,True,1640,2,2022,False,False,0.0,0.0,False,76,11,False,False,False,False,False,False,True,True,False,False,False,416,1,4,False,MEDIUM,2
CVE-2026-11780,1.0,False,False,False,True,True,False,False,False,True,False,True,True,True,False,False,False,False,True,False,True,False,True,1417,4,2022,False,False,0.0,0.0,False,95,11,False,False,False,False,False,False,False,False,False,False,True,200,1,5,False,MEDIUM,2
CVE-2023-11781,1.0,True,False,False,False,False,True,False,True,False,True,False,True,False,False,True,False,True,False,False,True,False,True,2048,1,2021,False,False,0.0,0.0,False,79,11,False,False,False,False,False,False,False,True,False,False,False,416,1,1,False,HIGH,3
CVE-2021-11782,1.0,True,False,False,False,True,False,False,False,True,True,False,False,True,False,False,True,False,False,False,True,False,True,978,1,2024,False,False,0.0,0.0,False,75,10,False,False,False,False,False,False,False,False,False,False,True,200,1,2,False,HIGH,3
CVE-2021-11783,1.0,True,False,False,False,True,False,True,False,False,True,False,True,True,False,False,True,False,False,True,False,False,True,1523,3,2022,False,False,0.0,0.0,False,79,11,False,False,False,False,False,False,False,False,True,False,False,89,1,2,False,HIGH,3
CVE-2021-11784,1.0,False,False,True,False,False,True,False,True,False,True,False,False,False,False,True,False,False,True,True,False,False,True,2012,1,2021,False,False,0.0,0.0,False,83,11,False,False,False,False,True,False,False,False,False,False,False,269,1,3,False,MEDIUM,2
CVE-2026-11785,1.0,False,True,False,False,False,True,False,False,True,False,True,False,False,False,True,True,False,False,True,False,False,True,697,4,2024,False,False,0.0,0.0,False,83,11,False,False,False,False,True,False,False,True,False,False,False,119,1,2,False,MEDIUM,2
CVE-2022-11786,1.0,False,False,False,True,True,False,True,False,False,True,False,True,False,False,True,False,False,True,False,False,True,True,1288,1,2023,False,False,0.0,0.0,False,79,9,False,False,False,False,False,False,False,True,False,False,False,119,1,1,False,CRITICAL,4
CVE-2023-11787,1.0,True,False,False,False,True,False,False,False,True,True,False,True,False,True,False,False,False,True,False,True,False,True,554,1,2025,False,False,0.0,0.0,False,75,10,False,False,False,False,False,False,False,False,True,False,False,89,1,1,False,HIGH,3
CVE-2022-11788,1.0,False,False,False,True,True,False,True,False,False,False,True,True,False,True,False,False,False,True,False,True,False,True,1598,2,2022,False,False,0.0,0.0,False,76,11,False,False,False,False,False,False,True,False,False,False,True,200,1,2,False,MEDIUM,2
CVE-2021-11789,1.0,False,False,True,False,True,False,False,False,True,True,False,True,False,True,False,False,False,True,True,False,False,True,1309,1,2023,False,False,0.0,0.0,False,76,11,False,False,False,False,False,False,True,False,True,False,False,89,1,2,False,HIGH,3
CVE-2024-11790,1.0,False,True,False,False,True,False,False,True,False,False,True,False,False,False,True,False,True,False,True,False,False,True,1940,2,2021,False,False,0.0,0.0,False,95,11,False,False,False,False,False,False,False,True,False,False,False,416,1,3,False,MEDIUM,2
CVE-2023-11791,1.0,False,False,False,True,False,True,False,True,False,True,False,False,False,False,True,True,False,False,False,False,True,True,1786,4,2021,False,False,0.0,0.0,False,76,11,False,False,False,True,False,False,False,True,False,False,False,416,1,1,False,MEDIUM,2
CVE-2022-11792,1.0,False,True,False,False,False,True,False,True,False,True,False,True,True,False,False,True,False,False,True,False,False,True,2041,1,2021,False,False,0.0,0.0,False,76,11,False,False,False,True,False,False,False,False,True,False,False,79,1,1,False,MEDIUM,2
CVE-2026-11793,1.0,False,False,True,False,True,False,False,True,False,True,False,True,True,False,False,False,False,True,True,False,False,True,1624,2,2022,False,False,0.0,0.0,False,83,11,False,False,False,False,True,False,False,False,True,False,False,79,1,5,False,MEDIUM,2
CVE-2023-11794,1.0,True,False,False,False,False,True,False,True,False,False,True,False,False,True,False,False,True,False,False,False,True,True,1609,2,2022,False,False,0.0,0.0,False,76,11,False,False,False,False,False,False,True,False,True,False,False,89,1,3,False,MEDIUM,2
CVE-2022-11795,1.0,False,True,False,False,False,True,False,False,True,False,True,False,False,False,True,True,False,False,False,False,True,True,1781,4,2021,False,False,0.0,0.0,False,79,9,False,False,False,False,False,False,False,False,False,False,False,20,1,3,False,MEDIUM,2
CVE-2024-11796,1.0,False,False,False,True,False,True,False,False,True,False,True,False,True,False,False,True,False,False,True,False,False,True,1087,4,2023,False,False,0.0,0.0,False,86,10,False,False,False,False,False,False,False,True,False,False,False,416,1,3,False,LOW,1
CVE-2023-11797,1.0,True,False,False,False,True,False,False,True,False,False,True,True,False,True,False,False,True,False,True,False,False,True,308,4,2025,False,False,0.0,0.0,False,76,11,False,False,False,False,False,False,True,False,False,False,False,269,1,5,False,HIGH,3
CVE-2026-11798,1.0,False,True,False,False,True,False,False,True,False,False,True,True,True,False,False,False,True,False,True,False,False,True,1016,4,2023,False,False,0.0,0.0,False,83,11,False,False,False,False,True,False,False,False,False,False,False,20,1,5,False,MEDIUM,2
CVE-2024-11799,1.0,False,True,False,False,False,True,False,True,False,True,False,True,False,False,True,False,True,False,True,False,False,True,1108,3,2023,False,False,0.0,0.0,False,79,9,False,False,False,False,False,False,False,True,False,False,False,416,1,2,False,HIGH,3
CVE-2022-11800,1.0,False,False,True,False,True,False,True,False,False,True,False,True,False,False,True,False,False,True,False,False,True,True,1742,4,2021,False,False,0.0,0.0,False,86,10,False,False,False,False,False,False,False,True,False,False,False,416,1,2,False,CRITICAL,4
CVE-2024-11801,1.0,False,False,False,True,True,False,False,False,True,False,True,False,False,False,True,True,False,False,True,False,False,True,1743,4,2021,False,False,0.0,0.0,False,79,9,False,False,False,False,False,False,False,False,True,False,False,89,1,2,False,MEDIUM,2
CVE-2023-11802,1.0,False,True,False,False,True,False,True,False,False,False,True,True,True,False,False,False,False,True,False,True,False,True,1917,2,2021,False,False,0.0,0.0,False,92,10,False,False,False,False,False,False,False,False,False,False,False,20,1,2,False,HIGH,3
CVE-2024-11803,1.0,False,False,True,False,True,False,False,False,True,False,True,True,True,False,False,True,False,False,True,False,False,True,2095,1,2021,False,False,0.0,0.0,False,95,11,False,False,False,False,False,False,False,True,False,False,False,787,1,3,False,MEDIUM,2
CVE-2021-11804,1.0,True,False,False,False,True,False,False,False,True,True,False,False,True,False,False,False,True,False,True,False,False,True,627,1,2025,False,False,0.0,0.0,False,69,10,False,False,False,True,False,False,False,False,True,False,False,89,1,2,False,HIGH,3
CVE-2023-11805,1.0,True,False,False,False,True,False,False,False,True,True,False,True,True,False,False,False,False,True,True,False,False,True,383,3,2025,False,False,0.0,0.0,False,75,10,False,False,False,False,False,False,False,False,False,False,False,20,1,5,False,CRITICAL,4
CVE-2024-11806,1.0,True,False,False,False,False,True,False,True,False,False,True,True,True,False,False,False,False,True,False,False,True,True,1100,3,2023,False,False,0.0,0.0,False,75,10,False,False,False,False,False,False,False,True,False,False,False,416,1,1,False,HIGH,3
CVE-2024-11807,1.0,False,False,False,True,False,True,True,False,False,False,True,False,True,False,False,False,False,True,False,True,False,True,313,4,2025,False,False,0.0,0.0,False,76,11,False,False,False,True,False,False,False,True,False,False,False,119,1,4,False,MEDIUM,2
CVE-2022-11808,1.0,True,False,False,False,False,True,False,True,False,True,False,False,False,False,True,True,False,False,True,False,False,True,1540,3,2022,False,False,0.0,0.0,False,75,10,False,False,False,False,False,False,False,True,False,False,False,119,1,4,False,HIGH,3
CVE-2021-11809,1.0,False,False,True,False,False,True,False,False,True,True,False,True,False,True,False,True,False,False,True,False,False,True,779,3,2024,False,False,0.0,0.0,False,76,11,False,False,False,False,False,False,True,False,True,False,False,79,1,4,False,MEDIUM,2
CVE-2023-11810,1.0,True,False,False,False,True,False,False,True,False,True,False,True,False,True,False,False,False,True,False,True,False,True,422,3,2025,False,False,0.0,0.0,False,83,11,False,False,False,False,True,False,False,True,False,False,False,787,1,4,False,HIGH,3
CVE-2024-11811,1.0,False,True,False,False,False,True,False,False,True,False,True,False,False,False,True,True,False,False,False,True,False,True,337,4,2025,False,False,0.0,0.0,False,69,10,False,False,False,True,False,False,False,True,False,False,False,416,1,1,False,MEDIUM,2
CVE-2023-11812,1.0,True,False,False,False,False,True,True,False,False,True,False,True,False,False,True,False,False,True,False,False,True,True,338,4,2025,False,False,0.0,0.0,False,76,11,False,False,False,True,False,False,False,False,False,False,True,200,1,2,False,CRITICAL,4
CVE-2022-11813,1.0,False,True,False,False,False,True,False,True,False,False,True,True,True,False,False,False,True,False,True,False,False,True,1508,3,2022,False,False,0.0,0.0,False,69,10,False,False,False,True,False,False,False,True,False,False,False,119,1,3,False,MEDIUM,2
CVE-2024-11814,1.0,False,True,False,False,False,True,False,False,True,False,True,True,False,False,True,True,False,False,True,False,False,True,496,2,2025,False,False,0.0,0.0,False,83,11,False,False,False,False,True,False,False,False,False,False,False,269,1,3,False,MEDIUM,2
CVE-2023-11815,1.0,False,False,False,True,True,False,False,True,False,True,False,True,False,False,True,False,True,False,True,False,False,True,569,1,2025,False,False,0.0,0.0,False,86,10,False,False,False,False,False,False,False,True,False,False,False,119,1,5,False,MEDIUM,2
CVE-2026-11816,1.0,True,False,False,False,True,False,True,False,False,False,True,False,False,False,True,False,True,False,False,False,True,True,649,4,2024,False,False,0.0,0.0,False,95,11,False,False,False,False,False,False,False,True,False,False,False,787,1,3,False,CRITICAL,4
CVE-2021-11817,1.0,False,True,False,False,False,True,False,False,True,True,False,False,False,False,True,True,False,False,False,True,False,True,1295,1,2023,False,False,0.0,0.0,False,75,10,False,False,False,False,False,False,False,False,True,False,False,79,1,3,False,MEDIUM,2
CVE-2021-11818,1.0,False,False,False,True,True,False,False,True,False,True,False,True,False,False,True,False,False,True,False,True,False,True,1471,3,2022,False,False,0.0,0.0,False,95,11,False,False,False,False,False,False,False,False,False,False,True,200,1,2,False,HIGH,3
CVE-2021-11819,1.0,True,False,False,False,False,True,False,False,True,False,True,True,False,True,False,False,True,False,False,True,False,True,1284,1,2023,False,False,0.0,0.0,False,76,11,False,False,False,True,False,False,False,False,True,False,False,89,1,4,False,MEDIUM,2
CVE-2024-11820,1.0,False,False,True,False,False,True,False,False,True,True,False,True,False,False,True,False,False,True,False,False,True,True,962,1,2024,False,False,0.0,0.0,False,92,10,False,False,False,False,False,False,False,False,False,False,False,20,1,1,False,HIGH,3
CVE-2024-11821,1.0,False,True,False,False,True,False,True,False,False,False,True,True,True,False,False,False,False,True,False,True,False,True,1122,3,2023,False,False,0.0,0.0,False,75,10,False,False,False,False,False,False,False,True,False,False,False,416,1,1,False,HIGH,3
CVE-2022-11822,1.0,False,False,False,True,True,False,False,True,False,True,False,False,False,False,True,True,False,False,False,True,False,True,1351,1,2023,False,False,0.0,0.0,False,79,9,False,False,False,False,False,False,False,False,False,False,True,200,1,4,False,MEDIUM,2
CVE-2025-11823,1.0,True,False,False,False,False,True,False,True,False,False,True,False,True,False,False,False,True,False,False,True,False,True,1592,2,2022,False,False,0.0,0.0,False,79,11,False,False,False,False,False,False,False,False,True,False,False,79,1,5,False,MEDIUM,2
CVE-2022-11824,1.0,False,False,False,True,False,True,False,True,False,False,True,False,False,False,True,True,False,False,False,False,True,True,590,1,2025,False,False,0.0,0.0,False,75,10,False,False,False,False,False,False,False,True,False,False,False,787,1,5,False,MEDIUM,2
CVE-2024-11825,1.0,False,False,True,False,True,False,False,True,False,False,True,False,False,False,True,False,True,False,True,False,False,True,1422,4,2022,False,False,0.0,0.0,False,86,10,False,False,False,False,False,False,False,False,False,False,True,200,1,2,False,MEDIUM,2
CVE-2026-11826,1.0,False,False,False,True,False,True,True,False,False,False,True,True,True,False,False,False,False,True,False,False,True,True,830,2,2024,False,False,0.0,0.0,False,86,10,False,False,False,False,False,False,False,False,False,False,True,200,1,5,False,HIGH,3
CVE-2022-11827,1.0,False,False,False,True,True,False,False,True,False,False,True,False,False,False,True,False,True,False,False,False,True,True,399,3,2025,False,False,0.0,0.0,False,75,10,False,False,False,False,False,False,False,True,False,False,False,787,1,1,False,MEDIUM,2
CVE-2024-11828,1.0,True,False,False,False,True,False,False,True,False,True,False,False,False,True,False,True,False,False,False,False,True,True,1674,1,2022,False,False,0.0,0.0,False,95,11,False,False,False,False,False,False,False,False,True,False,False,79,1,5,False,HIGH,3
CVE-2022-11829,1.0,False,True,False,False,False,True,False,False,True,False,True,False,True,False,False,False,True,False,True,False,False,True,1091,4,2023,False,False,0.0,0.0,False,86,10,False,False,False,False,False,False,False,True,False,False,False,787,1,1,False,MEDIUM,2
CVE-2024-11830,1.0,False,False,True,False,True,False,False,True,False,False,True,False,True,False,False,True,False,False,False,False,True,True,411,3,2025,False,False,0.0,0.0,False,86,10,False,False,False,False,False,False,False,True,False,False,False,119,1,1,False,MEDIUM,2
CVE-2023-11831,1.0,True,False,False,False,True,False,False,True,False,False,True,True,False,True,False,True,False,False,False,True,False,True,1476,3,2022,False,False,0.0,0.0,False,92,10,False,False,False,False,False,False,False,False,True,False,False,89,1,1,False,MEDIUM,2
CVE-2023-11832,1.0,False,False,False,True,True,False,True,False,False,False,True,True,False,False,True,False,False,True,True,False,False,True,417,3,2025,False,False,0.0,0.0,False,79,11,False,False,False,False,False,False,False,False,False,False,True,200,1,2,False,HIGH,3
CVE-2025-11833,1.0,False,True,False,False,True,False,False,False,True,True,False,False,False,True,False,False,False,True,False,False,True,True,575,1,2025,False,False,0.0,0.0,False,86,10,False,False,False,False,False,False,False,False,True,False,False,79,1,4,False,HIGH,3
CVE-2025-11834,1.0,False,False,False,True,False,True,False,False,True,False,True,False,False,False,True,True,False,False,False,True,False,True,334,4,2025,False,False,0.0,0.0,False,76,11,False,False,False,True,False,False,False,False,False,False,False,20,1,1,False,LOW,1
CVE-2026-11835,1.0,False,True,False,False,True,False,False,True,False,True,False,False,False,True,False,True,False,False,True,False,False,True,353,4,2025,False,False,0.0,0.0,False,95,11,False,False,False,False,False,False,False,True,False,False,False,787,1,1,False,MEDIUM,2
CVE-2022-11836,1.0,False,False,True,False,True,False,False,True,False,True,False,False,True,False,False,False,False,True,False,False,True,True,1251,2,2023,False,False,0.0,0.0,False,79,11,False,False,False,False,False,False,False,False,False,False,False,20,1,5,False,HIGH,3
CVE-2024-11837,1.0,False,True,False,False,True,False,False,False,True,False,True,False,False,False,True,False,True,False,False,True,False,True,1769,4,2021,False,False,0.0,0.0,False,76,11,False,False,False,False,False,False,True,False,False,False,False,269,1,1,False,HIGH,3
CVE-2024-11838,1.0,False,False,True,False,True,False,False,False,True,False,True,True,True,False,False,True,False,False,False,True,False,True,1794,4,2021,False,False,0.0,0.0,False,69,10,False,False,False,True,False,False,False,False,False,False,False,20,1,4,False,MEDIUM,2
CVE-2026-11839,1.0,False,False,False,True,True,False,True,False,False,False,True,True,False,True,False,True,False,False,True,False,False,True,1865,3,2021,False,False,0.0,0.0,False,79,11,False,False,False,False,False,False,False,False,False,False,False,20,1,5,False,MEDIUM,2
CVE-2021-11840,1.0,True,False,False,False,False,True,True,False,False,True,False,True,True,False,False,False,False,True,False,True,False,True,1604,2,2022,False,False,0.0,0.0,False,75,10,False,False,False,False,False,False,False,True,False,False,False,119,1,3,False,HIGH,3
CVE-2024-11841,1.0,False,True,False,False,False,True,False,True,False,False,True,False,True,False,False,True,False,False,True,False,False,True,805,3,2024,False,False,0.0,0.0,False,79,11,False,False,False,False,False,False,False,False,False,False,True,200,1,2,False,MEDIUM,2
CVE-2022-11842,1.0,False,True,False,False,False,True,False,False,True,True,False,False,True,False,False,True,False,False,False,True,False,True,749,3,2024,False,False,0.0,0.0,False,79,9,False,False,False,False,False,False,False,False,False,False,False,269,1,2,False,MEDIUM,2
CVE-2022-11843,1.0,False,False,False,True,False,True,False,False,True,True,False,False,False,False,True,False,True,False,False,False,True,True,966,1,2024,False,False,0.0,0.0,False,69,10,False,False,False,True,False,False,False,True,False,False,False,787,1,1,False,MEDIUM,2
CVE-2023-11844,1.0,False,False,True,False,True,False,False,False,True,False,True,False,False,True,False,False,True,False,True,False,False,True,1599,2,2022,False,False,0.0,0.0,False,75,10,False,False,False,False,False,False,False,True,False,False,False,416,1,3,False,MEDIUM,2
CVE-2021-11845,1.0,False,False,False,True,False,True,False,True,False,True,False,False,False,True,False,False,False,True,False,True,False,True,662,4,2024,False,False,0.0,0.0,False,86,10,False,False,False,False,False,False,False,False,True,False,False,89,1,1,False,MEDIUM,2
CVE-2026-11846,1.0,False,False,False,True,True,False,False,False,True,False,True,True,False,False,True,False,True,False,False,True,False,True,928,1,2024,False,False,0.0,0.0,False,83,11,False,False,False,False,True,False,False,False,True,False,False,89,1,2,False,MEDIUM,2
CVE-2022-11847,1.0,False,False,False,True,False,True,False,True,False,False,True,True,False,False,True,True,False,False,True,False,False,True,1219,2,2023,False,False,0.0,0.0,False,75,10,False,False,False,False,False,False,False,False,False,False,False,269,1,5,False,MEDIUM,2
CVE-2025-11848,1.0,False,True,False,False,True,False,False,False,True,True,False,True,True,False,False,False,False,True,False,False,True,True,423,3,2025,False,False,0.0,0.0,False,79,9,False,False,False,False,False,False,False,True,False,False,False,416,1,2,False,CRITICAL,4
CVE-2024-11849,1.0,False,True,False,False,True,False,False,True,False,False,True,True,True,False,False,False,True,False,False,False,True,True,941,1,2024,False,False,0.0,0.0,False,75,10,False,False,False,False,False,False,False,True,False,False,False,416,1,2,False,MEDIUM,2
CVE-2023-11850,1.0,False,True,False,False,True,False,True,False,False,False,True,True,False,True,False,False,False,True,False,False,True,True,1323,1,2023,False,False,0.0,0.0,False,92,10,False,False,False,False,False,False,False,True,False,False,False,787,1,4,False,CRITICAL,4
CVE-2025-11851,1.0,False,False,False,True,True,False,False,True,False,True,False,False,False,True,False,False,False,True,True,False,False,True,1712,1,2022,False,False,0.0,0.0,False,76,11,False,False,False,True,False,False,False,False,False,False,False,20,1,5,False,MEDIUM,2
CVE-2025-11852,1.0,True,False,False,False,False,True,True,False,False,True,False,False,True,False,False,True,False,False,False,True,False,True,430,3,2025,False,False,0.0,0.0,False,79,9,False,False,False,False,False,False,False,False,False,False,False,20,1,1,False,HIGH,3
CVE-2021-11853,1.0,True,False,False,False,False,True,False,True,False,True,False,False,False,True,False,False,False,True,False,False,True,True,1502,3,2022,False,False,0.0,0.0,False,69,10,False,False,False,True,False,False,False,False,False,False,False,20,1,3,False,HIGH,3
CVE-2021-11854,1.0,True,False,False,False,True,False,True,False,False,False,True,True,True,False,False,False,False,True,False,False,True,True,1650,1,2022,False,False,0.0,0.0,False,79,11,False,False,False,False,False,False,False,False,False,False,False,20,1,5,False,CRITICAL,4
CVE-2025-11855,1.0,False,False,True,False,False,True,False,True,False,True,False,False,False,True,False,True,False,False,False,True,False,True,1205,2,2023,False,False,0.0,0.0,False,79,11,False,False,False,False,False,False,False,False,True,False,False,89,1,1,False,MEDIUM,2
CVE-2022-11856,1.0,False,True,False,False,True,False,False,False,True,False,True,True,False,True,False,False,False,True,True,False,False,True,1617,2,2022,False,False,0.0,0.0,False,86,10,False,False,False,False,False,False,False,False,False,False,True,200,1,5,False,HIGH,3
CVE-2024-11857,1.0,True,False,False,False,False,True,False,True,False,True,False,False,True,False,False,False,True,False,False,False,True,True,1839,3,2021,False,False,0.0,0.0,False,79,11,False,False,False,False,False,False,False,False,False,False,False,269,1,2,False,HIGH,3
CVE-2024-11858,1.0,False,False,False,True,True,False,False,False,True,False,True,True,False,True,False,True,False,False,False,False,True,True,835,2,2024,False,False,0.0,0.0,False,69,10,False,False,False,True,False,False,False,False,False,False,True,200,1,1,False,MEDIUM,2
CVE-2022-11859,1.0,False,False,False,True,False,True,True,False,False,True,False,True,True,False,False,True,False,False,False,False,True,True,467,2,2025,False,False,0.0,0.0,False,79,9,False,False,False,False,False,False,False,True,False,False,False,119,1,4,False,MEDIUM,2
CVE-2023-11860,1.0,True,False,False,False,True,False,True,False,False,False,True,True,False,True,False,True,False,False,False,False,True,True,354,4,2025,False,False,0.0,0.0,False,79,11,False,False,False,False,False,False,False,True,False,False,False,787,1,3,False,CRITICAL,4
CVE-2022-11861,1.0,False,True,False,False,True,False,True,False,False,False,True,False,False,False,True,True,False,False,False,False,True,True,1237,2,2023,False,False,0.0,0.0,False,69,10,False,False,False,True,False,False,False,True,False,False,False,787,1,2,False,CRITICAL,4
CVE-2024-11862,1.0,False,False,True,False,True,False,False,True,False,False,True,True,False,True,False,False,True,False,False,False,True,True,2013,1,2021,False,False,0.0,0.0,False,92,10,False,False,False,False,False,False,False,False,False,False,False,20,1,3,False,MEDIUM,2
CVE-2024-11863,1.0,False,False,False,True,True,False,True,False,False,False,True,False,True,False,False,False,False,True,False,True,False,True,2043,1,2021,False,False,0.0,0.0,False,76,11,False,False,False,True,False,False,False,True,False,False,False,416,1,3,False,MEDIUM,2
CVE-2025-11864,1.0,True,False,False,False,False,True,True,False,False,False,True,False,False,False,True,True,False,False,False,False,True,True,1949,2,2021,False,False,0.0,0.0,False,76,11,False,False,False,False,False,False,True,False,True,False,False,79,1,3,False,HIGH,3
CVE-2024-11865,1.0,True,False,False,False,True,False,False,False,True,False,True,False,False,True,False,False,True,False,False,False,True,True,1701,1,2022,False,False,0.0,0.0,False,83,11,False,False,False,False,True,False,False,False,True,False,False,79,1,1,False,HIGH,3
CVE-2024-11866,1.0,False,False,False,True,False,True,True,False,False,True,False,True,True,False,False,False,False,True,False,True,False,True,1562,2,2022,False,False,0.0,0.0,False,83,11,False,False,False,False,True,False,False,True,False,False,False,787,1,1,False,MEDIUM,2
CVE-2023-11867,1.0,False,True,False,False,True,False,False,False,True,False,True,True,False,True,False,True,False,False,False,False,True,True,2072,1,2021,False,False,0.0,0.0,False,69,10,False,False,False,True,False,False,False,False,False,False,True,200,1,1,False,MEDIUM,2
CVE-2025-11868,1.0,False,True,False,False,True,False,True,False,False,True,False,False,False,False,True,False,True,False,False,True,False,True,481,2,2025,False,False,0.0,0.0,False,92,10,False,False,False,False,False,False,False,False,True,False,False,89,1,1,False,CRITICAL,4
CVE-2025-11869,1.0,False,False,False,True,False,True,False,False,True,True,False,True,False,False,True,False,False,True,True,False,False,True,1334,1,2023,False,False,0.0,0.0,False,92,10,False,False,False,False,False,False,False,False,True,False,False,89,1,4,False,MEDIUM,2
CVE-2022-11870,1.0,False,False,True,False,True,False,False,True,False,False,True,True,False,False,True,False,False,True,True,False,False,True,850,2,2024,False,False,0.0,0.0,False,83,11,False,False,False,False,True,False,False,True,False,False,False,119,1,2,False,HIGH,3
CVE-2026-11871,1.0,False,True,False,False,True,False,True,False,False,False,True,True,False,True,False,True,False,False,False,False,True,True,1240,2,2023,False,False,0.0,0.0,False,83,11,False,False,False,False,True,False,False,False,False,False,False,20,1,4,False,HIGH,3
CVE-2021-11872,1.0,False,False,False,True,True,False,False,False,True,True,False,False,False,False,True,False,False,True,True,False,False,True,1060,4,2023,False,False,0.0,0.0,False,76,11,False,False,False,True,False,False,False,False,True,False,False,79,1,5,False,MEDIUM,2
CVE-2022-11873,1.0,False,True,False,False,True,False,False,True,False,False,True,False,True,False,False,False,True,False,False,False,True,True,1934,2,2021,False,False,0.0,0.0,False,79,9,False,False,False,False,False,False,False,False,False,False,True,200,1,5,False,HIGH,3
CVE-2025-11874,1.0,False,True,False,False,False,True,True,False,False,True,False,False,True,False,False,False,False,True,False,False,True,True,1999,2,2021,False,False,0.0,0.0,False,83,11,False,False,False,False,True,False,False,True,False,False,False,416,1,1,False,HIGH,3
CVE-2024-11875,1.0,False,True,False,False,True,False,True,False,False,False,True,False,False,False,True,False,True,False,False,False,True,True,460,2,2025,False,False,0.0,0.0,False,79,9,False,False,False,False,False,False,False,False,False,False,False,20,1,4,False,HIGH,3
CVE-2023-11876,1.0,False,False,True,False,False,True,False,False,True,True,False,False,False,False,True,True,False,False,True,False,False,True,1351,1,2023,False,False,0.0,0.0,False,76,11,False,False,False,True,False,False,False,True,False,False,False,787,1,1,False,MEDIUM,2
CVE-2024-11877,1.0,False,False,True,False,True,False,False,False,True,False,True,True,False,True,False,False,True,False,False,True,False,True,568,1,2025,False,False,0.0,0.0,False,79,9,False,False,False,False,False,False,False,False,True,False,False,89,1,4,False,MEDIUM,2
CVE-2022-11878,1.0,False,False,False,True,True,False,False,True,False,True,False,False,True,False,False,False,False,True,False,True,False,True,1426,4,2022,False,False,0.0,0.0,False,75,10,False,False,False,False,False,False,False,False,True,False,False,79,1,5,False,MEDIUM,2
CVE-2021-11879,1.0,False,False,False,True,False,True,True,False,False,True,False,True,False,False,True,False,True,False,True,False,False,True,1830,3,2021,False,False,0.0,0.0,False,79,9,False,False,False,False,False,False,False,False,False,False,False,269,1,1,False,MEDIUM,2
CVE-2022-11880,1.0,False,False,False,True,True,False,False,True,False,True,False,True,True,False,False,True,False,False,False,False,True,True,2010,1,2021,False,False,0.0,0.0,False,95,11,False,False,False,False,False,False,False,False,True,False,False,79,1,4,False,MEDIUM,2
CVE-2021-11881,1.0,True,False,False,False,True,False,True,False,False,True,False,False,True,False,False,True,False,False,False,False,True,True,818,3,2024,False,False,0.0,0.0,False,79,9,False,False,False,False,False,False,False,False,False,False,False,20,1,2,False,CRITICAL,4
CVE-2022-11882,1.0,False,False,True,False,False,True,True,False,False,True,False,True,False,True,False,False,False,True,False,True,False,True,2048,1,2021,False,False,0.0,0.0,False,83,11,False,False,False,False,True,False,False,False,False,False,False,269,1,2,False,HIGH,3
CVE-2025-11883,1.0,False,False,False,True,True,False,True,False,False,False,True,False,True,False,False,False,True,False,False,True,False,True,766,3,2024,False,False,0.0,0.0,False,76,11,False,False,False,False,False,False,True,True,False,False,False,787,1,3,False,MEDIUM,2
CVE-2023-11884,1.0,False,True,False,False,True,False,False,True,False,False,True,True,False,False,True,False,True,False,False,True,False,True,434,3,2025,False,False,0.0,0.0,False,83,11,False,False,False,False,True,False,False,True,False,False,False,119,1,5,False,HIGH,3
CVE-2021-11885,1.0,True,False,False,False,False,True,False,True,False,False,True,False,False,True,False,False,True,False,False,True,False,True,954,1,2024,False,False,0.0,0.0,False,76,11,False,False,False,False,False,False,True,True,False,False,False,416,1,4,False,MEDIUM,2
CVE-2022-11886,1.0,False,False,True,False,True,False,True,False,False,False,True,True,True,False,False,False,True,False,False,False,True,True,873,2,2024,False,False,0.0,0.0,False,75,10,False,False,False,False,False,False,False,True,False,False,False,416,1,4,False,HIGH,3
CVE-2022-11887,1.0,True,False,False,False,False,True,True,False,False,False,True,True,True,False,False,False,True,False,True,False,False,True,433,3,2025,False,False,0.0,0.0,False,69,10,False,False,False,True,False,False,False,False,False,False,True,200,1,4,False,HIGH,3
CVE-2024-11888,1.0,False,True,False,False,True,False,False,True,False,True,False,True,False,False,True,False,True,False,True,False,False,True,1264,2,2023,False,False,0.0,0.0,False,75,10,False,False,False,False,False,False,False,False,True,False,False,79,1,3,False,HIGH,3
CVE-2026-11889,1.0,False,False,False,True,True,False,False,False,True,True,False,True,False,True,False,True,False,False,False,True,False,True,2087,1,2021,False,False,0.0,0.0,False,92,10,False,False,False,False,False,False,False,True,False,False,False,416,1,1,False,MEDIUM,2
CVE-2025-11890,1.0,True,False,False,False,False,True,True,False,False,True,False,True,False,True,False,True,False,False,True,False,False,True,1194,2,2023,False,False,0.0,0.0,False,83,11,False,False,False,False,True,False,False,False,False,False,False,269,1,3,False,HIGH,3
CVE-2025-11891,1.0,False,False,False,True,False,True,False,False,True,False,True,False,True,False,False,False,False,True,False,True,False,True,1552,2,2022,False,False,0.0,0.0,False,76,11,False,False,False,True,False,False,False,True,False,False,False,787,1,5,False,LOW,1
CVE-2023-11892,1.0,True,False,False,False,True,False,False,False,True,False,True,True,False,False,True,False,True,False,False,False,True,True,615,1,2025,False,False,0.0,0.0,False,69,10,False,False,False,True,False,False,False,True,False,False,False,119,1,4,False,CRITICAL,4
CVE-2024-11893,1.0,False,True,False,False,True,False,False,True,False,False,True,True,False,False,True,False,False,True,False,False,True,True,1843,3,2021,False,False,0.0,0.0,False,83,11,False,False,False,False,True,False,False,True,False,False,False,787,1,4,False,CRITICAL,4
CVE-2021-11894,1.0,False,False,False,True,True,False,True,False,False,True,False,True,False,True,False,False,False,True,True,False,False,True,1329,1,2023,False,False,0.0,0.0,False,86,10,False,False,False,False,False,False,False,False,False,False,True,200,1,2,False,HIGH,3
CVE-2026-11895,1.0,False,True,False,False,True,False,True,False,False,False,True,True,False,True,False,True,False,False,True,False,False,True,1890,3,2021,False,False,0.0,0.0,False,69,10,False,False,False,True,False,False,False,True,False,False,False,119,1,2,False,MEDIUM,2
CVE-2026-11896,1.0,False,True,False,False,True,False,False,False,True,False,True,True,False,True,False,True,False,False,True,False,False,True,1114,3,2023,False,False,0.0,0.0,False,79,11,False,False,False,False,False,False,False,False,True,False,False,89,1,3,False,MEDIUM,2
CVE-2022-11897,1.0,False,False,False,True,False,True,False,False,True,True,False,True,True,False,False,False,True,False,False,True,False,True,425,3,2025,False,False,0.0,0.0,False,92,10,False,False,False,False,False,False,False,True,False,False,False,119,1,5,False,MEDIUM,2
CVE-2022-11898,1.0,False,False,True,False,True,False,True,False,False,True,False,False,False,False,True,True,False,False,True,False,False,True,619,1,2025,False,False,0.0,0.0,False,75,10,False,False,False,False,False,False,False,False,True,False,False,79,1,3,False,HIGH,3
CVE-2021-11899,1.0,False,True,False,False,True,False,True,False,False,False,True,True,True,False,False,True,False,False,False,True,False,True,1229,2,2023,False,False,0.0,0.0,False,69,10,False,False,False,True,False,False,False,True,False,False,False,787,1,1,False,HIGH,3
CVE-2025-11900,1.0,True,False,False,False,False,True,False,True,False,False,True,False,False,True,False,False,True,False,False,False,True,True,1020,4,2023,False,False,0.0,0.0,False,79,11,False,False,False,False,False,False,False,False,False,False,False,269,1,2,False,MEDIUM,2
CVE-2021-11901,1.0,False,False,False,True,True,False,True,False,False,True,False,False,True,False,False,True,False,False,False,False,True,True,1189,2,2023,False,False,0.0,0.0,False,95,11,False,False,False,False,False,False,False,True,False,False,False,416,1,3,False,MEDIUM,2
CVE-2022-11902,1.0,False,True,False,False,False,True,False,False,True,True,False,False,False,True,False,False,True,False,False,True,False,True,716,4,2024,False,False,0.0,0.0,False,92,10,False,False,False,False,False,False,False,True,False,False,False,787,1,2,False,MEDIUM,2
CVE-2021-11903,1.0,True,False,False,False,False,True,False,True,False,False,True,True,True,False,False,False,True,False,True,False,False,True,1247,2,2023,False,False,0.0,0.0,False,92,10,False,False,False,False,False,False,False,True,False,False,False,119,1,5,False,MEDIUM,2
CVE-2021-11904,1.0,True,False,False,False,False,True,False,False,True,False,True,False,False,False,True,False,False,True,False,True,False,True,1608,2,2022,False,False,0.0,0.0,False,83,11,False,False,False,False,True,False,False,False,True,False,False,89,1,3,False,HIGH,3
CVE-2026-11905,1.0,False,False,False,True,False,True,False,False,True,True,False,False,False,True,False,False,True,False,True,False,False,True,408,3,2025,False,False,0.0,0.0,False,76,11,False,False,False,False,False,False,True,True,False,False,False,416,1,4,False,MEDIUM,2
CVE-2025-11906,1.0,False,False,False,True,False,True,True,False,False,False,True,False,False,True,False,True,False,False,True,False,False,True,1753,4,2021,False,False,0.0,0.0,False,83,11,False,False,False,False,True,False,False,False,False,False,False,20,1,2,False,MEDIUM,2
CVE-2022-11907,1.0,False,False,True,False,False,True,False,True,False,False,True,False,False,True,False,False,False,True,False,True,False,True,447,3,2025,False,False,0.0,0.0,False,95,11,False,False,False,False,False,False,False,False,False,False,True,200,1,3,False,MEDIUM,2
CVE-2024-11908,1.0,False,True,False,False,True,False,False,False,True,True,False,True,False,False,True,False,False,True,False,False,True,True,773,3,2024,False,False,0.0,0.0,False,79,11,False,False,False,False,False,False,False,False,False,False,True,200,1,5,False,CRITICAL,4
CVE-2023-11909,1.0,False,False,False,True,True,False,False,False,True,False,True,True,True,False,False,False,True,False,False,False,True,True,869,2,2024,False,False,0.0,0.0,False,76,11,False,False,False,False,False,False,True,True,False,False,False,119,1,2,False,MEDIUM,2
CVE-2024-11910,1.0,False,True,False,False,True,False,False,False,True,True,False,True,False,True,False,True,False,False,True,False,False,True,1488,3,2022,False,False,0.0,0.0,False,95,11,False,False,False,False,False,False,False,False,True,False,False,79,1,2,False,HIGH,3
CVE-2025-11911,1.0,True,False,False,False,True,False,False,True,False,False,True,True,True,False,False,False,True,False,True,False,False,True,654,4,2024,False,False,0.0,0.0,False,86,10,False,False,False,False,False,False,False,False,False,False,False,20,1,1,False,HIGH,3
CVE-2026-11912,1.0,False,True,False,False,True,False,True,False,False,False,True,True,False,True,False,True,False,False,False,False,True,True,1173,3,2023,False,False,0.0,0.0,False,75,10,False,False,False,False,False,False,False,False,True,False,False,89,1,3,False,HIGH,3
CVE-2026-11913,1.0,False,False,False,True,True,False,False,False,True,True,False,False,True,False,False,False,True,False,False,False,True,True,1151,3,2023,False,False,0.0,0.0,False,95,11,False,False,False,False,False,False,False,True,False,False,False,787,1,1,False,MEDIUM,2
CVE-2026-11914,1.0,True,False,False,False,False,True,False,False,True,True,False,True,False,False,True,True,False,False,False,False,True,True,976,1,2024,False,False,0.0,0.0,False,83,11,False,False,False,False,True,False,False,False,False,False,True,200,1,5,False,HIGH,3
CVE-2024-11915,1.0,False,False,True,False,False,True,True,False,False,False,True,True,False,False,True,False,True,False,False,False,True,True,1469,3,2022,False,False,0.0,0.0,False,83,11,False,False,False,False,True,False,False,False,False,False,True,200,1,5,False,HIGH,3
CVE-2022-11916,1.0,False,True,False,False,True,False,False,False,True,False,True,False,True,False,False,False,True,False,True,False,False,True,706,4,2024,False,False,0.0,0.0,False,95,11,False,False,False,False,False,False,False,False,False,False,False,20,1,5,False,MEDIUM,2
CVE-2025-11917,1.0,True,False,False,False,False,True,False,True,False,True,False,False,True,False,False,False,True,False,False,True,False,True,1807,4,2021,False,False,0.0,0.0,False,69,10,False,False,False,True,False,False,False,False,False,False,False,269,1,3,False,MEDIUM,2
CVE-2026-11918,1.0,False,False,True,False,False,True,False,True,False,False,True,True,False,True,False,False,True,False,False,True,False,True,1058,4,2023,False,False,0.0,0.0,False,76,11,False,False,False,True,False,False,False,False,False,False,False,269,1,1,False,MEDIUM,2
CVE-2023-11919,1.0,False,False,True,False,True,False,True,False,False,True,False,True,False,False,True,False,True,False,False,True,False,True,1132,3,2023,False,False,0.0,0.0,False,75,10,False,False,False,False,False,False,False,True,False,False,False,416,1,5,False,HIGH,3
CVE-2023-11920,1.0,False,False,True,False,True,False,False,True,False,False,True,True,False,True,False,False,True,False,True,False,False,True,696,4,2024,False,False,0.0,0.0,False,75,10,False,False,False,False,False,False,False,False,True,False,False,89,1,2,False,MEDIUM,2
CVE-2023-11921,1.0,False,False,False,True,False,True,True,False,False,True,False,False,True,False,False,False,False,True,False,True,False,True,1563,2,2022,False,False,0.0,0.0,False,79,9,False,False,False,False,False,False,False,True,False,False,False,416,1,1,False,MEDIUM,2
CVE-2022-11922,1.0,False,False,False,True,True,False,False,False,True,True,False,True,True,False,False,True,False,False,False,True,False,True,382,3,2025,False,False,0.0,0.0,False,86,10,False,False,False,False,False,False,False,True,False,False,False,119,1,1,False,MEDIUM,2
CVE-2023-11923,1.0,False,True,False,False,True,False,False,False,True,False,True,False,True,False,False,True,False,False,False,False,True,True,437,3,2025,False,False,0.0,0.0,False,79,11,False,False,False,False,False,False,False,False,False,False,False,269,1,1,False,MEDIUM,2
CVE-2025-11924,1.0,False,True,False,False,True,False,False,False,True,False,True,False,True,False,False,False,True,False,False,False,True,True,588,1,2025,False,False,0.0,0.0,False,86,10,False,False,False,False,False,False,False,False,False,False,False,20,1,5,False,HIGH,3
CVE-2026-11925,1.0,False,False,False,True,False,True,False,False,True,False,True,False,False,True,False,False,True,False,True,False,False,True,1960,2,2021,False,False,0.0,0.0,False,95,11,False,False,False,False,False,False,False,False,False,False,True,200,1,1,False,LOW,1
CVE-2023-11926,1.0,False,False,True,False,True,False,False,True,False,False,True,False,False,True,False,True,False,False,False,True,False,True,1298,1,2023,False,False,0.0,0.0,False,92,10,False,False,False,False,False,False,False,True,False,False,False,416,1,4,False,MEDIUM,2
CVE-2025-11927,1.0,False,False,True,False,False,True,False,False,True,True,False,True,False,False,True,True,False,False,False,True,False,True,2066,1,2021,False,False,0.0,0.0,False,79,9,False,False,False,False,False,False,False,False,False,False,False,20,1,2,False,MEDIUM,2
CVE-2021-11928,1.0,False,False,True,False,False,True,True,False,False,True,False,False,True,False,False,False,True,False,False,False,True,True,1750,4,2021,False,False,0.0,0.0,False,95,11,False,False,False,False,False,False,False,False,True,False,False,89,1,3,False,HIGH,3
CVE-2023-11929,1.0,False,False,False,True,True,False,False,True,False,True,False,False,True,False,False,True,False,False,False,False,True,True,845,2,2024,False,False,0.0,0.0,False,86,10,False,False,False,False,False,False,False,True,False,False,False,787,1,4,False,MEDIUM,2
CVE-2023-11930,1.0,False,False,False,True,False,True,False,False,True,False,True,False,False,False,True,False,True,False,True,False,False,True,1005,4,2023,False,False,0.0,0.0,False,76,11,False,False,False,True,False,False,False,True,False,False,False,416,1,3,False,LOW,1
CVE-2026-11931,1.0,True,False,False,False,True,False,False,False,True,False,True,True,False,False,True,False,False,True,False,True,False,True,1770,4,2021,False,False,0.0,0.0,False,86,10,False,False,False,False,False,False,False,True,False,False,False,416,1,2,False,CRITICAL,4
CVE-2026-11932,1.0,False,True,False,False,False,True,True,False,False,False,True,True,False,False,True,False,False,True,False,True,False,True,526,2,2025,False,False,0.0,0.0,False,92,10,False,False,False,False,False,False,False,False,True,False,False,89,1,4,False,HIGH,3
CVE-2024-11933,1.0,False,True,False,False,True,False,False,True,False,True,False,False,False,True,False,False,True,False,True,False,False,True,1496,3,2022,False,False,0.0,0.0,False,95,11,False,False,False,False,False,False,False,True,False,False,False,119,1,1,False,MEDIUM,2
CVE-2021-11934,1.0,True,False,False,False,False,True,False,False,True,True,False,True,True,False,False,False,True,False,False,True,False,True,433,3,2025,False,False,0.0,0.0,False,83,11,False,False,False,False,True,False,False,False,False,False,False,269,1,5,False,MEDIUM,2
CVE-2024-11935,1.0,True,False,False,False,False,True,True,False,False,True,False,False,False,True,False,False,False,True,True,False,False,True,820,2,2024,False,False,0.0,0.0,False,79,9,False,False,False,False,False,False,False,True,False,False,False,787,1,1,False,HIGH,3
CVE-2025-11936,1.0,True,False,False,False,True,False,True,False,False,True,False,True,False,False,True,False,False,True,True,False,False,True,1066,4,2023,False,False,0.0,0.0,False,76,11,False,False,False,True,False,False,False,True,False,False,False,416,1,3,False,CRITICAL,4
CVE-2026-11937,1.0,False,False,False,True,True,False,False,False,True,False,True,True,False,True,False,False,False,True,False,True,False,True,985,1,2024,False,False,0.0,0.0,False,79,9,False,False,False,False,False,False,False,False,False,False,True,200,1,1,False,MEDIUM,2
CVE-2024-11938,1.0,False,False,True,False,True,False,False,False,True,True,False,False,False,True,False,False,False,True,True,False,False,True,1079,4,2023,False,False,0.0,0.0,False,76,11,False,False,False,True,False,False,False,True,False,False,False,787,1,5,False,HIGH,3
CVE-2023-11939,1.0,False,False,True,False,False,True,False,False,True,True,False,True,False,True,False,False,False,True,False,False,True,True,901,2,2024,False,False,0.0,0.0,False,76,11,False,False,False,False,False,False,True,True,False,False,False,416,1,2,False,HIGH,3
CVE-2025-11940,1.0,False,False,True,False,False,True,False,True,False,True,False,False,True,False,False,True,False,False,False,False,True,True,1665,1,2022,False,False,0.0,0.0,False,95,11,False,False,False,False,False,False,False,True,False,False,False,787,1,4,False,MEDIUM,2
CVE-2022-11941,1.0,False,False,False,True,True,False,True,False,False,True,False,False,False,False,True,False,True,False,False,False,True,True,1608,2,2022,False,False,0.0,0.0,False,76,11,False,False,False,False,False,False,True,False,True,False,False,79,1,5,False,HIGH,3
CVE-2021-11942,1.0,False,False,False,True,True,False,False,False,True,True,False,False,False,False,True,False,True,False,True,False,False,True,1779,4,2021,False,False,0.0,0.0,False,86,10,False,False,False,False,False,False,False,True,False,False,False,416,1,4,False,MEDIUM,2
CVE-2021-11943,1.0,True,False,False,False,False,True,False,False,True,True,False,False,False,True,False,True,False,False,False,False,True,True,307,4,2025,False,False,0.0,0.0,False,79,11,False,False,False,False,False,False,False,False,True,False,False,89,1,4,False,MEDIUM,2
CVE-2025-11944,1.0,False,False,True,False,False,True,False,False,True,False,True,True,True,False,False,True,False,False,False,False,True,True,1622,2,2022,False,False,0.0,0.0,False,86,10,False,False,False,False,False,False,False,False,False,False,False,269,1,1,False,MEDIUM,2
CVE-2024-11945,1.0,False,False,False,True,True,False,True,False,False,False,True,True,False,False,True,False,True,False,True,False,False,True,1424,4,2022,False,False,0.0,0.0,False,95,11,False,False,False,False,False,False,False,True,False,False,False,787,1,4,False,MEDIUM,2
CVE-2026-11946,1.0,False,True,False,False,True,False,False,True,False,False,True,True,False,False,True,True,False,False,False,False,True,True,1888,3,2021,False,False,0.0,0.0,False,92,10,False,False,False,False,False,False,False,False,False,False,False,269,1,4,False,HIGH,3
CVE-2023-11947,1.0,True,False,False,False,False,True,False,False,True,True,False,True,False,False,True,False,True,False,False,True,False,True,1835,3,2021,False,False,0.0,0.0,False,69,10,False,False,False,True,False,False,False,False,False,False,False,20,1,3,False,HIGH,3
CVE-2025-11948,1.0,True,False,False,False,True,False,False,True,False,True,False,True,False,True,False,True,False,False,False,False,True,True,995,1,2024,False,False,0.0,0.0,False,83,11,False,False,False,False,True,False,False,False,True,False,False,79,1,2,False,HIGH,3
CVE-2026-11949,1.0,True,False,False,False,True,False,False,True,False,False,True,False,False,True,False,False,False,True,False,True,False,True,471,2,2025,False,False,0.0,0.0,False,92,10,False,False,False,False,False,False,False,False,True,False,False,79,1,1,False,HIGH,3
CVE-2026-11950,1.0,False,False,False,True,True,False,True,False,False,True,False,True,False,False,True,False,True,False,False,True,False,True,1199,2,2023,False,False,0.0,0.0,False,79,11,False,False,False,False,False,False,False,True,False,False,False,416,1,5,False,HIGH,3
CVE-2023-11951,1.0,False,False,True,False,True,False,True,False,False,False,True,True,False,True,False,True,False,False,True,False,False,True,1252,2,2023,False,False,0.0,0.0,False,79,9,False,False,False,False,False,False,False,True,False,False,False,416,1,2,False,MEDIUM,2
CVE-2025-11952,1.0,False,True,False,False,False,True,False,False,True,True,False,False,False,True,False,False,False,True,False,True,False,True,1442,4,2022,False,False,0.0,0.0,False,75,10,False,False,False,False,False,False,False,False,False,False,False,269,1,4,False,MEDIUM,2
CVE-2025-11953,1.0,False,True,False,False,False,True,True,False,False,True,False,True,False,False,True,False,False,True,True,False,False,True,655,4,2024,False,False,0.0,0.0,False,75,10,False,False,False,False,False,False,False,False,False,False,False,20,1,2,False,CRITICAL,4
CVE-2021-11954,1.0,False,False,True,False,False,True,False,False,True,True,False,False,True,False,False,True,False,False,False,True,False,True,1417,4,2022,False,False,0.0,0.0,False,79,11,False,False,False,False,False,False,False,False,True,False,False,79,1,4,False,MEDIUM,2
CVE-2021-11955,1.0,False,False,True,False,True,False,False,False,True,False,True,True,True,False,False,False,True,False,True,False,False,True,969,1,2024,False,False,0.0,0.0,False,83,11,False,False,False,False,True,False,False,False,False,False,True,200,1,3,False,MEDIUM,2
CVE-2024-11956,1.0,False,False,False,True,True,False,False,False,True,True,False,True,False,False,True,False,False,True,False,False,True,True,643,4,2024,False,False,0.0,0.0,False,95,11,False,False,False,False,False,False,False,False,False,False,False,269,1,5,False,HIGH,3
CVE-2026-11957,1.0,False,False,False,True,False,True,False,False,True,True,False,True,True,False,False,False,True,False,True,False,False,True,1927,2,2021,False,False,0.0,0.0,False,79,9,False,False,False,False,False,False,False,False,False,False,False,269,1,1,False,MEDIUM,2
CVE-2022-11958,1.0,True,False,False,False,False,True,False,False,True,True,False,True,True,False,False,True,False,False,False,True,False,True,1938,2,2021,False,False,0.0,0.0,False,75,10,False,False,False,False,False,False,False,False,False,False,True,200,1,4,False,MEDIUM,2
CVE-2026-11959,1.0,False,False,True,False,True,False,False,False,True,False,True,True,False,True,False,True,False,False,False,False,True,True,1976,2,2021,False,False,0.0,0.0,False,95,11,False,False,False,False,False,False,False,False,True,False,False,89,1,5,False,MEDIUM,2
CVE-2025-11960,1.0,False,True,False,False,True,False,True,False,False,True,False,True,False,False,True,False,True,False,False,False,True,True,1266,2,2023,False,False,0.0,0.0,False,75,10,False,False,False,False,False,False,False,False,False,False,False,20,1,5,False,CRITICAL,4
CVE-2024-11961,1.0,True,False,False,False,True,False,False,True,False,False,True,True,False,True,False,True,False,False,False,False,True,True,647,4,2024,False,False,0.0,0.0,False,79,11,False,False,False,False,False,False,False,True,False,False,False,416,1,4,False,HIGH,3
CVE-2021-11962,1.0,False,False,True,False,False,True,True,False,False,False,True,False,True,False,False,True,False,False,True,False,False,True,2092,1,2021,False,False,0.0,0.0,False,95,11,False,False,False,False,False,False,False,False,True,False,False,89,1,2,False,MEDIUM,2
CVE-2025-11963,1.0,True,False,False,False,True,False,True,False,False,False,True,True,False,False,True,True,False,False,False,True,False,True,890,2,2024,False,False,0.0,0.0,False,79,9,False,False,False,False,False,False,False,False,False,False,False,20,1,1,False,CRITICAL,4
CVE-2024-11964,1.0,False,False,True,False,True,False,False,False,True,False,True,True,False,True,False,True,False,False,False,True,False,True,837,2,2024,False,False,0.0,0.0,False,76,11,False,False,False,True,False,False,False,False,False,False,True,200,1,1,False,MEDIUM,2
CVE-2022-11965,1.0,False,False,True,False,True,False,False,True,False,False,True,True,False,True,False,False,True,False,False,True,False,True,1663,1,2022,False,False,0.0,0.0,False,79,11,False,False,False,False,False,False,False,False,True,False,False,89,1,4,False,MEDIUM,2
CVE-2021-11966,1.0,False,True,False,False,False,True,True,False,False,False,True,False,True,False,False,False,False,True,False,False,True,True,970,1,2024,False,False,0.0,0.0,False,69,10,False,False,False,True,False,False,False,False,False,False,False,269,1,4,False,HIGH,3
CVE-2026-11967,1.0,False,True,False,False,True,False,False,True,False,False,True,True,False,True,False,True,False,False,False,True,False,True,1410,4,2022,False,False,0.0,0.0,False,79,11,False,False,False,False,False,False,False,False,False,False,False,20,1,1,False,MEDIUM,2
CVE-2025-11968,1.0,False,True,False,False,False,True,False,True,False,True,False,False,False,True,False,False,True,False,False,False,True,True,1433,4,2022,False,False,0.0,0.0,False,92,10,False,False,False,False,False,False,False,False,False,False,True,200,1,5,False,MEDIUM,2
CVE-2024-11969,1.0,False,True,False,False,True,False,False,True,False,False,True,False,True,False,False,True,False,False,False,True,False,True,1807,4,2021,False,False,0.0,0.0,False,95,11,False,False,False,False,False,False,False,False,False,False,False,269,1,3,False,MEDIUM,2
CVE-2026-11970,1.0,True,False,False,False,False,True,False,False,True,False,True,True,False,False,True,True,False,False,True,False,False,True,582,1,2025,False,False,0.0,0.0,False,95,11,False,False,False,False,False,False,False,False,False,False,False,269,1,1,False,HIGH,3
CVE-2023-11971,1.0,False,False,False,True,False,True,False,False,True,False,True,False,True,False,False,True,False,False,False,False,True,True,669,4,2024,False,False,0.0,0.0,False,76,11,False,False,False,False,False,False,True,False,False,False,False,20,1,3,False,LOW,1
CVE-2025-11972,1.0,False,True,False,False,False,True,False,True,False,False,True,True,True,False,False,False,False,True,True,False,False,True,1436,4,2022,False,False,0.0,0.0,False,69,10,False,False,False,True,False,False,False,False,False,False,False,20,1,5,False,MEDIUM,2
CVE-2025-11973,1.0,True,False,False,False,False,True,True,False,False,True,False,True,True,False,False,False,False,True,True,False,False,True,1990,2,2021,False,False,0.0,0.0,False,83,11,False,False,False,False,True,False,False,False,True,False,False,79,1,3,False,CRITICAL,4
CVE-2024-11974,1.0,False,False,False,True,True,False,False,False,True,True,False,False,False,True,False,False,False,True,True,False,False,True,1110,3,2023,False,False,0.0,0.0,False,92,10,False,False,False,False,False,False,False,True,False,False,False,787,1,1,False,MEDIUM,2
CVE-2025-11975,1.0,False,False,True,False,False,True,False,True,False,True,False,True,False,True,False,True,False,False,False,True,False,True,720,4,2024,False,False,0.0,0.0,False,69,10,False,False,False,True,False,False,False,False,False,False,False,20,1,2,False,MEDIUM,2
CVE-2025-11976,1.0,False,True,False,False,True,False,False,True,False,False,True,False,False,False,True,False,False,True,True,False,False,True,751,3,2024,False,False,0.0,0.0,False,95,11,False,False,False,False,False,False,False,False,False,False,False,20,1,4,False,HIGH,3
CVE-2021-11977,1.0,True,False,False,False,True,False,False,False,True,False,True,True,False,False,True,False,False,True,False,True,False,True,1717,1,2022,False,False,0.0,0.0,False,69,10,False,False,False,True,False,False,False,False,False,False,False,20,1,3,False,HIGH,3
CVE-2022-11978,1.0,True,False,False,False,False,True,True,False,False,True,False,True,False,True,False,False,True,False,True,False,False,True,1505,3,2022,False,False,0.0,0.0,False,75,10,False,False,False,False,False,False,False,False,True,False,False,79,1,3,False,HIGH,3
CVE-2026-11979,1.0,False,True,False,False,True,False,True,False,False,False,True,True,True,False,False,True,False,False,False,False,True,True,890,2,2024,False,False,0.0,0.0,False,83,11,False,False,False,False,True,False,False,False,True,False,False,89,1,2,False,HIGH,3
CVE-2022-11980,1.0,True,False,False,False,False,True,True,False,False,True,False,False,False,False,True,True,False,False,True,False,False,True,1526,3,2022,False,False,0.0,0.0,False,75,10,False,False,False,False,False,False,False,False,True,False,False,89,1,1,False,HIGH,3
CVE-2026-11981,1.0,True,False,False,False,True,False,True,False,False,True,False,True,False,False,True,False,True,False,True,False,False,True,582,1,2025,False,False,0.0,0.0,False,76,11,False,False,False,False,False,False,True,False,True,False,False,79,1,2,False,CRITICAL,4
CVE-2026-11982,1.0,False,True,False,False,False,True,True,False,False,True,False,False,True,False,False,False,False,True,False,False,True,True,1739,4,2021,False,False,0.0,0.0,False,92,10,False,False,False,False,False,False,False,False,False,False,True,200,1,3,False,HIGH,3
CVE-2026-11983,1.0,False,True,False,False,True,False,False,True,False,True,False,True,False,True,False,False,True,False,False,False,True,True,1515,3,2022,False,False,0.0,0.0,False,95,11,False,False,False,False,False,False,False,True,False,False,False,787,1,4,False,HIGH,3
CVE-2022-11984,1.0,False,False,False,True,False,True,True,False,False,False,True,False,False,False,True,True,False,False,False,False,True,True,1555,2,2022,False,False,0.0,0.0,False,69,10,False,False,False,True,False,False,False,False,False,False,False,269,1,2,False,MEDIUM,2
CVE-2024-11985,1.0,False,False,False,True,True,False,False,True,False,False,True,False,False,False,True,False,True,False,True,False,False,True,792,3,2024,False,False,0.0,0.0,False,95,11,False,False,False,False,False,False,False,False,False,False,False,269,1,4,False,MEDIUM,2
CVE-2023-11986,1.0,False,False,False,True,False,True,False,True,False,False,True,False,False,True,False,False,True,False,False,True,False,True,686,4,2024,False,False,0.0,0.0,False,76,11,False,False,False,False,False,False,True,False,True,False,False,89,1,3,False,LOW,1
CVE-2026-11987,1.0,False,False,False,True,False,True,False,True,False,True,False,True,False,True,False,False,True,False,True,False,False,True,1049,4,2023,False,False,0.0,0.0,False,92,10,False,False,False,False,False,False,False,True,False,False,False,119,1,4,False,MEDIUM,2
CVE-2026-11988,1.0,False,False,True,False,False,True,False,True,False,False,True,True,False,False,True,False,True,False,False,False,True,True,1336,1,2023,False,False,0.0,0.0,False,79,11,False,False,False,False,False,False,False,True,False,False,False,119,1,3,False,MEDIUM,2
CVE-2025-11989,1.0,False,False,False,True,True,False,False,False,True,False,True,False,True,False,False,False,True,False,True,False,False,True,907,2,2024,False,False,0.0,0.0,False,92,10,False,False,False,False,False,False,False,True,False,False,False,416,1,4,False,LOW,1
CVE-2022-11990,1.0,False,False,True,False,False,True,True,False,False,True,False,True,False,False,True,False,False,True,False,True,False,True,1486,3,2022,False,False,0.0,0.0,False,79,11,False,False,False,False,False,False,False,True,False,False,False,119,1,5,False,HIGH,3
CVE-2023-11991,1.0,False,False,True,False,False,True,False,False,True,False,True,True,True,False,False,False,False,True,False,False,True,True,1540,3,2022,False,False,0.0,0.0,False,92,10,False,False,False,False,False,False,False,False,False,False,False,20,1,4,False,MEDIUM,2
CVE-2024-11992,1.0,False,True,False,False,False,True,False,False,True,False,True,False,False,False,True,False,False,True,False,False,True,True,599,1,2025,False,False,0.0,0.0,False,76,11,False,False,False,False,False,False,True,False,True,False,False,79,1,4,False,HIGH,3
CVE-2023-11993,1.0,True,False,False,False,True,False,False,True,False,True,False,True,True,False,False,True,False,False,True,False,False,True,333,4,2025,False,False,0.0,0.0,False,76,11,False,False,False,False,False,False,True,False,False,False,False,20,1,4,False,HIGH,3
CVE-2024-11994,1.0,True,False,False,False,False,True,False,False,True,True,False,False,True,False,False,False,True,False,False,False,True,True,1828,3,2021,False,False,0.0,0.0,False,92,10,False,False,False,False,False,False,False,True,False,False,False,416,1,4,False,MEDIUM,2
CVE-2026-11995,1.0,False,True,False,False,False,True,False,False,True,False,True,False,True,False,False,True,False,False,True,False,False,True,2056,1,2021,False,False,0.0,0.0,False,86,10,False,False,False,False,False,False,False,False,False,False,True,200,1,4,False,LOW,1
CVE-2025-11996,1.0,False,False,False,True,False,True,True,False,False,False,True,True,True,False,False,False,False,True,False,False,True,True,522,2,2025,False,False,0.0,0.0,False,92,10,False,False,False,False,False,False,False,False,True,False,False,89,1,4,False,MEDIUM,2
CVE-2023-11997,1.0,False,True,False,False,True,False,False,False,True,True,False,True,True,False,False,False,False,True,False,False,True,True,558,1,2025,False,False,0.0,0.0,False,79,9,False,False,False,False,False,False,False,False,False,False,True,200,1,1,False,HIGH,3
CVE-2024-11998,1.0,False,False,True,False,True,False,False,False,True,True,False,False,False,False,True,False,True,False,False,False,True,True,415,3,2025,False,False,0.0,0.0,False,92,10,False,False,False,False,False,False,False,True,False,False,False,416,1,3,False,HIGH,3
CVE-2024-11999,1.0,False,False,False,True,False,True,False,False,True,True,False,True,False,False,True,False,False,True,True,False,False,True,1914,3,2021,False,False,0.0,0.0,False,79,11,False,False,False,False,False,False,False,True,False,False,False,119,1,3,False,MEDIUM,2
CVE-2025-12000,1.0,True,False,False,False,False,True,True,False,False,True,False,True,False,False,True,True,False,False,True,False,False,True,1868,3,2021,False,False,0.0,0.0,False,92,10,False,False,False,False,False,False,False,True,False,False,False,119,1,5,False,CRITICAL,4
CVE-2023-12001,1.0,True,False,False,False,True,False,True,False,False,True,False,False,False,True,False,False,True,False,True,False,False,True,598,1,2025,False,False,0.0,0.0,False,79,11,False,False,False,False,False,False,False,True,False,False,False,416,1,4,False,HIGH,3
CVE-2026-12002,1.0,True,False,False,False,False,True,True,False,False,False,True,False,False,False,True,True,False,False,True,False,False,True,1535,3,2022,False,False,0.0,0.0,False,92,10,False,False,False,False,False,False,False,True,False,False,False,787,1,5,False,HIGH,3
CVE-2021-12003,1.0,True,False,False,False,True,False,False,True,False,True,False,True,False,False,True,False,False,True,False,False,True,True,1944,2,2021,False,False,0.0,0.0,False,92,10,False,False,False,False,False,False,False,False,True,False,False,79,1,1,False,CRITICAL,4
CVE-2023-12004,1.0,True,False,False,False,True,False,False,False,True,False,True,True,True,False,False,False,True,False,False,False,True,True,752,3,2024,False,False,0.0,0.0,False,69,10,False,False,False,True,False,False,False,False,False,False,False,20,1,1,False,HIGH,3
CVE-2025-12005,1.0,False,False,True,False,True,False,True,False,False,True,False,True,False,False,True,False,False,True,False,True,False,True,2014,1,2021,False,False,0.0,0.0,False,79,11,False,False,False,False,False,False,False,False,False,False,True,200,1,5,False,CRITICAL,4
CVE-2022-12006,1.0,False,False,True,False,True,False,True,False,False,False,True,False,False,False,True,False,True,False,False,False,True,True,1973,2,2021,False,False,0.0,0.0,False,79,9,False,False,False,False,False,False,False,False,True,False,False,79,1,4,False,HIGH,3
CVE-2021-12007,1.0,False,False,False,True,True,False,True,False,False,False,True,True,True,False,False,False,False,True,True,False,False,True,1675,1,2022,False,False,0.0,0.0,False,79,11,False,False,False,False,False,False,False,True,False,False,False,787,1,1,False,MEDIUM,2
CVE-2022-12008,1.0,False,False,True,False,True,False,True,False,False,False,True,True,False,False,True,True,False,False,True,False,False,True,493,2,2025,False,False,0.0,0.0,False,92,10,False,False,False,False,False,False,False,False,True,False,False,79,1,3,False,HIGH,3
CVE-2021-12009,1.0,False,False,False,True,False,True,False,True,False,True,False,True,False,False,True,True,False,False,False,False,True,True,1824,3,2021,False,False,0.0,0.0,False,76,11,False,False,False,False,False,False,True,True,False,False,False,119,1,4,False,MEDIUM,2
CVE-2025-12010,1.0,False,False,False,True,False,True,False,True,False,True,False,False,True,False,False,False,False,True,True,False,False,True,1341,1,2023,False,False,0.0,0.0,False,76,11,False,False,False,True,False,False,False,False,False,False,False,20,1,4,False,MEDIUM,2
CVE-2025-12011,1.0,False,False,False,True,True,False,False,False,True,False,True,False,True,False,False,False,False,True,True,False,False,True,1868,3,2021,False,False,0.0,0.0,False,79,9,False,False,False,False,False,False,False,False,True,False,False,79,1,3,False,MEDIUM,2
CVE-2021-12012,1.0,True,False,False,False,False,True,True,False,False,False,True,False,False,True,False,False,False,True,False,False,True,True,1940,2,2021,False,False,0.0,0.0,False,79,9,False,False,False,False,False,False,False,False,True,False,False,89,1,4,False,CRITICAL,4
CVE-2024-12013,1.0,False,False,True,False,False,True,True,False,False,False,True,False,False,False,True,False,True,False,False,False,True,True,973,1,2024,False,False,0.0,0.0,False,76,11,False,False,False,False,False,False,True,False,False,False,True,200,1,1,False,MEDIUM,2
CVE-2022-12014,1.0,False,False,True,False,False,True,False,False,True,True,False,True,False,False,True,False,False,True,False,False,True,True,799,3,2024,False,False,0.0,0.0,False,69,10,False,False,False,True,False,False,False,False,False,False,True,200,1,5,False,HIGH,3
CVE-2023-12015,1.0,False,False,True,False,True,False,True,False,False,True,False,True,True,False,False,False,False,True,False,False,True,True,1223,2,2023,False,False,0.0,0.0,False,86,10,False,False,False,False,False,False,False,False,False,False,False,269,1,4,False,CRITICAL,4
CVE-2023-12016,1.0,False,True,False,False,False,True,False,True,False,False,True,False,True,False,False,False,True,False,False,False,True,True,737,3,2024,False,False,0.0,0.0,False,76,11,False,False,False,True,False,False,False,False,True,False,False,79,1,4,False,MEDIUM,2
CVE-2024-12017,1.0,False,False,True,False,False,True,False,True,False,True,False,True,False,True,False,True,False,False,False,True,False,True,1268,2,2023,False,False,0.0,0.0,False,75,10,False,False,False,False,False,False,False,False,False,False,False,20,1,1,False,MEDIUM,2
CVE-2023-12018,1.0,False,False,True,False,True,False,True,False,False,True,False,True,False,False,True,False,False,True,False,True,False,True,336,4,2025,False,False,0.0,0.0,False,76,11,False,False,False,False,False,False,True,False,True,False,False,89,1,3,False,CRITICAL,4
CVE-2026-12019,1.0,True,False,False,False,True,False,True,False,False,False,True,True,False,False,True,False,False,True,True,False,False,True,1047,4,2023,False,False,0.0,0.0,False,69,10,False,False,False,True,False,False,False,False,True,False,False,79,1,4,False,CRITICAL,4
CVE-2025-12020,1.0,False,False,False,True,False,True,True,False,False,True,False,False,True,False,False,False,True,False,False,False,True,True,1807,4,2021,False,False,0.0,0.0,False,75,10,False,False,False,False,False,False,False,False,True,False,False,89,1,2,False,MEDIUM,2
CVE-2022-12021,1.0,False,True,False,False,True,False,False,False,True,True,False,True,True,False,False,False,False,True,False,True,False,True,965,1,2024,False,False,0.0,0.0,False,92,10,False,False,False,False,False,False,False,True,False,False,False,787,1,3,False,HIGH,3
CVE-2025-12022,1.0,False,False,True,False,True,False,True,False,False,False,True,False,True,False,False,False,False,True,False,False,True,True,1701,1,2022,False,False,0.0,0.0,False,75,10,False,False,False,False,False,False,False,False,False,False,True,200,1,4,False,HIGH,3
CVE-2021-12023,1.0,True,False,False,False,True,False,True,False,False,False,True,False,False,True,False,True,False,False,False,True,False,True,1628,2,2022,False,False,0.0,0.0,False,79,11,False,False,False,False,False,False,False,True,False,False,False,787,1,2,False,HIGH,3
CVE-2026-12024,1.0,False,True,False,False,True,False,False,True,False,False,True,False,False,False,True,False,False,True,False,False,True,True,1009,4,2023,False,False,0.0,0.0,False,75,10,False,False,False,False,False,False,False,False,False,False,False,269,1,4,False,HIGH,3
CVE-2021-12025,1.0,False,True,False,False,True,False,True,False,False,True,False,False,True,False,False,False,True,False,True,False,False,True,869,2,2024,False,False,0.0,0.0,False,86,10,False,False,False,False,False,False,False,False,False,False,True,200,1,3,False,HIGH,3
CVE-2023-12026,1.0,False,False,True,False,True,False,False,False,True,True,False,True,False,True,False,False,True,False,False,False,True,True,1937,2,2021,False,False,0.0,0.0,False,92,10,False,False,False,False,False,False,False,True,False,False,False,416,1,4,False,MEDIUM,2
CVE-2026-12027,1.0,True,False,False,False,True,False,True,False,False,True,False,False,False,True,False,True,False,False,False,True,False,True,808,3,2024,False,False,0.0,0.0,False,79,9,False,False,False,False,False,False,False,False,False,False,False,20,1,2,False,HIGH,3
CVE-2025-12028,1.0,False,True,False,False,True,False,True,False,False,False,True,True,True,False,False,False,False,True,False,True,False,True,897,2,2024,False,False,0.0,0.0,False,76,11,False,False,False,True,False,False,False,False,False,False,False,20,1,3,False,HIGH,3
CVE-2025-12029,1.0,False,False,False,True,False,True,False,False,True,False,True,False,False,False,True,False,True,False,True,False,False,True,1434,4,2022,False,False,0.0,0.0,False,83,11,False,False,False,False,True,False,False,False,False,False,False,20,1,4,False,LOW,1
CVE-2024-12030,1.0,True,False,False,False,False,True,False,True,False,True,False,True,True,False,False,False,True,False,True,False,False,True,935,1,2024,False,False,0.0,0.0,False,79,11,False,False,False,False,False,False,False,False,False,False,False,20,1,4,False,MEDIUM,2
CVE-2024-12031,1.0,False,True,False,False,False,True,False,True,False,False,True,True,True,False,False,True,False,False,False,True,False,True,1154,3,2023,False,False,0.0,0.0,False,83,11,False,False,False,False,True,False,False,False,False,False,False,269,1,2,False,MEDIUM,2
CVE-2024-12032,1.0,False,False,False,True,True,False,False,True,False,True,False,False,False,True,False,True,False,False,False,False,True,True,1905,3,2021,False,False,0.0,0.0,False,76,11,False,False,False,True,False,False,False,False,False,False,False,20,1,5,False,MEDIUM,2
CVE-2022-12033,1.0,False,True,False,False,False,True,False,True,False,False,True,True,False,True,False,False,True,False,True,False,False,True,1115,3,2023,False,False,0.0,0.0,False,79,9,False,False,False,False,False,False,False,False,False,False,False,269,1,1,False,MEDIUM,2
CVE-2023-12034,1.0,False,True,False,False,True,False,False,True,False,True,False,False,False,True,False,False,False,True,True,False,False,True,712,4,2024,False,False,0.0,0.0,False,86,10,False,False,False,False,False,False,False,False,False,False,False,20,1,3,False,HIGH,3
CVE-2024-12035,1.0,False,False,True,False,True,False,False,False,True,False,True,True,True,False,False,False,True,False,False,False,True,True,643,4,2024,False,False,0.0,0.0,False,76,11,False,False,False,False,False,False,True,False,True,False,False,79,1,3,False,MEDIUM,2
CVE-2023-12036,1.0,False,False,True,False,True,False,False,True,False,True,False,True,False,False,True,False,True,False,True,False,False,True,1450,4,2022,False,False,0.0,0.0,False,86,10,False,False,False,False,False,False,False,False,True,False,False,89,1,3,False,HIGH,3
CVE-2023-12037,1.0,False,True,False,False,True,False,True,False,False,True,False,True,False,False,True,False,False,True,False,True,False,True,1169,3,2023,False,False,0.0,0.0,False,75,10,False,False,False,False,False,False,False,False,False,False,False,269,1,2,False,CRITICAL,4
CVE-2021-12038,1.0,False,True,False,False,False,True,True,False,False,True,False,True,True,False,False,True,False,False,False,False,True,True,1436,4,2022,False,False,0.0,0.0,False,92,10,False,False,False,False,False,False,False,True,False,False,False,416,1,4,False,HIGH,3
CVE-2026-12039,1.0,True,False,False,False,False,True,True,False,False,True,False,True,False,True,False,True,False,False,False,False,True,True,831,2,2024,False,False,0.0,0.0,False,75,10,False,False,False,False,False,False,False,False,True,False,False,89,1,1,False,HIGH,3
CVE-2021-12040,1.0,False,True,False,False,True,False,False,True,False,True,False,False,False,True,False,False,True,False,False,False,True,True,1261,2,2023,False,False,0.0,0.0,False,79,9,False,False,False,False,False,False,False,True,False,False,False,119,1,4,False,HIGH,3
CVE-2024-12041,1.0,False,False,True,False,True,False,True,False,False,True,False,False,False,False,True,True,False,False,False,False,True,True,1642,1,2022,False,False,0.0,0.0,False,69,10,False,False,False,True,False,False,False,False,False,False,False,20,1,3,False,HIGH,3
CVE-2023-12042,1.0,False,True,False,False,True,False,False,True,False,True,False,False,True,False,False,False,False,True,True,False,False,True,2080,1,2021,False,False,0.0,0.0,False,86,10,False,False,False,False,False,False,False,True,False,False,False,119,1,2,False,HIGH,3
CVE-2025-12043,1.0,False,False,False,True,True,False,False,False,True,True,False,False,True,False,False,False,False,True,True,False,False,True,1633,2,2022,False,False,0.0,0.0,False,83,11,False,False,False,False,True,False,False,False,True,False,False,89,1,5,False,MEDIUM,2
CVE-2024-12044,1.0,False,True,False,False,True,False,False,True,False,False,True,True,False,False,True,False,True,False,True,False,False,True,1892,3,2021,False,False,0.0,0.0,False,83,11,False,False,False,False,True,False,False,False,False,False,False,269,1,3,False,HIGH,3
CVE-2023-12045,1.0,False,True,False,False,True,False,True,False,False,False,True,True,False,False,True,True,False,False,True,False,False,True,2090,1,2021,False,False,0.0,0.0,False,79,11,False,False,False,False,False,False,False,True,False,False,False,119,1,1,False,HIGH,3
CVE-2026-12046,1.0,False,False,False,True,True,False,False,True,False,False,True,True,False,True,False,False,True,False,False,False,True,True,810,3,2024,False,False,0.0,0.0,False,95,11,False,False,False,False,False,False,False,False,False,False,True,200,1,2,False,MEDIUM,2
CVE-2021-12047,1.0,False,False,True,False,False,True,True,False,False,True,False,False,False,False,True,False,True,False,False,True,False,True,493,2,2025,False,False,0.0,0.0,False,76,11,False,False,False,True,False,False,False,True,False,False,False,416,1,4,False,MEDIUM,2
CVE-2023-12048,1.0,False,True,False,False,False,True,False,False,True,False,True,False,True,False,False,True,False,False,False,False,True,True,1976,2,2021,False,False,0.0,0.0,False,95,11,False,False,False,False,False,False,False,False,True,False,False,89,1,5,False,MEDIUM,2
CVE-2026-12049,1.0,False,False,False,True,True,False,False,True,False,True,False,False,True,False,False,True,False,False,True,False,False,True,768,3,2024,False,False,0.0,0.0,False,76,11,False,False,False,False,False,False,True,False,True,False,False,79,1,1,False,MEDIUM,2
CVE-2024-12050,1.0,False,False,False,True,True,False,False,True,False,False,True,True,True,False,False,False,True,False,True,False,False,True,813,3,2024,False,False,0.0,0.0,False,95,11,False,False,False,False,False,False,False,False,True,False,False,89,1,2,False,MEDIUM,2
CVE-2026-12051,1.0,False,False,True,False,True,False,True,False,False,True,False,True,False,False,True,False,False,True,False,False,True,True,1100,3,2023,False,False,0.0,0.0,False,92,10,False,False,False,False,False,False,False,False,False,False,True,200,1,5,False,CRITICAL,4
CVE-2024-12052,1.0,True,False,False,False,True,False,False,True,False,True,False,True,True,False,False,True,False,False,True,False,False,True,1644,1,2022,False,False,0.0,0.0,False,83,11,False,False,False,False,True,False,False,False,False,False,False,20,1,2,False,HIGH,3
CVE-2023-12053,1.0,False,True,False,False,True,False,False,False,True,True,False,False,True,False,False,False,True,False,False,True,False,True,513,2,2025,False,False,0.0,0.0,False,76,11,False,False,False,True,False,False,False,False,False,False,False,269,1,5,False,MEDIUM,2
CVE-2024-12054,1.0,False,True,False,False,True,False,False,True,False,False,True,False,False,True,False,False,False,True,False,False,True,True,1317,1,2023,False,False,0.0,0.0,False,86,10,False,False,False,False,False,False,False,True,False,False,False,119,1,4,False,HIGH,3
CVE-2023-12055,1.0,False,False,True,False,True,False,False,False,True,True,False,False,True,False,False,True,False,False,False,True,False,True,928,1,2024,False,False,0.0,0.0,False,95,11,False,False,False,False,False,False,False,False,False,False,False,20,1,4,False,MEDIUM,2
CVE-2022-12056,1.0,False,False,False,True,False,True,True,False,False,False,True,True,True,False,False,False,True,False,True,False,False,True,661,4,2024,False,False,0.0,0.0,False,83,11,False,False,False,False,True,False,False,False,True,False,False,89,1,4,False,MEDIUM,2
CVE-2023-12057,1.0,False,True,False,False,True,False,False,True,False,False,True,True,False,True,False,False,True,False,False,False,True,True,1448,4,2022,False,False,0.0,0.0,False,75,10,False,False,False,False,False,False,False,True,False,False,False,787,1,4,False,HIGH,3
CVE-2025-12058,1.0,False,False,True,False,False,True,True,False,False,True,False,True,False,False,True,False,True,False,False,False,True,True,1192,2,2023,False,False,0.0,0.0,False,79,9,False,False,False,False,False,False,False,False,False,False,False,269,1,1,False,HIGH,3
CVE-2023-12059,1.0,False,True,False,False,False,True,True,False,False,False,True,False,False,False,True,False,True,False,False,True,False,True,1262,2,2023,False,False,0.0,0.0,False,69,10,False,False,False,True,False,False,False,True,False,False,False,416,1,5,False,MEDIUM,2
CVE-2021-12060,1.0,True,False,False,False,False,True,True,False,False,False,True,True,False,False,True,False,True,False,True,False,False,True,1803,4,2021,False,False,0.0,0.0,False,83,11,False,False,False,False,True,False,False,True,False,False,False,119,1,3,False,HIGH,3
CVE-2025-12061,1.0,False,True,False,False,False,True,False,False,True,False,True,False,True,False,False,True,False,False,False,False,True,True,1193,2,2023,False,False,0.0,0.0,False,69,10,False,False,False,True,False,False,False,False,True,False,False,79,1,3,False,MEDIUM,2
CVE-2026-12062,1.0,False,True,False,False,True,False,True,False,False,False,True,True,False,True,False,False,False,True,False,False,True,True,1335,1,2023,False,False,0.0,0.0,False,95,11,False,False,False,False,False,False,False,False,False,False,False,20,1,3,False,CRITICAL,4
CVE-2024-12063,1.0,False,False,False,True,True,False,False,True,False,True,False,True,False,False,True,False,False,True,True,False,False,True,615,1,2025,False,False,0.0,0.0,False,83,11,False,False,False,False,True,False,False,True,False,False,False,787,1,1,False,HIGH,3
CVE-2022-12064,1.0,False,True,False,False,True,False,False,True,False,False,True,False,True,False,False,True,False,False,False,True,False,True,765,3,2024,False,False,0.0,0.0,False,92,10,False,False,False,False,False,False,False,False,True,False,False,89,1,1,False,MEDIUM,2
CVE-2026-12065,1.0,False,False,True,False,True,False,False,False,True,False,True,True,False,True,False,False,False,True,False,True,False,True,655,4,2024,False,False,0.0,0.0,False,79,11,False,False,False,False,False,False,False,False,False,False,False,20,1,4,False,MEDIUM,2
CVE-2024-12066,1.0,False,True,False,False,False,True,True,False,False,True,False,False,True,False,False,True,False,False,True,False,False,True,805,3,2024,False,False,0.0,0.0,False,92,10,False,False,False,False,False,False,False,False,False,False,False,20,1,1,False,HIGH,3
CVE-2023-12067,1.0,False,True,False,False,False,True,False,True,False,True,False,False,True,False,False,False,True,False,False,True,False,True,1065,4,2023,False,False,0.0,0.0,False,86,10,False,False,False,False,False,False,False,True,False,False,False,416,1,1,False,MEDIUM,2
CVE-2022-12068,1.0,False,False,False,True,False,True,False,False,True,True,False,False,False,True,False,True,False,False,False,True,False,True,680,4,2024,False,False,0.0,0.0,False,86,10,False,False,False,False,False,False,False,False,False,False,True,200,1,5,False,MEDIUM,2
CVE-2024-12069,1.0,False,True,False,False,True,False,False,False,True,False,True,True,False,True,False,False,False,True,False,False,True,True,300,4,2025,False,False,0.0,0.0,False,79,9,False,False,False,False,False,False,False,False,False,False,False,20,1,1,False,HIGH,3
CVE-2022-12070,1.0,False,False,True,False,True,False,False,False,True,True,False,True,True,False,False,False,False,True,True,False,False,True,1560,2,2022,False,False,0.0,0.0,False,92,10,False,False,False,False,False,False,False,False,True,False,False,79,1,1,False,HIGH,3
CVE-2023-12071,1.0,False,False,False,True,False,True,False,False,True,True,False,False,True,False,False,False,False,True,False,False,True,True,1294,1,2023,False,False,0.0,0.0,False,83,11,False,False,False,False,True,False,False,False,False,False,False,20,1,3,False,MEDIUM,2
CVE-2026-12072,1.0,False,False,True,False,True,False,False,True,False,True,False,False,False,True,False,False,True,False,False,True,False,True,1956,2,2021,False,False,0.0,0.0,False,79,9,False,False,False,False,False,False,False,False,False,False,False,269,1,1,False,MEDIUM,2
CVE-2023-12073,1.0,True,False,False,False,False,True,False,False,True,True,False,True,False,True,False,False,True,False,False,True,False,True,1704,1,2022,False,False,0.0,0.0,False,92,10,False,False,False,False,False,False,False,False,False,False,False,269,1,5,False,HIGH,3
CVE-2022-12074,1.0,True,False,False,False,True,False,False,True,False,False,True,True,False,True,False,False,True,False,True,False,False,True,2009,1,2021,False,False,0.0,0.0,False,69,10,False,False,False,True,False,False,False,True,False,False,False,787,1,4,False,MEDIUM,2
CVE-2023-12075,1.0,True,False,False,False,True,False,False,True,False,True,False,True,False,False,True,False,False,True,False,False,True,True,2022,1,2021,False,False,0.0,0.0,False,86,10,False,False,False,False,False,False,False,True,False,False,False,119,1,4,False,CRITICAL,4
CVE-2024-12076,1.0,False,False,True,False,False,True,False,True,False,False,True,False,True,False,False,False,False,True,False,False,True,True,1904,3,2021,False,False,0.0,0.0,False,76,11,False,False,False,False,False,False,True,True,False,False,False,787,1,4,False,MEDIUM,2
CVE-2023-12077,1.0,False,True,False,False,True,False,True,False,False,False,True,False,False,True,False,True,False,False,False,False,True,True,909,2,2024,False,False,0.0,0.0,False,76,11,False,False,False,True,False,False,False,False,False,False,False,269,1,1,False,HIGH,3
CVE-2025-12078,1.0,False,True,False,False,False,True,False,True,False,True,False,True,False,True,False,False,True,False,False,True,False,True,1671,1,2022,False,False,0.0,0.0,False,83,11,False,False,False,False,True,False,False,False,True,False,False,89,1,5,False,MEDIUM,2
CVE-2022-12079,1.0,False,True,False,False,True,False,False,True,False,True,False,True,False,True,False,False,False,True,True,False,False,True,1349,1,2023,False,False,0.0,0.0,False,83,11,False,False,False,False,True,False,False,False,True,False,False,79,1,4,False,HIGH,3
CVE-2023-12080,1.0,True,False,False,False,False,True,False,False,True,False,True,True,False,True,False,False,False,True,False,True,False,True,950,1,2024,False,False,0.0,0.0,False,76,11,False,False,False,True,False,False,False,True,False,False,False,119,1,1,False,MEDIUM,2
CVE-2021-12081,1.0,False,False,True,False,True,False,True,False,False,False,True,False,False,True,False,False,True,False,False,True,False,True,1785,4,2021,False,False,0.0,0.0,False,92,10,False,False,False,False,False,False,False,True,False,False,False,119,1,3,False,MEDIUM,2
CVE-2021-12082,1.0,True,False,False,False,True,False,False,True,False,True,False,True,False,True,False,False,True,False,True,False,False,True,789,3,2024,False,False,0.0,0.0,False,83,11,False,False,False,False,True,False,False,True,False,False,False,119,1,1,False,HIGH,3
CVE-2024-12083,1.0,True,False,False,False,False,True,True,False,False,True,False,True,True,False,False,False,False,True,False,False,True,True,420,3,2025,False,False,0.0,0.0,False,86,10,False,False,False,False,False,False,False,True,False,False,False,787,1,4,False,CRITICAL,4
CVE-2024-12084,1.0,True,False,False,False,False,True,True,False,False,False,True,False,False,False,True,False,False,True,False,True,False,True,566,1,2025,False,False,0.0,0.0,False,76,11,False,False,False,True,False,False,False,True,False,False,False,416,1,2,False,HIGH,3
CVE-2025-12085,1.0,False,False,False,True,True,False,True,False,False,True,False,False,True,False,False,False,False,True,False,True,False,True,1970,2,2021,False,False,0.0,0.0,False,69,10,False,False,False,True,False,False,False,False,True,False,False,89,1,2,False,HIGH,3
CVE-2026-12086,1.0,False,True,False,False,True,False,False,True,False,False,True,True,False,True,False,True,False,False,False,False,True,True,1501,3,2022,False,False,0.0,0.0,False,79,9,False,False,False,False,False,False,False,True,False,False,False,416,1,1,False,HIGH,3
CVE-2025-12087,1.0,True,False,False,False,False,True,False,True,False,False,True,True,False,True,False,False,True,False,False,True,False,True,803,3,2024,False,False,0.0,0.0,False,79,11,False,False,False,False,False,False,False,True,False,False,False,416,1,3,False,MEDIUM,2
CVE-2025-12088,1.0,False,False,False,True,True,False,True,False,False,False,True,True,True,False,False,True,False,False,False,False,True,True,847,2,2024,False,False,0.0,0.0,False,69,10,False,False,False,True,False,False,False,False,False,False,False,269,1,2,False,MEDIUM,2
CVE-2023-12089,1.0,False,False,False,True,False,True,True,False,False,False,True,False,False,False,True,True,False,False,True,False,False,True,1812,4,2021,False,False,0.0,0.0,False,75,10,False,False,False,False,False,False,False,False,True,False,False,79,1,5,False,MEDIUM,2
CVE-2023-12090,1.0,True,False,False,False,False,True,True,False,False,False,True,True,False,True,False,False,False,True,True,False,False,True,1596,2,2022,False,False,0.0,0.0,False,76,11,False,False,False,False,False,False,True,False,True,False,False,79,1,3,False,HIGH,3
CVE-2026-12091,1.0,True,False,False,False,False,True,True,False,False,True,False,False,True,False,False,False,True,False,False,False,True,True,894,2,2024,False,False,0.0,0.0,False,76,11,False,False,False,True,False,False,False,False,True,False,False,89,1,4,False,HIGH,3
CVE-2021-12092,1.0,False,True,False,False,False,True,False,True,False,True,False,True,False,True,False,False,True,False,False,False,True,True,1063,4,2023,False,False,0.0,0.0,False,69,10,False,False,False,True,False,False,False,True,False,False,False,787,1,5,False,MEDIUM,2
CVE-2022-12093,1.0,False,True,False,False,False,True,False,True,False,True,False,False,True,False,False,False,True,False,False,False,True,True,1443,4,2022,False,False,0.0,0.0,False,92,10,False,False,False,False,False,False,False,True,False,False,False,416,1,4,False,MEDIUM,2
CVE-2021-12094,1.0,False,False,False,True,True,False,False,False,True,False,True,True,False,True,False,False,False,True,True,False,False,True,420,3,2025,False,False,0.0,0.0,False,79,11,False,False,False,False,False,False,False,False,True,False,False,89,1,1,False,MEDIUM,2
CVE-2021-12095,1.0,False,True,False,False,False,True,False,True,False,False,True,False,False,False,True,True,False,False,False,True,False,True,1082,4,2023,False,False,0.0,0.0,False,92,10,False,False,False,False,False,False,False,True,False,False,False,416,1,5,False,MEDIUM,2
CVE-2023-12096,1.0,False,True,False,False,False,True,False,False,True,True,False,True,True,False,False,True,False,False,True,False,False,True,338,4,2025,False,False,0.0,0.0,False,83,11,False,False,False,False,True,False,False,False,True,False,False,89,1,1,False,MEDIUM,2
CVE-2024-12097,1.0,True,False,False,False,False,True,False,False,True,False,True,False,False,True,False,True,False,False,False,False,True,True,735,3,2024,False,False,0.0,0.0,False,86,10,False,False,False,False,False,False,False,False,False,False,False,20,1,5,False,MEDIUM,2
CVE-2023-12098,1.0,False,False,False,True,True,False,False,True,False,True,False,False,False,False,True,False,False,True,False,False,True,True,1669,1,2022,False,False,0.0,0.0,False,83,11,False,False,False,False,True,False,False,True,False,False,False,119,1,2,False,HIGH,3
CVE-2024-12099,1.0,False,True,False,False,False,True,False,False,True,True,False,False,True,False,False,True,False,False,True,False,False,True,365,3,2025,False,False,0.0,0.0,False,83,11,False,False,False,False,True,False,False,False,False,False,False,20,1,5,False,MEDIUM,2
CVE-2025-12100,1.0,False,True,False,False,True,False,False,False,True,False,True,False,False,False,True,True,False,False,False,True,False,True,415,3,2025,False,False,0.0,0.0,False,69,10,False,False,False,True,False,False,False,False,False,False,False,20,1,2,False,MEDIUM,2
CVE-2026-12101,1.0,False,False,True,False,True,False,False,True,False,True,False,False,False,False,True,False,False,True,True,False,False,True,1623,2,2022,False,False,0.0,0.0,False,86,10,False,False,False,False,False,False,False,False,False,False,False,20,1,3,False,HIGH,3
CVE-2026-12102,1.0,False,False,False,True,True,False,True,False,False,False,True,True,True,False,False,False,False,True,False,False,True,True,1187,2,2023,False,False,0.0,0.0,False,92,10,False,False,False,False,False,False,False,False,False,False,False,20,1,5,False,HIGH,3
CVE-2022-12103,1.0,False,False,False,True,True,False,False,True,False,False,True,True,False,False,True,False,True,False,False,True,False,True,1815,4,2021,False,False,0.0,0.0,False,76,11,False,False,False,False,False,False,True,False,False,False,False,20,1,3,False,MEDIUM,2
CVE-2021-12104,1.0,True,False,False,False,False,True,False,False,True,True,False,False,True,False,False,False,False,True,False,True,False,True,399,3,2025,False,False,0.0,0.0,False,92,10,False,False,False,False,False,False,False,True,False,False,False,787,1,2,False,HIGH,3
CVE-2024-12105,1.0,False,False,True,False,True,False,True,False,False,True,False,True,True,False,False,False,False,True,False,True,False,True,828,2,2024,False,False,0.0,0.0,False,79,11,False,False,False,False,False,False,False,True,False,False,False,119,1,4,False,HIGH,3
CVE-2026-12106,1.0,True,False,False,False,True,False,False,True,False,False,True,True,False,True,False,False,False,True,True,False,False,True,327,4,2025,False,False,0.0,0.0,False,95,11,False,False,False,False,False,False,False,True,False,False,False,787,1,4,False,HIGH,3
CVE-2026-12107,1.0,False,True,False,False,False,True,True,False,False,False,True,True,True,False,False,True,False,False,False,False,True,True,1008,4,2023,False,False,0.0,0.0,False,75,10,False,False,False,False,False,False,False,True,False,False,False,416,1,2,False,HIGH,3
CVE-2024-12108,1.0,False,True,False,False,True,False,False,True,False,False,True,True,False,True,False,False,False,True,False,False,True,True,1743,4,2021,False,False,0.0,0.0,False,76,11,False,False,False,True,False,False,False,False,False,False,False,20,1,5,False,HIGH,3
CVE-2024-12109,1.0,True,False,False,False,False,True,False,True,False,True,False,False,False,False,True,False,False,True,False,False,True,True,777,3,2024,False,False,0.0,0.0,False,92,10,False,False,False,False,False,False,False,False,False,False,False,20,1,4,False,CRITICAL,4
CVE-2025-12110,1.0,False,False,True,False,True,False,True,False,False,False,True,True,False,False,True,False,True,False,False,True,False,True,900,2,2024,False,False,0.0,0.0,False,79,9,False,False,False,False,False,False,False,True,False,False,False,787,1,2,False,HIGH,3
CVE-2023-12111,1.0,False,False,False,True,False,True,True,False,False,True,False,True,False,False,True,False,False,True,True,False,False,True,860,2,2024,False,False,0.0,0.0,False,95,11,False,False,False,False,False,False,False,False,False,False,False,269,1,1,False,HIGH,3
CVE-2026-12112,1.0,False,False,False,True,True,False,False,True,False,False,True,True,False,False,True,False,False,True,True,False,False,True,1500,3,2022,False,False,0.0,0.0,False,76,11,False,False,False,False,False,False,True,False,True,False,False,79,1,2,False,MEDIUM,2
CVE-2023-12113,1.0,False,False,True,False,True,False,False,False,True,False,True,False,False,False,True,True,False,False,False,True,False,True,319,4,2025,False,False,0.0,0.0,False,79,11,False,False,False,False,False,False,False,True,False,False,False,416,1,1,False,MEDIUM,2
CVE-2026-12114,1.0,True,False,False,False,True,False,False,True,False,False,True,False,False,False,True,False,True,False,False,False,True,True,1356,1,2023,False,False,0.0,0.0,False,69,10,False,False,False,True,False,False,False,True,False,False,False,787,1,3,False,HIGH,3
CVE-2021-12115,1.0,True,False,False,False,True,False,False,False,True,True,False,False,True,False,False,True,False,False,False,False,True,True,813,3,2024,False,False,0.0,0.0,False,76,11,False,False,False,True,False,False,False,False,False,False,False,269,1,1,False,HIGH,3
CVE-2026-12116,1.0,True,False,False,False,False,True,False,True,False,True,False,False,False,True,False,False,False,True,False,False,True,True,1057,4,2023,False,False,0.0,0.0,False,76,11,False,False,False,False,False,False,True,False,True,False,False,89,1,2,False,HIGH,3
CVE-2022-12117,1.0,False,False,False,True,True,False,True,False,False,True,False,True,True,False,False,True,False,False,True,False,False,True,353,4,2025,False,False,0.0,0.0,False,75,10,False,False,False,False,False,False,False,True,False,False,False,787,1,2,False,MEDIUM,2
CVE-2022-12118,1.0,False,True,False,False,False,True,False,False,True,False,True,False,False,True,False,False,False,True,False,False,True,True,432,3,2025,False,False,0.0,0.0,False,69,10,False,False,False,True,False,False,False,True,False,False,False,787,1,3,False,MEDIUM,2
CVE-2024-12119,1.0,False,False,True,False,True,False,False,False,True,False,True,True,False,False,True,True,False,False,False,False,True,True,472,2,2025,False,False,0.0,0.0,False,92,10,False,False,False,False,False,False,False,False,False,False,True,200,1,3,False,HIGH,3
CVE-2026-12120,1.0,False,False,False,True,False,True,False,True,False,True,False,True,False,False,True,False,True,False,True,False,False,True,872,2,2024,False,False,0.0,0.0,False,95,11,False,False,False,False,False,False,False,False,False,False,False,269,1,3,False,MEDIUM,2
CVE-2023-12121,1.0,False,False,True,False,True,False,False,True,False,False,True,True,False,False,True,False,False,True,False,False,True,True,1647,1,2022,False,False,0.0,0.0,False,79,9,False,False,False,False,False,False,False,True,False,False,False,416,1,3,False,HIGH,3
CVE-2022-12122,1.0,False,True,False,False,False,True,False,False,True,True,False,True,False,False,True,False,False,True,False,True,False,True,731,3,2024,False,False,0.0,0.0,False,86,10,False,False,False,False,False,False,False,False,True,False,False,89,1,4,False,HIGH,3
CVE-2022-12123,1.0,False,False,True,False,False,True,True,False,False,True,False,False,False,False,True,False,True,False,False,True,False,True,1206,2,2023,False,False,0.0,0.0,False,76,11,False,False,False,True,False,False,False,False,False,False,False,269,1,5,False,MEDIUM,2
CVE-2021-12124,1.0,False,False,True,False,True,False,True,False,False,False,True,False,False,False,True,False,False,True,False,True,False,True,1055,4,2023,False,False,0.0,0.0,False,76,11,False,False,False,True,False,False,False,False,False,False,True,200,1,2,False,HIGH,3
CVE-2025-12125,1.0,True,False,False,False,False,True,True,False,False,False,True,True,True,False,False,False,True,False,False,False,True,True,681,4,2024,False,False,0.0,0.0,False,95,11,False,False,False,False,False,False,False,False,True,False,False,89,1,5,False,HIGH,3
CVE-2024-12126,1.0,True,False,False,False,True,False,False,True,False,True,False,True,True,False,False,False,False,True,True,False,False,True,1146,3,2023,False,False,0.0,0.0,False,79,9,False,False,False,False,False,False,False,True,False,False,False,787,1,4,False,HIGH,3
CVE-2026-12127,1.0,False,False,True,False,False,True,False,False,True,False,True,False,True,False,False,False,False,True,True,False,False,True,1092,4,2023,False,False,0.0,0.0,False,92,10,False,False,False,False,False,False,False,False,True,False,False,79,1,4,False,MEDIUM,2
CVE-2023-12128,1.0,True,False,False,False,False,True,True,False,False,True,False,False,False,True,False,False,True,False,True,False,False,True,950,1,2024,False,False,0.0,0.0,False,75,10,False,False,False,False,False,False,False,False,True,False,False,89,1,5,False,HIGH,3
CVE-2023-12129,1.0,False,True,False,False,True,False,True,False,False,False,True,True,False,False,True,False,False,True,False,False,True,True,1666,1,2022,False,False,0.0,0.0,False,76,11,False,False,False,False,False,False,True,True,False,False,False,119,1,2,False,CRITICAL,4
CVE-2025-12130,1.0,False,True,False,False,True,False,False,False,True,True,False,False,True,False,False,True,False,False,False,False,True,True,337,4,2025,False,False,0.0,0.0,False,76,11,False,False,False,True,False,False,False,False,False,False,False,269,1,5,False,HIGH,3
CVE-2023-12131,1.0,False,False,False,True,False,True,True,False,False,False,True,True,True,False,False,False,False,True,False,True,False,True,316,4,2025,False,False,0.0,0.0,False,69,10,False,False,False,True,False,False,False,True,False,False,False,416,1,2,False,MEDIUM,2
CVE-2021-12132,1.0,False,False,True,False,False,True,True,False,False,True,False,True,False,True,False,False,True,False,False,True,False,True,678,4,2024,False,False,0.0,0.0,False,83,11,False,False,False,False,True,False,False,False,True,False,False,79,1,3,False,MEDIUM,2
CVE-2021-12133,1.0,True,False,False,False,True,False,False,True,False,True,False,False,False,True,False,False,False,True,False,True,False,True,461,2,2025,False,False,0.0,0.0,False,95,11,False,False,False,False,False,False,False,False,False,False,False,269,1,3,False,HIGH,3
CVE-2026-12134,1.0,True,False,False,False,False,True,True,False,False,False,True,False,False,False,True,True,False,False,False,True,False,True,1166,3,2023,False,False,0.0,0.0,False,92,10,False,False,False,False,False,False,False,True,False,False,False,787,1,2,False,HIGH,3
CVE-2024-12135,1.0,True,False,False,False,True,False,True,False,False,False,True,True,False,True,False,False,True,False,False,False,True,True,1583,2,2022,False,False,0.0,0.0,False,92,10,False,False,False,False,False,False,False,False,True,False,False,89,1,4,False,CRITICAL,4
CVE-2021-12136,1.0,True,False,False,False,False,True,False,False,True,True,False,True,False,True,False,True,False,False,True,False,False,True,1740,4,2021,False,False,0.0,0.0,False,79,9,False,False,False,False,False,False,False,False,False,False,False,20,1,4,False,MEDIUM,2
CVE-2022-12137,1.0,False,False,False,True,True,False,True,False,False,True,False,True,True,False,False,False,True,False,False,False,True,True,1924,2,2021,False,False,0.0,0.0,False,79,11,False,False,False,False,False,False,False,True,False,False,False,787,1,1,False,HIGH,3
CVE-2023-12138,1.0,False,True,False,False,True,False,False,False,True,False,True,True,True,False,False,False,False,True,True,False,False,True,2029,1,2021,False,False,0.0,0.0,False,79,9,False,False,False,False,False,False,False,False,True,False,False,89,1,2,False,MEDIUM,2
CVE-2022-12139,1.0,True,False,False,False,False,True,False,False,True,False,True,False,False,False,True,False,True,False,False,False,True,True,400,3,2025,False,False,0.0,0.0,False,79,9,False,False,False,False,False,False,False,False,True,False,False,89,1,1,False,HIGH,3
CVE-2023-12140,1.0,False,False,False,True,False,True,False,True,False,True,False,False,False,False,True,True,False,False,False,False,True,True,851,2,2024,False,False,0.0,0.0,False,75,10,False,False,False,False,False,False,False,True,False,False,False,119,1,1,False,MEDIUM,2
CVE-2023-12141,1.0,False,False,True,False,False,True,False,True,False,False,True,True,True,False,False,False,False,True,False,False,True,True,1824,3,2021,False,False,0.0,0.0,False,92,10,False,False,False,False,False,False,False,False,True,False,False,79,1,1,False,MEDIUM,2
CVE-2023-12142,1.0,False,False,True,False,False,True,True,False,False,True,False,False,False,False,True,False,True,False,True,False,False,True,886,2,2024,False,False,0.0,0.0,False,83,11,False,False,False,False,True,False,False,True,False,False,False,416,1,5,False,MEDIUM,2
CVE-2022-12143,1.0,True,False,False,False,True,False,False,False,True,False,True,True,True,False,False,False,False,True,False,False,True,True,466,2,2025,False,False,0.0,0.0,False,83,11,False,False,False,False,True,False,False,False,False,False,False,20,1,4,False,CRITICAL,4
CVE-2026-12144,1.0,False,False,False,True,True,False,False,True,False,False,True,False,False,True,False,True,False,False,True,False,False,True,898,2,2024,False,False,0.0,0.0,False,75,10,False,False,False,False,False,False,False,False,True,False,False,79,1,4,False,MEDIUM,2
CVE-2026-12145,1.0,True,False,False,False,False,True,True,False,False,True,False,False,True,False,False,False,False,True,False,False,True,True,837,2,2024,False,False,0.0,0.0,False,75,10,False,False,False,False,False,False,False,False,True,False,False,79,1,3,False,CRITICAL,4
CVE-2022-12146,1.0,False,False,False,True,False,True,True,False,False,True,False,True,True,False,False,False,False,True,False,False,True,True,704,4,2024,False,False,0.0,0.0,False,76,11,False,False,False,True,False,False,False,True,False,False,False,787,1,4,False,HIGH,3
CVE-2024-12147,1.0,False,False,True,False,True,False,False,True,False,True,False,False,False,True,False,False,True,False,False,True,False,True,778,3,2024,False,False,0.0,0.0,False,69,10,False,False,False,True,False,False,False,False,False,False,False,20,1,1,False,MEDIUM,2
CVE-2021-12148,1.0,False,False,False,True,True,False,False,False,True,False,True,False,True,False,False,False,False,True,False,True,False,True,1827,3,2021,False,False,0.0,0.0,False,75,10,False,False,False,False,False,False,False,False,False,False,False,269,1,1,False,MEDIUM,2
CVE-2025-12149,1.0,False,False,False,True,False,True,False,True,False,True,False,False,False,False,True,True,False,False,False,True,False,True,1448,4,2022,False,False,0.0,0.0,False,75,10,False,False,False,False,False,False,False,False,False,False,False,20,1,5,False,MEDIUM,2
CVE-2023-12150,1.0,False,False,False,True,False,True,False,True,False,True,False,False,True,False,False,False,True,False,False,False,True,True,1260,2,2023,False,False,0.0,0.0,False,92,10,False,False,False,False,False,False,False,False,True,False,False,79,1,1,False,MEDIUM,2
CVE-2022-12151,1.0,False,True,False,False,False,True,True,False,False,True,False,False,False,True,False,True,False,False,True,False,False,True,395,3,2025,False,False,0.0,0.0,False,76,11,False,False,False,False,False,False,True,True,False,False,False,119,1,3,False,MEDIUM,2
CVE-2021-12152,1.0,False,False,True,False,True,False,True,False,False,True,False,False,True,False,False,False,False,True,False,False,True,True,1890,3,2021,False,False,0.0,0.0,False,95,11,False,False,False,False,False,False,False,False,True,False,False,89,1,3,False,HIGH,3
CVE-2022-12153,1.0,False,True,False,False,True,False,False,False,True,False,True,False,False,False,True,False,False,True,False,True,False,True,2031,1,2021,False,False,0.0,0.0,False,92,10,False,False,False,False,False,False,False,True,False,False,False,119,1,4,False,HIGH,3
CVE-2022-12154,1.0,True,False,False,False,False,True,True,False,False,False,True,False,False,True,False,False,False,True,False,False,True,True,995,1,2024,False,False,0.0,0.0,False,69,10,False,False,False,True,False,False,False,False,False,False,True,200,1,4,False,HIGH,3
CVE-2024-12155,1.0,True,False,False,False,True,False,False,True,False,True,False,False,False,True,False,False,False,True,False,False,True,True,1718,1,2022,False,False,0.0,0.0,False,95,11,False,False,False,False,False,False,False,False,False,False,False,20,1,4,False,CRITICAL,4
CVE-2024-12156,1.0,False,True,False,False,False,True,False,False,True,False,True,False,False,False,True,False,False,True,False,False,True,True,1862,3,2021,False,False,0.0,0.0,False,69,10,False,False,False,True,False,False,False,False,False,False,False,269,1,1,False,HIGH,3
CVE-2022-12157,1.0,False,False,True,False,True,False,True,False,False,True,False,True,False,False,True,False,True,False,False,True,False,True,1156,3,2023,False,False,0.0,0.0,False,75,10,False,False,False,False,False,False,False,False,False,False,True,200,1,3,False,HIGH,3
CVE-2025-12158,1.0,False,False,False,True,False,True,False,True,False,False,True,False,False,False,True,True,False,False,False,True,False,True,1128,3,2023,False,False,0.0,0.0,False,95,11,False,False,False,False,False,False,False,True,False,False,False,416,1,4,False,MEDIUM,2
CVE-2022-12159,1.0,True,False,False,False,False,True,True,False,False,False,True,False,False,False,True,False,True,False,False,True,False,True,1196,2,2023,False,False,0.0,0.0,False,76,11,False,False,False,False,False,False,True,False,True,False,False,79,1,2,False,HIGH,3
CVE-2024-12160,1.0,False,True,False,False,True,False,False,True,False,False,True,True,True,False,False,False,True,False,True,False,False,True,506,2,2025,False,False,0.0,0.0,False,95,11,False,False,False,False,False,False,False,True,False,False,False,119,1,5,False,MEDIUM,2
CVE-2024-12161,1.0,True,False,False,False,True,False,False,False,True,True,False,False,False,False,True,False,False,True,False,False,True,True,565,1,2025,False,False,0.0,0.0,False,86,10,False,False,False,False,False,False,False,False,False,False,True,200,1,4,False,CRITICAL,4
CVE-2023-12162,1.0,False,False,False,True,True,False,False,True,False,False,True,False,False,False,True,True,False,False,True,False,False,True,1487,3,2022,False,False,0.0,0.0,False,76,11,False,False,False,False,False,False,True,False,False,False,True,200,1,1,False,MEDIUM,2
CVE-2024-12163,1.0,False,False,True,False,True,False,False,False,True,True,False,True,True,False,False,False,True,False,False,False,True,True,1243,2,2023,False,False,0.0,0.0,False,76,11,False,False,False,False,False,False,True,True,False,False,False,119,1,1,False,HIGH,3
CVE-2024-12164,1.0,False,True,False,False,False,True,False,True,False,False,True,False,False,True,False,False,True,False,False,True,False,True,1006,4,2023,False,False,0.0,0.0,False,79,11,False,False,False,False,False,False,False,True,False,False,False,416,1,5,False,MEDIUM,2
CVE-2024-12165,1.0,False,False,False,True,True,False,True,False,False,False,True,False,True,False,False,True,False,False,False,True,False,True,881,2,2024,False,False,0.0,0.0,False,79,11,False,False,False,False,False,False,False,True,False,False,False,119,1,4,False,MEDIUM,2
CVE-2026-12166,1.0,False,True,False,False,True,False,False,True,False,True,False,False,False,False,True,False,False,True,True,False,False,True,1629,2,2022,False,False,0.0,0.0,False,79,11,False,False,False,False,False,False,False,False,True,False,False,89,1,4,False,HIGH,3
CVE-2024-12167,1.0,False,True,False,False,False,True,True,False,False,True,False,True,True,False,False,False,True,False,False,False,True,True,1420,4,2022,False,False,0.0,0.0,False,69,10,False,False,False,True,False,False,False,False,True,False,False,89,1,5,False,HIGH,3
CVE-2021-12168,1.0,False,True,False,False,True,False,False,False,True,True,False,True,False,True,False,True,False,False,False,False,True,True,983,1,2024,False,False,0.0,0.0,False,76,11,False,False,False,False,False,False,True,True,False,False,False,119,1,1,False,HIGH,3
CVE-2025-12169,1.0,False,False,False,True,True,False,False,True,False,False,True,True,False,False,True,False,False,True,False,False,True,True,1862,3,2021,False,False,0.0,0.0,False,76,11,False,False,False,False,False,False,True,False,False,False,True,200,1,5,False,HIGH,3
CVE-2023-12170,1.0,False,False,False,True,True,False,False,True,False,True,False,False,True,False,False,False,True,False,True,False,False,True,904,2,2024,False,False,0.0,0.0,False,76,11,False,False,False,True,False,False,False,False,True,False,False,79,1,3,False,MEDIUM,2
CVE-2024-12171,1.0,False,False,False,True,False,True,False,False,True,True,False,False,True,False,False,False,True,False,True,False,False,True,476,2,2025,False,False,0.0,0.0,False,86,10,False,False,False,False,False,False,False,True,False,False,False,787,1,2,False,LOW,1
CVE-2024-12172,1.0,True,False,False,False,False,True,True,False,False,True,False,False,False,False,True,False,True,False,False,True,False,True,331,4,2025,False,False,0.0,0.0,False,83,11,False,False,False,False,True,False,False,True,False,False,False,787,1,2,False,HIGH,3
CVE-2021-12173,1.0,False,False,True,False,False,True,True,False,False,False,True,False,True,False,False,False,False,True,True,False,False,True,1238,2,2023,False,False,0.0,0.0,False,95,11,False,False,False,False,False,False,False,False,False,False,False,20,1,4,False,MEDIUM,2
CVE-2022-12174,1.0,True,False,False,False,True,False,False,False,True,True,False,True,True,False,False,False,True,False,False,True,False,True,667,4,2024,False,False,0.0,0.0,False,86,10,False,False,False,False,False,False,False,False,False,False,False,269,1,2,False,HIGH,3
CVE-2021-12175,1.0,False,True,False,False,False,True,True,False,False,True,False,False,False,True,False,False,False,True,False,False,True,True,1299,1,2023,False,False,0.0,0.0,False,75,10,False,False,False,False,False,False,False,False,False,False,False,269,1,3,False,HIGH,3
CVE-2021-12176,1.0,False,False,True,False,True,False,True,False,False,False,True,False,False,False,True,False,True,False,False,False,True,True,551,1,2025,False,False,0.0,0.0,False,79,11,False,False,False,False,False,False,False,False,False,False,True,200,1,3,False,HIGH,3
CVE-2023-12177,1.0,False,False,True,False,False,True,True,False,False,True,False,False,False,True,False,False,True,False,False,False,True,True,1064,4,2023,False,False,0.0,0.0,False,86,10,False,False,False,False,False,False,False,True,False,False,False,119,1,5,False,MEDIUM,2
CVE-2022-12178,1.0,True,False,False,False,False,True,False,True,False,True,False,False,False,True,False,False,False,True,True,False,False,True,1436,4,2022,False,False,0.0,0.0,False,75,10,False,False,False,False,False,False,False,False,False,False,True,200,1,4,False,HIGH,3
CVE-2022-12179,1.0,False,True,False,False,False,True,True,False,False,True,False,True,True,False,False,False,False,True,False,False,True,True,1878,3,2021,False,False,0.0,0.0,False,95,11,False,False,False,False,False,False,False,False,False,False,True,200,1,3,False,CRITICAL,4
CVE-2021-12180,1.0,False,False,True,False,False,True,True,False,False,True,False,True,False,True,False,True,False,False,True,False,False,True,406,3,2025,False,False,0.0,0.0,False,79,9,False,False,False,False,False,False,False,True,False,False,False,119,1,1,False,MEDIUM,2
CVE-2025-12181,1.0,False,False,True,False,True,False,False,False,True,False,True,True,False,True,False,False,False,True,False,False,True,True,1276,1,2023,False,False,0.0,0.0,False,76,11,False,False,False,True,False,False,False,True,False,False,False,787,1,2,False,HIGH,3
CVE-2026-12182,1.0,False,True,False,False,True,False,False,True,False,False,True,False,False,True,False,False,False,True,True,False,False,True,2030,1,2021,False,False,0.0,0.0,False,79,9,False,False,False,False,False,False,False,True,False,False,False,416,1,4,False,MEDIUM,2
CVE-2021-12183,1.0,False,True,False,False,False,True,True,False,False,False,True,True,True,False,False,False,True,False,False,False,True,True,1959,2,2021,False,False,0.0,0.0,False,86,10,False,False,False,False,False,False,False,False,True,False,False,89,1,1,False,HIGH,3
CVE-2026-12184,1.0,True,False,False,False,True,False,False,True,False,True,False,False,False,False,True,True,False,False,False,False,True,True,1632,2,2022,False,False,0.0,0.0,False,76,11,False,False,False,True,False,False,False,False,False,False,True,200,1,1,False,CRITICAL,4
CVE-2025-12185,1.0,True,False,False,False,False,True,False,False,True,True,False,False,False,False,True,True,False,False,False,True,False,True,474,2,2025,False,False,0.0,0.0,False,79,11,False,False,False,False,False,False,False,False,False,False,False,269,1,3,False,HIGH,3
CVE-2021-12186,1.0,False,False,True,False,False,True,False,True,False,True,False,True,False,False,True,False,True,False,True,False,False,True,981,1,2024,False,False,0.0,0.0,False,69,10,False,False,False,True,False,False,False,False,False,False,False,20,1,2,False,MEDIUM,2
CVE-2022-12187,1.0,True,False,False,False,False,True,False,True,False,False,True,True,False,False,True,True,False,False,True,False,False,True,440,3,2025,False,False,0.0,0.0,False,79,9,False,False,False,False,False,False,False,True,False,False,False,416,1,1,False,HIGH,3
CVE-2024-12188,1.0,False,False,True,False,True,False,False,True,False,False,True,True,True,False,False,False,False,True,False,False,True,True,1534,3,2022,False,False,0.0,0.0,False,83,11,False,False,False,False,True,False,False,False,True,False,False,79,1,2,False,MEDIUM,2
CVE-2021-12189,1.0,False,True,False,False,False,True,False,True,False,True,False,False,False,False,True,True,False,False,False,True,False,True,1440,4,2022,False,False,0.0,0.0,False,76,11,False,False,False,True,False,False,False,False,True,False,False,79,1,1,False,MEDIUM,2
CVE-2026-12190,1.0,False,False,False,True,False,True,False,False,True,False,True,False,False,False,True,False,False,True,False,False,True,True,1687,1,2022,False,False,0.0,0.0,False,69,10,False,False,False,True,False,False,False,False,True,False,False,89,1,1,False,MEDIUM,2
CVE-2022-12191,1.0,False,False,False,True,False,True,False,False,True,False,True,False,True,False,False,False,False,True,False,True,False,True,1112,3,2023,False,False,0.0,0.0,False,75,10,False,False,False,False,False,False,False,True,False,False,False,119,1,2,False,LOW,1
CVE-2024-12192,1.0,False,False,True,False,True,False,True,False,False,True,False,False,False,False,True,True,False,False,False,True,False,True,1904,3,2021,False,False,0.0,0.0,False,86,10,False,False,False,False,False,False,False,False,True,False,False,89,1,3,False,HIGH,3
CVE-2023-12193,1.0,False,False,False,True,True,False,False,False,True,True,False,True,False,True,False,True,False,False,True,False,False,True,2091,1,2021,False,False,0.0,0.0,False,75,10,False,False,False,False,False,False,False,False,False,False,True,200,1,5,False,MEDIUM,2
CVE-2025-12194,1.0,False,False,True,False,True,False,False,True,False,False,True,False,False,False,True,False,False,True,False,True,False,True,1624,2,2022,False,False,0.0,0.0,False,86,10,False,False,False,False,False,False,False,True,False,False,False,416,1,5,False,MEDIUM,2
CVE-2026-12195,1.0,False,False,False,True,False,True,False,True,False,True,False,True,True,False,False,False,False,True,False,False,True,True,2019,1,2021,False,False,0.0,0.0,False,79,9,False,False,False,False,False,False,False,False,True,False,False,89,1,4,False,MEDIUM,2
CVE-2022-12196,1.0,False,False,True,False,True,False,False,True,False,False,True,False,False,True,False,True,False,False,False,False,True,True,960,1,2024,False,False,0.0,0.0,False,79,11,False,False,False,False,False,False,False,False,False,False,False,269,1,2,False,MEDIUM,2
CVE-2026-12197,1.0,False,False,True,False,False,True,False,True,False,True,False,False,False,False,True,False,True,False,False,False,True,True,1024,4,2023,False,False,0.0,0.0,False,86,10,False,False,False,False,False,False,False,True,False,False,False,416,1,3,False,MEDIUM,2
CVE-2022-12198,1.0,True,False,False,False,False,True,False,True,False,False,True,False,False,True,False,False,True,False,True,False,False,True,1435,4,2022,False,False,0.0,0.0,False,83,11,False,False,False,False,True,False,False,True,False,False,False,119,1,1,False,MEDIUM,2
CVE-2025-12199,1.0,False,False,True,False,False,True,True,False,False,False,True,False,False,True,False,False,True,False,False,False,True,True,461,2,2025,False,False,0.0,0.0,False,69,10,False,False,False,True,False,False,False,True,False,False,False,416,1,4,False,MEDIUM,2
CVE-2024-12200,1.0,False,False,True,False,False,True,True,False,False,False,True,False,False,True,False,False,False,True,False,False,True,True,1215,2,2023,False,False,0.0,0.0,False,86,10,False,False,False,False,False,False,False,False,False,False,False,20,1,4,False,MEDIUM,2
CVE-2021-12201,1.0,False,False,False,True,True,False,True,False,False,True,False,False,False,False,True,False,True,False,False,False,True,True,1921,2,2021,False,False,0.0,0.0,False,79,11,False,False,False,False,False,False,False,True,False,False,False,787,1,1,False,HIGH,3
CVE-2024-12202,1.0,False,False,False,True,False,True,False,False,True,False,True,False,False,False,True,False,True,False,True,False,False,True,1112,3,2023,False,False,0.0,0.0,False,83,11,False,False,False,False,True,False,False,True,False,False,False,416,1,1,False,MEDIUM,2
CVE-2024-12203,1.0,False,False,True,False,False,True,False,False,True,True,False,False,False,True,False,False,False,True,True,False,False,True,1089,4,2023,False,False,0.0,0.0,False,76,11,False,False,False,False,False,False,True,False,False,False,False,269,1,5,False,MEDIUM,2
CVE-2025-12204,1.0,True,False,False,False,False,True,False,True,False,True,False,True,False,True,False,False,True,False,False,False,True,True,1036,4,2023,False,False,0.0,0.0,False,95,11,False,False,False,False,False,False,False,True,False,False,False,119,1,4,False,HIGH,3
CVE-2023-12205,1.0,False,False,True,False,True,False,False,False,True,False,True,False,False,True,False,False,False,True,False,False,True,True,2002,2,2021,False,False,0.0,0.0,False,83,11,False,False,False,False,True,False,False,False,True,False,False,89,1,3,False,HIGH,3
CVE-2021-12206,1.0,False,True,False,False,False,True,True,False,False,True,False,True,False,False,True,False,True,False,False,True,False,True,1480,3,2022,False,False,0.0,0.0,False,76,11,False,False,False,True,False,False,False,False,True,False,False,89,1,4,False,HIGH,3
CVE-2025-12207,1.0,False,False,False,True,True,False,False,False,True,False,True,False,False,False,True,False,True,False,False,False,True,True,478,2,2025,False,False,0.0,0.0,False,79,9,False,False,False,False,False,False,False,False,False,False,False,20,1,4,False,MEDIUM,2
CVE-2023-12208,1.0,False,True,False,False,True,False,False,False,True,True,False,False,True,False,False,True,False,False,False,True,False,True,1047,4,2023,False,False,0.0,0.0,False,92,10,False,False,False,False,False,False,False,True,False,False,False,416,1,5,False,MEDIUM,2
CVE-2021-12209,1.0,False,True,False,False,True,False,False,True,False,False,True,False,False,False,True,False,True,False,False,True,False,True,444,3,2025,False,False,0.0,0.0,False,83,11,False,False,False,False,True,False,False,False,False,False,False,269,1,5,False,MEDIUM,2
CVE-2024-12210,1.0,False,False,False,True,False,True,False,True,False,True,False,False,True,False,False,False,False,True,False,True,False,True,1996,2,2021,False,False,0.0,0.0,False,95,11,False,False,False,False,False,False,False,True,False,False,False,119,1,3,False,MEDIUM,2
CVE-2026-12211,1.0,False,False,True,False,False,True,False,False,True,False,True,False,True,False,False,True,False,False,False,False,True,True,1519,3,2022,False,False,0.0,0.0,False,79,9,False,False,False,False,False,False,False,False,True,False,False,79,1,2,False,MEDIUM,2
CVE-2022-12212,1.0,False,False,False,True,True,False,False,True,False,True,False,True,True,False,False,True,False,False,False,True,False,True,1336,1,2023,False,False,0.0,0.0,False,92,10,False,False,False,False,False,False,False,False,False,False,True,200,1,3,False,MEDIUM,2
CVE-2024-12213,1.0,False,True,False,False,False,True,True,False,False,False,True,False,False,True,False,False,True,False,False,False,True,True,1150,3,2023,False,False,0.0,0.0,False,83,11,False,False,False,False,True,False,False,False,False,False,False,269,1,1,False,HIGH,3
CVE-2025-12214,1.0,False,False,False,True,False,True,False,True,False,False,True,True,False,False,True,False,True,False,False,False,True,True,960,1,2024,False,False,0.0,0.0,False,86,10,False,False,False,False,False,False,False,False,False,False,True,200,1,2,False,MEDIUM,2
CVE-2025-12215,1.0,False,True,False,False,False,True,True,False,False,False,True,True,False,True,False,True,False,False,True,False,False,True,636,4,2024,False,False,0.0,0.0,False,79,9,False,False,False,False,False,False,False,True,False,False,False,787,1,4,False,MEDIUM,2
CVE-2024-12216,1.0,False,False,True,False,True,False,False,True,False,True,False,False,False,True,False,False,True,False,False,True,False,True,954,1,2024,False,False,0.0,0.0,False,76,11,False,False,False,True,False,False,False,False,False,False,False,269,1,1,False,MEDIUM,2
CVE-2025-12217,1.0,False,True,False,False,False,True,True,False,False,True,False,True,False,True,False,True,False,False,False,False,True,True,1184,3,2023,False,False,0.0,0.0,False,79,9,False,False,False,False,False,False,False,True,False,False,False,119,1,1,False,HIGH,3
CVE-2025-12218,1.0,True,False,False,False,False,True,False,False,True,True,False,True,False,True,False,False,True,False,False,True,False,True,1976,2,2021,False,False,0.0,0.0,False,79,11,False,False,False,False,False,False,False,False,True,False,False,89,1,2,False,MEDIUM,2
CVE-2026-12219,1.0,False,True,False,False,False,True,False,False,True,False,True,True,True,False,False,False,True,False,True,False,False,True,1556,2,2022,False,False,0.0,0.0,False,79,9,False,False,False,False,False,False,False,True,False,False,False,119,1,2,False,MEDIUM,2
CVE-2024-12220,1.0,True,False,False,False,True,False,False,True,False,False,True,False,False,False,True,False,False,True,True,False,False,True,2030,1,2021,False,False,0.0,0.0,False,95,11,False,False,False,False,False,False,False,True,False,False,False,119,1,3,False,HIGH,3
CVE-2026-12221,1.0,True,False,False,False,True,False,False,False,True,False,True,True,True,False,False,True,False,False,False,False,True,True,1355,1,2023,False,False,0.0,0.0,False,79,11,False,False,False,False,False,False,False,False,False,False,False,269,1,5,False,HIGH,3
CVE-2026-12222,1.0,False,False,False,True,False,True,True,False,False,False,True,True,False,True,False,False,True,False,False,True,False,True,1178,3,2023,False,False,0.0,0.0,False,92,10,False,False,False,False,False,False,False,False,True,False,False,79,1,5,False,MEDIUM,2
CVE-2025-12223,1.0,True,False,False,False,False,True,False,False,True,False,True,True,False,True,False,False,False,True,False,False,True,True,1098,3,2023,False,False,0.0,0.0,False,95,11,False,False,False,False,False,False,False,True,False,False,False,416,1,5,False,HIGH,3
CVE-2026-12224,1.0,False,False,True,False,True,False,False,True,False,False,True,True,False,False,True,False,False,True,False,True,False,True,838,2,2024,False,False,0.0,0.0,False,75,10,False,False,False,False,False,False,False,False,False,False,False,20,1,5,False,HIGH,3
CVE-2021-12225,1.0,False,True,False,False,True,False,True,False,False,True,False,False,False,True,False,False,True,False,False,True,False,True,1530,3,2022,False,False,0.0,0.0,False,79,11,False,False,False,False,False,False,False,False,False,False,False,20,1,3,False,HIGH,3
CVE-2024-12226,1.0,False,False,False,True,True,False,True,False,False,True,False,True,True,False,False,False,True,False,True,False,False,True,702,4,2024,False,False,0.0,0.0,False,79,9,False,False,False,False,False,False,False,True,False,False,False,119,1,1,False,MEDIUM,2
CVE-2024-12227,1.0,False,False,True,False,False,True,False,True,False,False,True,False,True,False,False,False,False,True,False,False,True,True,1325,1,2023,False,False,0.0,0.0,False,86,10,False,False,False,False,False,False,False,False,True,False,False,79,1,3,False,MEDIUM,2
CVE-2026-12228,1.0,False,False,True,False,True,False,False,True,False,False,True,True,False,True,False,True,False,False,True,False,False,True,579,1,2025,False,False,0.0,0.0,False,76,11,False,False,False,True,False,False,False,True,False,False,False,119,1,3,False,MEDIUM,2
CVE-2023-12229,1.0,True,False,False,False,True,False,False,False,True,True,False,True,False,False,True,True,False,False,False,True,False,True,1518,3,2022,False,False,0.0,0.0,False,79,11,False,False,False,False,False,False,False,True,False,False,False,416,1,4,False,HIGH,3
CVE-2024-12230,1.0,True,False,False,False,True,False,True,False,False,True,False,True,True,False,False,False,False,True,False,False,True,True,1114,3,2023,False,False,0.0,0.0,False,79,9,False,False,False,False,False,False,False,False,True,False,False,89,1,3,False,CRITICAL,4
CVE-2023-12231,1.0,False,False,False,True,False,True,False,False,True,True,False,True,True,False,False,False,False,True,False,False,True,True,1695,1,2022,False,False,0.0,0.0,False,86,10,False,False,False,False,False,False,False,False,False,False,False,269,1,2,False,MEDIUM,2
CVE-2024-12232,1.0,False,False,True,False,False,True,False,False,True,True,False,True,False,False,True,False,False,True,True,False,False,True,968,1,2024,False,False,0.0,0.0,False,76,11,False,False,False,False,False,False,True,False,True,False,False,89,1,5,False,HIGH,3
CVE-2023-12233,1.0,True,False,False,False,False,True,False,True,False,False,True,False,True,False,False,False,False,True,True,False,False,True,1356,1,2023,False,False,0.0,0.0,False,95,11,False,False,False,False,False,False,False,False,True,False,False,79,1,5,False,MEDIUM,2
CVE-2023-12234,1.0,True,False,False,False,True,False,False,False,True,True,False,False,False,False,True,True,False,False,False,True,False,True,1005,4,2023,False,False,0.0,0.0,False,92,10,False,False,False,False,False,False,False,True,False,False,False,119,1,3,False,HIGH,3
CVE-2026-12235,1.0,False,False,True,False,True,False,True,False,False,False,True,True,False,False,True,True,False,False,True,False,False,True,853,2,2024,False,False,0.0,0.0,False,75,10,False,False,False,False,False,False,False,False,True,False,False,79,1,2,False,HIGH,3
CVE-2025-12236,1.0,False,False,False,True,True,False,False,True,False,True,False,False,False,True,False,False,False,True,False,True,False,True,1452,4,2022,False,False,0.0,0.0,False,76,11,False,False,False,False,False,False,True,False,True,False,False,79,1,2,False,MEDIUM,2
CVE-2021-12237,1.0,False,False,True,False,False,True,True,False,False,True,False,False,False,True,False,True,False,False,True,False,False,True,1415,4,2022,False,False,0.0,0.0,False,92,10,False,False,False,False,False,False,False,True,False,False,False,119,1,1,False,MEDIUM,2
CVE-2023-12238,1.0,False,False,False,True,True,False,False,False,True,True,False,False,False,False,True,False,False,True,False,True,False,True,2074,1,2021,False,False,0.0,0.0,False,79,9,False,False,False,False,False,False,False,False,False,False,False,269,1,5,False,MEDIUM,2
CVE-2023-12239,1.0,False,False,True,False,False,True,False,True,False,False,True,False,False,False,True,False,True,False,False,True,False,True,736,3,2024,False,False,0.0,0.0,False,86,10,False,False,False,False,False,False,False,False,False,False,True,200,1,1,False,MEDIUM,2
CVE-2026-12240,1.0,True,False,False,False,True,False,False,True,False,False,True,True,True,False,False,True,False,False,False,True,False,True,1719,1,2022,False,False,0.0,0.0,False,86,10,False,False,False,False,False,False,False,False,False,False,True,200,1,1,False,HIGH,3
CVE-2026-12241,1.0,True,False,False,False,False,True,True,False,False,False,True,True,False,False,True,False,False,True,True,False,False,True,450,3,2025,False,False,0.0,0.0,False,79,11,False,False,False,False,False,False,False,False,True,False,False,89,1,2,False,CRITICAL,4
CVE-2022-12242,1.0,False,False,False,True,True,False,False,True,False,True,False,False,False,False,True,True,False,False,False,False,True,True,457,2,2025,False,False,0.0,0.0,False,79,9,False,False,False,False,False,False,False,True,False,False,False,787,1,3,False,MEDIUM,2
CVE-2022-12243,1.0,False,False,False,True,True,False,True,False,False,True,False,True,False,True,False,False,False,True,False,False,True,True,764,3,2024,False,False,0.0,0.0,False,95,11,False,False,False,False,False,False,False,False,True,False,False,79,1,1,False,HIGH,3
CVE-2023-12244,1.0,False,True,False,False,False,True,False,True,False,True,False,False,False,False,True,False,False,True,False,True,False,True,931,1,2024,False,False,0.0,0.0,False,69,10,False,False,False,True,False,False,False,False,False,False,False,20,1,2,False,HIGH,3
CVE-2022-12245,1.0,False,False,False,True,False,True,False,False,True,False,True,True,False,False,True,True,False,False,False,True,False,True,2033,1,2021,False,False,0.0,0.0,False,75,10,False,False,False,False,False,False,False,True,False,False,False,119,1,5,False,MEDIUM,2
CVE-2021-12246,1.0,False,False,True,False,True,False,False,True,False,False,True,False,False,False,True,True,False,False,False,True,False,True,1799,4,2021,False,False,0.0,0.0,False,76,11,False,False,False,True,False,False,False,False,False,False,False,20,1,2,False,MEDIUM,2
CVE-2024-12247,1.0,True,False,False,False,False,True,False,False,True,True,False,False,True,False,False,False,True,False,True,False,False,True,2063,1,2021,False,False,0.0,0.0,False,86,10,False,False,False,False,False,False,False,True,False,False,False,416,1,3,False,MEDIUM,2
CVE-2024-12248,1.0,False,False,False,True,False,True,True,False,False,True,False,True,True,False,False,False,False,True,False,False,True,True,1556,2,2022,False,False,0.0,0.0,False,79,9,False,False,False,False,False,False,False,False,False,False,False,269,1,4,False,HIGH,3
CVE-2026-12249,1.0,True,False,False,False,True,False,False,True,False,False,True,True,False,True,False,True,False,False,True,False,False,True,1564,2,2022,False,False,0.0,0.0,False,95,11,False,False,False,False,False,False,False,True,False,False,False,787,1,5,False,HIGH,3
CVE-2025-12250,1.0,False,False,True,False,False,True,False,False,True,True,False,False,True,False,False,False,True,False,False,False,True,True,1189,2,2023,False,False,0.0,0.0,False,86,10,False,False,False,False,False,False,False,False,False,False,False,20,1,4,False,MEDIUM,2
CVE-2022-12251,1.0,True,False,False,False,True,False,True,False,False,True,False,True,True,False,False,False,True,False,False,True,False,True,368,3,2025,False,False,0.0,0.0,False,75,10,False,False,False,False,False,False,False,False,False,False,True,200,1,4,False,HIGH,3
CVE-2025-12252,1.0,False,True,False,False,True,False,True,False,False,False,True,False,False,False,True,False,False,True,False,True,False,True,835,2,2024,False,False,0.0,0.0,False,76,11,False,False,False,False,False,False,True,False,False,False,False,269,1,2,False,HIGH,3
CVE-2022-12253,1.0,False,False,True,False,False,True,True,False,False,True,False,True,False,True,False,False,False,True,False,False,True,True,625,1,2025,False,False,0.0,0.0,False,86,10,False,False,False,False,False,False,False,False,False,False,False,20,1,3,False,HIGH,3
CVE-2023-12254,1.0,False,True,False,False,False,True,True,False,False,False,True,True,True,False,False,False,False,True,True,False,False,True,1193,2,2023,False,False,0.0,0.0,False,92,10,False,False,False,False,False,False,False,False,False,False,False,269,1,2,False,HIGH,3
CVE-2026-12255,1.0,False,False,False,True,True,False,False,False,True,False,True,True,False,False,True,False,False,True,False,False,True,True,600,1,2025,False,False,0.0,0.0,False,75,10,False,False,False,False,False,False,False,True,False,False,False,416,1,3,False,HIGH,3
CVE-2026-12256,1.0,False,True,False,False,False,True,False,False,True,True,False,False,False,False,True,True,False,False,False,False,True,True,742,3,2024,False,False,0.0,0.0,False,95,11,False,False,False,False,False,False,False,False,False,False,False,20,1,1,False,HIGH,3
CVE-2022-12257,1.0,False,False,True,False,True,False,True,False,False,False,True,True,False,True,False,False,False,True,False,False,True,True,1780,4,2021,False,False,0.0,0.0,False,86,10,False,False,False,False,False,False,False,False,False,False,True,200,1,4,False,HIGH,3
CVE-2024-12258,1.0,True,False,False,False,False,True,False,True,False,False,True,False,False,True,False,False,True,False,False,False,True,True,787,3,2024,False,False,0.0,0.0,False,76,11,False,False,False,True,False,False,False,False,False,False,True,200,1,5,False,MEDIUM,2
CVE-2025-12259,1.0,False,True,False,False,True,False,True,False,False,False,True,False,True,False,False,False,True,False,False,True,False,True,1123,3,2023,False,False,0.0,0.0,False,83,11,False,False,False,False,True,False,False,False,False,False,False,269,1,3,False,MEDIUM,2
CVE-2026-12260,1.0,False,False,False,True,False,True,False,False,True,False,True,True,True,False,False,False,False,True,True,False,False,True,1771,4,2021,False,False,0.0,0.0,False,79,11,False,False,False,False,False,False,False,False,False,False,True,200,1,5,False,MEDIUM,2
CVE-2026-12261,1.0,False,False,False,True,False,True,True,False,False,True,False,True,False,True,False,False,True,False,False,True,False,True,1775,4,2021,False,False,0.0,0.0,False,95,11,False,False,False,False,False,False,False,True,False,False,False,119,1,3,False,MEDIUM,2
CVE-2024-12262,1.0,True,False,False,False,False,True,False,False,True,False,True,True,True,False,False,False,False,True,False,True,False,True,1367,4,2022,False,False,0.0,0.0,False,79,11,False,False,False,False,False,False,False,True,False,False,False,787,1,5,False,HIGH,3
CVE-2024-12263,1.0,True,False,False,False,True,False,False,True,False,True,False,False,True,False,False,False,True,False,True,False,False,True,1609,2,2022,False,False,0.0,0.0,False,79,11,False,False,False,False,False,False,False,False,False,False,False,20,1,1,False,HIGH,3
CVE-2025-12264,1.0,False,True,False,False,True,False,False,True,False,True,False,False,False,False,True,False,True,False,False,False,True,True,1122,3,2023,False,False,0.0,0.0,False,83,11,False,False,False,False,True,False,False,True,False,False,False,119,1,3,False,HIGH,3
CVE-2022-12265,1.0,False,False,False,True,True,False,False,False,True,False,True,True,False,False,True,False,False,True,True,False,False,True,1113,3,2023,False,False,0.0,0.0,False,79,11,False,False,False,False,False,False,False,False,True,False,False,79,1,5,False,MEDIUM,2
CVE-2023-12266,1.0,False,True,False,False,False,True,False,False,True,True,False,False,False,True,False,True,False,False,False,True,False,True,2079,1,2021,False,False,0.0,0.0,False,69,10,False,False,False,True,False,False,False,True,False,False,False,119,1,3,False,MEDIUM,2
CVE-2024-12267,1.0,True,False,False,False,False,True,False,True,False,False,True,True,False,True,False,True,False,False,False,True,False,True,1276,1,2023,False,False,0.0,0.0,False,86,10,False,False,False,False,False,False,False,True,False,False,False,119,1,5,False,MEDIUM,2
CVE-2024-12268,1.0,False,False,False,True,False,True,False,True,False,False,True,False,False,True,False,True,False,False,True,False,False,True,2012,1,2021,False,False,0.0,0.0,False,75,10,False,False,False,False,False,False,False,False,False,False,False,269,1,2,False,LOW,1
CVE-2026-12269,1.0,True,False,False,False,True,False,False,False,True,True,False,True,False,True,False,False,True,False,False,False,True,True,349,4,2025,False,False,0.0,0.0,False,95,11,False,False,False,False,False,False,False,False,True,False,False,89,1,5,False,HIGH,3
CVE-2026-12270,1.0,True,False,False,False,False,True,False,True,False,True,False,False,True,False,False,False,False,True,False,True,False,True,2008,1,2021,False,False,0.0,0.0,False,83,11,False,False,False,False,True,False,False,True,False,False,False,787,1,3,False,HIGH,3
CVE-2025-12271,1.0,False,True,False,False,False,True,True,False,False,False,True,True,True,False,False,False,False,True,False,True,False,True,1811,4,2021,False,False,0.0,0.0,False,83,11,False,False,False,False,True,False,False,True,False,False,False,416,1,4,False,HIGH,3
CVE-2023-12272,1.0,True,False,False,False,False,True,False,False,True,True,False,True,False,True,False,True,False,False,False,False,True,True,1505,3,2022,False,False,0.0,0.0,False,86,10,False,False,False,False,False,False,False,False,True,False,False,79,1,5,False,HIGH,3
CVE-2021-12273,1.0,False,False,True,False,False,True,True,False,False,True,False,True,False,True,False,True,False,False,False,True,False,True,1161,3,2023,False,False,0.0,0.0,False,86,10,False,False,False,False,False,False,False,False,True,False,False,89,1,3,False,MEDIUM,2
CVE-2026-12274,1.0,False,False,True,False,True,False,False,False,True,True,False,True,False,False,True,False,False,True,False,True,False,True,1890,3,2021,False,False,0.0,0.0,False,92,10,False,False,False,False,False,False,False,False,False,False,True,200,1,4,False,HIGH,3
CVE-2024-12275,1.0,False,False,True,False,True,False,False,True,False,True,False,True,False,True,False,False,True,False,False,False,True,True,1378,4,2022,False,False,0.0,0.0,False,76,11,False,False,False,True,False,False,False,False,False,False,True,200,1,2,False,HIGH,3
CVE-2022-12276,1.0,False,False,False,True,False,True,True,False,False,False,True,True,False,False,True,True,False,False,True,False,False,True,527,2,2025,False,False,0.0,0.0,False,79,9,False,False,False,False,False,False,False,False,False,False,False,20,1,5,False,MEDIUM,2
CVE-2025-12277,1.0,False,False,False,True,False,True,False,False,True,True,False,True,True,False,False,False,True,False,True,False,False,True,337,4,2025,False,False,0.0,0.0,False,79,9,False,False,False,False,False,False,False,False,False,False,False,269,1,5,False,MEDIUM,2
CVE-2024-12278,1.0,True,False,False,False,True,False,True,False,False,False,True,True,False,True,False,False,True,False,True,False,False,True,1840,3,2021,False,False,0.0,0.0,False,76,11,False,False,False,True,False,False,False,False,False,False,True,200,1,2,False,HIGH,3
CVE-2026-12279,1.0,False,False,False,True,True,False,True,False,False,False,True,True,False,True,False,False,False,True,False,True,False,True,1558,2,2022,False,False,0.0,0.0,False,76,11,False,False,False,False,False,False,True,True,False,False,False,416,1,3,False,MEDIUM,2
CVE-2022-12280,1.0,False,False,False,True,False,True,True,False,False,False,True,True,False,False,True,False,True,False,False,True,False,True,1394,4,2022,False,False,0.0,0.0,False,76,11,False,False,False,False,False,False,True,True,False,False,False,119,1,5,False,MEDIUM,2
CVE-2022-12281,1.0,False,False,True,False,False,True,False,True,False,True,False,True,False,True,False,False,False,True,False,False,True,True,1609,2,2022,False,False,0.0,0.0,False,83,11,False,False,False,False,True,False,False,False,False,False,True,200,1,4,False,HIGH,3
CVE-2025-12282,1.0,False,False,False,True,False,True,True,False,False,True,False,True,False,False,True,False,False,True,True,False,False,True,1895,3,2021,False,False,0.0,0.0,False,83,11,False,False,False,False,True,False,False,True,False,False,False,119,1,4,False,MEDIUM,2
CVE-2022-12283,1.0,False,False,True,False,False,True,True,False,False,False,True,False,False,True,False,True,False,False,False,True,False,True,1658,1,2022,False,False,0.0,0.0,False,75,10,False,False,False,False,False,False,False,True,False,False,False,416,1,5,False,MEDIUM,2
CVE-2026-12284,1.0,False,False,True,False,False,True,False,False,True,False,True,False,False,True,False,True,False,False,False,False,True,True,628,1,2025,False,False,0.0,0.0,False,76,11,False,False,False,True,False,False,False,False,False,False,False,269,1,3,False,MEDIUM,2
CVE-2023-12285,1.0,False,True,False,False,False,True,False,True,False,False,True,True,True,False,False,True,False,False,False,True,False,True,2010,1,2021,False,False,0.0,0.0,False,79,11,False,False,False,False,False,False,False,False,False,False,False,20,1,2,False,MEDIUM,2
CVE-2024-12286,1.0,True,False,False,False,False,True,False,True,False,True,False,False,True,False,False,False,True,False,False,False,True,True,1889,3,2021,False,False,0.0,0.0,False,79,11,False,False,False,False,False,False,False,False,False,False,False,20,1,4,False,MEDIUM,2
CVE-2025-12287,1.0,False,False,True,False,True,False,False,True,False,False,True,False,False,False,True,False,True,False,False,True,False,True,476,2,2025,False,False,0.0,0.0,False,76,11,False,False,False,True,False,False,False,False,True,False,False,79,1,4,False,MEDIUM,2
CVE-2021-12288,1.0,False,True,False,False,False,True,False,True,False,False,True,False,False,True,False,True,False,False,False,True,False,True,561,1,2025,False,False,0.0,0.0,False,75,10,False,False,False,False,False,False,False,True,False,False,False,787,1,2,False,MEDIUM,2
CVE-2026-12289,1.0,False,False,False,True,True,False,False,True,False,True,False,True,True,False,False,True,False,False,False,False,True,True,466,2,2025,False,False,0.0,0.0,False,83,11,False,False,False,False,True,False,False,True,False,False,False,119,1,3,False,MEDIUM,2
CVE-2022-12290,1.0,True,False,False,False,True,False,False,False,True,True,False,False,False,True,False,True,False,False,True,False,False,True,1623,2,2022,False,False,0.0,0.0,False,76,11,False,False,False,False,False,False,True,True,False,False,False,787,1,3,False,HIGH,3
CVE-2024-12291,1.0,False,True,False,False,False,True,False,True,False,True,False,True,False,True,False,False,False,True,False,False,True,True,795,3,2024,False,False,0.0,0.0,False,75,10,False,False,False,False,False,False,False,True,False,False,False,416,1,4,False,HIGH,3
CVE-2026-12292,1.0,True,False,False,False,True,False,False,False,True,True,False,False,False,True,False,False,False,True,False,False,True,True,1547,3,2022,False,False,0.0,0.0,False,76,11,False,False,False,False,False,False,True,False,False,False,False,269,1,4,False,CRITICAL,4
CVE-2025-12293,1.0,False,False,False,True,True,False,False,False,True,True,False,True,True,False,False,False,False,True,False,True,False,True,429,3,2025,False,False,0.0,0.0,False,83,11,False,False,False,False,True,False,False,True,False,False,False,119,1,4,False,MEDIUM,2
CVE-2023-12294,1.0,False,True,False,False,False,True,False,True,False,True,False,False,True,False,False,False,False,True,True,False,False,True,646,4,2024,False,False,0.0,0.0,False,79,11,False,False,False,False,False,False,False,True,False,False,False,119,1,2,False,MEDIUM,2
CVE-2023-12295,1.0,False,True,False,False,False,True,True,False,False,False,True,False,True,False,False,False,False,True,False,True,False,True,812,3,2024,False,False,0.0,0.0,False,76,11,False,False,False,False,False,False,True,False,True,False,False,89,1,3,False,MEDIUM,2
CVE-2023-12296,1.0,False,False,False,True,False,True,False,False,True,False,True,True,False,True,False,False,False,True,True,False,False,True,1288,1,2023,False,False,0.0,0.0,False,79,11,False,False,False,False,False,False,False,False,True,False,False,89,1,3,False,MEDIUM,2
CVE-2023-12297,1.0,True,False,False,False,True,False,False,False,True,False,True,False,True,False,False,False,True,False,False,True,False,True,1509,3,2022,False,False,0.0,0.0,False,83,11,False,False,False,False,True,False,False,True,False,False,False,119,1,5,False,MEDIUM,2
CVE-2026-12298,1.0,True,False,False,False,True,False,False,False,True,True,False,False,False,True,False,False,False,True,False,True,False,True,1403,4,2022,False,False,0.0,0.0,False,69,10,False,False,False,True,False,False,False,False,True,False,False,79,1,5,False,HIGH,3
CVE-2024-12299,1.0,False,False,False,True,True,False,True,False,False,True,False,False,False,True,False,False,False,True,False,False,True,True,1931,2,2021,False,False,0.0,0.0,False,79,9,False,False,False,False,False,False,False,True,False,False,False,119,1,2,False,HIGH,3
CVE-2023-12300,1.0,True,False,False,False,True,False,True,False,False,False,True,False,False,False,True,True,False,False,False,True,False,True,1549,3,2022,False,False,0.0,0.0,False,92,10,False,False,False,False,False,False,False,False,False,False,False,20,1,5,False,CRITICAL,4
CVE-2024-12301,1.0,False,False,False,True,True,False,False,False,True,True,False,True,False,False,True,False,False,True,False,True,False,True,1499,3,2022,False,False,0.0,0.0,False,76,11,False,False,False,True,False,False,False,True,False,False,False,416,1,1,False,HIGH,3
CVE-2022-12302,1.0,False,False,False,True,True,False,False,False,True,False,True,False,False,True,False,False,True,False,False,False,True,True,507,2,2025,False,False,0.0,0.0,False,86,10,False,False,False,False,False,False,False,True,False,False,False,787,1,1,False,MEDIUM,2
CVE-2022-12303,1.0,False,True,False,False,True,False,False,True,False,False,True,False,False,False,True,False,True,False,True,False,False,True,1903,3,2021,False,False,0.0,0.0,False,95,11,False,False,False,False,False,False,False,True,False,False,False,416,1,5,False,MEDIUM,2
CVE-2021-12304,1.0,False,True,False,False,False,True,False,True,False,False,True,True,False,True,False,False,False,True,False,True,False,True,1632,2,2022,False,False,0.0,0.0,False,92,10,False,False,False,False,False,False,False,True,False,False,False,787,1,3,False,MEDIUM,2
CVE-2025-12305,1.0,False,False,False,True,True,False,False,True,False,True,False,False,False,True,False,False,True,False,False,False,True,True,840,2,2024,False,False,0.0,0.0,False,76,11,False,False,False,False,False,False,True,False,False,False,False,20,1,5,False,MEDIUM,2
CVE-2026-12306,1.0,False,False,True,False,True,False,False,True,False,True,False,True,False,False,True,True,False,False,True,False,False,True,2064,1,2021,False,False,0.0,0.0,False,76,11,False,False,False,True,False,False,False,False,True,False,False,79,1,3,False,HIGH,3
CVE-2025-12307,1.0,False,False,False,True,True,False,False,False,True,False,True,True,True,False,False,False,True,False,False,True,False,True,1891,3,2021,False,False,0.0,0.0,False,86,10,False,False,False,False,False,False,False,False,True,False,False,89,1,1,False,MEDIUM,2
CVE-2022-12308,1.0,False,True,False,False,False,True,False,False,True,True,False,True,True,False,False,False,True,False,True,False,False,True,1958,2,2021,False,False,0.0,0.0,False,83,11,False,False,False,False,True,False,False,False,True,False,False,89,1,2,False,MEDIUM,2
CVE-2024-12309,1.0,False,False,False,True,False,True,False,True,False,True,False,False,False,False,True,True,False,False,True,False,False,True,925,1,2024,False,False,0.0,0.0,False,76,11,False,False,False,False,False,False,True,False,False,False,False,269,1,5,False,MEDIUM,2
CVE-2025-12310,1.0,False,True,False,False,True,False,True,False,False,False,True,True,False,True,False,True,False,False,False,True,False,True,401,3,2025,False,False,0.0,0.0,False,92,10,False,False,False,False,False,False,False,False,True,False,False,79,1,4,False,HIGH,3
CVE-2023-12311,1.0,False,True,False,False,False,True,True,False,False,True,False,False,False,False,True,True,False,False,False,True,False,True,1576,2,2022,False,False,0.0,0.0,False,79,9,False,False,False,False,False,False,False,False,False,False,False,20,1,1,False,HIGH,3
CVE-2025-12312,1.0,True,False,False,False,False,True,False,True,False,False,True,False,True,False,False,False,True,False,False,False,True,True,1595,2,2022,False,False,0.0,0.0,False,75,10,False,False,False,False,False,False,False,True,False,False,False,787,1,1,False,MEDIUM,2
CVE-2024-12313,1.0,True,False,False,False,True,False,True,False,False,False,True,True,False,False,True,False,True,False,True,False,False,True,1929,2,2021,False,False,0.0,0.0,False,76,11,False,False,False,True,False,False,False,False,False,False,True,200,1,1,False,CRITICAL,4
CVE-2023-12314,1.0,True,False,False,False,False,True,True,False,False,False,True,True,False,False,True,True,False,False,False,False,True,True,665,4,2024,False,False,0.0,0.0,False,75,10,False,False,False,False,False,False,False,False,False,False,False,269,1,2,False,CRITICAL,4
CVE-2024-12315,1.0,False,False,True,False,True,False,False,False,True,False,True,True,False,True,False,False,True,False,False,False,True,True,1307,1,2023,False,False,0.0,0.0,False,92,10,False,False,False,False,False,False,False,True,False,False,False,416,1,1,False,MEDIUM,2
CVE-2024-12316,1.0,False,False,True,False,False,True,False,False,True,False,True,False,True,False,False,False,False,True,False,True,False,True,1522,3,2022,False,False,0.0,0.0,False,69,10,False,False,False,True,False,False,False,True,False,False,False,119,1,1,False,MEDIUM,2
CVE-2022-12317,1.0,False,False,False,True,False,True,False,True,False,False,True,True,False,True,False,True,False,False,True,False,False,True,1733,4,2021,False,False,0.0,0.0,False,92,10,False,False,False,False,False,False,False,False,False,False,True,200,1,5,False,LOW,1
CVE-2025-12318,1.0,False,False,True,False,False,True,False,False,True,True,False,False,False,False,True,True,False,False,False,True,False,True,337,4,2025,False,False,0.0,0.0,False,79,9,False,False,False,False,False,False,False,True,False,False,False,416,1,1,False,MEDIUM,2
CVE-2023-12319,1.0,True,False,False,False,False,True,False,False,True,False,True,True,False,True,False,False,True,False,True,False,False,True,1763,4,2021,False,False,0.0,0.0,False,83,11,False,False,False,False,True,False,False,False,True,False,False,79,1,1,False,MEDIUM,2
CVE-2024-12320,1.0,False,False,False,True,False,True,False,True,False,False,True,True,False,False,True,False,False,True,False,True,False,True,916,1,2024,False,False,0.0,0.0,False,69,10,False,False,False,True,False,False,False,True,False,False,False,416,1,3,False,MEDIUM,2
CVE-2022-12321,1.0,False,False,False,True,True,False,True,False,False,False,True,False,False,True,False,False,False,True,False,True,False,True,1047,4,2023,False,False,0.0,0.0,False,76,11,False,False,False,True,False,False,False,False,False,False,True,200,1,1,False,MEDIUM,2
CVE-2025-12322,1.0,False,False,True,False,False,True,False,False,True,False,True,True,True,False,False,False,True,False,False,True,False,True,2074,1,2021,False,False,0.0,0.0,False,92,10,False,False,False,False,False,False,False,False,True,False,False,89,1,4,False,MEDIUM,2
CVE-2022-12323,1.0,False,False,False,True,False,True,True,False,False,False,True,True,False,True,False,False,True,False,False,False,True,True,1032,4,2023,False,False,0.0,0.0,False,76,11,False,False,False,False,False,False,True,False,False,False,False,269,1,4,False,MEDIUM,2
CVE-2026-12324,1.0,False,False,False,True,True,False,False,True,False,True,False,True,False,True,False,False,False,True,True,False,False,True,1675,1,2022,False,False,0.0,0.0,False,69,10,False,False,False,True,False,False,False,True,False,False,False,787,1,1,False,MEDIUM,2
CVE-2021-12325,1.0,False,False,True,False,True,False,True,False,False,False,True,False,True,False,False,False,False,True,True,False,False,True,1199,2,2023,False,False,0.0,0.0,False,76,11,False,False,False,False,False,False,True,True,False,False,False,416,1,5,False,MEDIUM,2
CVE-2023-12326,1.0,False,True,False,False,True,False,False,False,True,True,False,False,True,False,False,True,False,False,False,False,True,True,1682,1,2022,False,False,0.0,0.0,False,75,10,False,False,False,False,False,False,False,True,False,False,False,119,1,3,False,HIGH,3
CVE-2024-12327,1.0,True,False,False,False,False,True,False,False,True,False,True,False,False,False,True,True,False,False,False,True,False,True,2049,1,2021,False,False,0.0,0.0,False,79,9,False,False,False,False,False,False,False,False,False,False,False,269,1,2,False,MEDIUM,2
CVE-2023-12328,1.0,False,False,False,True,False,True,True,False,False,False,True,False,True,False,False,False,False,True,False,True,False,True,1199,2,2023,False,False,0.0,0.0,False,92,10,False,False,False,False,False,False,False,True,False,False,False,119,1,4,False,MEDIUM,2
CVE-2021-12329,1.0,False,False,True,False,False,True,False,False,True,False,True,True,False,False,True,False,True,False,False,True,False,True,487,2,2025,False,False,0.0,0.0,False,69,10,False,False,False,True,False,False,False,True,False,False,False,119,1,1,False,MEDIUM,2
CVE-2025-12330,1.0,True,False,False,False,False,True,True,False,False,False,True,True,False,True,False,True,False,False,False,False,True,True,802,3,2024,False,False,0.0,0.0,False,76,11,False,False,False,False,False,False,True,False,False,False,False,20,1,3,False,HIGH,3
CVE-2024-12331,1.0,False,True,False,False,False,True,False,True,False,True,False,True,False,False,True,False,True,False,False,False,True,True,1255,2,2023,False,False,0.0,0.0,False,92,10,False,False,False,False,False,False,False,True,False,False,False,787,1,5,False,HIGH,3
CVE-2021-12332,1.0,True,False,False,False,True,False,False,False,True,True,False,False,True,False,False,True,False,False,True,False,False,True,705,4,2024,False,False,0.0,0.0,False,95,11,False,False,False,False,False,False,False,True,False,False,False,787,1,1,False,HIGH,3
CVE-2025-12333,1.0,False,False,False,True,False,True,True,False,False,True,False,True,False,False,True,False,False,True,False,True,False,True,627,1,2025,False,False,0.0,0.0,False,76,11,False,False,False,False,False,False,True,False,True,False,False,89,1,5,False,HIGH,3
CVE-2022-12334,1.0,True,False,False,False,False,True,True,False,False,False,True,True,False,True,False,True,False,False,False,False,True,True,403,3,2025,False,False,0.0,0.0,False,76,11,False,False,False,True,False,False,False,False,True,False,False,79,1,4,False,HIGH,3
CVE-2024-12335,1.0,True,False,False,False,False,True,True,False,False,True,False,False,True,False,False,False,False,True,False,False,True,True,1461,3,2022,False,False,0.0,0.0,False,79,11,False,False,False,False,False,False,False,True,False,False,False,787,1,1,False,CRITICAL,4
CVE-2023-12336,1.0,True,False,False,False,True,False,False,False,True,False,True,True,False,True,False,False,False,True,True,False,False,True,1935,2,2021,False,False,0.0,0.0,False,69,10,False,False,False,True,False,False,False,False,False,False,False,20,1,2,False,HIGH,3
CVE-2026-12337,1.0,True,False,False,False,True,False,False,False,True,False,True,True,False,True,False,False,True,False,False,True,False,True,655,4,2024,False,False,0.0,0.0,False,75,10,False,False,False,False,False,False,False,False,True,False,False,79,1,4,False,HIGH,3
CVE-2025-12338,1.0,False,True,False,False,True,False,True,False,False,False,True,True,False,True,False,True,False,False,False,True,False,True,1075,4,2023,False,False,0.0,0.0,False,79,9,False,False,False,False,False,False,False,False,False,False,False,269,1,1,False,HIGH,3
CVE-2023-12339,1.0,False,False,False,True,False,True,False,True,False,True,False,False,True,False,False,False,False,True,False,True,False,True,1745,4,2021,False,False,0.0,0.0,False,76,11,False,False,False,False,False,False,True,False,False,False,False,20,1,4,False,MEDIUM,2
CVE-2023-12340,1.0,False,True,False,False,True,False,True,False,False,False,True,True,True,False,False,True,False,False,False,False,True,True,1497,3,2022,False,False,0.0,0.0,False,86,10,False,False,False,False,False,False,False,True,False,False,False,119,1,4,False,HIGH,3
CVE-2026-12341,1.0,False,False,False,True,True,False,True,False,False,False,True,True,False,True,False,False,False,True,True,False,False,True,776,3,2024,False,False,0.0,0.0,False,86,10,False,False,False,False,False,False,False,True,False,False,False,119,1,2,False,MEDIUM,2
CVE-2024-12342,1.0,False,False,True,False,True,False,False,False,True,False,True,False,True,False,False,False,True,False,True,False,False,True,1941,2,2021,False,False,0.0,0.0,False,95,11,False,False,False,False,False,False,False,False,True,False,False,79,1,5,False,MEDIUM,2
CVE-2024-12343,1.0,False,True,False,False,True,False,False,False,True,True,False,True,True,False,False,False,False,True,True,False,False,True,848,2,2024,False,False,0.0,0.0,False,95,11,False,False,False,False,False,False,False,False,False,False,False,20,1,1,False,HIGH,3
CVE-2022-12344,1.0,False,True,False,False,True,False,True,False,False,True,False,True,True,False,False,False,True,False,False,False,True,True,970,1,2024,False,False,0.0,0.0,False,86,10,False,False,False,False,False,False,False,True,False,False,False,119,1,4,False,HIGH,3
CVE-2023-12345,1.0,True,False,False,False,False,True,False,False,True,False,True,True,True,False,False,True,False,False,False,True,False,True,1060,4,2023,False,False,0.0,0.0,False,79,11,False,False,False,False,False,False,False,True,False,False,False,119,1,5,False,MEDIUM,2
CVE-2021-12346,1.0,False,True,False,False,True,False,False,True,False,False,True,True,False,True,False,False,False,True,True,False,False,True,1517,3,2022,False,False,0.0,0.0,False,76,11,False,False,False,True,False,False,False,False,False,False,True,200,1,2,False,HIGH,3
CVE-2025-12347,1.0,False,True,False,False,False,True,True,False,False,False,True,False,False,True,False,False,False,True,True,False,False,True,435,3,2025,False,False,0.0,0.0,False,79,9,False,False,False,False,False,False,False,True,False,False,False,119,1,1,False,HIGH,3
CVE-2023-12348,1.0,False,False,False,True,False,True,True,False,False,False,True,True,False,True,False,True,False,False,False,True,False,True,758,3,2024,False,False,0.0,0.0,False,75,10,False,False,False,False,False,False,False,False,False,False,True,200,1,2,False,MEDIUM,2
CVE-2022-12349,1.0,False,False,True,False,False,True,False,False,True,False,True,False,False,False,True,False,True,False,False,True,False,True,806,3,2024,False,False,0.0,0.0,False,79,9,False,False,False,False,False,False,False,True,False,False,False,787,1,1,False,MEDIUM,2
CVE-2024-12350,1.0,False,True,False,False,True,False,True,False,False,True,False,False,False,True,False,False,False,True,False,False,True,True,554,1,2025,False,False,0.0,0.0,False,83,11,False,False,False,False,True,False,False,False,False,False,False,20,1,3,False,CRITICAL,4
CVE-2023-12351,1.0,False,False,False,True,True,False,False,False,True,True,False,False,False,False,True,False,True,False,True,False,False,True,1131,3,2023,False,False,0.0,0.0,False,75,10,False,False,False,False,False,False,False,False,True,False,False,79,1,4,False,MEDIUM,2
CVE-2024-12352,1.0,False,False,False,True,True,False,False,True,False,True,False,True,False,True,False,False,False,True,False,False,True,True,1628,2,2022,False,False,0.0,0.0,False,83,11,False,False,False,False,True,False,False,False,True,False,False,89,1,2,False,HIGH,3
CVE-2023-12353,1.0,True,False,False,False,True,False,False,True,False,True,False,False,False,False,True,True,False,False,False,False,True,True,879,2,2024,False,False,0.0,0.0,False,83,11,False,False,False,False,True,False,False,False,False,False,False,20,1,1,False,CRITICAL,4
CVE-2022-12354,1.0,True,False,False,False,True,False,False,True,False,True,False,False,False,True,False,False,True,False,True,False,False,True,1140,3,2023,False,False,0.0,0.0,False,83,11,False,False,False,False,True,False,False,False,False,False,True,200,1,4,False,HIGH,3
CVE-2024-12355,1.0,True,False,False,False,True,False,False,False,True,False,True,False,False,False,True,True,False,False,True,False,False,True,925,1,2024,False,False,0.0,0.0,False,83,11,False,False,False,False,True,False,False,False,False,False,False,269,1,5,False,HIGH,3
CVE-2026-12356,1.0,False,False,True,False,True,False,True,False,False,True,False,True,False,False,True,False,True,False,False,False,True,True,1537,3,2022,False,False,0.0,0.0,False,86,10,False,False,False,False,False,False,False,True,False,False,False,416,1,4,False,CRITICAL,4
CVE-2021-12357,1.0,True,False,False,False,True,False,True,False,False,False,True,False,False,False,True,False,True,False,False,True,False,True,1373,4,2022,False,False,0.0,0.0,False,76,11,False,False,False,True,False,False,False,True,False,False,False,119,1,4,False,HIGH,3
CVE-2021-12358,1.0,False,True,False,False,True,False,False,False,True,True,False,False,False,True,False,False,True,False,False,True,False,True,2008,1,2021,False,False,0.0,0.0,False,83,11,False,False,False,False,True,False,False,True,False,False,False,416,1,1,False,MEDIUM,2
CVE-2023-12359,1.0,False,False,False,True,True,False,False,False,True,False,True,True,False,True,False,False,False,True,True,False,False,True,1797,4,2021,False,False,0.0,0.0,False,79,9,False,False,False,False,False,False,False,False,False,False,True,200,1,2,False,MEDIUM,2
CVE-2021-12360,1.0,False,False,False,True,True,False,False,False,True,True,False,True,False,True,False,False,True,False,False,True,False,True,1275,2,2023,False,False,0.0,0.0,False,92,10,False,False,False,False,False,False,False,True,False,False,False,119,1,5,False,MEDIUM,2
CVE-2023-12361,1.0,False,False,False,True,True,False,False,True,False,False,True,False,False,False,True,False,False,True,False,False,True,True,1622,2,2022,False,False,0.0,0.0,False,92,10,False,False,False,False,False,False,False,False,True,False,False,89,1,3,False,HIGH,3
CVE-2025-12362,1.0,False,True,False,False,False,True,False,True,False,True,False,False,False,False,True,True,False,False,True,False,False,True,1135,3,2023,False,False,0.0,0.0,False,75,10,False,False,False,False,False,False,False,True,False,False,False,119,1,1,False,MEDIUM,2
CVE-2022-12363,1.0,False,True,False,False,True,False,True,False,False,True,False,False,False,True,False,False,True,False,True,False,False,True,1528,3,2022,False,False,0.0,0.0,False,76,11,False,False,False,True,False,False,False,False,True,False,False,89,1,2,False,HIGH,3
CVE-2024-12364,1.0,False,False,True,False,True,False,False,False,True,False,True,False,True,False,False,True,False,False,True,False,False,True,1576,2,2022,False,False,0.0,0.0,False,79,9,False,False,False,False,False,False,False,False,False,False,False,269,1,1,False,MEDIUM,2
CVE-2021-12365,1.0,False,True,False,False,True,False,True,False,False,False,True,False,True,False,False,False,True,False,False,False,True,True,1277,1,2023,False,False,0.0,0.0,False,83,11,False,False,False,False,True,False,False,False,True,False,False,79,1,3,False,HIGH,3
CVE-2023-12366,1.0,True,False,False,False,False,True,False,False,True,True,False,True,True,False,False,True,False,False,False,False,True,True,1001,4,2023,False,False,0.0,0.0,False,83,11,False,False,False,False,True,False,False,False,False,False,True,200,1,3,False,HIGH,3
CVE-2023-12367,1.0,False,True,False,False,False,True,False,True,False,True,False,False,False,True,False,True,False,False,False,False,True,True,1950,2,2021,False,False,0.0,0.0,False,95,11,False,False,False,False,False,False,False,False,False,False,False,20,1,4,False,MEDIUM,2
CVE-2021-12368,1.0,False,True,False,False,False,True,True,False,False,False,True,False,False,False,True,False,False,True,False,True,False,True,895,2,2024,False,False,0.0,0.0,False,86,10,False,False,False,False,False,False,False,False,False,False,True,200,1,1,False,HIGH,3
CVE-2026-12369,1.0,True,False,False,False,False,True,False,False,True,False,True,True,False,True,False,False,True,False,True,False,False,True,305,4,2025,False,False,0.0,0.0,False,79,11,False,False,False,False,False,False,False,True,False,False,False,416,1,4,False,MEDIUM,2
CVE-2022-12370,1.0,False,True,False,False,False,True,False,True,False,True,False,False,False,True,False,True,False,False,False,False,True,True,1041,4,2023,False,False,0.0,0.0,False,92,10,False,False,False,False,False,False,False,True,False,False,False,416,1,2,False,MEDIUM,2
CVE-2026-12371,1.0,False,False,True,False,False,True,True,False,False,False,True,False,True,False,False,True,False,False,False,True,False,True,724,4,2024,False,False,0.0,0.0,False,76,11,False,False,False,False,False,False,True,True,False,False,False,416,1,1,False,MEDIUM,2
CVE-2021-12372,1.0,True,False,False,False,False,True,False,False,True,False,True,True,False,False,True,False,False,True,False,True,False,True,1503,3,2022,False,False,0.0,0.0,False,83,11,False,False,False,False,True,False,False,True,False,False,False,787,1,4,False,HIGH,3
CVE-2023-12373,1.0,False,True,False,False,False,True,True,False,False,True,False,False,True,False,False,True,False,False,True,False,False,True,1707,1,2022,False,False,0.0,0.0,False,76,11,False,False,False,False,False,False,True,False,False,False,True,200,1,4,False,MEDIUM,2
CVE-2021-12374,1.0,False,True,False,False,False,True,False,False,True,True,False,False,True,False,False,False,True,False,False,True,False,True,595,1,2025,False,False,0.0,0.0,False,76,11,False,False,False,False,False,False,True,False,True,False,False,79,1,4,False,MEDIUM,2
CVE-2025-12375,1.0,False,False,False,True,False,True,False,False,True,False,True,False,False,False,True,False,False,True,False,True,False,True,1024,4,2023,False,False,0.0,0.0,False,92,10,False,False,False,False,False,False,False,True,False,False,False,416,1,5,False,MEDIUM,2
CVE-2023-12376,1.0,False,False,False,True,False,True,False,True,False,True,False,True,False,True,False,True,False,False,False,False,True,True,810,3,2024,False,False,0.0,0.0,False,69,10,False,False,False,True,False,False,False,False,False,False,False,20,1,1,False,MEDIUM,2
CVE-2022-12377,1.0,False,True,False,False,True,False,False,False,True,True,False,True,False,True,False,True,False,False,False,False,True,True,632,1,2025,False,False,0.0,0.0,False,76,11,False,False,False,True,False,False,False,True,False,False,False,119,1,4,False,HIGH,3
CVE-2023-12378,1.0,True,False,False,False,False,True,False,False,True,True,False,False,False,False,True,True,False,False,True,False,False,True,1235,2,2023,False,False,0.0,0.0,False,92,10,False,False,False,False,False,False,False,True,False,False,False,416,1,5,False,HIGH,3
CVE-2025-12379,1.0,False,False,True,False,True,False,False,False,True,False,True,True,False,True,False,False,False,True,False,False,True,True,539,2,2025,False,False,0.0,0.0,False,76,11,False,False,False,True,False,False,False,True,False,False,False,119,1,4,False,HIGH,3
CVE-2021-12380,1.0,False,False,False,True,False,True,False,False,True,True,False,True,False,True,False,False,False,True,False,False,True,True,1563,2,2022,False,False,0.0,0.0,False,76,11,False,False,False,True,False,False,False,True,False,False,False,416,1,4,False,MEDIUM,2
CVE-2021-12381,1.0,False,False,True,False,False,True,True,False,False,True,False,True,False,True,False,False,True,False,False,True,False,True,317,4,2025,False,False,0.0,0.0,False,83,11,False,False,False,False,True,False,False,False,False,False,False,20,1,3,False,MEDIUM,2
CVE-2023-12382,1.0,False,True,False,False,False,True,True,False,False,True,False,False,False,False,True,False,False,True,False,True,False,True,414,3,2025,False,False,0.0,0.0,False,79,11,False,False,False,False,False,False,False,True,False,False,False,119,1,5,False,HIGH,3
CVE-2021-12383,1.0,False,True,False,False,False,True,False,False,True,False,True,True,False,True,False,True,False,False,True,False,False,True,621,1,2025,False,False,0.0,0.0,False,75,10,False,False,False,False,False,False,False,True,False,False,False,787,1,4,False,MEDIUM,2
CVE-2022-12384,1.0,False,True,False,False,True,False,False,True,False,False,True,True,True,False,False,False,False,True,True,False,False,True,2058,1,2021,False,False,0.0,0.0,False,76,11,False,False,False,True,False,False,False,True,False,False,False,416,1,1,False,MEDIUM,2
CVE-2023-12385,1.0,False,True,False,False,True,False,True,False,False,True,False,True,False,False,True,True,False,False,True,False,False,True,974,1,2024,False,False,0.0,0.0,False,83,11,False,False,False,False,True,False,False,False,False,False,False,269,1,3,False,CRITICAL,4
CVE-2023-12386,1.0,True,False,False,False,False,True,False,True,False,True,False,False,False,False,True,False,False,True,False,False,True,True,2047,1,2021,False,False,0.0,0.0,False,83,11,False,False,False,False,True,False,False,True,False,False,False,119,1,5,False,CRITICAL,4
CVE-2024-12387,1.0,False,True,False,False,False,True,True,False,False,False,True,True,True,False,False,False,True,False,True,False,False,True,803,3,2024,False,False,0.0,0.0,False,76,11,False,False,False,True,False,False,False,False,False,False,False,20,1,2,False,MEDIUM,2
CVE-2022-12388,1.0,True,False,False,False,True,False,True,False,False,True,False,True,True,False,False,False,True,False,True,False,False,True,1018,4,2023,False,False,0.0,0.0,False,79,9,False,False,False,False,False,False,False,True,False,False,False,119,1,1,False,CRITICAL,4
CVE-2026-12389,1.0,True,False,False,False,False,True,False,False,True,False,True,True,False,True,False,False,True,False,False,True,False,True,633,1,2025,False,False,0.0,0.0,False,76,11,False,False,False,True,False,False,False,False,True,False,False,89,1,5,False,MEDIUM,2
CVE-2024-12390,1.0,False,False,True,False,True,False,False,False,True,False,True,False,True,False,False,False,True,False,True,False,False,True,676,4,2024,False,False,0.0,0.0,False,79,11,False,False,False,False,False,False,False,True,False,False,False,787,1,3,False,MEDIUM,2
CVE-2021-12391,1.0,False,True,False,False,True,False,True,False,False,True,False,False,False,True,False,True,False,False,False,True,False,True,2087,1,2021,False,False,0.0,0.0,False,95,11,False,False,False,False,False,False,False,True,False,False,False,416,1,4,False,HIGH,3
CVE-2021-12392,1.0,True,False,False,False,False,True,False,False,True,True,False,True,True,False,False,False,False,True,False,False,True,True,1718,1,2022,False,False,0.0,0.0,False,76,11,False,False,False,True,False,False,False,False,False,False,False,20,1,3,False,HIGH,3
CVE-2024-12393,1.0,True,False,False,False,True,False,True,False,False,True,False,False,False,True,False,False,False,True,False,False,True,True,1271,2,2023,False,False,0.0,0.0,False,76,11,False,False,False,False,False,False,True,False,False,False,True,200,1,4,False,CRITICAL,4
CVE-2021-12394,1.0,False,False,False,True,True,False,False,True,False,True,False,True,True,False,False,False,True,False,False,True,False,True,900,2,2024,False,False,0.0,0.0,False,79,11,False,False,False,False,False,False,False,False,False,False,False,269,1,5,False,MEDIUM,2
CVE-2023-12395,1.0,True,False,False,False,True,False,True,False,False,False,True,False,False,True,False,False,False,True,False,False,True,True,1475,3,2022,False,False,0.0,0.0,False,79,9,False,False,False,False,False,False,False,True,False,False,False,119,1,1,False,CRITICAL,4
CVE-2024-12396,1.0,True,False,False,False,False,True,False,True,False,True,False,False,True,False,False,True,False,False,False,False,True,True,1615,2,2022,False,False,0.0,0.0,False,92,10,False,False,False,False,False,False,False,False,False,False,False,20,1,2,False,HIGH,3
CVE-2026-12397,1.0,True,False,False,False,False,True,True,False,False,True,False,True,True,False,False,False,True,False,True,False,False,True,1316,1,2023,False,False,0.0,0.0,False,95,11,False,False,False,False,False,False,False,False,False,False,False,20,1,3,False,HIGH,3
CVE-2021-12398,1.0,True,False,False,False,True,False,False,False,True,True,False,True,False,True,False,False,False,True,False,False,True,True,307,4,2025,False,False,0.0,0.0,False,76,11,False,False,False,True,False,False,False,False,False,False,True,200,1,4,False,CRITICAL,4
CVE-2025-12399,1.0,False,True,False,False,False,True,True,False,False,True,False,False,False,True,False,True,False,False,False,True,False,True,965,1,2024,False,False,0.0,0.0,False,95,11,False,False,False,False,False,False,False,False,True,False,False,79,1,2,False,MEDIUM,2
CVE-2025-12400,1.0,True,False,False,False,False,True,True,False,False,False,True,False,False,False,True,False,False,True,True,False,False,True,1883,3,2021,False,False,0.0,0.0,False,76,11,False,False,False,False,False,False,True,False,True,False,False,79,1,4,False,CRITICAL,4
CVE-2026-12401,1.0,False,False,True,False,False,True,True,False,False,False,True,True,True,False,False,False,False,True,False,False,True,True,2091,1,2021,False,False,0.0,0.0,False,79,11,False,False,False,False,False,False,False,False,False,False,True,200,1,1,False,HIGH,3
CVE-2024-12402,1.0,False,False,False,True,True,False,True,False,False,True,False,False,True,False,False,False,True,False,False,True,False,True,1891,3,2021,False,False,0.0,0.0,False,95,11,False,False,False,False,False,False,False,True,False,False,False,416,1,3,False,MEDIUM,2
CVE-2024-12403,1.0,False,False,False,True,False,True,False,False,True,False,True,True,True,False,False,False,True,False,False,False,True,True,1839,3,2021,False,False,0.0,0.0,False,83,11,False,False,False,False,True,False,False,False,False,False,True,200,1,1,False,MEDIUM,2
CVE-2022-12404,1.0,False,False,True,False,False,True,False,False,True,False,True,False,False,False,True,True,False,False,True,False,False,True,339,4,2025,False,False,0.0,0.0,False,92,10,False,False,False,False,False,False,False,False,True,False,False,79,1,2,False,MEDIUM,2
CVE-2026-12405,1.0,True,False,False,False,True,False,False,False,True,False,True,True,True,False,False,True,False,False,False,True,False,True,836,2,2024,False,False,0.0,0.0,False,95,11,False,False,False,False,False,False,False,False,False,False,False,20,1,2,False,MEDIUM,2
CVE-2024-12406,1.0,False,False,True,False,True,False,True,False,False,True,False,True,False,True,False,False,True,False,True,False,False,True,541,2,2025,False,False,0.0,0.0,False,75,10,False,False,False,False,False,False,False,False,True,False,False,79,1,1,False,HIGH,3
CVE-2021-12407,1.0,False,False,False,True,False,True,False,True,False,False,True,False,True,False,False,False,True,False,True,False,False,True,1002,4,2023,False,False,0.0,0.0,False,76,11,False,False,False,False,False,False,True,True,False,False,False,416,1,1,False,LOW,1
CVE-2023-12408,1.0,False,False,True,False,False,True,False,True,False,False,True,True,False,False,True,False,True,False,False,False,True,True,2052,1,2021,False,False,0.0,0.0,False,95,11,False,False,False,False,False,False,False,True,False,False,False,416,1,5,False,MEDIUM,2
CVE-2025-12409,1.0,False,False,True,False,True,False,False,True,False,True,False,False,False,True,False,True,False,False,True,False,False,True,1539,3,2022,False,False,0.0,0.0,False,86,10,False,False,False,False,False,False,False,False,False,False,False,20,1,4,False,MEDIUM,2
CVE-2021-12410,1.0,False,False,False,True,False,True,True,False,False,False,True,True,False,False,True,False,True,False,False,False,True,True,552,1,2025,False,False,0.0,0.0,False,76,11,False,False,False,True,False,False,False,True,False,False,False,119,1,2,False,MEDIUM,2
CVE-2024-12411,1.0,True,False,False,False,True,False,False,True,False,True,False,True,True,False,False,True,False,False,False,True,False,True,1015,4,2023,False,False,0.0,0.0,False,69,10,False,False,False,True,False,False,False,False,False,False,False,20,1,2,False,HIGH,3
CVE-2023-12412,1.0,True,False,False,False,False,True,False,True,False,False,True,True,False,True,False,True,False,False,True,False,False,True,1509,3,2022,False,False,0.0,0.0,False,76,11,False,False,False,False,False,False,True,True,False,False,False,119,1,5,False,MEDIUM,2
CVE-2026-12413,1.0,False,False,True,False,False,True,True,False,False,True,False,False,False,True,False,False,False,True,True,False,False,True,939,1,2024,False,False,0.0,0.0,False,79,9,False,False,False,False,False,False,False,True,False,False,False,119,1,2,False,MEDIUM,2
CVE-2022-12414,1.0,False,False,True,False,True,False,False,True,False,False,True,True,True,False,False,False,False,True,False,True,False,True,2093,1,2021,False,False,0.0,0.0,False,83,11,False,False,False,False,True,False,False,False,True,False,False,79,1,5,False,MEDIUM,2
CVE-2026-12415,1.0,False,True,False,False,True,False,False,True,False,True,False,True,False,True,False,False,False,True,True,False,False,True,393,3,2025,False,False,0.0,0.0,False,76,11,False,False,False,True,False,False,False,False,False,False,True,200,1,5,False,HIGH,3
CVE-2026-12416,1.0,False,True,False,False,False,True,False,False,True,False,True,True,False,False,True,True,False,False,False,False,True,True,615,1,2025,False,False,0.0,0.0,False,76,11,False,False,False,True,False,False,False,False,True,False,False,89,1,4,False,HIGH,3
CVE-2025-12417,1.0,True,False,False,False,False,True,False,False,True,True,False,False,False,True,False,False,False,True,True,False,False,True,1167,3,2023,False,False,0.0,0.0,False,95,11,False,False,False,False,False,False,False,False,True,False,False,79,1,4,False,MEDIUM,2
CVE-2024-12418,1.0,False,False,False,True,True,False,False,True,False,False,True,False,False,True,False,True,False,False,False,True,False,True,1194,2,2023,False,False,0.0,0.0,False,79,11,False,False,False,False,False,False,False,True,False,False,False,787,1,5,False,MEDIUM,2
CVE-2021-12419,1.0,False,False,False,True,True,False,False,True,False,True,False,True,False,False,True,False,False,True,False,False,True,True,627,1,2025,False,False,0.0,0.0,False,75,10,False,False,False,False,False,False,False,True,False,False,False,119,1,3,False,HIGH,3
CVE-2024-12420,1.0,False,True,False,False,False,True,True,False,False,True,False,True,False,False,True,False,False,True,False,False,True,True,1476,3,2022,False,False,0.0,0.0,False,79,9,False,False,False,False,False,False,False,False,False,False,False,269,1,3,False,CRITICAL,4
CVE-2021-12421,1.0,False,True,False,False,False,True,False,False,True,True,False,True,False,False,True,True,False,False,False,False,True,True,361,4,2025,False,False,0.0,0.0,False,76,11,False,False,False,True,False,False,False,True,False,False,False,416,1,4,False,HIGH,3
CVE-2022-12422,1.0,False,True,False,False,True,False,False,True,False,True,False,False,False,True,False,True,False,False,True,False,False,True,1354,1,2023,False,False,0.0,0.0,False,79,11,False,False,False,False,False,False,False,False,False,False,False,20,1,1,False,MEDIUM,2
CVE-2026-12423,1.0,True,False,False,False,False,True,False,True,False,True,False,True,True,False,False,False,False,True,False,True,False,True,517,2,2025,False,False,0.0,0.0,False,76,11,False,False,False,False,False,False,True,True,False,False,False,119,1,5,False,HIGH,3
CVE-2023-12424,1.0,True,False,False,False,True,False,True,False,False,True,False,False,True,False,False,False,False,True,False,False,True,True,516,2,2025,False,False,0.0,0.0,False,79,9,False,False,False,False,False,False,False,False,True,False,False,89,1,2,False,CRITICAL,4
CVE-2023-12425,1.0,True,False,False,False,False,True,False,True,False,True,False,False,False,False,True,True,False,False,True,False,False,True,732,3,2024,False,False,0.0,0.0,False,86,10,False,False,False,False,False,False,False,False,False,False,False,20,1,3,False,HIGH,3
CVE-2025-12426,1.0,False,False,False,True,True,False,False,False,True,False,True,True,False,True,False,False,False,True,False,True,False,True,1840,3,2021,False,False,0.0,0.0,False,79,9,False,False,False,False,False,False,False,False,True,False,False,79,1,5,False,MEDIUM,2
CVE-2022-12427,1.0,False,True,False,False,True,False,True,False,False,False,True,False,True,False,False,False,False,True,False,False,True,True,1948,2,2021,False,False,0.0,0.0,False,75,10,False,False,False,False,False,False,False,True,False,False,False,416,1,3,False,HIGH,3
CVE-2024-12428,1.0,False,True,False,False,True,False,True,False,False,True,False,True,False,True,False,True,False,False,False,False,True,True,1308,1,2023,False,False,0.0,0.0,False,76,11,False,False,False,False,False,False,True,True,False,False,False,416,1,5,False,CRITICAL,4
CVE-2024-12429,1.0,False,False,True,False,True,False,False,True,False,False,True,True,False,True,False,True,False,False,True,False,False,True,1058,4,2023,False,False,0.0,0.0,False,92,10,False,False,False,False,False,False,False,False,True,False,False,89,1,2,False,MEDIUM,2
CVE-2026-12430,1.0,False,True,False,False,True,False,False,True,False,True,False,False,False,False,True,False,True,False,False,True,False,True,1957,2,2021,False,False,0.0,0.0,False,79,11,False,False,False,False,False,False,False,False,True,False,False,79,1,2,False,HIGH,3
CVE-2025-12431,1.0,False,False,True,False,False,True,True,False,False,True,False,True,True,False,False,False,False,True,False,True,False,True,1603,2,2022,False,False,0.0,0.0,False,95,11,False,False,False,False,False,False,False,False,False,False,True,200,1,3,False,HIGH,3
CVE-2026-12432,1.0,False,True,False,False,False,True,False,False,True,False,True,False,True,False,False,True,False,False,False,True,False,True,1030,4,2023,False,False,0.0,0.0,False,79,9,False,False,False,False,False,False,False,True,False,False,False,119,1,2,False,MEDIUM,2
CVE-2024-12433,1.0,True,False,False,False,False,True,False,False,True,False,True,True,True,False,False,False,True,False,False,True,False,True,1568,2,2022,False,False,0.0,0.0,False,69,10,False,False,False,True,False,False,False,False,False,False,False,269,1,5,False,MEDIUM,2
CVE-2026-12434,1.0,False,True,False,False,False,True,False,False,True,False,True,False,True,False,False,False,True,False,False,False,True,True,1300,1,2023,False,False,0.0,0.0,False,69,10,False,False,False,True,False,False,False,False,True,False,False,79,1,2,False,MEDIUM,2
CVE-2026-12435,1.0,False,False,False,True,True,False,False,True,False,True,False,False,False,True,False,True,False,False,False,False,True,True,601,1,2025,False,False,0.0,0.0,False,69,10,False,False,False,True,False,False,False,True,False,False,False,416,1,4,False,MEDIUM,2
CVE-2022-12436,1.0,False,False,True,False,False,True,True,False,False,True,False,False,False,False,True,False,True,False,False,True,False,True,1797,4,2021,False,False,0.0,0.0,False,69,10,False,False,False,True,False,False,False,True,False,False,False,787,1,4,False,MEDIUM,2
CVE-2026-12437,1.0,False,True,False,False,False,True,False,True,False,False,True,True,True,False,False,False,False,True,False,False,True,True,1163,3,2023,False,False,0.0,0.0,False,92,10,False,False,False,False,False,False,False,False,True,False,False,89,1,3,False,HIGH,3
CVE-2023-12438,1.0,True,False,False,False,True,False,False,True,False,True,False,True,False,True,False,True,False,False,True,False,False,True,698,4,2024,False,False,0.0,0.0,False,76,11,False,False,False,True,False,False,False,True,False,False,False,416,1,2,False,HIGH,3
CVE-2024-12439,1.0,False,False,False,True,True,False,True,False,False,True,False,True,False,False,True,False,True,False,False,False,True,True,758,3,2024,False,False,0.0,0.0,False,83,11,False,False,False,False,True,False,False,False,True,False,False,89,1,2,False,CRITICAL,4
CVE-2021-12440,1.0,True,False,False,False,False,True,False,True,False,True,False,False,False,False,True,False,False,True,False,False,True,True,464,2,2025,False,False,0.0,0.0,False,92,10,False,False,False,False,False,False,False,False,True,False,False,89,1,3,False,CRITICAL,4
CVE-2022-12441,1.0,False,True,False,False,True,False,True,False,False,True,False,True,False,False,True,False,False,True,False,False,True,True,1048,4,2023,False,False,0.0,0.0,False,86,10,False,False,False,False,False,False,False,True,False,False,False,119,1,1,False,CRITICAL,4
CVE-2026-12442,1.0,False,False,False,True,False,True,False,True,False,False,True,False,True,False,False,True,False,False,False,True,False,True,1192,2,2023,False,False,0.0,0.0,False,75,10,False,False,False,False,False,False,False,False,True,False,False,89,1,1,False,LOW,1
CVE-2025-12443,1.0,False,False,True,False,True,False,False,False,True,False,True,True,False,False,True,True,False,False,False,True,False,True,1176,3,2023,False,False,0.0,0.0,False,76,11,False,False,False,False,False,False,True,False,True,False,False,89,1,4,False,MEDIUM,2
CVE-2026-12444,1.0,False,False,False,True,False,True,True,False,False,True,False,True,False,True,False,False,True,False,True,False,False,True,1215,2,2023,False,False,0.0,0.0,False,79,11,False,False,False,False,False,False,False,False,False,False,False,20,1,1,False,MEDIUM,2
CVE-2021-12445,1.0,True,False,False,False,False,True,False,False,True,False,True,False,True,False,False,False,True,False,True,False,False,True,2029,1,2021,False,False,0.0,0.0,False,83,11,False,False,False,False,True,False,False,True,False,False,False,119,1,1,False,MEDIUM,2
CVE-2022-12446,1.0,False,False,False,True,True,False,True,False,False,True,False,True,True,False,False,True,False,False,False,False,True,True,1239,2,2023,False,False,0.0,0.0,False,69,10,False,False,False,True,False,False,False,True,False,False,False,119,1,1,False,HIGH,3
CVE-2026-12447,1.0,False,True,False,False,False,True,True,False,False,False,True,True,True,False,False,False,False,True,True,False,False,True,1539,3,2022,False,False,0.0,0.0,False,92,10,False,False,False,False,False,False,False,True,False,False,False,416,1,5,False,MEDIUM,2
CVE-2025-12448,1.0,True,False,False,False,False,True,False,False,True,False,True,False,True,False,False,False,True,False,False,True,False,True,2034,1,2021,False,False,0.0,0.0,False,75,10,False,False,False,False,False,False,False,True,False,False,False,416,1,5,False,MEDIUM,2
CVE-2026-12449,1.0,True,False,False,False,True,False,True,False,False,True,False,True,False,True,False,False,True,False,False,True,False,True,711,4,2024,False,False,0.0,0.0,False,76,11,False,False,False,True,False,False,False,False,False,False,False,20,1,4,False,CRITICAL,4
CVE-2024-12450,1.0,False,False,False,True,True,False,True,False,False,False,True,True,False,False,True,False,True,False,False,False,True,True,1295,1,2023,False,False,0.0,0.0,False,76,11,False,False,False,False,False,False,True,False,False,False,False,20,1,1,False,HIGH,3
CVE-2026-12451,1.0,False,False,False,True,False,True,False,True,False,True,False,True,False,False,True,True,False,False,False,False,True,True,752,3,2024,False,False,0.0,0.0,False,83,11,False,False,False,False,True,False,False,False,False,False,False,20,1,5,False,MEDIUM,2
CVE-2023-12452,1.0,False,False,True,False,True,False,False,True,False,True,False,True,False,False,True,False,False,True,False,False,True,True,1899,3,2021,False,False,0.0,0.0,False,75,10,False,False,False,False,False,False,False,True,False,False,False,416,1,1,False,CRITICAL,4
CVE-2021-12453,1.0,False,False,True,False,False,True,True,False,False,True,False,False,True,False,False,False,False,True,False,False,True,True,1420,4,2022,False,False,0.0,0.0,False,92,10,False,False,False,False,False,False,False,False,False,False,False,20,1,3,False,HIGH,3
CVE-2025-12454,1.0,False,False,False,True,False,True,True,False,False,False,True,True,False,False,True,True,False,False,False,False,True,True,1700,1,2022,False,False,0.0,0.0,False,86,10,False,False,False,False,False,False,False,False,False,False,True,200,1,4,False,MEDIUM,2
CVE-2022-12455,1.0,False,True,False,False,False,True,True,False,False,True,False,False,True,False,False,False,True,False,True,False,False,True,1399,4,2022,False,False,0.0,0.0,False,95,11,False,False,False,False,False,False,False,False,False,False,False,269,1,3,False,MEDIUM,2
CVE-2026-12456,1.0,False,False,False,True,False,True,False,False,True,True,False,True,True,False,False,True,False,False,True,False,False,True,1204,2,2023,False,False,0.0,0.0,False,86,10,False,False,False,False,False,False,False,True,False,False,False,787,1,3,False,MEDIUM,2
CVE-2025-12457,1.0,True,False,False,False,False,True,False,True,False,True,False,True,True,False,False,False,False,True,False,True,False,True,2057,1,2021,False,False,0.0,0.0,False,86,10,False,False,False,False,False,False,False,False,True,False,False,79,1,3,False,HIGH,3
CVE-2022-12458,1.0,False,False,True,False,False,True,False,False,True,False,True,True,False,False,True,True,False,False,True,False,False,True,848,2,2024,False,False,0.0,0.0,False,75,10,False,False,False,False,False,False,False,False,False,False,False,269,1,3,False,MEDIUM,2
CVE-2024-12459,1.0,False,False,False,True,False,True,False,False,True,True,False,False,False,False,True,True,False,False,False,True,False,True,1188,2,2023,False,False,0.0,0.0,False,79,11,False,False,False,False,False,False,False,True,False,False,False,119,1,1,False,MEDIUM,2
CVE-2023-12460,1.0,False,True,False,False,False,True,False,True,False,False,True,False,True,False,False,False,True,False,True,False,False,True,1138,3,2023,False,False,0.0,0.0,False,79,9,False,False,False,False,False,False,False,False,False,False,False,269,1,5,False,LOW,1
CVE-2024-12461,1.0,False,False,True,False,True,False,True,False,False,True,False,False,True,False,False,False,True,False,False,False,True,True,2016,1,2021,False,False,0.0,0.0,False,79,11,False,False,False,False,False,False,False,True,False,False,False,416,1,1,False,HIGH,3
CVE-2025-12462,1.0,False,False,False,True,False,True,False,False,True,True,False,False,False,False,True,False,False,True,False,False,True,True,1695,1,2022,False,False,0.0,0.0,False,69,10,False,False,False,True,False,False,False,True,False,False,False,119,1,1,False,MEDIUM,2
CVE-2023-12463,1.0,True,False,False,False,True,False,False,False,True,False,True,False,False,True,False,True,False,False,False,False,True,True,1296,1,2023,False,False,0.0,0.0,False,76,11,False,False,False,True,False,False,False,False,False,False,False,269,1,4,False,HIGH,3
CVE-2022-12464,1.0,False,False,False,True,False,True,True,False,False,False,True,True,False,False,True,False,False,True,True,False,False,True,1663,1,2022,False,False,0.0,0.0,False,69,10,False,False,False,True,False,False,False,False,False,False,True,200,1,2,False,MEDIUM,2
CVE-2024-12465,1.0,False,True,False,False,True,False,False,False,True,True,False,False,False,True,False,True,False,False,False,True,False,True,1285,1,2023,False,False,0.0,0.0,False,79,11,False,False,False,False,False,False,False,False,False,False,True,200,1,5,False,MEDIUM,2
CVE-2025-12466,1.0,False,False,True,False,False,True,False,True,False,False,True,True,False,True,False,False,True,False,True,False,False,True,355,4,2025,False,False,0.0,0.0,False,79,11,False,False,False,False,False,False,False,False,False,False,False,20,1,4,False,MEDIUM,2
CVE-2025-12467,1.0,False,False,False,True,True,False,False,True,False,False,True,True,False,False,True,True,False,False,False,True,False,True,399,3,2025,False,False,0.0,0.0,False,95,11,False,False,False,False,False,False,False,True,False,False,False,787,1,3,False,MEDIUM,2
CVE-2021-12468,1.0,True,False,False,False,False,True,True,False,False,False,True,False,False,False,True,False,False,True,False,True,False,True,684,4,2024,False,False,0.0,0.0,False,79,11,False,False,False,False,False,False,False,False,False,False,False,20,1,4,False,CRITICAL,4
CVE-2026-12469,1.0,False,False,False,True,False,True,False,False,True,False,True,True,False,False,True,True,False,False,False,False,True,True,492,2,2025,False,False,0.0,0.0,False,79,11,False,False,False,False,False,False,False,True,False,False,False,787,1,3,False,MEDIUM,2
CVE-2026-12470,1.0,True,False,False,False,False,True,False,True,False,False,True,False,False,True,False,False,False,True,True,False,False,True,462,2,2025,False,False,0.0,0.0,False,95,11,False,False,False,False,False,False,False,True,False,False,False,787,1,2,False,MEDIUM,2
CVE-2024-12471,1.0,True,False,False,False,False,True,False,True,False,False,True,False,False,False,True,False,False,True,True,False,False,True,760,3,2024,False,False,0.0,0.0,False,69,10,False,False,False,True,False,False,False,False,False,False,False,269,1,1,False,HIGH,3
CVE-2024-12472,1.0,False,True,False,False,False,True,False,False,True,True,False,False,True,False,False,True,False,False,False,False,True,True,1055,4,2023,False,False,0.0,0.0,False,69,10,False,False,False,True,False,False,False,False,False,False,False,269,1,3,False,MEDIUM,2
CVE-2022-12473,1.0,False,False,True,False,True,False,False,False,True,False,True,False,False,False,True,True,False,False,True,False,False,True,1708,1,2022,False,False,0.0,0.0,False,69,10,False,False,False,True,False,False,False,False,True,False,False,79,1,2,False,MEDIUM,2
CVE-2023-12474,1.0,False,False,False,True,True,False,False,True,False,False,True,False,False,True,False,False,False,True,False,True,False,True,1695,1,2022,False,False,0.0,0.0,False,95,11,False,False,False,False,False,False,False,False,True,False,False,89,1,3,False,MEDIUM,2
CVE-2026-12475,1.0,False,True,False,False,True,False,True,False,False,False,True,True,False,True,False,True,False,False,False,True,False,True,1986,2,2021,False,False,0.0,0.0,False,79,11,False,False,False,False,False,False,False,True,False,False,False,416,1,5,False,HIGH,3
CVE-2021-12476,1.0,False,False,True,False,False,True,False,True,False,False,True,True,True,False,False,True,False,False,True,False,False,True,897,2,2024,False,False,0.0,0.0,False,83,11,False,False,False,False,True,False,False,False,False,False,False,20,1,4,False,MEDIUM,2
CVE-2024-12477,1.0,False,True,False,False,False,True,False,True,False,False,True,True,False,False,True,False,True,False,False,True,False,True,1580,2,2022,False,False,0.0,0.0,False,76,11,False,False,False,False,False,False,True,True,False,False,False,416,1,1,False,MEDIUM,2
CVE-2021-12478,1.0,False,True,False,False,True,False,False,False,True,True,False,True,False,False,True,False,False,True,True,False,False,True,967,1,2024,False,False,0.0,0.0,False,75,10,False,False,False,False,False,False,False,True,False,False,False,416,1,3,False,HIGH,3
CVE-2024-12479,1.0,True,False,False,False,True,False,True,False,False,True,False,False,False,False,True,False,False,True,False,False,True,True,590,1,2025,False,False,0.0,0.0,False,69,10,False,False,False,True,False,False,False,True,False,False,False,416,1,3,False,CRITICAL,4
CVE-2024-12480,1.0,False,False,True,False,True,False,False,False,True,True,False,True,False,True,False,False,True,False,False,True,False,True,954,1,2024,False,False,0.0,0.0,False,79,9,False,False,False,False,False,False,False,False,False,False,False,269,1,5,False,MEDIUM,2
CVE-2021-12481,1.0,False,True,False,False,False,True,False,True,False,True,False,True,False,True,False,False,True,False,False,False,True,True,1837,3,2021,False,False,0.0,0.0,False,83,11,False,False,False,False,True,False,False,False,False,False,True,200,1,2,False,HIGH,3
CVE-2026-12482,1.0,False,False,False,True,True,False,False,False,True,True,False,True,False,False,True,False,True,False,True,False,False,True,1815,4,2021,False,False,0.0,0.0,False,92,10,False,False,False,False,False,False,False,False,False,False,False,20,1,5,False,MEDIUM,2
CVE-2026-12483,1.0,False,False,False,True,False,True,False,False,True,True,False,True,False,False,True,True,False,False,True,False,False,True,576,1,2025,False,False,0.0,0.0,False,75,10,False,False,False,False,False,False,False,False,True,False,False,89,1,2,False,MEDIUM,2
CVE-2025-12484,1.0,False,False,True,False,True,False,False,True,False,True,False,True,False,False,True,True,False,False,False,True,False,True,1186,2,2023,False,False,0.0,0.0,False,69,10,False,False,False,True,False,False,False,True,False,False,False,787,1,1,False,MEDIUM,2
CVE-2023-12485,1.0,False,True,False,False,True,False,True,False,False,True,False,False,False,True,False,False,True,False,False,False,True,True,707,4,2024,False,False,0.0,0.0,False,76,11,False,False,False,False,False,False,True,False,False,False,False,20,1,4,False,HIGH,3
CVE-2025-12486,1.0,True,False,False,False,False,True,True,False,False,True,False,False,False,False,True,True,False,False,False,False,True,True,1121,3,2023,False,False,0.0,0.0,False,95,11,False,False,False,False,False,False,False,False,True,False,False,79,1,5,False,CRITICAL,4
CVE-2025-12487,1.0,False,True,False,False,True,False,True,False,False,False,True,False,True,False,False,False,True,False,True,False,False,True,1322,1,2023,False,False,0.0,0.0,False,75,10,False,False,False,False,False,False,False,False,True,False,False,89,1,2,False,MEDIUM,2
CVE-2021-12488,1.0,False,True,False,False,True,False,False,False,True,True,False,True,False,True,False,False,False,True,False,True,False,True,322,4,2025,False,False,0.0,0.0,False,95,11,False,False,False,False,False,False,False,False,True,False,False,89,1,4,False,HIGH,3
CVE-2023-12489,1.0,False,False,True,False,False,True,False,False,True,False,True,False,False,False,True,True,False,False,True,False,False,True,1510,3,2022,False,False,0.0,0.0,False,69,10,False,False,False,True,False,False,False,True,False,False,False,416,1,2,False,MEDIUM,2
CVE-2022-12490,1.0,True,False,False,False,True,False,True,False,False,False,True,False,False,True,False,False,True,False,False,True,False,True,676,4,2024,False,False,0.0,0.0,False,75,10,False,False,False,False,False,False,False,True,False,False,False,416,1,3,False,HIGH,3
CVE-2025-12491,1.0,False,False,True,False,False,True,False,True,False,True,False,True,False,False,True,True,False,False,False,False,True,True,1432,4,2022,False,False,0.0,0.0,False,86,10,False,False,False,False,False,False,False,True,False,False,False,416,1,3,False,HIGH,3
CVE-2022-12492,1.0,False,False,True,False,False,True,True,False,False,False,True,True,True,False,False,False,True,False,False,False,True,True,673,4,2024,False,False,0.0,0.0,False,76,11,False,False,False,True,False,False,False,True,False,False,False,787,1,3,False,MEDIUM,2
CVE-2024-12493,1.0,False,False,True,False,True,False,False,True,False,True,False,True,False,True,False,False,True,False,False,True,False,True,974,1,2024,False,False,0.0,0.0,False,76,11,False,False,False,True,False,False,False,True,False,False,False,787,1,4,False,MEDIUM,2
CVE-2024-12494,1.0,False,False,False,True,True,False,False,False,True,False,True,False,False,True,False,False,False,True,True,False,False,True,1919,2,2021,False,False,0.0,0.0,False,69,10,False,False,False,True,False,False,False,False,True,False,False,89,1,5,False,MEDIUM,2
CVE-2024-12495,1.0,False,False,False,True,False,True,True,False,False,False,True,False,True,False,False,False,True,False,True,False,False,True,688,4,2024,False,False,0.0,0.0,False,75,10,False,False,False,False,False,False,False,True,False,False,False,787,1,1,False,LOW,1
CVE-2024-12496,1.0,False,False,False,True,False,True,False,False,True,True,False,False,True,False,False,False,False,True,False,False,True,True,2027,1,2021,False,False,0.0,0.0,False,86,10,False,False,False,False,False,False,False,True,False,False,False,416,1,4,False,MEDIUM,2
CVE-2024-12497,1.0,False,False,True,False,True,False,True,False,False,False,True,False,True,False,False,True,False,False,False,True,False,True,314,4,2025,False,False,0.0,0.0,False,79,9,False,False,False,False,False,False,False,False,True,False,False,89,1,5,False,MEDIUM,2
CVE-2022-12498,1.0,False,False,True,False,True,False,False,True,False,True,False,False,False,False,True,False,False,True,True,False,False,True,1331,1,2023,False,False,0.0,0.0,False,83,11,False,False,False,False,True,False,False,False,False,False,True,200,1,5,False,HIGH,3
CVE-2025-12499,1.0,True,False,False,False,False,True,True,False,False,False,True,True,True,False,False,False,True,False,True,False,False,True,1194,2,2023,False,False,0.0,0.0,False,69,10,False,False,False,True,False,False,False,False,False,False,False,20,1,4,False,HIGH,3
