cve_id,description,published_date,last_modified_date,cvss_version,cvss_vector_string,attack_vector,attack_complexity,privileges_required,user_interaction,scope,confidentiality_impact,integrity_impact,availability_impact,base_score,base_severity,in_cisa_kev,epss_score,epss_percentile,vendor,product,cwe_ids,cpe_list,vendor_count,reference_count
CVE-2021-10000,Denial of service via HTTP/2 frame flooding in apache http_server component.,2025-02-27T00:00:00+00:00,2025-04-04T00:00:00+00:00,3.1,CVSS:3.1/AV:A/AC:L/PR:N/UI:N/S:U/C:H/I:L/A:N,ADJACENT_NETWORK,LOW,NONE,NONE,UNCHANGED,HIGH,LOW,NONE,8.6,HIGH,0,0.130930907724957,0.1244,apache,http_server,['CWE-20'],['cpe:2.3:a:apache:http_server:*:*:*:*:*:*:*:*'],1,1
CVE-2022-10001,Privilege escalation via authenticated extension loading in postgresql postgresql component.,2023-11-01T00:00:00+00:00,2024-01-18T00:00:00+00:00,3.1,CVSS:3.1/AV:N/AC:L/PR:H/UI:R/S:U/C:L/I:H/A:L,NETWORK,LOW,HIGH,REQUIRED,UNCHANGED,LOW,HIGH,LOW,7.6,HIGH,0,0.33493002201614436,0.3182,postgresql,postgresql,['CWE-20'],['cpe:2.3:a:postgresql:postgresql:*:*:*:*:*:*:*:*'],1,2
CVE-2023-10002,Remote code execution in Kerberos authentication service in microsoft windows_server component.,2022-07-24T00:00:00+00:00,2022-08-13T00:00:00+00:00,3.1,CVSS:3.1/AV:A/AC:H/PR:N/UI:N/S:C/C:N/I:L/A:L,ADJACENT_NETWORK,HIGH,NONE,NONE,CHANGED,NONE,LOW,LOW,6.9,MEDIUM,0,0.024207742172833044,0.023,microsoft,windows_server,['CWE-200'],['cpe:2.3:a:microsoft:windows_server:*:*:*:*:*:*:*:*'],1,1
CVE-2025-10003,Integer overflow in HTTP request header processing in nginx nginx component.,2021-09-13T00:00:00+00:00,2021-11-01T00:00:00+00:00,3.1,CVSS:3.1/AV:N/AC:H/PR:H/UI:R/S:U/C:H/I:N/A:N,NETWORK,HIGH,HIGH,REQUIRED,UNCHANGED,HIGH,NONE,NONE,6.7,MEDIUM,0,0.009232680797890646,0.0088,nginx,nginx,['CWE-119'],['cpe:2.3:a:nginx:nginx:*:*:*:*:*:*:*:*'],1,3
CVE-2022-10004,Denial of service via HTTP/2 frame flooding in apache http_server component.,2025-11-10T00:00:00+00:00,2025-11-23T00:00:00+00:00,3.1,CVSS:3.1/AV:P/AC:H/PR:L/UI:R/S:U/C:L/I:L/A:N,PHYSICAL,HIGH,LOW,REQUIRED,UNCHANGED,LOW,LOW,NONE,3.4,LOW,0,0.009412984592545802,0.0089,apache,http_server,['CWE-200'],['cpe:2.3:a:apache:http_server:*:*:*:*:*:*:*:*'],1,1
CVE-2026-10005,Out-of-bounds memory access in V8 JavaScript engine in google chrome component.,2021-12-17T00:00:00+00:00,2022-02-24T00:00:00+00:00,3.1,CVSS:3.1/AV:A/AC:L/PR:L/UI:R/S:C/C:H/I:H/A:H,ADJACENT_NETWORK,LOW,LOW,REQUIRED,CHANGED,HIGH,HIGH,HIGH,9.0,CRITICAL,0,0.007926558371723664,0.0075,google,chrome,['CWE-119'],['cpe:2.3:a:google:chrome:*:*:*:*:*:*:*:*'],1,3
CVE-2022-10006,Buffer overflow in TLS handshake parser in openssl openssl component.,2025-08-11T00:00:00+00:00,2025-08-16T00:00:00+00:00,3.1,CVSS:3.1/AV:L/AC:H/PR:L/UI:N/S:U/C:H/I:H/A:L,LOCAL,HIGH,LOW,NONE,UNCHANGED,HIGH,HIGH,LOW,6.4,MEDIUM,0,0.11585839332268297,0.1101,openssl,openssl,['CWE-119'],['cpe:2.3:a:openssl:openssl:*:*:*:*:*:*:*:*'],1,4
CVE-2026-10007,Remote code execution in Kerberos authentication service in microsoft windows_server component.,2023-07-29T00:00:00+00:00,2023-08-17T00:00:00+00:00,3.1,CVSS:3.1/AV:L/AC:L/PR:N/UI:R/S:C/C:H/I:L/A:L,LOCAL,LOW,NONE,REQUIRED,CHANGED,HIGH,LOW,LOW,7.3,HIGH,0,0.28245960489102295,0.2683,microsoft,windows_server,['CWE-119'],['cpe:2.3:a:microsoft:windows_server:*:*:*:*:*:*:*:*'],1,2
CVE-2024-10008,Remote code execution via unsafe deserialization in spring spring_framework component.,2021-07-06T00:00:00+00:00,2021-07-13T00:00:00+00:00,3.1,CVSS:3.1/AV:N/AC:L/PR:H/UI:N/S:C/C:H/I:N/A:L,NETWORK,LOW,HIGH,NONE,CHANGED,HIGH,NONE,LOW,8.9,HIGH,0,0.17520068397087318,0.1664,spring,spring_framework,['CWE-787'],['cpe:2.3:a:spring:spring_framework:*:*:*:*:*:*:*:*'],1,5
CVE-2025-10009,Use-after-free vulnerability in eBPF subsystem in linux linux_kernel component.,2025-10-29T00:00:00+00:00,2025-10-31T00:00:00+00:00,3.1,CVSS:3.1/AV:N/AC:H/PR:H/UI:R/S:U/C:L/I:L/A:N,NETWORK,HIGH,HIGH,REQUIRED,UNCHANGED,LOW,LOW,NONE,5.8,MEDIUM,0,0.0017680617298244266,0.0017,linux,linux_kernel,['CWE-787'],['cpe:2.3:a:linux:linux_kernel:*:*:*:*:*:*:*:*'],1,1
CVE-2025-10010,Use-after-free vulnerability in eBPF subsystem in linux linux_kernel component.,2025-04-10T00:00:00+00:00,2025-05-03T00:00:00+00:00,3.1,CVSS:3.1/AV:N/AC:H/PR:H/UI:N/S:U/C:L/I:N/A:H,NETWORK,HIGH,HIGH,NONE,UNCHANGED,LOW,NONE,HIGH,7.2,HIGH,0,0.030758985760708426,0.0292,linux,linux_kernel,['CWE-20'],['cpe:2.3:a:linux:linux_kernel:*:*:*:*:*:*:*:*'],1,5
CVE-2024-10011,Unauthenticated remote code execution in query optimizer in oracle mysql component.,2021-02-09T00:00:00+00:00,2021-02-24T00:00:00+00:00,3.1,CVSS:3.1/AV:L/AC:H/PR:N/UI:N/S:U/C:H/I:N/A:N,LOCAL,HIGH,NONE,NONE,UNCHANGED,HIGH,NONE,NONE,6.5,MEDIUM,0,0.005890217076453966,0.0056,oracle,mysql,['CWE-787'],['cpe:2.3:a:oracle:mysql:*:*:*:*:*:*:*:*'],1,1
CVE-2022-10012,Remote code execution via unsafe deserialization in spring spring_framework component.,2021-09-20T00:00:00+00:00,2021-12-14T00:00:00+00:00,3.1,CVSS:3.1/AV:P/AC:L/PR:L/UI:R/S:U/C:H/I:H/A:H,PHYSICAL,LOW,LOW,REQUIRED,UNCHANGED,HIGH,HIGH,HIGH,7.2,HIGH,0,0.12658342142617013,0.1203,spring,spring_framework,['CWE-119'],['cpe:2.3:a:spring:spring_framework:*:*:*:*:*:*:*:*'],1,3
CVE-2026-10013,Remote code execution in Kerberos authentication service in microsoft windows_server component.,2024-08-23T00:00:00+00:00,2024-10-10T00:00:00+00:00,3.1,CVSS:3.1/AV:P/AC:H/PR:N/UI:N/S:U/C:N/I:L/A:N,PHYSICAL,HIGH,NONE,NONE,UNCHANGED,NONE,LOW,NONE,5.2,MEDIUM,0,0.26221307773021546,0.2491,microsoft,windows_server,['CWE-119'],['cpe:2.3:a:microsoft:windows_server:*:*:*:*:*:*:*:*'],1,5
CVE-2021-10014,Privilege escalation via authenticated extension loading in postgresql postgresql component.,2021-05-26T00:00:00+00:00,2021-08-15T00:00:00+00:00,3.1,CVSS:3.1/AV:N/AC:L/PR:N/UI:N/S:C/C:N/I:H/A:N,NETWORK,LOW,NONE,NONE,CHANGED,NONE,HIGH,NONE,9.9,CRITICAL,1,0.043581849497330086,0.0414,postgresql,postgresql,['CWE-787'],['cpe:2.3:a:postgresql:postgresql:*:*:*:*:*:*:*:*'],1,2
CVE-2022-10015,Remote code execution via unsafe deserialization in spring spring_framework component.,2025-01-21T00:00:00+00:00,2025-04-05T00:00:00+00:00,3.1,CVSS:3.1/AV:P/AC:L/PR:L/UI:R/S:U/C:N/I:N/A:H,PHYSICAL,LOW,LOW,REQUIRED,UNCHANGED,NONE,NONE,HIGH,5.1,MEDIUM,0,0.002597663790180955,0.0025,spring,spring_framework,['CWE-416'],['cpe:2.3:a:spring:spring_framework:*:*:*:*:*:*:*:*'],1,3
CVE-2024-10016,Remote code execution in Kerberos authentication service in microsoft windows_server component.,2023-08-15T00:00:00+00:00,2023-08-22T00:00:00+00:00,3.1,CVSS:3.1/AV:N/AC:L/PR:L/UI:R/S:U/C:N/I:N/A:N,NETWORK,LOW,LOW,REQUIRED,UNCHANGED,NONE,NONE,NONE,7.0,HIGH,0,0.0594539199287434,0.0565,microsoft,windows_server,['CWE-787'],['cpe:2.3:a:microsoft:windows_server:*:*:*:*:*:*:*:*'],1,2
CVE-2022-10017,Remote code execution in Kerberos authentication service in microsoft windows_server component.,2022-07-25T00:00:00+00:00,2022-09-23T00:00:00+00:00,3.1,CVSS:3.1/AV:A/AC:L/PR:L/UI:N/S:U/C:H/I:H/A:N,ADJACENT_NETWORK,LOW,LOW,NONE,UNCHANGED,HIGH,HIGH,NONE,8.3,HIGH,0,0.00020288652987564108,0.0002,microsoft,windows_server,['CWE-79'],['cpe:2.3:a:microsoft:windows_server:*:*:*:*:*:*:*:*'],1,2
CVE-2024-10018,Command injection in management web interface in paloalto pan-os component.,2023-09-22T00:00:00+00:00,2023-11-23T00:00:00+00:00,3.1,CVSS:3.1/AV:A/AC:H/PR:N/UI:N/S:C/C:N/I:L/A:L,ADJACENT_NETWORK,HIGH,NONE,NONE,CHANGED,NONE,LOW,LOW,6.4,MEDIUM,0,0.019282022637107935,0.0183,paloalto,pan-os,['CWE-787'],['cpe:2.3:a:paloalto:pan-os:*:*:*:*:*:*:*:*'],1,3
CVE-2026-10019,Remote code execution in Kerberos authentication service in microsoft windows_server component.,2025-02-05T00:00:00+00:00,2025-04-18T00:00:00+00:00,3.1,CVSS:3.1/AV:P/AC:L/PR:N/UI:R/S:U/C:N/I:H/A:H,PHYSICAL,LOW,NONE,REQUIRED,UNCHANGED,NONE,HIGH,HIGH,7.4,HIGH,0,0.011958527532903683,0.0114,microsoft,windows_server,['CWE-20'],['cpe:2.3:a:microsoft:windows_server:*:*:*:*:*:*:*:*'],1,3
CVE-2021-10020,Buffer overflow in TLS handshake parser in openssl openssl component.,2024-04-11T00:00:00+00:00,2024-06-12T00:00:00+00:00,3.1,CVSS:3.1/AV:A/AC:L/PR:H/UI:N/S:U/C:N/I:H/A:N,ADJACENT_NETWORK,LOW,HIGH,NONE,UNCHANGED,NONE,HIGH,NONE,7.4,HIGH,0,0.004175351350131835,0.004,openssl,openssl,['CWE-119'],['cpe:2.3:a:openssl:openssl:*:*:*:*:*:*:*:*'],1,4
CVE-2025-10021,Denial of service via HTTP/2 frame flooding in apache http_server component.,2022-05-20T00:00:00+00:00,2022-08-03T00:00:00+00:00,3.1,CVSS:3.1/AV:N/AC:L/PR:L/UI:R/S:C/C:N/I:H/A:H,NETWORK,LOW,LOW,REQUIRED,CHANGED,NONE,HIGH,HIGH,9.1,CRITICAL,1,0.1131861899549655,0.1075,apache,http_server,['CWE-200'],['cpe:2.3:a:apache:http_server:*:*:*:*:*:*:*:*'],1,4
CVE-2026-10022,Command injection in management web interface in paloalto pan-os component.,2024-08-14T00:00:00+00:00,2024-09-22T00:00:00+00:00,3.1,CVSS:3.1/AV:P/AC:H/PR:N/UI:N/S:C/C:H/I:H/A:N,PHYSICAL,HIGH,NONE,NONE,CHANGED,HIGH,HIGH,NONE,7.1,HIGH,0,0.06327892818554051,0.0601,paloalto,pan-os,['CWE-79'],['cpe:2.3:a:paloalto:pan-os:*:*:*:*:*:*:*:*'],1,5
CVE-2025-10023,Privilege escalation via authenticated extension loading in postgresql postgresql component.,2022-06-28T00:00:00+00:00,2022-07-15T00:00:00+00:00,3.1,CVSS:3.1/AV:L/AC:L/PR:N/UI:R/S:C/C:N/I:L/A:H,LOCAL,LOW,NONE,REQUIRED,CHANGED,NONE,LOW,HIGH,7.4,HIGH,0,0.200103419707856,0.1901,postgresql,postgresql,['CWE-200'],['cpe:2.3:a:postgresql:postgresql:*:*:*:*:*:*:*:*'],1,5
CVE-2021-10024,Remote code execution via unsafe deserialization in spring spring_framework component.,2024-09-29T00:00:00+00:00,2024-12-09T00:00:00+00:00,3.1,CVSS:3.1/AV:L/AC:L/PR:N/UI:R/S:U/C:N/I:H/A:H,LOCAL,LOW,NONE,REQUIRED,UNCHANGED,NONE,HIGH,HIGH,8.1,HIGH,0,0.44788284547619206,0.4255,spring,spring_framework,['CWE-89'],['cpe:2.3:a:spring:spring_framework:*:*:*:*:*:*:*:*'],1,3
CVE-2025-10025,Use-after-free vulnerability in eBPF subsystem in linux linux_kernel component.,2022-03-08T00:00:00+00:00,2022-04-21T00:00:00+00:00,3.1,CVSS:3.1/AV:A/AC:H/PR:H/UI:R/S:C/C:N/I:N/A:H,ADJACENT_NETWORK,HIGH,HIGH,REQUIRED,CHANGED,NONE,NONE,HIGH,5.5,MEDIUM,0,0.08360754913795182,0.0794,linux,linux_kernel,['CWE-416'],['cpe:2.3:a:linux:linux_kernel:*:*:*:*:*:*:*:*'],1,3
CVE-2021-10026,Buffer overflow in TLS handshake parser in openssl openssl component.,2022-11-15T00:00:00+00:00,2022-12-02T00:00:00+00:00,3.1,CVSS:3.1/AV:L/AC:L/PR:H/UI:R/S:C/C:H/I:N/A:N,LOCAL,LOW,HIGH,REQUIRED,CHANGED,HIGH,NONE,NONE,6.4,MEDIUM,0,0.03539775236748182,0.0336,openssl,openssl,['CWE-79'],['cpe:2.3:a:openssl:openssl:*:*:*:*:*:*:*:*'],1,2
CVE-2021-10027,Remote code execution via unsafe deserialization in spring spring_framework component.,2025-09-06T00:00:00+00:00,2025-10-24T00:00:00+00:00,3.1,CVSS:3.1/AV:A/AC:H/PR:N/UI:N/S:C/C:L/I:N/A:L,ADJACENT_NETWORK,HIGH,NONE,NONE,CHANGED,LOW,NONE,LOW,6.7,MEDIUM,0,0.006677662498711741,0.0063,spring,spring_framework,['CWE-119'],['cpe:2.3:a:spring:spring_framework:*:*:*:*:*:*:*:*'],1,2
CVE-2023-10028,Denial of service via HTTP/2 frame flooding in apache http_server component.,2025-05-17T00:00:00+00:00,2025-07-28T00:00:00+00:00,3.1,CVSS:3.1/AV:P/AC:L/PR:N/UI:N/S:U/C:L/I:N/A:N,PHYSICAL,LOW,NONE,NONE,UNCHANGED,LOW,NONE,NONE,5.6,MEDIUM,0,0.10582102653972106,0.1005,apache,http_server,['CWE-269'],['cpe:2.3:a:apache:http_server:*:*:*:*:*:*:*:*'],1,4
CVE-2023-10029,Privilege escalation via authenticated extension loading in postgresql postgresql component.,2021-11-23T00:00:00+00:00,2022-02-21T00:00:00+00:00,3.1,CVSS:3.1/AV:N/AC:H/PR:N/UI:R/S:U/C:N/I:L/A:L,NETWORK,HIGH,NONE,REQUIRED,UNCHANGED,NONE,LOW,LOW,7.0,HIGH,0,0.08776137041770465,0.0834,postgresql,postgresql,['CWE-200'],['cpe:2.3:a:postgresql:postgresql:*:*:*:*:*:*:*:*'],1,2
CVE-2021-10030,Privilege escalation via authenticated extension loading in postgresql postgresql component.,2024-09-13T00:00:00+00:00,2024-10-08T00:00:00+00:00,3.1,CVSS:3.1/AV:P/AC:H/PR:L/UI:N/S:C/C:L/I:H/A:H,PHYSICAL,HIGH,LOW,NONE,CHANGED,LOW,HIGH,HIGH,6.4,MEDIUM,0,0.037142848239479324,0.0353,postgresql,postgresql,['CWE-416'],['cpe:2.3:a:postgresql:postgresql:*:*:*:*:*:*:*:*'],1,5
CVE-2021-10031,Unauthenticated remote code execution in query optimizer in oracle mysql component.,2021-08-25T00:00:00+00:00,2021-09-28T00:00:00+00:00,3.1,CVSS:3.1/AV:A/AC:H/PR:N/UI:N/S:C/C:L/I:H/A:L,ADJACENT_NETWORK,HIGH,NONE,NONE,CHANGED,LOW,HIGH,LOW,7.7,HIGH,0,0.23923477651119002,0.2273,oracle,mysql,['CWE-416'],['cpe:2.3:a:oracle:mysql:*:*:*:*:*:*:*:*'],1,5
CVE-2021-10032,Remote code execution via unsafe deserialization in spring spring_framework component.,2023-02-28T00:00:00+00:00,2023-05-13T00:00:00+00:00,3.1,CVSS:3.1/AV:A/AC:H/PR:N/UI:R/S:U/C:H/I:H/A:H,ADJACENT_NETWORK,HIGH,NONE,REQUIRED,UNCHANGED,HIGH,HIGH,HIGH,8.3,HIGH,0,0.07233437923425064,0.0687,spring,spring_framework,['CWE-119'],['cpe:2.3:a:spring:spring_framework:*:*:*:*:*:*:*:*'],1,3
CVE-2021-10033,Remote code execution in Kerberos authentication service in microsoft windows_server component.,2024-09-22T00:00:00+00:00,2024-11-04T00:00:00+00:00,3.1,CVSS:3.1/AV:L/AC:L/PR:H/UI:R/S:C/C:H/I:L/A:L,LOCAL,LOW,HIGH,REQUIRED,CHANGED,HIGH,LOW,LOW,6.2,MEDIUM,0,0.4085674778069054,0.3881,microsoft,windows_server,['CWE-416'],['cpe:2.3:a:microsoft:windows_server:*:*:*:*:*:*:*:*'],1,3
CVE-2022-10034,Remote code execution via unsafe deserialization in spring spring_framework component.,2022-01-28T00:00:00+00:00,2022-03-23T00:00:00+00:00,3.1,CVSS:3.1/AV:P/AC:L/PR:H/UI:R/S:C/C:H/I:N/A:L,PHYSICAL,LOW,HIGH,REQUIRED,CHANGED,HIGH,NONE,LOW,5.1,MEDIUM,0,0.21357317471174853,0.2029,spring,spring_framework,['CWE-200'],['cpe:2.3:a:spring:spring_framework:*:*:*:*:*:*:*:*'],1,2
CVE-2025-10035,Remote code execution in Kerberos authentication service in microsoft windows_server component.,2024-05-27T00:00:00+00:00,2024-08-19T00:00:00+00:00,3.1,CVSS:3.1/AV:L/AC:H/PR:L/UI:R/S:U/C:H/I:L/A:H,LOCAL,HIGH,LOW,REQUIRED,UNCHANGED,HIGH,LOW,HIGH,6.2,MEDIUM,0,0.004878436815659252,0.0046,microsoft,windows_server,['CWE-89'],['cpe:2.3:a:microsoft:windows_server:*:*:*:*:*:*:*:*'],1,1
CVE-2025-10036,Use-after-free vulnerability in eBPF subsystem in linux linux_kernel component.,2024-09-21T00:00:00+00:00,2024-12-12T00:00:00+00:00,3.1,CVSS:3.1/AV:L/AC:L/PR:N/UI:R/S:U/C:N/I:N/A:N,LOCAL,LOW,NONE,REQUIRED,UNCHANGED,NONE,NONE,NONE,5.8,MEDIUM,0,0.003520068539225389,0.0033,linux,linux_kernel,['CWE-20'],['cpe:2.3:a:linux:linux_kernel:*:*:*:*:*:*:*:*'],1,2
CVE-2025-10037,Integer overflow in HTTP request header processing in nginx nginx component.,2025-10-07T00:00:00+00:00,2025-10-17T00:00:00+00:00,3.1,CVSS:3.1/AV:P/AC:H/PR:H/UI:N/S:C/C:L/I:L/A:N,PHYSICAL,HIGH,HIGH,NONE,CHANGED,LOW,LOW,NONE,4.7,MEDIUM,0,0.07305170848033607,0.0694,nginx,nginx,['CWE-89'],['cpe:2.3:a:nginx:nginx:*:*:*:*:*:*:*:*'],1,1
CVE-2024-10038,Denial of service via HTTP/2 frame flooding in apache http_server component.,2022-03-25T00:00:00+00:00,2022-04-17T00:00:00+00:00,3.1,CVSS:3.1/AV:P/AC:L/PR:H/UI:N/S:U/C:L/I:N/A:L,PHYSICAL,LOW,HIGH,NONE,UNCHANGED,LOW,NONE,LOW,4.6,MEDIUM,0,0.28501645487367366,0.2708,apache,http_server,['CWE-269'],['cpe:2.3:a:apache:http_server:*:*:*:*:*:*:*:*'],1,4
CVE-2026-10039,Out-of-bounds memory access in V8 JavaScript engine in google chrome component.,2023-10-31T00:00:00+00:00,2023-12-25T00:00:00+00:00,3.1,CVSS:3.1/AV:P/AC:L/PR:H/UI:R/S:C/C:L/I:N/A:H,PHYSICAL,LOW,HIGH,REQUIRED,CHANGED,LOW,NONE,HIGH,5.5,MEDIUM,0,0.015381874180281079,0.0146,google,chrome,['CWE-200'],['cpe:2.3:a:google:chrome:*:*:*:*:*:*:*:*'],1,5
CVE-2026-10040,Integer overflow in HTTP request header processing in nginx nginx component.,2022-05-05T00:00:00+00:00,2022-06-10T00:00:00+00:00,3.1,CVSS:3.1/AV:P/AC:L/PR:H/UI:R/S:U/C:L/I:L/A:L,PHYSICAL,LOW,HIGH,REQUIRED,UNCHANGED,LOW,LOW,LOW,4.1,MEDIUM,0,0.03072041340685173,0.0292,nginx,nginx,['CWE-79'],['cpe:2.3:a:nginx:nginx:*:*:*:*:*:*:*:*'],1,2
CVE-2022-10041,Command injection in management web interface in paloalto pan-os component.,2023-02-24T00:00:00+00:00,2023-05-24T00:00:00+00:00,3.1,CVSS:3.1/AV:A/AC:L/PR:N/UI:R/S:C/C:L/I:H/A:L,ADJACENT_NETWORK,LOW,NONE,REQUIRED,CHANGED,LOW,HIGH,LOW,8.2,HIGH,0,0.013848616724315494,0.0132,paloalto,pan-os,['CWE-416'],['cpe:2.3:a:paloalto:pan-os:*:*:*:*:*:*:*:*'],1,1
CVE-2024-10042,Privilege escalation via authenticated extension loading in postgresql postgresql component.,2023-03-09T00:00:00+00:00,2023-05-23T00:00:00+00:00,3.1,CVSS:3.1/AV:N/AC:H/PR:L/UI:N/S:C/C:L/I:L/A:L,NETWORK,HIGH,LOW,NONE,CHANGED,LOW,LOW,LOW,6.9,MEDIUM,0,0.3940409555423607,0.3743,postgresql,postgresql,['CWE-119'],['cpe:2.3:a:postgresql:postgresql:*:*:*:*:*:*:*:*'],1,4
CVE-2023-10043,Privilege escalation via authenticated extension loading in postgresql postgresql component.,2023-06-12T00:00:00+00:00,2023-08-14T00:00:00+00:00,3.1,CVSS:3.1/AV:N/AC:H/PR:L/UI:R/S:U/C:L/I:N/A:H,NETWORK,HIGH,LOW,REQUIRED,UNCHANGED,LOW,NONE,HIGH,6.7,MEDIUM,0,0.5166456712553051,0.4908,postgresql,postgresql,['CWE-20'],['cpe:2.3:a:postgresql:postgresql:*:*:*:*:*:*:*:*'],1,4
CVE-2025-10044,Out-of-bounds memory access in V8 JavaScript engine in google chrome component.,2024-09-19T00:00:00+00:00,2024-09-23T00:00:00+00:00,3.1,CVSS:3.1/AV:N/AC:H/PR:N/UI:R/S:U/C:N/I:L/A:L,NETWORK,HIGH,NONE,REQUIRED,UNCHANGED,NONE,LOW,LOW,6.2,MEDIUM,0,0.015511082184604437,0.0147,google,chrome,['CWE-269'],['cpe:2.3:a:google:chrome:*:*:*:*:*:*:*:*'],1,2
CVE-2023-10045,Integer overflow in HTTP request header processing in nginx nginx component.,2022-11-23T00:00:00+00:00,2023-01-11T00:00:00+00:00,3.1,CVSS:3.1/AV:L/AC:H/PR:L/UI:N/S:C/C:N/I:H/A:H,LOCAL,HIGH,LOW,NONE,CHANGED,NONE,HIGH,HIGH,7.1,HIGH,0,0.07662258397412866,0.0728,nginx,nginx,['CWE-20'],['cpe:2.3:a:nginx:nginx:*:*:*:*:*:*:*:*'],1,3
CVE-2026-10046,Privilege escalation via authenticated extension loading in postgresql postgresql component.,2021-05-21T00:00:00+00:00,2021-08-13T00:00:00+00:00,3.1,CVSS:3.1/AV:N/AC:L/PR:N/UI:N/S:U/C:H/I:N/A:N,NETWORK,LOW,NONE,NONE,UNCHANGED,HIGH,NONE,NONE,9.2,CRITICAL,1,0.6276575631894249,0.5963,postgresql,postgresql,['CWE-79'],['cpe:2.3:a:postgresql:postgresql:*:*:*:*:*:*:*:*'],1,5
CVE-2024-10047,Privilege escalation via authenticated extension loading in postgresql postgresql component.,2024-12-03T00:00:00+00:00,2025-01-05T00:00:00+00:00,3.1,CVSS:3.1/AV:L/AC:L/PR:H/UI:N/S:U/C:L/I:N/A:H,LOCAL,LOW,HIGH,NONE,UNCHANGED,LOW,NONE,HIGH,7.0,HIGH,0,0.14112686302665609,0.1341,postgresql,postgresql,['CWE-20'],['cpe:2.3:a:postgresql:postgresql:*:*:*:*:*:*:*:*'],1,3
CVE-2026-10048,Out-of-bounds memory access in V8 JavaScript engine in google chrome component.,2023-02-08T00:00:00+00:00,2023-03-31T00:00:00+00:00,3.1,CVSS:3.1/AV:A/AC:L/PR:H/UI:N/S:U/C:H/I:L/A:H,ADJACENT_NETWORK,LOW,HIGH,NONE,UNCHANGED,HIGH,LOW,HIGH,9.5,CRITICAL,0,0.08147539817520104,0.0774,google,chrome,['CWE-79'],['cpe:2.3:a:google:chrome:*:*:*:*:*:*:*:*'],1,5
CVE-2023-10049,Buffer overflow in TLS handshake parser in openssl openssl component.,2023-12-28T00:00:00+00:00,2024-02-21T00:00:00+00:00,3.1,CVSS:3.1/AV:L/AC:L/PR:H/UI:R/S:U/C:L/I:L/A:N,LOCAL,LOW,HIGH,REQUIRED,UNCHANGED,LOW,LOW,NONE,4.9,MEDIUM,0,0.0332055866836053,0.0315,openssl,openssl,['CWE-416'],['cpe:2.3:a:openssl:openssl:*:*:*:*:*:*:*:*'],1,3
CVE-2026-10050,Integer overflow in HTTP request header processing in nginx nginx component.,2021-11-10T00:00:00+00:00,2022-01-05T00:00:00+00:00,3.1,CVSS:3.1/AV:A/AC:H/PR:H/UI:R/S:C/C:L/I:H/A:H,ADJACENT_NETWORK,HIGH,HIGH,REQUIRED,CHANGED,LOW,HIGH,HIGH,6.5,MEDIUM,0,0.00046614718258053173,0.0004,nginx,nginx,['CWE-200'],['cpe:2.3:a:nginx:nginx:*:*:*:*:*:*:*:*'],1,3
CVE-2021-10051,Privilege escalation via authenticated extension loading in postgresql postgresql component.,2022-07-26T00:00:00+00:00,2022-09-22T00:00:00+00:00,3.1,CVSS:3.1/AV:A/AC:H/PR:H/UI:R/S:C/C:N/I:L/A:L,ADJACENT_NETWORK,HIGH,HIGH,REQUIRED,CHANGED,NONE,LOW,LOW,4.9,MEDIUM,0,0.1948594122665878,0.1851,postgresql,postgresql,['CWE-89'],['cpe:2.3:a:postgresql:postgresql:*:*:*:*:*:*:*:*'],1,4
CVE-2023-10052,Privilege escalation via authenticated extension loading in postgresql postgresql component.,2025-06-22T00:00:00+00:00,2025-07-26T00:00:00+00:00,3.1,CVSS:3.1/AV:L/AC:H/PR:H/UI:R/S:U/C:H/I:N/A:N,LOCAL,HIGH,HIGH,REQUIRED,UNCHANGED,HIGH,NONE,NONE,4.9,MEDIUM,0,0.03311648175908974,0.0315,postgresql,postgresql,['CWE-119'],['cpe:2.3:a:postgresql:postgresql:*:*:*:*:*:*:*:*'],1,4
CVE-2025-10053,Integer overflow in HTTP request header processing in nginx nginx component.,2025-04-02T00:00:00+00:00,2025-05-03T00:00:00+00:00,3.1,CVSS:3.1/AV:P/AC:H/PR:L/UI:N/S:U/C:L/I:N/A:L,PHYSICAL,HIGH,LOW,NONE,UNCHANGED,LOW,NONE,LOW,4.0,MEDIUM,0,0.07321077106460833,0.0696,nginx,nginx,['CWE-119'],['cpe:2.3:a:nginx:nginx:*:*:*:*:*:*:*:*'],1,3
CVE-2023-10054,Out-of-bounds memory access in V8 JavaScript engine in google chrome component.,2023-08-28T00:00:00+00:00,2023-11-07T00:00:00+00:00,3.1,CVSS:3.1/AV:L/AC:H/PR:H/UI:R/S:C/C:H/I:L/A:L,LOCAL,HIGH,HIGH,REQUIRED,CHANGED,HIGH,LOW,LOW,5.6,MEDIUM,0,0.0019258580073944845,0.0018,google,chrome,['CWE-200'],['cpe:2.3:a:google:chrome:*:*:*:*:*:*:*:*'],1,3
CVE-2021-10055,Privilege escalation via authenticated extension loading in postgresql postgresql component.,2025-01-17T00:00:00+00:00,2025-02-11T00:00:00+00:00,3.1,CVSS:3.1/AV:L/AC:L/PR:H/UI:N/S:U/C:N/I:H/A:L,LOCAL,LOW,HIGH,NONE,UNCHANGED,NONE,HIGH,LOW,7.1,HIGH,0,0.002539109521187831,0.0024,postgresql,postgresql,['CWE-200'],['cpe:2.3:a:postgresql:postgresql:*:*:*:*:*:*:*:*'],1,5
CVE-2025-10056,Remote code execution via unsafe deserialization in spring spring_framework component.,2022-08-03T00:00:00+00:00,2022-08-16T00:00:00+00:00,3.1,CVSS:3.1/AV:A/AC:H/PR:N/UI:R/S:U/C:L/I:N/A:H,ADJACENT_NETWORK,HIGH,NONE,REQUIRED,UNCHANGED,LOW,NONE,HIGH,6.8,MEDIUM,0,0.013972296307367772,0.0133,spring,spring_framework,['CWE-89'],['cpe:2.3:a:spring:spring_framework:*:*:*:*:*:*:*:*'],1,3
CVE-2021-10057,Buffer overflow in TLS handshake parser in openssl openssl component.,2024-02-08T00:00:00+00:00,2024-03-17T00:00:00+00:00,3.1,CVSS:3.1/AV:A/AC:H/PR:N/UI:N/S:C/C:L/I:L/A:L,ADJACENT_NETWORK,HIGH,NONE,NONE,CHANGED,LOW,LOW,LOW,7.5,HIGH,0,0.021604411383635537,0.0205,openssl,openssl,['CWE-269'],['cpe:2.3:a:openssl:openssl:*:*:*:*:*:*:*:*'],1,2
CVE-2023-10058,Buffer overflow in TLS handshake parser in openssl openssl component.,2025-10-31T00:00:00+00:00,2026-01-01T00:00:00+00:00,3.1,CVSS:3.1/AV:N/AC:L/PR:L/UI:R/S:U/C:H/I:H/A:H,NETWORK,LOW,LOW,REQUIRED,UNCHANGED,HIGH,HIGH,HIGH,9.3,CRITICAL,1,0.014301589998818316,0.0136,openssl,openssl,['CWE-89'],['cpe:2.3:a:openssl:openssl:*:*:*:*:*:*:*:*'],1,5
CVE-2021-10059,Use-after-free vulnerability in eBPF subsystem in linux linux_kernel component.,2022-05-24T00:00:00+00:00,2022-06-09T00:00:00+00:00,3.1,CVSS:3.1/AV:P/AC:L/PR:H/UI:R/S:C/C:L/I:L/A:H,PHYSICAL,LOW,HIGH,REQUIRED,CHANGED,LOW,LOW,HIGH,6.1,MEDIUM,0,0.055132532274215704,0.0524,linux,linux_kernel,['CWE-416'],['cpe:2.3:a:linux:linux_kernel:*:*:*:*:*:*:*:*'],1,3
CVE-2025-10060,Out-of-bounds memory access in V8 JavaScript engine in google chrome component.,2021-05-04T00:00:00+00:00,2021-07-22T00:00:00+00:00,3.1,CVSS:3.1/AV:N/AC:L/PR:H/UI:N/S:C/C:H/I:N/A:N,NETWORK,LOW,HIGH,NONE,CHANGED,HIGH,NONE,NONE,8.4,HIGH,1,0.27863385382279887,0.2647,google,chrome,['CWE-79'],['cpe:2.3:a:google:chrome:*:*:*:*:*:*:*:*'],1,2
CVE-2024-10061,Buffer overflow in TLS handshake parser in openssl openssl component.,2023-07-12T00:00:00+00:00,2023-10-09T00:00:00+00:00,3.1,CVSS:3.1/AV:P/AC:H/PR:N/UI:N/S:C/C:H/I:L/A:H,PHYSICAL,HIGH,NONE,NONE,CHANGED,HIGH,LOW,HIGH,7.4,HIGH,0,0.08154669814108191,0.0775,openssl,openssl,['CWE-787'],['cpe:2.3:a:openssl:openssl:*:*:*:*:*:*:*:*'],1,1
CVE-2023-10062,Privilege escalation via authenticated extension loading in postgresql postgresql component.,2025-06-02T00:00:00+00:00,2025-08-22T00:00:00+00:00,3.1,CVSS:3.1/AV:A/AC:H/PR:N/UI:N/S:U/C:L/I:N/A:N,ADJACENT_NETWORK,HIGH,NONE,NONE,UNCHANGED,LOW,NONE,NONE,6.6,MEDIUM,0,0.17614964415046522,0.1673,postgresql,postgresql,['CWE-20'],['cpe:2.3:a:postgresql:postgresql:*:*:*:*:*:*:*:*'],1,2
CVE-2025-10063,Use-after-free vulnerability in eBPF subsystem in linux linux_kernel component.,2025-03-14T00:00:00+00:00,2025-05-26T00:00:00+00:00,3.1,CVSS:3.1/AV:L/AC:H/PR:N/UI:R/S:C/C:H/I:L/A:L,LOCAL,HIGH,NONE,REQUIRED,CHANGED,HIGH,LOW,LOW,6.9,MEDIUM,0,0.046088190623989764,0.0438,linux,linux_kernel,['CWE-787'],['cpe:2.3:a:linux:linux_kernel:*:*:*:*:*:*:*:*'],1,4
CVE-2025-10064,Denial of service via HTTP/2 frame flooding in apache http_server component.,2021-03-23T00:00:00+00:00,2021-05-18T00:00:00+00:00,3.1,CVSS:3.1/AV:L/AC:H/PR:N/UI:N/S:U/C:H/I:H/A:H,LOCAL,HIGH,NONE,NONE,UNCHANGED,HIGH,HIGH,HIGH,9.0,CRITICAL,0,0.3246054828932174,0.3084,apache,http_server,['CWE-20'],['cpe:2.3:a:apache:http_server:*:*:*:*:*:*:*:*'],1,3
CVE-2021-10065,Out-of-bounds memory access in V8 JavaScript engine in google chrome component.,2025-04-12T00:00:00+00:00,2025-05-05T00:00:00+00:00,3.1,CVSS:3.1/AV:P/AC:H/PR:L/UI:N/S:C/C:H/I:L/A:N,PHYSICAL,HIGH,LOW,NONE,CHANGED,HIGH,LOW,NONE,5.4,MEDIUM,0,0.2514487988259978,0.2389,google,chrome,['CWE-787'],['cpe:2.3:a:google:chrome:*:*:*:*:*:*:*:*'],1,3
CVE-2023-10066,Remote code execution in Kerberos authentication service in microsoft windows_server component.,2022-10-20T00:00:00+00:00,2023-01-14T00:00:00+00:00,3.1,CVSS:3.1/AV:N/AC:L/PR:L/UI:R/S:C/C:L/I:H/A:L,NETWORK,LOW,LOW,REQUIRED,CHANGED,LOW,HIGH,LOW,8.3,HIGH,0,0.2597576154116043,0.2468,microsoft,windows_server,['CWE-20'],['cpe:2.3:a:microsoft:windows_server:*:*:*:*:*:*:*:*'],1,4
CVE-2023-10067,Denial of service via HTTP/2 frame flooding in apache http_server component.,2022-06-01T00:00:00+00:00,2022-07-13T00:00:00+00:00,3.1,CVSS:3.1/AV:N/AC:H/PR:H/UI:N/S:C/C:L/I:N/A:N,NETWORK,HIGH,HIGH,NONE,CHANGED,LOW,NONE,NONE,7.0,HIGH,0,0.012136906253165894,0.0115,apache,http_server,['CWE-269'],['cpe:2.3:a:apache:http_server:*:*:*:*:*:*:*:*'],1,5
CVE-2026-10068,Integer overflow in HTTP request header processing in nginx nginx component.,2023-06-25T00:00:00+00:00,2023-07-02T00:00:00+00:00,3.1,CVSS:3.1/AV:A/AC:H/PR:H/UI:N/S:C/C:L/I:H/A:L,ADJACENT_NETWORK,HIGH,HIGH,NONE,CHANGED,LOW,HIGH,LOW,7.0,HIGH,0,0.04815652199503559,0.0457,nginx,nginx,['CWE-79'],['cpe:2.3:a:nginx:nginx:*:*:*:*:*:*:*:*'],1,1
CVE-2022-10069,Out-of-bounds memory access in V8 JavaScript engine in google chrome component.,2024-12-24T00:00:00+00:00,2025-01-14T00:00:00+00:00,3.1,CVSS:3.1/AV:L/AC:L/PR:H/UI:R/S:U/C:N/I:N/A:L,LOCAL,LOW,HIGH,REQUIRED,UNCHANGED,NONE,NONE,LOW,5.1,MEDIUM,0,0.16054739074974578,0.1525,google,chrome,['CWE-79'],['cpe:2.3:a:google:chrome:*:*:*:*:*:*:*:*'],1,2
CVE-2026-10070,Integer overflow in HTTP request header processing in nginx nginx component.,2022-08-21T00:00:00+00:00,2022-10-26T00:00:00+00:00,3.1,CVSS:3.1/AV:L/AC:H/PR:L/UI:R/S:U/C:L/I:H/A:N,LOCAL,HIGH,LOW,REQUIRED,UNCHANGED,LOW,HIGH,NONE,5.0,MEDIUM,0,0.3238309851837272,0.3076,nginx,nginx,['CWE-416'],['cpe:2.3:a:nginx:nginx:*:*:*:*:*:*:*:*'],1,2
CVE-2025-10071,Out-of-bounds memory access in V8 JavaScript engine in google chrome component.,2025-03-09T00:00:00+00:00,2025-03-27T00:00:00+00:00,3.1,CVSS:3.1/AV:N/AC:H/PR:L/UI:R/S:C/C:N/I:L/A:H,NETWORK,HIGH,LOW,REQUIRED,CHANGED,NONE,LOW,HIGH,7.3,HIGH,0,0.020468732233717073,0.0194,google,chrome,['CWE-200'],['cpe:2.3:a:google:chrome:*:*:*:*:*:*:*:*'],1,5
CVE-2026-10072,Out-of-bounds memory access in V8 JavaScript engine in google chrome component.,2023-09-30T00:00:00+00:00,2023-10-20T00:00:00+00:00,3.1,CVSS:3.1/AV:P/AC:H/PR:L/UI:R/S:C/C:L/I:L/A:N,PHYSICAL,HIGH,LOW,REQUIRED,CHANGED,LOW,LOW,NONE,3.7,LOW,0,0.025186281453322246,0.0239,google,chrome,['CWE-119'],['cpe:2.3:a:google:chrome:*:*:*:*:*:*:*:*'],1,5
CVE-2022-10073,Remote code execution in Kerberos authentication service in microsoft windows_server component.,2025-10-20T00:00:00+00:00,2025-12-12T00:00:00+00:00,3.1,CVSS:3.1/AV:N/AC:H/PR:H/UI:R/S:C/C:L/I:H/A:H,NETWORK,HIGH,HIGH,REQUIRED,CHANGED,LOW,HIGH,HIGH,7.6,HIGH,0,0.15925307160769425,0.1513,microsoft,windows_server,['CWE-89'],['cpe:2.3:a:microsoft:windows_server:*:*:*:*:*:*:*:*'],1,4
CVE-2022-10074,Buffer overflow in TLS handshake parser in openssl openssl component.,2023-10-26T00:00:00+00:00,2024-01-10T00:00:00+00:00,3.1,CVSS:3.1/AV:L/AC:L/PR:L/UI:N/S:C/C:N/I:H/A:N,LOCAL,LOW,LOW,NONE,CHANGED,NONE,HIGH,NONE,6.8,MEDIUM,0,0.07032655856328338,0.0668,openssl,openssl,['CWE-416'],['cpe:2.3:a:openssl:openssl:*:*:*:*:*:*:*:*'],1,2
CVE-2024-10075,Denial of service via HTTP/2 frame flooding in apache http_server component.,2025-05-20T00:00:00+00:00,2025-06-23T00:00:00+00:00,3.1,CVSS:3.1/AV:L/AC:H/PR:H/UI:N/S:C/C:H/I:H/A:L,LOCAL,HIGH,HIGH,NONE,CHANGED,HIGH,HIGH,LOW,7.3,HIGH,0,0.006539292505487465,0.0062,apache,http_server,['CWE-269'],['cpe:2.3:a:apache:http_server:*:*:*:*:*:*:*:*'],1,4
CVE-2021-10076,Remote code execution via unsafe deserialization in spring spring_framework component.,2024-06-18T00:00:00+00:00,2024-06-27T00:00:00+00:00,3.1,CVSS:3.1/AV:A/AC:H/PR:N/UI:N/S:C/C:N/I:H/A:H,ADJACENT_NETWORK,HIGH,NONE,NONE,CHANGED,NONE,HIGH,HIGH,9.1,CRITICAL,0,0.08743176121062447,0.0831,spring,spring_framework,['CWE-79'],['cpe:2.3:a:spring:spring_framework:*:*:*:*:*:*:*:*'],1,4
CVE-2026-10077,Command injection in management web interface in paloalto pan-os component.,2022-09-06T00:00:00+00:00,2022-09-10T00:00:00+00:00,3.1,CVSS:3.1/AV:N/AC:H/PR:N/UI:R/S:C/C:L/I:L/A:N,NETWORK,HIGH,NONE,REQUIRED,CHANGED,LOW,LOW,NONE,7.5,HIGH,0,0.0032826551149663275,0.0031,paloalto,pan-os,['CWE-119'],['cpe:2.3:a:paloalto:pan-os:*:*:*:*:*:*:*:*'],1,5
CVE-2025-10078,Remote code execution in Kerberos authentication service in microsoft windows_server component.,2024-10-28T00:00:00+00:00,2024-11-21T00:00:00+00:00,3.1,CVSS:3.1/AV:A/AC:L/PR:N/UI:R/S:U/C:L/I:H/A:N,ADJACENT_NETWORK,LOW,NONE,REQUIRED,UNCHANGED,LOW,HIGH,NONE,7.3,HIGH,0,0.4388987228799227,0.417,microsoft,windows_server,['CWE-119'],['cpe:2.3:a:microsoft:windows_server:*:*:*:*:*:*:*:*'],1,4
CVE-2024-10079,Use-after-free vulnerability in eBPF subsystem in linux linux_kernel component.,2022-06-07T00:00:00+00:00,2022-09-01T00:00:00+00:00,3.1,CVSS:3.1/AV:N/AC:H/PR:L/UI:N/S:U/C:L/I:L/A:H,NETWORK,HIGH,LOW,NONE,UNCHANGED,LOW,LOW,HIGH,7.7,HIGH,0,0.10764266155538633,0.1023,linux,linux_kernel,['CWE-200'],['cpe:2.3:a:linux:linux_kernel:*:*:*:*:*:*:*:*'],1,4
CVE-2024-10080,Use-after-free vulnerability in eBPF subsystem in linux linux_kernel component.,2025-09-28T00:00:00+00:00,2025-11-06T00:00:00+00:00,3.1,CVSS:3.1/AV:A/AC:H/PR:L/UI:N/S:U/C:L/I:H/A:L,ADJACENT_NETWORK,HIGH,LOW,NONE,UNCHANGED,LOW,HIGH,LOW,6.3,MEDIUM,0,0.0017645868897064223,0.0017,linux,linux_kernel,['CWE-200'],['cpe:2.3:a:linux:linux_kernel:*:*:*:*:*:*:*:*'],1,3
CVE-2026-10081,Buffer overflow in TLS handshake parser in openssl openssl component.,2023-03-22T00:00:00+00:00,2023-04-27T00:00:00+00:00,3.1,CVSS:3.1/AV:N/AC:L/PR:H/UI:R/S:C/C:N/I:H/A:L,NETWORK,LOW,HIGH,REQUIRED,CHANGED,NONE,HIGH,LOW,8.2,HIGH,1,0.05415123502789258,0.0514,openssl,openssl,['CWE-119'],['cpe:2.3:a:openssl:openssl:*:*:*:*:*:*:*:*'],1,5
CVE-2026-10082,Use-after-free vulnerability in eBPF subsystem in linux linux_kernel component.,2025-03-28T00:00:00+00:00,2025-06-21T00:00:00+00:00,3.1,CVSS:3.1/AV:A/AC:L/PR:H/UI:N/S:C/C:L/I:N/A:H,ADJACENT_NETWORK,LOW,HIGH,NONE,CHANGED,LOW,NONE,HIGH,7.8,HIGH,0,0.026242614697626815,0.0249,linux,linux_kernel,['CWE-269'],['cpe:2.3:a:linux:linux_kernel:*:*:*:*:*:*:*:*'],1,2
CVE-2023-10083,Denial of service via HTTP/2 frame flooding in apache http_server component.,2022-11-01T00:00:00+00:00,2022-12-25T00:00:00+00:00,3.1,CVSS:3.1/AV:A/AC:L/PR:N/UI:R/S:C/C:N/I:L/A:L,ADJACENT_NETWORK,LOW,NONE,REQUIRED,CHANGED,NONE,LOW,LOW,7.3,HIGH,0,0.029419836164605834,0.0279,apache,http_server,['CWE-200'],['cpe:2.3:a:apache:http_server:*:*:*:*:*:*:*:*'],1,3
CVE-2024-10084,Denial of service via HTTP/2 frame flooding in apache http_server component.,2021-06-04T00:00:00+00:00,2021-06-23T00:00:00+00:00,3.1,CVSS:3.1/AV:A/AC:H/PR:H/UI:R/S:U/C:L/I:N/A:L,ADJACENT_NETWORK,HIGH,HIGH,REQUIRED,UNCHANGED,LOW,NONE,LOW,4.6,MEDIUM,0,0.01750322023801276,0.0166,apache,http_server,['CWE-79'],['cpe:2.3:a:apache:http_server:*:*:*:*:*:*:*:*'],1,4
CVE-2026-10085,Unauthenticated remote code execution in query optimizer in oracle mysql component.,2025-03-14T00:00:00+00:00,2025-06-09T00:00:00+00:00,3.1,CVSS:3.1/AV:L/AC:H/PR:H/UI:R/S:U/C:H/I:N/A:L,LOCAL,HIGH,HIGH,REQUIRED,UNCHANGED,HIGH,NONE,LOW,5.1,MEDIUM,0,0.0514701943007886,0.0489,oracle,mysql,['CWE-20'],['cpe:2.3:a:oracle:mysql:*:*:*:*:*:*:*:*'],1,5
CVE-2023-10086,Remote code execution via unsafe deserialization in spring spring_framework component.,2024-06-03T00:00:00+00:00,2024-07-02T00:00:00+00:00,3.1,CVSS:3.1/AV:N/AC:H/PR:H/UI:R/S:C/C:N/I:N/A:N,NETWORK,HIGH,HIGH,REQUIRED,CHANGED,NONE,NONE,NONE,5.8,MEDIUM,0,0.003683879588428331,0.0035,spring,spring_framework,['CWE-20'],['cpe:2.3:a:spring:spring_framework:*:*:*:*:*:*:*:*'],1,3
CVE-2021-10087,Integer overflow in HTTP request header processing in nginx nginx component.,2021-07-19T00:00:00+00:00,2021-08-19T00:00:00+00:00,3.1,CVSS:3.1/AV:A/AC:H/PR:L/UI:R/S:C/C:H/I:H/A:H,ADJACENT_NETWORK,HIGH,LOW,REQUIRED,CHANGED,HIGH,HIGH,HIGH,8.1,HIGH,0,0.18469630327842415,0.1755,nginx,nginx,['CWE-89'],['cpe:2.3:a:nginx:nginx:*:*:*:*:*:*:*:*'],1,4
CVE-2024-10088,Denial of service via HTTP/2 frame flooding in apache http_server component.,2024-06-14T00:00:00+00:00,2024-08-06T00:00:00+00:00,3.1,CVSS:3.1/AV:L/AC:L/PR:H/UI:R/S:U/C:L/I:L/A:N,LOCAL,LOW,HIGH,REQUIRED,UNCHANGED,LOW,LOW,NONE,5.3,MEDIUM,0,0.229398458921178,0.2179,apache,http_server,['CWE-269'],['cpe:2.3:a:apache:http_server:*:*:*:*:*:*:*:*'],1,1
CVE-2025-10089,Unauthenticated remote code execution in query optimizer in oracle mysql component.,2024-08-13T00:00:00+00:00,2024-09-28T00:00:00+00:00,3.1,CVSS:3.1/AV:N/AC:H/PR:L/UI:N/S:U/C:L/I:N/A:H,NETWORK,HIGH,LOW,NONE,UNCHANGED,LOW,NONE,HIGH,7.2,HIGH,0,0.07625476371460717,0.0724,oracle,mysql,['CWE-119'],['cpe:2.3:a:oracle:mysql:*:*:*:*:*:*:*:*'],1,5
CVE-2021-10090,Buffer overflow in TLS handshake parser in openssl openssl component.,2025-05-31T00:00:00+00:00,2025-07-13T00:00:00+00:00,3.1,CVSS:3.1/AV:A/AC:L/PR:H/UI:N/S:U/C:H/I:N/A:H,ADJACENT_NETWORK,LOW,HIGH,NONE,UNCHANGED,HIGH,NONE,HIGH,8.7,HIGH,0,0.131782793034375,0.1252,openssl,openssl,['CWE-119'],['cpe:2.3:a:openssl:openssl:*:*:*:*:*:*:*:*'],1,2
CVE-2022-10091,Unauthenticated remote code execution in query optimizer in oracle mysql component.,2025-06-04T00:00:00+00:00,2025-08-20T00:00:00+00:00,3.1,CVSS:3.1/AV:N/AC:H/PR:N/UI:N/S:C/C:N/I:N/A:H,NETWORK,HIGH,NONE,NONE,CHANGED,NONE,NONE,HIGH,9.1,CRITICAL,0,0.7750463257554795,0.7363,oracle,mysql,['CWE-89'],['cpe:2.3:a:oracle:mysql:*:*:*:*:*:*:*:*'],1,1
CVE-2022-10092,Unauthenticated remote code execution in query optimizer in oracle mysql component.,2024-04-20T00:00:00+00:00,2024-06-01T00:00:00+00:00,3.1,CVSS:3.1/AV:N/AC:L/PR:L/UI:N/S:U/C:H/I:L/A:H,NETWORK,LOW,LOW,NONE,UNCHANGED,HIGH,LOW,HIGH,9.3,CRITICAL,1,0.12328626079844786,0.1171,oracle,mysql,['CWE-79'],['cpe:2.3:a:oracle:mysql:*:*:*:*:*:*:*:*'],1,4
CVE-2023-10093,Integer overflow in HTTP request header processing in nginx nginx component.,2023-11-18T00:00:00+00:00,2024-02-02T00:00:00+00:00,3.1,CVSS:3.1/AV:N/AC:H/PR:H/UI:N/S:U/C:H/I:H/A:H,NETWORK,HIGH,HIGH,NONE,UNCHANGED,HIGH,HIGH,HIGH,9.8,CRITICAL,1,0.003406958257689551,0.0032,nginx,nginx,['CWE-20'],['cpe:2.3:a:nginx:nginx:*:*:*:*:*:*:*:*'],1,1
CVE-2024-10094,Integer overflow in HTTP request header processing in nginx nginx component.,2023-05-24T00:00:00+00:00,2023-08-20T00:00:00+00:00,3.1,CVSS:3.1/AV:N/AC:H/PR:H/UI:R/S:U/C:N/I:L/A:H,NETWORK,HIGH,HIGH,REQUIRED,UNCHANGED,NONE,LOW,HIGH,6.5,MEDIUM,0,0.14503351419344973,0.1378,nginx,nginx,['CWE-89'],['cpe:2.3:a:nginx:nginx:*:*:*:*:*:*:*:*'],1,1
CVE-2023-10095,Command injection in management web interface in paloalto pan-os component.,2024-07-02T00:00:00+00:00,2024-09-22T00:00:00+00:00,3.1,CVSS:3.1/AV:L/AC:H/PR:H/UI:R/S:C/C:H/I:H/A:L,LOCAL,HIGH,HIGH,REQUIRED,CHANGED,HIGH,HIGH,LOW,6.3,MEDIUM,0,0.0028864318057650663,0.0027,paloalto,pan-os,['CWE-79'],['cpe:2.3:a:paloalto:pan-os:*:*:*:*:*:*:*:*'],1,1
CVE-2026-10096,Remote code execution via unsafe deserialization in spring spring_framework component.,2025-11-08T00:00:00+00:00,2025-12-06T00:00:00+00:00,3.1,CVSS:3.1/AV:P/AC:H/PR:N/UI:R/S:C/C:L/I:L/A:L,PHYSICAL,HIGH,NONE,REQUIRED,CHANGED,LOW,LOW,LOW,5.1,MEDIUM,0,0.024090468877769798,0.0229,spring,spring_framework,['CWE-79'],['cpe:2.3:a:spring:spring_framework:*:*:*:*:*:*:*:*'],1,3
CVE-2023-10097,Remote code execution in Kerberos authentication service in microsoft windows_server component.,2024-09-24T00:00:00+00:00,2024-10-27T00:00:00+00:00,3.1,CVSS:3.1/AV:L/AC:L/PR:H/UI:R/S:U/C:N/I:N/A:N,LOCAL,LOW,HIGH,REQUIRED,UNCHANGED,NONE,NONE,NONE,5.2,MEDIUM,0,0.16775099051026707,0.1594,microsoft,windows_server,['CWE-416'],['cpe:2.3:a:microsoft:windows_server:*:*:*:*:*:*:*:*'],1,1
CVE-2022-10098,Unauthenticated remote code execution in query optimizer in oracle mysql component.,2024-02-14T00:00:00+00:00,2024-02-22T00:00:00+00:00,3.1,CVSS:3.1/AV:L/AC:L/PR:L/UI:R/S:C/C:H/I:N/A:L,LOCAL,LOW,LOW,REQUIRED,CHANGED,HIGH,NONE,LOW,6.3,MEDIUM,0,0.0811900295294411,0.0771,oracle,mysql,['CWE-200'],['cpe:2.3:a:oracle:mysql:*:*:*:*:*:*:*:*'],1,3
CVE-2025-10099,Denial of service via HTTP/2 frame flooding in apache http_server component.,2023-11-06T00:00:00+00:00,2023-12-04T00:00:00+00:00,3.1,CVSS:3.1/AV:A/AC:H/PR:N/UI:N/S:C/C:H/I:L/A:N,ADJACENT_NETWORK,HIGH,NONE,NONE,CHANGED,HIGH,LOW,NONE,8.2,HIGH,0,0.12514046863668418,0.1189,apache,http_server,['CWE-200'],['cpe:2.3:a:apache:http_server:*:*:*:*:*:*:*:*'],1,5
CVE-2024-10100,Privilege escalation via authenticated extension loading in postgresql postgresql component.,2025-09-27T00:00:00+00:00,2025-12-08T00:00:00+00:00,3.1,CVSS:3.1/AV:N/AC:H/PR:N/UI:N/S:C/C:H/I:L/A:L,NETWORK,HIGH,NONE,NONE,CHANGED,HIGH,LOW,LOW,9.0,CRITICAL,0,0.14662900137937468,0.1393,postgresql,postgresql,['CWE-89'],['cpe:2.3:a:postgresql:postgresql:*:*:*:*:*:*:*:*'],1,2
CVE-2026-10101,Out-of-bounds memory access in V8 JavaScript engine in google chrome component.,2023-04-01T00:00:00+00:00,2023-04-10T00:00:00+00:00,3.1,CVSS:3.1/AV:A/AC:L/PR:N/UI:N/S:C/C:L/I:L/A:L,ADJACENT_NETWORK,LOW,NONE,NONE,CHANGED,LOW,LOW,LOW,8.1,HIGH,0,0.36868433340977164,0.3503,google,chrome,['CWE-89'],['cpe:2.3:a:google:chrome:*:*:*:*:*:*:*:*'],1,3
CVE-2026-10102,Use-after-free vulnerability in eBPF subsystem in linux linux_kernel component.,2022-10-27T00:00:00+00:00,2023-01-08T00:00:00+00:00,3.1,CVSS:3.1/AV:N/AC:L/PR:N/UI:N/S:U/C:H/I:N/A:L,NETWORK,LOW,NONE,NONE,UNCHANGED,HIGH,NONE,LOW,9.7,CRITICAL,0,0.003404629238205255,0.0032,linux,linux_kernel,['CWE-416'],['cpe:2.3:a:linux:linux_kernel:*:*:*:*:*:*:*:*'],1,4
CVE-2024-10103,Out-of-bounds memory access in V8 JavaScript engine in google chrome component.,2023-04-29T00:00:00+00:00,2023-06-03T00:00:00+00:00,3.1,CVSS:3.1/AV:A/AC:L/PR:L/UI:R/S:U/C:L/I:H/A:H,ADJACENT_NETWORK,LOW,LOW,REQUIRED,UNCHANGED,LOW,HIGH,HIGH,7.3,HIGH,0,0.00406002191477529,0.0039,google,chrome,['CWE-787'],['cpe:2.3:a:google:chrome:*:*:*:*:*:*:*:*'],1,5
CVE-2021-10104,Use-after-free vulnerability in eBPF subsystem in linux linux_kernel component.,2022-03-28T00:00:00+00:00,2022-05-18T00:00:00+00:00,3.1,CVSS:3.1/AV:N/AC:L/PR:N/UI:R/S:U/C:N/I:L/A:L,NETWORK,LOW,NONE,REQUIRED,UNCHANGED,NONE,LOW,LOW,7.3,HIGH,0,0.11927532100200572,0.1133,linux,linux_kernel,['CWE-269'],['cpe:2.3:a:linux:linux_kernel:*:*:*:*:*:*:*:*'],1,1
CVE-2024-10105,Buffer overflow in TLS handshake parser in openssl openssl component.,2025-03-10T00:00:00+00:00,2025-05-05T00:00:00+00:00,3.1,CVSS:3.1/AV:A/AC:L/PR:L/UI:N/S:C/C:N/I:L/A:H,ADJACENT_NETWORK,LOW,LOW,NONE,CHANGED,NONE,LOW,HIGH,7.6,HIGH,0,0.008241283418858113,0.0078,openssl,openssl,['CWE-20'],['cpe:2.3:a:openssl:openssl:*:*:*:*:*:*:*:*'],1,4
CVE-2024-10106,Buffer overflow in TLS handshake parser in openssl openssl component.,2021-06-09T00:00:00+00:00,2021-07-20T00:00:00+00:00,3.1,CVSS:3.1/AV:P/AC:H/PR:H/UI:R/S:C/C:N/I:L/A:N,PHYSICAL,HIGH,HIGH,REQUIRED,CHANGED,NONE,LOW,NONE,2.8,LOW,0,0.019740800689990057,0.0188,openssl,openssl,['CWE-269'],['cpe:2.3:a:openssl:openssl:*:*:*:*:*:*:*:*'],1,2
CVE-2024-10107,Out-of-bounds memory access in V8 JavaScript engine in google chrome component.,2025-08-31T00:00:00+00:00,2025-11-28T00:00:00+00:00,3.1,CVSS:3.1/AV:L/AC:L/PR:L/UI:N/S:U/C:L/I:H/A:L,LOCAL,LOW,LOW,NONE,UNCHANGED,LOW,HIGH,LOW,6.3,MEDIUM,0,0.05624131745469702,0.0534,google,chrome,['CWE-79'],['cpe:2.3:a:google:chrome:*:*:*:*:*:*:*:*'],1,4
CVE-2026-10108,Use-after-free vulnerability in eBPF subsystem in linux linux_kernel component.,2022-11-27T00:00:00+00:00,2022-12-26T00:00:00+00:00,3.1,CVSS:3.1/AV:L/AC:L/PR:N/UI:N/S:U/C:L/I:L/A:H,LOCAL,LOW,NONE,NONE,UNCHANGED,LOW,LOW,HIGH,7.5,HIGH,0,0.01356769559849846,0.0129,linux,linux_kernel,['CWE-89'],['cpe:2.3:a:linux:linux_kernel:*:*:*:*:*:*:*:*'],1,2
CVE-2022-10109,Denial of service via HTTP/2 frame flooding in apache http_server component.,2022-06-09T00:00:00+00:00,2022-07-05T00:00:00+00:00,3.1,CVSS:3.1/AV:A/AC:L/PR:H/UI:N/S:U/C:H/I:L/A:L,ADJACENT_NETWORK,LOW,HIGH,NONE,UNCHANGED,HIGH,LOW,LOW,7.3,HIGH,0,0.004762911160103491,0.0045,apache,http_server,['CWE-787'],['cpe:2.3:a:apache:http_server:*:*:*:*:*:*:*:*'],1,5
CVE-2023-10110,Out-of-bounds memory access in V8 JavaScript engine in google chrome component.,2025-11-05T00:00:00+00:00,2026-01-25T00:00:00+00:00,3.1,CVSS:3.1/AV:L/AC:L/PR:L/UI:N/S:C/C:L/I:H/A:L,LOCAL,LOW,LOW,NONE,CHANGED,LOW,HIGH,LOW,7.4,HIGH,0,0.07129274227134705,0.0677,google,chrome,['CWE-200'],['cpe:2.3:a:google:chrome:*:*:*:*:*:*:*:*'],1,5
CVE-2023-10111,Buffer overflow in TLS handshake parser in openssl openssl component.,2023-11-06T00:00:00+00:00,2023-11-16T00:00:00+00:00,3.1,CVSS:3.1/AV:L/AC:H/PR:L/UI:N/S:U/C:L/I:L/A:N,LOCAL,HIGH,LOW,NONE,UNCHANGED,LOW,LOW,NONE,5.1,MEDIUM,0,0.011426533263778385,0.0109,openssl,openssl,['CWE-79'],['cpe:2.3:a:openssl:openssl:*:*:*:*:*:*:*:*'],1,5
CVE-2025-10112,Out-of-bounds memory access in V8 JavaScript engine in google chrome component.,2023-02-27T00:00:00+00:00,2023-04-28T00:00:00+00:00,3.1,CVSS:3.1/AV:N/AC:H/PR:H/UI:N/S:C/C:H/I:L/A:H,NETWORK,HIGH,HIGH,NONE,CHANGED,HIGH,LOW,HIGH,9.4,CRITICAL,1,0.0708071545163337,0.0673,google,chrome,['CWE-20'],['cpe:2.3:a:google:chrome:*:*:*:*:*:*:*:*'],1,4
CVE-2023-10113,Denial of service via HTTP/2 frame flooding in apache http_server component.,2025-01-02T00:00:00+00:00,2025-01-13T00:00:00+00:00,3.1,CVSS:3.1/AV:A/AC:L/PR:N/UI:R/S:C/C:H/I:H/A:H,ADJACENT_NETWORK,LOW,NONE,REQUIRED,CHANGED,HIGH,HIGH,HIGH,10.0,CRITICAL,0,0.007240832086434616,0.0069,apache,http_server,['CWE-89'],['cpe:2.3:a:apache:http_server:*:*:*:*:*:*:*:*'],1,3
CVE-2023-10114,Unauthenticated remote code execution in query optimizer in oracle mysql component.,2023-03-05T00:00:00+00:00,2023-04-27T00:00:00+00:00,3.1,CVSS:3.1/AV:L/AC:L/PR:H/UI:R/S:U/C:L/I:N/A:H,LOCAL,LOW,HIGH,REQUIRED,UNCHANGED,LOW,NONE,HIGH,5.6,MEDIUM,0,0.029550076710775718,0.0281,oracle,mysql,['CWE-416'],['cpe:2.3:a:oracle:mysql:*:*:*:*:*:*:*:*'],1,3
CVE-2026-10115,Use-after-free vulnerability in eBPF subsystem in linux linux_kernel component.,2025-10-11T00:00:00+00:00,2026-01-04T00:00:00+00:00,3.1,CVSS:3.1/AV:A/AC:H/PR:N/UI:N/S:C/C:L/I:H/A:H,ADJACENT_NETWORK,HIGH,NONE,NONE,CHANGED,LOW,HIGH,HIGH,9.1,CRITICAL,0,0.005943021942641085,0.0056,linux,linux_kernel,['CWE-416'],['cpe:2.3:a:linux:linux_kernel:*:*:*:*:*:*:*:*'],1,2
CVE-2026-10116,Out-of-bounds memory access in V8 JavaScript engine in google chrome component.,2021-06-23T00:00:00+00:00,2021-08-02T00:00:00+00:00,3.1,CVSS:3.1/AV:P/AC:H/PR:N/UI:N/S:C/C:H/I:L/A:N,PHYSICAL,HIGH,NONE,NONE,CHANGED,HIGH,LOW,NONE,6.7,MEDIUM,0,0.021602730253490042,0.0205,google,chrome,['CWE-269'],['cpe:2.3:a:google:chrome:*:*:*:*:*:*:*:*'],1,3
CVE-2022-10117,Command injection in management web interface in paloalto pan-os component.,2022-12-01T00:00:00+00:00,2023-02-02T00:00:00+00:00,3.1,CVSS:3.1/AV:A/AC:L/PR:N/UI:N/S:U/C:L/I:N/A:H,ADJACENT_NETWORK,LOW,NONE,NONE,UNCHANGED,LOW,NONE,HIGH,8.2,HIGH,0,0.046789443007345125,0.0444,paloalto,pan-os,['CWE-20'],['cpe:2.3:a:paloalto:pan-os:*:*:*:*:*:*:*:*'],1,3
CVE-2022-10118,Out-of-bounds memory access in V8 JavaScript engine in google chrome component.,2024-05-08T00:00:00+00:00,2024-06-26T00:00:00+00:00,3.1,CVSS:3.1/AV:A/AC:L/PR:N/UI:N/S:C/C:N/I:L/A:L,ADJACENT_NETWORK,LOW,NONE,NONE,CHANGED,NONE,LOW,LOW,7.7,HIGH,0,0.05049472162073309,0.048,google,chrome,['CWE-119'],['cpe:2.3:a:google:chrome:*:*:*:*:*:*:*:*'],1,4
CVE-2023-10119,Out-of-bounds memory access in V8 JavaScript engine in google chrome component.,2025-03-21T00:00:00+00:00,2025-05-18T00:00:00+00:00,3.1,CVSS:3.1/AV:A/AC:L/PR:L/UI:R/S:U/C:L/I:H/A:H,ADJACENT_NETWORK,LOW,LOW,REQUIRED,UNCHANGED,LOW,HIGH,HIGH,7.4,HIGH,0,0.0005578674444029993,0.0005,google,chrome,['CWE-787'],['cpe:2.3:a:google:chrome:*:*:*:*:*:*:*:*'],1,4
CVE-2024-10120,Use-after-free vulnerability in eBPF subsystem in linux linux_kernel component.,2023-10-27T00:00:00+00:00,2024-01-03T00:00:00+00:00,3.1,CVSS:3.1/AV:P/AC:L/PR:N/UI:N/S:C/C:N/I:H/A:L,PHYSICAL,LOW,NONE,NONE,CHANGED,NONE,HIGH,LOW,7.3,HIGH,0,0.13857266553013944,0.1316,linux,linux_kernel,['CWE-269'],['cpe:2.3:a:linux:linux_kernel:*:*:*:*:*:*:*:*'],1,5
CVE-2026-10121,Denial of service via HTTP/2 frame flooding in apache http_server component.,2025-09-29T00:00:00+00:00,2025-12-05T00:00:00+00:00,3.1,CVSS:3.1/AV:N/AC:H/PR:N/UI:N/S:C/C:L/I:H/A:N,NETWORK,HIGH,NONE,NONE,CHANGED,LOW,HIGH,NONE,9.7,CRITICAL,0,0.07007142905318729,0.0666,apache,http_server,['CWE-79'],['cpe:2.3:a:apache:http_server:*:*:*:*:*:*:*:*'],1,2
CVE-2023-10122,Integer overflow in HTTP request header processing in nginx nginx component.,2021-02-24T00:00:00+00:00,2021-04-19T00:00:00+00:00,3.1,CVSS:3.1/AV:N/AC:H/PR:H/UI:R/S:U/C:L/I:N/A:L,NETWORK,HIGH,HIGH,REQUIRED,UNCHANGED,LOW,NONE,LOW,5.3,MEDIUM,0,0.005628846319864052,0.0053,nginx,nginx,['CWE-119'],['cpe:2.3:a:nginx:nginx:*:*:*:*:*:*:*:*'],1,1
CVE-2021-10123,Unauthenticated remote code execution in query optimizer in oracle mysql component.,2025-09-15T00:00:00+00:00,2025-12-08T00:00:00+00:00,3.1,CVSS:3.1/AV:L/AC:L/PR:N/UI:N/S:C/C:L/I:H/A:N,LOCAL,LOW,NONE,NONE,CHANGED,LOW,HIGH,NONE,8.8,HIGH,0,0.005265685132686776,0.005,oracle,mysql,['CWE-787'],['cpe:2.3:a:oracle:mysql:*:*:*:*:*:*:*:*'],1,4
CVE-2021-10124,Out-of-bounds memory access in V8 JavaScript engine in google chrome component.,2021-06-12T00:00:00+00:00,2021-06-15T00:00:00+00:00,3.1,CVSS:3.1/AV:L/AC:L/PR:N/UI:R/S:U/C:L/I:N/A:L,LOCAL,LOW,NONE,REQUIRED,UNCHANGED,LOW,NONE,LOW,5.9,MEDIUM,0,0.4258771848736339,0.4046,google,chrome,['CWE-79'],['cpe:2.3:a:google:chrome:*:*:*:*:*:*:*:*'],1,1
CVE-2024-10125,Privilege escalation via authenticated extension loading in postgresql postgresql component.,2024-08-01T00:00:00+00:00,2024-10-20T00:00:00+00:00,3.1,CVSS:3.1/AV:P/AC:L/PR:N/UI:R/S:U/C:H/I:H/A:H,PHYSICAL,LOW,NONE,REQUIRED,UNCHANGED,HIGH,HIGH,HIGH,8.3,HIGH,0,0.09292873496184552,0.0883,postgresql,postgresql,['CWE-119'],['cpe:2.3:a:postgresql:postgresql:*:*:*:*:*:*:*:*'],1,2
CVE-2024-10126,Use-after-free vulnerability in eBPF subsystem in linux linux_kernel component.,2021-01-04T00:00:00+00:00,2021-03-24T00:00:00+00:00,3.1,CVSS:3.1/AV:L/AC:L/PR:H/UI:R/S:U/C:H/I:H/A:N,LOCAL,LOW,HIGH,REQUIRED,UNCHANGED,HIGH,HIGH,NONE,6.5,MEDIUM,0,0.043077307071506726,0.0409,linux,linux_kernel,['CWE-269'],['cpe:2.3:a:linux:linux_kernel:*:*:*:*:*:*:*:*'],1,1
CVE-2025-10127,Remote code execution via unsafe deserialization in spring spring_framework component.,2023-11-06T00:00:00+00:00,2024-01-10T00:00:00+00:00,3.1,CVSS:3.1/AV:N/AC:H/PR:L/UI:N/S:C/C:L/I:L/A:H,NETWORK,HIGH,LOW,NONE,CHANGED,LOW,LOW,HIGH,7.8,HIGH,0,0.027588780161452806,0.0262,spring,spring_framework,['CWE-20'],['cpe:2.3:a:spring:spring_framework:*:*:*:*:*:*:*:*'],1,3
CVE-2023-10128,Denial of service via HTTP/2 frame flooding in apache http_server component.,2022-05-09T00:00:00+00:00,2022-08-02T00:00:00+00:00,3.1,CVSS:3.1/AV:N/AC:H/PR:N/UI:N/S:C/C:H/I:L/A:H,NETWORK,HIGH,NONE,NONE,CHANGED,HIGH,LOW,HIGH,10.0,CRITICAL,1,0.8425880781961184,0.8005,apache,http_server,['CWE-787'],['cpe:2.3:a:apache:http_server:*:*:*:*:*:*:*:*'],1,4
CVE-2022-10129,Command injection in management web interface in paloalto pan-os component.,2021-05-10T00:00:00+00:00,2021-07-08T00:00:00+00:00,3.1,CVSS:3.1/AV:N/AC:H/PR:N/UI:N/S:U/C:N/I:L/A:L,NETWORK,HIGH,NONE,NONE,UNCHANGED,NONE,LOW,LOW,7.4,HIGH,0,0.07416125416918026,0.0705,paloalto,pan-os,['CWE-416'],['cpe:2.3:a:paloalto:pan-os:*:*:*:*:*:*:*:*'],1,5
CVE-2023-10130,Integer overflow in HTTP request header processing in nginx nginx component.,2021-03-16T00:00:00+00:00,2021-06-07T00:00:00+00:00,3.1,CVSS:3.1/AV:A/AC:H/PR:L/UI:N/S:C/C:L/I:N/A:L,ADJACENT_NETWORK,HIGH,LOW,NONE,CHANGED,LOW,NONE,LOW,5.9,MEDIUM,0,0.010987032558465566,0.0104,nginx,nginx,['CWE-416'],['cpe:2.3:a:nginx:nginx:*:*:*:*:*:*:*:*'],1,4
CVE-2024-10131,Integer overflow in HTTP request header processing in nginx nginx component.,2022-11-26T00:00:00+00:00,2022-12-20T00:00:00+00:00,3.1,CVSS:3.1/AV:P/AC:H/PR:L/UI:R/S:U/C:H/I:L/A:N,PHYSICAL,HIGH,LOW,REQUIRED,UNCHANGED,HIGH,LOW,NONE,4.1,MEDIUM,0,0.02769944497788125,0.0263,nginx,nginx,['CWE-416'],['cpe:2.3:a:nginx:nginx:*:*:*:*:*:*:*:*'],1,5
CVE-2025-10132,Command injection in management web interface in paloalto pan-os component.,2022-08-25T00:00:00+00:00,2022-10-06T00:00:00+00:00,3.1,CVSS:3.1/AV:N/AC:L/PR:L/UI:R/S:C/C:L/I:H/A:H,NETWORK,LOW,LOW,REQUIRED,CHANGED,LOW,HIGH,HIGH,8.7,HIGH,0,0.008743213147539352,0.0083,paloalto,pan-os,['CWE-787'],['cpe:2.3:a:paloalto:pan-os:*:*:*:*:*:*:*:*'],1,3
CVE-2021-10133,Integer overflow in HTTP request header processing in nginx nginx component.,2025-01-28T00:00:00+00:00,2025-03-15T00:00:00+00:00,3.1,CVSS:3.1/AV:P/AC:H/PR:H/UI:N/S:U/C:H/I:H/A:L,PHYSICAL,HIGH,HIGH,NONE,UNCHANGED,HIGH,HIGH,LOW,6.1,MEDIUM,0,0.1484776855465299,0.1411,nginx,nginx,['CWE-269'],['cpe:2.3:a:nginx:nginx:*:*:*:*:*:*:*:*'],1,5
CVE-2021-10134,Command injection in management web interface in paloalto pan-os component.,2021-10-20T00:00:00+00:00,2022-01-06T00:00:00+00:00,3.1,CVSS:3.1/AV:P/AC:L/PR:N/UI:N/S:U/C:H/I:L/A:L,PHYSICAL,LOW,NONE,NONE,UNCHANGED,HIGH,LOW,LOW,6.6,MEDIUM,0,0.3779409249411959,0.359,paloalto,pan-os,['CWE-416'],['cpe:2.3:a:paloalto:pan-os:*:*:*:*:*:*:*:*'],1,5
CVE-2025-10135,Buffer overflow in TLS handshake parser in openssl openssl component.,2021-11-11T00:00:00+00:00,2022-02-06T00:00:00+00:00,3.1,CVSS:3.1/AV:P/AC:H/PR:L/UI:R/S:U/C:H/I:N/A:H,PHYSICAL,HIGH,LOW,REQUIRED,UNCHANGED,HIGH,NONE,HIGH,4.3,MEDIUM,0,0.0019247016144945794,0.0018,openssl,openssl,['CWE-269'],['cpe:2.3:a:openssl:openssl:*:*:*:*:*:*:*:*'],1,4
CVE-2026-10136,Unauthenticated remote code execution in query optimizer in oracle mysql component.,2022-07-25T00:00:00+00:00,2022-08-26T00:00:00+00:00,3.1,CVSS:3.1/AV:N/AC:L/PR:H/UI:N/S:C/C:H/I:L/A:H,NETWORK,LOW,HIGH,NONE,CHANGED,HIGH,LOW,HIGH,9.8,CRITICAL,1,0.2432654052147781,0.2311,oracle,mysql,['CWE-200'],['cpe:2.3:a:oracle:mysql:*:*:*:*:*:*:*:*'],1,4
CVE-2025-10137,Privilege escalation via authenticated extension loading in postgresql postgresql component.,2022-08-08T00:00:00+00:00,2022-11-05T00:00:00+00:00,3.1,CVSS:3.1/AV:P/AC:L/PR:N/UI:N/S:U/C:L/I:N/A:H,PHYSICAL,LOW,NONE,NONE,UNCHANGED,LOW,NONE,HIGH,7.2,HIGH,0,0.055502993421612745,0.0527,postgresql,postgresql,['CWE-787'],['cpe:2.3:a:postgresql:postgresql:*:*:*:*:*:*:*:*'],1,1
CVE-2026-10138,Unauthenticated remote code execution in query optimizer in oracle mysql component.,2022-12-13T00:00:00+00:00,2022-12-22T00:00:00+00:00,3.1,CVSS:3.1/AV:L/AC:H/PR:N/UI:N/S:C/C:H/I:N/A:N,LOCAL,HIGH,NONE,NONE,CHANGED,HIGH,NONE,NONE,7.7,HIGH,0,0.13069044746102526,0.1242,oracle,mysql,['CWE-119'],['cpe:2.3:a:oracle:mysql:*:*:*:*:*:*:*:*'],1,2
CVE-2024-10139,Privilege escalation via authenticated extension loading in postgresql postgresql component.,2021-02-23T00:00:00+00:00,2021-04-11T00:00:00+00:00,3.1,CVSS:3.1/AV:L/AC:H/PR:H/UI:N/S:U/C:N/I:L/A:L,LOCAL,HIGH,HIGH,NONE,UNCHANGED,NONE,LOW,LOW,4.8,MEDIUM,0,0.5134875764594772,0.4878,postgresql,postgresql,['CWE-787'],['cpe:2.3:a:postgresql:postgresql:*:*:*:*:*:*:*:*'],1,5
CVE-2024-10140,Remote code execution in Kerberos authentication service in microsoft windows_server component.,2025-08-14T00:00:00+00:00,2025-10-27T00:00:00+00:00,3.1,CVSS:3.1/AV:N/AC:L/PR:L/UI:N/S:C/C:L/I:H/A:H,NETWORK,LOW,LOW,NONE,CHANGED,LOW,HIGH,HIGH,10.0,CRITICAL,1,0.045620082185874856,0.0433,microsoft,windows_server,['CWE-89'],['cpe:2.3:a:microsoft:windows_server:*:*:*:*:*:*:*:*'],1,2
CVE-2025-10141,Remote code execution in Kerberos authentication service in microsoft windows_server component.,2025-11-14T00:00:00+00:00,2025-11-22T00:00:00+00:00,3.1,CVSS:3.1/AV:N/AC:L/PR:L/UI:N/S:U/C:L/I:H/A:N,NETWORK,LOW,LOW,NONE,UNCHANGED,LOW,HIGH,NONE,7.6,HIGH,0,0.029270450756049504,0.0278,microsoft,windows_server,['CWE-269'],['cpe:2.3:a:microsoft:windows_server:*:*:*:*:*:*:*:*'],1,5
CVE-2021-10142,Use-after-free vulnerability in eBPF subsystem in linux linux_kernel component.,2022-05-29T00:00:00+00:00,2022-06-24T00:00:00+00:00,3.1,CVSS:3.1/AV:L/AC:L/PR:H/UI:R/S:U/C:H/I:H/A:N,LOCAL,LOW,HIGH,REQUIRED,UNCHANGED,HIGH,HIGH,NONE,7.3,HIGH,0,0.004671387549000597,0.0044,linux,linux_kernel,['CWE-89'],['cpe:2.3:a:linux:linux_kernel:*:*:*:*:*:*:*:*'],1,2
CVE-2026-10143,Out-of-bounds memory access in V8 JavaScript engine in google chrome component.,2024-05-24T00:00:00+00:00,2024-07-07T00:00:00+00:00,3.1,CVSS:3.1/AV:N/AC:L/PR:N/UI:N/S:C/C:H/I:N/A:H,NETWORK,LOW,NONE,NONE,CHANGED,HIGH,NONE,HIGH,10.0,CRITICAL,0,0.2775307880735722,0.2637,google,chrome,['CWE-20'],['cpe:2.3:a:google:chrome:*:*:*:*:*:*:*:*'],1,4
CVE-2023-10144,Remote code execution via unsafe deserialization in spring spring_framework component.,2024-08-07T00:00:00+00:00,2024-09-15T00:00:00+00:00,3.1,CVSS:3.1/AV:P/AC:L/PR:H/UI:R/S:C/C:L/I:N/A:H,PHYSICAL,LOW,HIGH,REQUIRED,CHANGED,LOW,NONE,HIGH,5.2,MEDIUM,0,0.1394207978636038,0.1324,spring,spring_framework,['CWE-20'],['cpe:2.3:a:spring:spring_framework:*:*:*:*:*:*:*:*'],1,2
CVE-2024-10145,Integer overflow in HTTP request header processing in nginx nginx component.,2023-09-19T00:00:00+00:00,2023-11-18T00:00:00+00:00,3.1,CVSS:3.1/AV:A/AC:H/PR:H/UI:N/S:C/C:H/I:L/A:H,ADJACENT_NETWORK,HIGH,HIGH,NONE,CHANGED,HIGH,LOW,HIGH,7.8,HIGH,0,0.00040588751708379935,0.0004,nginx,nginx,['CWE-269'],['cpe:2.3:a:nginx:nginx:*:*:*:*:*:*:*:*'],1,4
CVE-2023-10146,Command injection in management web interface in paloalto pan-os component.,2023-11-21T00:00:00+00:00,2024-02-01T00:00:00+00:00,3.1,CVSS:3.1/AV:N/AC:H/PR:N/UI:R/S:U/C:L/I:L/A:N,NETWORK,HIGH,NONE,REQUIRED,UNCHANGED,LOW,LOW,NONE,6.7,MEDIUM,0,0.12316248992990689,0.117,paloalto,pan-os,['CWE-89'],['cpe:2.3:a:paloalto:pan-os:*:*:*:*:*:*:*:*'],1,1
CVE-2023-10147,Buffer overflow in TLS handshake parser in openssl openssl component.,2023-02-26T00:00:00+00:00,2023-05-16T00:00:00+00:00,3.1,CVSS:3.1/AV:P/AC:L/PR:N/UI:R/S:C/C:N/I:N/A:L,PHYSICAL,LOW,NONE,REQUIRED,CHANGED,NONE,NONE,LOW,5.3,MEDIUM,0,0.010650551939919442,0.0101,openssl,openssl,['CWE-787'],['cpe:2.3:a:openssl:openssl:*:*:*:*:*:*:*:*'],1,4
CVE-2024-10148,Use-after-free vulnerability in eBPF subsystem in linux linux_kernel component.,2021-02-17T00:00:00+00:00,2021-03-01T00:00:00+00:00,3.1,CVSS:3.1/AV:P/AC:H/PR:N/UI:N/S:C/C:N/I:N/A:L,PHYSICAL,HIGH,NONE,NONE,CHANGED,NONE,NONE,LOW,5.3,MEDIUM,0,0.005417439376124363,0.0051,linux,linux_kernel,['CWE-787'],['cpe:2.3:a:linux:linux_kernel:*:*:*:*:*:*:*:*'],1,5
CVE-2023-10149,Integer overflow in HTTP request header processing in nginx nginx component.,2024-01-05T00:00:00+00:00,2024-01-07T00:00:00+00:00,3.1,CVSS:3.1/AV:N/AC:H/PR:N/UI:R/S:C/C:L/I:L/A:N,NETWORK,HIGH,NONE,REQUIRED,CHANGED,LOW,LOW,NONE,7.2,HIGH,0,0.014524653851540744,0.0138,nginx,nginx,['CWE-416'],['cpe:2.3:a:nginx:nginx:*:*:*:*:*:*:*:*'],1,1
CVE-2025-10150,Out-of-bounds memory access in V8 JavaScript engine in google chrome component.,2022-02-03T00:00:00+00:00,2022-03-22T00:00:00+00:00,3.1,CVSS:3.1/AV:L/AC:L/PR:L/UI:R/S:C/C:H/I:H/A:H,LOCAL,LOW,LOW,REQUIRED,CHANGED,HIGH,HIGH,HIGH,8.4,HIGH,0,0.008452711375179164,0.008,google,chrome,['CWE-79'],['cpe:2.3:a:google:chrome:*:*:*:*:*:*:*:*'],1,2
CVE-2024-10151,Denial of service via HTTP/2 frame flooding in apache http_server component.,2023-02-04T00:00:00+00:00,2023-03-20T00:00:00+00:00,3.1,CVSS:3.1/AV:L/AC:L/PR:N/UI:R/S:U/C:N/I:N/A:N,LOCAL,LOW,NONE,REQUIRED,UNCHANGED,NONE,NONE,NONE,5.7,MEDIUM,0,0.28609683749212705,0.2718,apache,http_server,['CWE-269'],['cpe:2.3:a:apache:http_server:*:*:*:*:*:*:*:*'],1,4
CVE-2024-10152,Remote code execution via unsafe deserialization in spring spring_framework component.,2021-11-02T00:00:00+00:00,2022-01-19T00:00:00+00:00,3.1,CVSS:3.1/AV:A/AC:H/PR:H/UI:R/S:U/C:L/I:H/A:H,ADJACENT_NETWORK,HIGH,HIGH,REQUIRED,UNCHANGED,LOW,HIGH,HIGH,6.7,MEDIUM,0,0.003815313717491081,0.0036,spring,spring_framework,['CWE-200'],['cpe:2.3:a:spring:spring_framework:*:*:*:*:*:*:*:*'],1,5
CVE-2025-10153,Unauthenticated remote code execution in query optimizer in oracle mysql component.,2025-08-24T00:00:00+00:00,2025-10-29T00:00:00+00:00,3.1,CVSS:3.1/AV:P/AC:H/PR:L/UI:N/S:C/C:L/I:H/A:N,PHYSICAL,HIGH,LOW,NONE,CHANGED,LOW,HIGH,NONE,5.8,MEDIUM,0,0.23366221452439087,0.222,oracle,mysql,['CWE-416'],['cpe:2.3:a:oracle:mysql:*:*:*:*:*:*:*:*'],1,5
CVE-2026-10154,Use-after-free vulnerability in eBPF subsystem in linux linux_kernel component.,2025-11-22T00:00:00+00:00,2026-02-19T00:00:00+00:00,3.1,CVSS:3.1/AV:N/AC:H/PR:L/UI:N/S:U/C:H/I:L/A:N,NETWORK,HIGH,LOW,NONE,UNCHANGED,HIGH,LOW,NONE,6.9,MEDIUM,0,0.009001395952110696,0.0086,linux,linux_kernel,['CWE-416'],['cpe:2.3:a:linux:linux_kernel:*:*:*:*:*:*:*:*'],1,2
CVE-2021-10155,Privilege escalation via authenticated extension loading in postgresql postgresql component.,2024-03-18T00:00:00+00:00,2024-06-16T00:00:00+00:00,3.1,CVSS:3.1/AV:N/AC:L/PR:N/UI:R/S:C/C:L/I:N/A:L,NETWORK,LOW,NONE,REQUIRED,CHANGED,LOW,NONE,LOW,7.5,HIGH,0,0.02361114513212551,0.0224,postgresql,postgresql,['CWE-119'],['cpe:2.3:a:postgresql:postgresql:*:*:*:*:*:*:*:*'],1,4
CVE-2025-10156,Remote code execution via unsafe deserialization in spring spring_framework component.,2023-08-24T00:00:00+00:00,2023-09-01T00:00:00+00:00,3.1,CVSS:3.1/AV:A/AC:L/PR:H/UI:R/S:C/C:H/I:L/A:L,ADJACENT_NETWORK,LOW,HIGH,REQUIRED,CHANGED,HIGH,LOW,LOW,7.1,HIGH,0,0.05635486465004116,0.0535,spring,spring_framework,['CWE-89'],['cpe:2.3:a:spring:spring_framework:*:*:*:*:*:*:*:*'],1,4
CVE-2023-10157,Remote code execution via unsafe deserialization in spring spring_framework component.,2024-01-24T00:00:00+00:00,2024-03-10T00:00:00+00:00,3.1,CVSS:3.1/AV:L/AC:H/PR:N/UI:N/S:C/C:H/I:L/A:N,LOCAL,HIGH,NONE,NONE,CHANGED,HIGH,LOW,NONE,7.7,HIGH,0,0.030200244677261477,0.0287,spring,spring_framework,['CWE-200'],['cpe:2.3:a:spring:spring_framework:*:*:*:*:*:*:*:*'],1,3
CVE-2026-10158,Privilege escalation via authenticated extension loading in postgresql postgresql component.,2024-12-14T00:00:00+00:00,2025-02-15T00:00:00+00:00,3.1,CVSS:3.1/AV:L/AC:H/PR:L/UI:R/S:C/C:N/I:H/A:H,LOCAL,HIGH,LOW,REQUIRED,CHANGED,NONE,HIGH,HIGH,6.5,MEDIUM,0,0.3164673110269183,0.3006,postgresql,postgresql,['CWE-416'],['cpe:2.3:a:postgresql:postgresql:*:*:*:*:*:*:*:*'],1,4
CVE-2022-10159,Unauthenticated remote code execution in query optimizer in oracle mysql component.,2022-08-18T00:00:00+00:00,2022-08-24T00:00:00+00:00,3.1,CVSS:3.1/AV:L/AC:L/PR:L/UI:R/S:C/C:H/I:L/A:N,LOCAL,LOW,LOW,REQUIRED,CHANGED,HIGH,LOW,NONE,6.3,MEDIUM,0,0.0001,0.0001,oracle,mysql,['CWE-119'],['cpe:2.3:a:oracle:mysql:*:*:*:*:*:*:*:*'],1,5
CVE-2025-10160,Use-after-free vulnerability in eBPF subsystem in linux linux_kernel component.,2024-11-26T00:00:00+00:00,2024-12-31T00:00:00+00:00,3.1,CVSS:3.1/AV:A/AC:L/PR:H/UI:N/S:U/C:N/I:H/A:H,ADJACENT_NETWORK,LOW,HIGH,NONE,UNCHANGED,NONE,HIGH,HIGH,8.0,HIGH,0,0.07697649477469796,0.0731,linux,linux_kernel,['CWE-119'],['cpe:2.3:a:linux:linux_kernel:*:*:*:*:*:*:*:*'],1,2
CVE-2021-10161,Buffer overflow in TLS handshake parser in openssl openssl component.,2023-04-27T00:00:00+00:00,2023-06-09T00:00:00+00:00,3.1,CVSS:3.1/AV:P/AC:L/PR:H/UI:N/S:U/C:H/I:N/A:L,PHYSICAL,LOW,HIGH,NONE,UNCHANGED,HIGH,NONE,LOW,6.0,MEDIUM,0,0.003561869197841581,0.0034,openssl,openssl,['CWE-787'],['cpe:2.3:a:openssl:openssl:*:*:*:*:*:*:*:*'],1,4
CVE-2023-10162,Privilege escalation via authenticated extension loading in postgresql postgresql component.,2022-10-20T00:00:00+00:00,2022-11-26T00:00:00+00:00,3.1,CVSS:3.1/AV:N/AC:L/PR:H/UI:N/S:U/C:N/I:L/A:N,NETWORK,LOW,HIGH,NONE,UNCHANGED,NONE,LOW,NONE,7.6,HIGH,0,0.10166479614349236,0.0966,postgresql,postgresql,['CWE-20'],['cpe:2.3:a:postgresql:postgresql:*:*:*:*:*:*:*:*'],1,4
CVE-2022-10163,Integer overflow in HTTP request header processing in nginx nginx component.,2025-03-14T00:00:00+00:00,2025-04-21T00:00:00+00:00,3.1,CVSS:3.1/AV:N/AC:L/PR:L/UI:N/S:C/C:L/I:L/A:H,NETWORK,LOW,LOW,NONE,CHANGED,LOW,LOW,HIGH,9.0,CRITICAL,0,0.019639310475048542,0.0187,nginx,nginx,['CWE-787'],['cpe:2.3:a:nginx:nginx:*:*:*:*:*:*:*:*'],1,2
CVE-2024-10164,Remote code execution via unsafe deserialization in spring spring_framework component.,2022-07-13T00:00:00+00:00,2022-08-07T00:00:00+00:00,3.1,CVSS:3.1/AV:N/AC:H/PR:N/UI:R/S:C/C:H/I:N/A:N,NETWORK,HIGH,NONE,REQUIRED,CHANGED,HIGH,NONE,NONE,8.0,HIGH,0,0.04393481278661357,0.0417,spring,spring_framework,['CWE-200'],['cpe:2.3:a:spring:spring_framework:*:*:*:*:*:*:*:*'],1,5
CVE-2022-10165,Privilege escalation via authenticated extension loading in postgresql postgresql component.,2024-06-05T00:00:00+00:00,2024-08-26T00:00:00+00:00,3.1,CVSS:3.1/AV:P/AC:H/PR:H/UI:R/S:U/C:L/I:H/A:N,PHYSICAL,HIGH,HIGH,REQUIRED,UNCHANGED,LOW,HIGH,NONE,3.7,LOW,0,0.05313122444576426,0.0505,postgresql,postgresql,['CWE-89'],['cpe:2.3:a:postgresql:postgresql:*:*:*:*:*:*:*:*'],1,2
CVE-2023-10166,Integer overflow in HTTP request header processing in nginx nginx component.,2022-05-24T00:00:00+00:00,2022-05-25T00:00:00+00:00,3.1,CVSS:3.1/AV:L/AC:H/PR:N/UI:R/S:C/C:L/I:L/A:H,LOCAL,HIGH,NONE,REQUIRED,CHANGED,LOW,LOW,HIGH,6.6,MEDIUM,0,0.014560423584289429,0.0138,nginx,nginx,['CWE-20'],['cpe:2.3:a:nginx:nginx:*:*:*:*:*:*:*:*'],1,3
CVE-2026-10167,Unauthenticated remote code execution in query optimizer in oracle mysql component.,2022-04-29T00:00:00+00:00,2022-05-07T00:00:00+00:00,3.1,CVSS:3.1/AV:N/AC:H/PR:L/UI:N/S:C/C:H/I:H/A:H,NETWORK,HIGH,LOW,NONE,CHANGED,HIGH,HIGH,HIGH,9.6,CRITICAL,0,0.0900233254122403,0.0855,oracle,mysql,['CWE-79'],['cpe:2.3:a:oracle:mysql:*:*:*:*:*:*:*:*'],1,3
CVE-2025-10168,Unauthenticated remote code execution in query optimizer in oracle mysql component.,2022-03-29T00:00:00+00:00,2022-04-27T00:00:00+00:00,3.1,CVSS:3.1/AV:A/AC:H/PR:N/UI:R/S:C/C:L/I:H/A:H,ADJACENT_NETWORK,HIGH,NONE,REQUIRED,CHANGED,LOW,HIGH,HIGH,8.7,HIGH,0,0.03140420958683054,0.0298,oracle,mysql,['CWE-787'],['cpe:2.3:a:oracle:mysql:*:*:*:*:*:*:*:*'],1,5
CVE-2022-10169,Privilege escalation via authenticated extension loading in postgresql postgresql component.,2024-10-25T00:00:00+00:00,2025-01-10T00:00:00+00:00,3.1,CVSS:3.1/AV:N/AC:H/PR:H/UI:R/S:U/C:H/I:N/A:N,NETWORK,HIGH,HIGH,REQUIRED,UNCHANGED,HIGH,NONE,NONE,6.7,MEDIUM,0,0.022177298042875507,0.0211,postgresql,postgresql,['CWE-119'],['cpe:2.3:a:postgresql:postgresql:*:*:*:*:*:*:*:*'],1,5
CVE-2022-10170,Remote code execution via unsafe deserialization in spring spring_framework component.,2021-12-03T00:00:00+00:00,2022-01-14T00:00:00+00:00,3.1,CVSS:3.1/AV:P/AC:L/PR:H/UI:N/S:C/C:N/I:H/A:L,PHYSICAL,LOW,HIGH,NONE,CHANGED,NONE,HIGH,LOW,6.2,MEDIUM,0,0.007878108010752848,0.0075,spring,spring_framework,['CWE-20'],['cpe:2.3:a:spring:spring_framework:*:*:*:*:*:*:*:*'],1,4
CVE-2025-10171,Command injection in management web interface in paloalto pan-os component.,2023-05-01T00:00:00+00:00,2023-06-29T00:00:00+00:00,3.1,CVSS:3.1/AV:N/AC:H/PR:H/UI:R/S:U/C:L/I:L/A:N,NETWORK,HIGH,HIGH,REQUIRED,UNCHANGED,LOW,LOW,NONE,5.4,MEDIUM,0,0.1900769192885093,0.1806,paloalto,pan-os,['CWE-119'],['cpe:2.3:a:paloalto:pan-os:*:*:*:*:*:*:*:*'],1,5
CVE-2021-10172,Denial of service via HTTP/2 frame flooding in apache http_server component.,2023-05-18T00:00:00+00:00,2023-07-02T00:00:00+00:00,3.1,CVSS:3.1/AV:N/AC:L/PR:N/UI:R/S:U/C:L/I:L/A:N,NETWORK,LOW,NONE,REQUIRED,UNCHANGED,LOW,LOW,NONE,8.0,HIGH,0,0.5223135247285154,0.4962,apache,http_server,['CWE-416'],['cpe:2.3:a:apache:http_server:*:*:*:*:*:*:*:*'],1,3
CVE-2024-10173,Remote code execution in Kerberos authentication service in microsoft windows_server component.,2025-11-16T00:00:00+00:00,2026-01-04T00:00:00+00:00,3.1,CVSS:3.1/AV:P/AC:L/PR:H/UI:N/S:C/C:N/I:N/A:H,PHYSICAL,LOW,HIGH,NONE,CHANGED,NONE,NONE,HIGH,6.5,MEDIUM,0,0.0002321851856788273,0.0002,microsoft,windows_server,['CWE-416'],['cpe:2.3:a:microsoft:windows_server:*:*:*:*:*:*:*:*'],1,5
CVE-2026-10174,Command injection in management web interface in paloalto pan-os component.,2022-04-02T00:00:00+00:00,2022-04-03T00:00:00+00:00,3.1,CVSS:3.1/AV:N/AC:H/PR:L/UI:R/S:C/C:N/I:N/A:L,NETWORK,HIGH,LOW,REQUIRED,CHANGED,NONE,NONE,LOW,6.0,MEDIUM,0,0.17198245215223848,0.1634,paloalto,pan-os,['CWE-269'],['cpe:2.3:a:paloalto:pan-os:*:*:*:*:*:*:*:*'],1,2
CVE-2022-10175,Use-after-free vulnerability in eBPF subsystem in linux linux_kernel component.,2025-11-28T00:00:00+00:00,2025-12-13T00:00:00+00:00,3.1,CVSS:3.1/AV:N/AC:H/PR:H/UI:N/S:U/C:N/I:N/A:N,NETWORK,HIGH,HIGH,NONE,UNCHANGED,NONE,NONE,NONE,5.9,MEDIUM,0,0.00248510796710836,0.0024,linux,linux_kernel,['CWE-20'],['cpe:2.3:a:linux:linux_kernel:*:*:*:*:*:*:*:*'],1,4
CVE-2026-10176,Out-of-bounds memory access in V8 JavaScript engine in google chrome component.,2024-12-11T00:00:00+00:00,2024-12-18T00:00:00+00:00,3.1,CVSS:3.1/AV:A/AC:L/PR:L/UI:R/S:U/C:H/I:N/A:N,ADJACENT_NETWORK,LOW,LOW,REQUIRED,UNCHANGED,HIGH,NONE,NONE,6.9,MEDIUM,0,0.001427211813915423,0.0014,google,chrome,['CWE-89'],['cpe:2.3:a:google:chrome:*:*:*:*:*:*:*:*'],1,5
CVE-2022-10177,Use-after-free vulnerability in eBPF subsystem in linux linux_kernel component.,2025-07-29T00:00:00+00:00,2025-10-11T00:00:00+00:00,3.1,CVSS:3.1/AV:L/AC:H/PR:N/UI:R/S:U/C:H/I:H/A:N,LOCAL,HIGH,NONE,REQUIRED,UNCHANGED,HIGH,HIGH,NONE,6.8,MEDIUM,0,0.05389771660690897,0.0512,linux,linux_kernel,['CWE-416'],['cpe:2.3:a:linux:linux_kernel:*:*:*:*:*:*:*:*'],1,3
CVE-2021-10178,Use-after-free vulnerability in eBPF subsystem in linux linux_kernel component.,2024-02-15T00:00:00+00:00,2024-05-01T00:00:00+00:00,3.1,CVSS:3.1/AV:A/AC:H/PR:H/UI:R/S:U/C:L/I:H/A:H,ADJACENT_NETWORK,HIGH,HIGH,REQUIRED,UNCHANGED,LOW,HIGH,HIGH,6.5,MEDIUM,0,0.23514350842627585,0.2234,linux,linux_kernel,['CWE-416'],['cpe:2.3:a:linux:linux_kernel:*:*:*:*:*:*:*:*'],1,5
CVE-2026-10179,Unauthenticated remote code execution in query optimizer in oracle mysql component.,2023-05-03T00:00:00+00:00,2023-06-25T00:00:00+00:00,3.1,CVSS:3.1/AV:A/AC:H/PR:L/UI:N/S:C/C:N/I:N/A:L,ADJACENT_NETWORK,HIGH,LOW,NONE,CHANGED,NONE,NONE,LOW,5.6,MEDIUM,0,0.057581764228857,0.0547,oracle,mysql,['CWE-89'],['cpe:2.3:a:oracle:mysql:*:*:*:*:*:*:*:*'],1,4
CVE-2025-10180,Buffer overflow in TLS handshake parser in openssl openssl component.,2023-04-26T00:00:00+00:00,2023-06-19T00:00:00+00:00,3.1,CVSS:3.1/AV:A/AC:H/PR:N/UI:R/S:U/C:L/I:H/A:N,ADJACENT_NETWORK,HIGH,NONE,REQUIRED,UNCHANGED,LOW,HIGH,NONE,7.1,HIGH,0,0.14315928884128815,0.136,openssl,openssl,['CWE-787'],['cpe:2.3:a:openssl:openssl:*:*:*:*:*:*:*:*'],1,3
CVE-2025-10181,Denial of service via HTTP/2 frame flooding in apache http_server component.,2025-01-23T00:00:00+00:00,2025-02-17T00:00:00+00:00,3.1,CVSS:3.1/AV:N/AC:H/PR:L/UI:N/S:U/C:N/I:H/A:H,NETWORK,HIGH,LOW,NONE,UNCHANGED,NONE,HIGH,HIGH,8.1,HIGH,0,0.0721196362346691,0.0685,apache,http_server,['CWE-119'],['cpe:2.3:a:apache:http_server:*:*:*:*:*:*:*:*'],1,4
CVE-2023-10182,Privilege escalation via authenticated extension loading in postgresql postgresql component.,2022-09-13T00:00:00+00:00,2022-09-15T00:00:00+00:00,3.1,CVSS:3.1/AV:A/AC:L/PR:H/UI:N/S:C/C:N/I:H/A:H,ADJACENT_NETWORK,LOW,HIGH,NONE,CHANGED,NONE,HIGH,HIGH,8.9,HIGH,0,0.10788287378672673,0.1025,postgresql,postgresql,['CWE-119'],['cpe:2.3:a:postgresql:postgresql:*:*:*:*:*:*:*:*'],1,4
CVE-2025-10183,Privilege escalation via authenticated extension loading in postgresql postgresql component.,2022-10-21T00:00:00+00:00,2022-11-27T00:00:00+00:00,3.1,CVSS:3.1/AV:P/AC:H/PR:H/UI:R/S:C/C:L/I:L/A:H,PHYSICAL,HIGH,HIGH,REQUIRED,CHANGED,LOW,LOW,HIGH,4.3,MEDIUM,0,0.49294854738961597,0.4683,postgresql,postgresql,['CWE-787'],['cpe:2.3:a:postgresql:postgresql:*:*:*:*:*:*:*:*'],1,4
CVE-2026-10184,Denial of service via HTTP/2 frame flooding in apache http_server component.,2023-08-20T00:00:00+00:00,2023-09-30T00:00:00+00:00,3.1,CVSS:3.1/AV:A/AC:H/PR:L/UI:R/S:U/C:H/I:N/A:H,ADJACENT_NETWORK,HIGH,LOW,REQUIRED,UNCHANGED,HIGH,NONE,HIGH,6.6,MEDIUM,0,0.006949721041833378,0.0066,apache,http_server,['CWE-89'],['cpe:2.3:a:apache:http_server:*:*:*:*:*:*:*:*'],1,1
CVE-2025-10185,Use-after-free vulnerability in eBPF subsystem in linux linux_kernel component.,2024-04-11T00:00:00+00:00,2024-06-25T00:00:00+00:00,3.1,CVSS:3.1/AV:P/AC:H/PR:N/UI:N/S:C/C:N/I:L/A:H,PHYSICAL,HIGH,NONE,NONE,CHANGED,NONE,LOW,HIGH,7.0,HIGH,0,0.01520668658874952,0.0144,linux,linux_kernel,['CWE-119'],['cpe:2.3:a:linux:linux_kernel:*:*:*:*:*:*:*:*'],1,4
CVE-2026-10186,Remote code execution via unsafe deserialization in spring spring_framework component.,2024-11-03T00:00:00+00:00,2024-12-17T00:00:00+00:00,3.1,CVSS:3.1/AV:L/AC:H/PR:H/UI:R/S:C/C:N/I:H/A:L,LOCAL,HIGH,HIGH,REQUIRED,CHANGED,NONE,HIGH,LOW,5.1,MEDIUM,0,0.47821888508258603,0.4543,spring,spring_framework,['CWE-89'],['cpe:2.3:a:spring:spring_framework:*:*:*:*:*:*:*:*'],1,2
CVE-2024-10187,Remote code execution via unsafe deserialization in spring spring_framework component.,2022-01-12T00:00:00+00:00,2022-03-23T00:00:00+00:00,3.1,CVSS:3.1/AV:N/AC:L/PR:N/UI:N/S:U/C:L/I:N/A:H,NETWORK,LOW,NONE,NONE,UNCHANGED,LOW,NONE,HIGH,9.1,CRITICAL,1,0.45706927437710554,0.4342,spring,spring_framework,['CWE-89'],['cpe:2.3:a:spring:spring_framework:*:*:*:*:*:*:*:*'],1,1
CVE-2025-10188,Privilege escalation via authenticated extension loading in postgresql postgresql component.,2023-07-23T00:00:00+00:00,2023-09-09T00:00:00+00:00,3.1,CVSS:3.1/AV:N/AC:H/PR:H/UI:R/S:U/C:N/I:H/A:H,NETWORK,HIGH,HIGH,REQUIRED,UNCHANGED,NONE,HIGH,HIGH,7.7,HIGH,0,0.08610192330412669,0.0818,postgresql,postgresql,['CWE-416'],['cpe:2.3:a:postgresql:postgresql:*:*:*:*:*:*:*:*'],1,1
CVE-2025-10189,Buffer overflow in TLS handshake parser in openssl openssl component.,2025-01-19T00:00:00+00:00,2025-02-24T00:00:00+00:00,3.1,CVSS:3.1/AV:L/AC:L/PR:H/UI:R/S:U/C:N/I:N/A:H,LOCAL,LOW,HIGH,REQUIRED,UNCHANGED,NONE,NONE,HIGH,5.8,MEDIUM,0,0.013106330426303341,0.0125,openssl,openssl,['CWE-89'],['cpe:2.3:a:openssl:openssl:*:*:*:*:*:*:*:*'],1,2
CVE-2025-10190,Privilege escalation via authenticated extension loading in postgresql postgresql component.,2023-12-15T00:00:00+00:00,2024-01-17T00:00:00+00:00,3.1,CVSS:3.1/AV:L/AC:H/PR:L/UI:N/S:C/C:L/I:L/A:H,LOCAL,HIGH,LOW,NONE,CHANGED,LOW,LOW,HIGH,6.2,MEDIUM,0,0.02377986200016201,0.0226,postgresql,postgresql,['CWE-119'],['cpe:2.3:a:postgresql:postgresql:*:*:*:*:*:*:*:*'],1,2
CVE-2026-10191,Use-after-free vulnerability in eBPF subsystem in linux linux_kernel component.,2025-08-23T00:00:00+00:00,2025-09-03T00:00:00+00:00,3.1,CVSS:3.1/AV:N/AC:L/PR:L/UI:R/S:C/C:H/I:L/A:N,NETWORK,LOW,LOW,REQUIRED,CHANGED,HIGH,LOW,NONE,7.7,HIGH,0,0.0018035407660810777,0.0017,linux,linux_kernel,['CWE-20'],['cpe:2.3:a:linux:linux_kernel:*:*:*:*:*:*:*:*'],1,2
CVE-2024-10192,Denial of service via HTTP/2 frame flooding in apache http_server component.,2025-09-28T00:00:00+00:00,2025-11-23T00:00:00+00:00,3.1,CVSS:3.1/AV:L/AC:L/PR:H/UI:N/S:U/C:N/I:H/A:H,LOCAL,LOW,HIGH,NONE,UNCHANGED,NONE,HIGH,HIGH,7.7,HIGH,0,0.030528538023019188,0.029,apache,http_server,['CWE-787'],['cpe:2.3:a:apache:http_server:*:*:*:*:*:*:*:*'],1,3
CVE-2021-10193,Buffer overflow in TLS handshake parser in openssl openssl component.,2024-11-02T00:00:00+00:00,2024-12-08T00:00:00+00:00,3.1,CVSS:3.1/AV:N/AC:L/PR:L/UI:N/S:U/C:H/I:N/A:H,NETWORK,LOW,LOW,NONE,UNCHANGED,HIGH,NONE,HIGH,9.4,CRITICAL,0,0.21280949680095249,0.2022,openssl,openssl,['CWE-79'],['cpe:2.3:a:openssl:openssl:*:*:*:*:*:*:*:*'],1,3
CVE-2025-10194,Command injection in management web interface in paloalto pan-os component.,2022-05-08T00:00:00+00:00,2022-07-20T00:00:00+00:00,3.1,CVSS:3.1/AV:P/AC:H/PR:L/UI:N/S:U/C:H/I:H/A:L,PHYSICAL,HIGH,LOW,NONE,UNCHANGED,HIGH,HIGH,LOW,5.7,MEDIUM,0,0.0784877493708327,0.0746,paloalto,pan-os,['CWE-20'],['cpe:2.3:a:paloalto:pan-os:*:*:*:*:*:*:*:*'],1,1
CVE-2022-10195,Remote code execution in Kerberos authentication service in microsoft windows_server component.,2025-09-14T00:00:00+00:00,2025-09-24T00:00:00+00:00,3.1,CVSS:3.1/AV:L/AC:H/PR:L/UI:N/S:C/C:L/I:L/A:N,LOCAL,HIGH,LOW,NONE,CHANGED,LOW,LOW,NONE,5.3,MEDIUM,0,0.06341555914507348,0.0602,microsoft,windows_server,['CWE-269'],['cpe:2.3:a:microsoft:windows_server:*:*:*:*:*:*:*:*'],1,5
CVE-2024-10196,Remote code execution in Kerberos authentication service in microsoft windows_server component.,2022-01-16T00:00:00+00:00,2022-04-14T00:00:00+00:00,3.1,CVSS:3.1/AV:P/AC:L/PR:H/UI:R/S:U/C:H/I:N/A:N,PHYSICAL,LOW,HIGH,REQUIRED,UNCHANGED,HIGH,NONE,NONE,5.2,MEDIUM,0,0.2747170362212205,0.261,microsoft,windows_server,['CWE-200'],['cpe:2.3:a:microsoft:windows_server:*:*:*:*:*:*:*:*'],1,2
CVE-2026-10197,Remote code execution in Kerberos authentication service in microsoft windows_server component.,2025-05-25T00:00:00+00:00,2025-08-15T00:00:00+00:00,3.1,CVSS:3.1/AV:A/AC:H/PR:L/UI:R/S:U/C:N/I:N/A:L,ADJACENT_NETWORK,HIGH,LOW,REQUIRED,UNCHANGED,NONE,NONE,LOW,4.2,MEDIUM,0,0.005435201828120935,0.0052,microsoft,windows_server,['CWE-787'],['cpe:2.3:a:microsoft:windows_server:*:*:*:*:*:*:*:*'],1,3
CVE-2021-10198,Use-after-free vulnerability in eBPF subsystem in linux linux_kernel component.,2021-09-29T00:00:00+00:00,2021-10-11T00:00:00+00:00,3.1,CVSS:3.1/AV:A/AC:H/PR:L/UI:R/S:U/C:N/I:N/A:L,ADJACENT_NETWORK,HIGH,LOW,REQUIRED,UNCHANGED,NONE,NONE,LOW,4.9,MEDIUM,0,0.01715585754413366,0.0163,linux,linux_kernel,['CWE-79'],['cpe:2.3:a:linux:linux_kernel:*:*:*:*:*:*:*:*'],1,5
CVE-2023-10199,Out-of-bounds memory access in V8 JavaScript engine in google chrome component.,2025-11-04T00:00:00+00:00,2025-12-24T00:00:00+00:00,3.1,CVSS:3.1/AV:N/AC:H/PR:L/UI:R/S:U/C:H/I:H/A:N,NETWORK,HIGH,LOW,REQUIRED,UNCHANGED,HIGH,HIGH,NONE,7.5,HIGH,0,0.09641739555190394,0.0916,google,chrome,['CWE-89'],['cpe:2.3:a:google:chrome:*:*:*:*:*:*:*:*'],1,4
CVE-2022-10200,Command injection in management web interface in paloalto pan-os component.,2022-07-05T00:00:00+00:00,2022-08-13T00:00:00+00:00,3.1,CVSS:3.1/AV:L/AC:H/PR:N/UI:N/S:U/C:L/I:L/A:L,LOCAL,HIGH,NONE,NONE,UNCHANGED,LOW,LOW,LOW,5.9,MEDIUM,0,0.03645182338423816,0.0346,paloalto,pan-os,['CWE-200'],['cpe:2.3:a:paloalto:pan-os:*:*:*:*:*:*:*:*'],1,4
CVE-2023-10201,Denial of service via HTTP/2 frame flooding in apache http_server component.,2022-05-31T00:00:00+00:00,2022-07-02T00:00:00+00:00,3.1,CVSS:3.1/AV:P/AC:L/PR:L/UI:N/S:U/C:L/I:N/A:L,PHYSICAL,LOW,LOW,NONE,UNCHANGED,LOW,NONE,LOW,4.4,MEDIUM,0,0.0027816683417748625,0.0026,apache,http_server,['CWE-269'],['cpe:2.3:a:apache:http_server:*:*:*:*:*:*:*:*'],1,5
CVE-2023-10202,Remote code execution in Kerberos authentication service in microsoft windows_server component.,2023-06-21T00:00:00+00:00,2023-08-03T00:00:00+00:00,3.1,CVSS:3.1/AV:P/AC:L/PR:L/UI:R/S:U/C:L/I:L/A:N,PHYSICAL,LOW,LOW,REQUIRED,UNCHANGED,LOW,LOW,NONE,4.1,MEDIUM,0,0.25300077758698725,0.2404,microsoft,windows_server,['CWE-416'],['cpe:2.3:a:microsoft:windows_server:*:*:*:*:*:*:*:*'],1,3
CVE-2026-10203,Use-after-free vulnerability in eBPF subsystem in linux linux_kernel component.,2024-11-24T00:00:00+00:00,2025-02-14T00:00:00+00:00,3.1,CVSS:3.1/AV:P/AC:L/PR:L/UI:R/S:C/C:L/I:L/A:N,PHYSICAL,LOW,LOW,REQUIRED,CHANGED,LOW,LOW,NONE,4.8,MEDIUM,0,0.0005873237931059191,0.0006,linux,linux_kernel,['CWE-119'],['cpe:2.3:a:linux:linux_kernel:*:*:*:*:*:*:*:*'],1,5
CVE-2022-10204,Remote code execution via unsafe deserialization in spring spring_framework component.,2024-10-28T00:00:00+00:00,2025-01-07T00:00:00+00:00,3.1,CVSS:3.1/AV:N/AC:H/PR:H/UI:N/S:C/C:L/I:H/A:N,NETWORK,HIGH,HIGH,NONE,CHANGED,LOW,HIGH,NONE,7.9,HIGH,0,0.00013770679967637842,0.0001,spring,spring_framework,['CWE-416'],['cpe:2.3:a:spring:spring_framework:*:*:*:*:*:*:*:*'],1,4
CVE-2026-10205,Command injection in management web interface in paloalto pan-os component.,2022-09-13T00:00:00+00:00,2022-10-14T00:00:00+00:00,3.1,CVSS:3.1/AV:L/AC:L/PR:H/UI:R/S:C/C:N/I:L/A:H,LOCAL,LOW,HIGH,REQUIRED,CHANGED,NONE,LOW,HIGH,5.7,MEDIUM,0,0.19531174364591322,0.1855,paloalto,pan-os,['CWE-787'],['cpe:2.3:a:paloalto:pan-os:*:*:*:*:*:*:*:*'],1,5
CVE-2025-10206,Remote code execution in Kerberos authentication service in microsoft windows_server component.,2023-11-04T00:00:00+00:00,2024-02-01T00:00:00+00:00,3.1,CVSS:3.1/AV:P/AC:L/PR:L/UI:N/S:U/C:N/I:H/A:H,PHYSICAL,LOW,LOW,NONE,UNCHANGED,NONE,HIGH,HIGH,6.1,MEDIUM,0,0.10604030568175436,0.1007,microsoft,windows_server,['CWE-269'],['cpe:2.3:a:microsoft:windows_server:*:*:*:*:*:*:*:*'],1,2
CVE-2021-10207,Out-of-bounds memory access in V8 JavaScript engine in google chrome component.,2024-02-28T00:00:00+00:00,2024-05-21T00:00:00+00:00,3.1,CVSS:3.1/AV:P/AC:H/PR:L/UI:N/S:U/C:N/I:L/A:N,PHYSICAL,HIGH,LOW,NONE,UNCHANGED,NONE,LOW,NONE,4.2,MEDIUM,0,0.0185293453815659,0.0176,google,chrome,['CWE-119'],['cpe:2.3:a:google:chrome:*:*:*:*:*:*:*:*'],1,4
CVE-2024-10208,Unauthenticated remote code execution in query optimizer in oracle mysql component.,2023-08-07T00:00:00+00:00,2023-11-02T00:00:00+00:00,3.1,CVSS:3.1/AV:A/AC:H/PR:N/UI:R/S:U/C:L/I:L/A:N,ADJACENT_NETWORK,HIGH,NONE,REQUIRED,UNCHANGED,LOW,LOW,NONE,5.4,MEDIUM,0,0.010799594070908946,0.0103,oracle,mysql,['CWE-79'],['cpe:2.3:a:oracle:mysql:*:*:*:*:*:*:*:*'],1,2
CVE-2023-10209,Unauthenticated remote code execution in query optimizer in oracle mysql component.,2022-12-04T00:00:00+00:00,2023-02-01T00:00:00+00:00,3.1,CVSS:3.1/AV:A/AC:H/PR:L/UI:R/S:U/C:L/I:H/A:H,ADJACENT_NETWORK,HIGH,LOW,REQUIRED,UNCHANGED,LOW,HIGH,HIGH,6.4,MEDIUM,0,0.09352208668713868,0.0888,oracle,mysql,['CWE-787'],['cpe:2.3:a:oracle:mysql:*:*:*:*:*:*:*:*'],1,3
CVE-2023-10210,Denial of service via HTTP/2 frame flooding in apache http_server component.,2021-04-02T00:00:00+00:00,2021-04-17T00:00:00+00:00,3.1,CVSS:3.1/AV:N/AC:H/PR:H/UI:N/S:U/C:H/I:N/A:H,NETWORK,HIGH,HIGH,NONE,UNCHANGED,HIGH,NONE,HIGH,8.6,HIGH,1,0.016049369862688276,0.0152,apache,http_server,['CWE-89'],['cpe:2.3:a:apache:http_server:*:*:*:*:*:*:*:*'],1,3
CVE-2024-10211,Remote code execution via unsafe deserialization in spring spring_framework component.,2023-08-05T00:00:00+00:00,2023-09-04T00:00:00+00:00,3.1,CVSS:3.1/AV:P/AC:L/PR:N/UI:R/S:C/C:N/I:H/A:H,PHYSICAL,LOW,NONE,REQUIRED,CHANGED,NONE,HIGH,HIGH,7.9,HIGH,0,0.12891266339355334,0.1225,spring,spring_framework,['CWE-119'],['cpe:2.3:a:spring:spring_framework:*:*:*:*:*:*:*:*'],1,4
CVE-2024-10212,Out-of-bounds memory access in V8 JavaScript engine in google chrome component.,2023-03-08T00:00:00+00:00,2023-03-09T00:00:00+00:00,3.1,CVSS:3.1/AV:A/AC:L/PR:L/UI:N/S:U/C:H/I:N/A:L,ADJACENT_NETWORK,LOW,LOW,NONE,UNCHANGED,HIGH,NONE,LOW,7.5,HIGH,0,0.00675453853634897,0.0064,google,chrome,['CWE-269'],['cpe:2.3:a:google:chrome:*:*:*:*:*:*:*:*'],1,2
CVE-2021-10213,Integer overflow in HTTP request header processing in nginx nginx component.,2022-06-22T00:00:00+00:00,2022-09-16T00:00:00+00:00,3.1,CVSS:3.1/AV:P/AC:H/PR:H/UI:R/S:C/C:H/I:N/A:L,PHYSICAL,HIGH,HIGH,REQUIRED,CHANGED,HIGH,NONE,LOW,4.4,MEDIUM,0,0.0006123679955283636,0.0006,nginx,nginx,['CWE-269'],['cpe:2.3:a:nginx:nginx:*:*:*:*:*:*:*:*'],1,4
CVE-2022-10214,Out-of-bounds memory access in V8 JavaScript engine in google chrome component.,2025-07-25T00:00:00+00:00,2025-10-20T00:00:00+00:00,3.1,CVSS:3.1/AV:L/AC:L/PR:H/UI:N/S:C/C:N/I:N/A:L,LOCAL,LOW,HIGH,NONE,CHANGED,NONE,NONE,LOW,5.9,MEDIUM,0,0.0004263955992058512,0.0004,google,chrome,['CWE-79'],['cpe:2.3:a:google:chrome:*:*:*:*:*:*:*:*'],1,2
CVE-2026-10215,Unauthenticated remote code execution in query optimizer in oracle mysql component.,2021-10-17T00:00:00+00:00,2021-12-22T00:00:00+00:00,3.1,CVSS:3.1/AV:P/AC:H/PR:H/UI:N/S:C/C:L/I:N/A:L,PHYSICAL,HIGH,HIGH,NONE,CHANGED,LOW,NONE,LOW,4.2,MEDIUM,0,0.16263570107458047,0.1545,oracle,mysql,['CWE-89'],['cpe:2.3:a:oracle:mysql:*:*:*:*:*:*:*:*'],1,5
CVE-2024-10216,Command injection in management web interface in paloalto pan-os component.,2022-08-15T00:00:00+00:00,2022-09-02T00:00:00+00:00,3.1,CVSS:3.1/AV:A/AC:H/PR:L/UI:N/S:C/C:N/I:L/A:N,ADJACENT_NETWORK,HIGH,LOW,NONE,CHANGED,NONE,LOW,NONE,5.8,MEDIUM,0,0.040510917803197766,0.0385,paloalto,pan-os,['CWE-119'],['cpe:2.3:a:paloalto:pan-os:*:*:*:*:*:*:*:*'],1,4
CVE-2025-10217,Remote code execution via unsafe deserialization in spring spring_framework component.,2024-08-30T00:00:00+00:00,2024-11-02T00:00:00+00:00,3.1,CVSS:3.1/AV:P/AC:H/PR:L/UI:R/S:C/C:N/I:N/A:H,PHYSICAL,HIGH,LOW,REQUIRED,CHANGED,NONE,NONE,HIGH,5.0,MEDIUM,0,0.025021677514981033,0.0238,spring,spring_framework,['CWE-20'],['cpe:2.3:a:spring:spring_framework:*:*:*:*:*:*:*:*'],1,2
CVE-2021-10218,Use-after-free vulnerability in eBPF subsystem in linux linux_kernel component.,2022-07-17T00:00:00+00:00,2022-08-15T00:00:00+00:00,3.1,CVSS:3.1/AV:L/AC:L/PR:L/UI:R/S:U/C:H/I:N/A:L,LOCAL,LOW,LOW,REQUIRED,UNCHANGED,HIGH,NONE,LOW,5.6,MEDIUM,0,0.0012088455875402708,0.0011,linux,linux_kernel,['CWE-269'],['cpe:2.3:a:linux:linux_kernel:*:*:*:*:*:*:*:*'],1,5
CVE-2026-10219,Buffer overflow in TLS handshake parser in openssl openssl component.,2023-06-23T00:00:00+00:00,2023-09-01T00:00:00+00:00,3.1,CVSS:3.1/AV:A/AC:H/PR:N/UI:N/S:C/C:N/I:L/A:L,ADJACENT_NETWORK,HIGH,NONE,NONE,CHANGED,NONE,LOW,LOW,6.7,MEDIUM,0,0.09890876249443636,0.094,openssl,openssl,['CWE-269'],['cpe:2.3:a:openssl:openssl:*:*:*:*:*:*:*:*'],1,1
CVE-2021-10220,Integer overflow in HTTP request header processing in nginx nginx component.,2025-05-08T00:00:00+00:00,2025-06-08T00:00:00+00:00,3.1,CVSS:3.1/AV:A/AC:H/PR:H/UI:R/S:U/C:H/I:N/A:N,ADJACENT_NETWORK,HIGH,HIGH,REQUIRED,UNCHANGED,HIGH,NONE,NONE,5.8,MEDIUM,0,0.05030207506548431,0.0478,nginx,nginx,['CWE-119'],['cpe:2.3:a:nginx:nginx:*:*:*:*:*:*:*:*'],1,1
CVE-2023-10221,Out-of-bounds memory access in V8 JavaScript engine in google chrome component.,2023-12-27T00:00:00+00:00,2024-02-01T00:00:00+00:00,3.1,CVSS:3.1/AV:A/AC:H/PR:H/UI:R/S:C/C:H/I:L/A:H,ADJACENT_NETWORK,HIGH,HIGH,REQUIRED,CHANGED,HIGH,LOW,HIGH,7.2,HIGH,0,0.013974466154282389,0.0133,google,chrome,['CWE-79'],['cpe:2.3:a:google:chrome:*:*:*:*:*:*:*:*'],1,2
CVE-2021-10222,Remote code execution in Kerberos authentication service in microsoft windows_server component.,2022-07-22T00:00:00+00:00,2022-10-14T00:00:00+00:00,3.1,CVSS:3.1/AV:A/AC:L/PR:N/UI:N/S:C/C:N/I:H/A:L,ADJACENT_NETWORK,LOW,NONE,NONE,CHANGED,NONE,HIGH,LOW,9.1,CRITICAL,0,0.10270472594850232,0.0976,microsoft,windows_server,['CWE-787'],['cpe:2.3:a:microsoft:windows_server:*:*:*:*:*:*:*:*'],1,2
CVE-2026-10223,Out-of-bounds memory access in V8 JavaScript engine in google chrome component.,2022-07-05T00:00:00+00:00,2022-09-24T00:00:00+00:00,3.1,CVSS:3.1/AV:P/AC:H/PR:L/UI:N/S:U/C:L/I:H/A:H,PHYSICAL,HIGH,LOW,NONE,UNCHANGED,LOW,HIGH,HIGH,5.9,MEDIUM,0,0.01500488772548678,0.0143,google,chrome,['CWE-200'],['cpe:2.3:a:google:chrome:*:*:*:*:*:*:*:*'],1,3
CVE-2024-10224,Integer overflow in HTTP request header processing in nginx nginx component.,2022-11-02T00:00:00+00:00,2023-01-16T00:00:00+00:00,3.1,CVSS:3.1/AV:N/AC:L/PR:H/UI:R/S:C/C:N/I:H/A:L,NETWORK,LOW,HIGH,REQUIRED,CHANGED,NONE,HIGH,LOW,8.1,HIGH,1,0.05445846512868675,0.0517,nginx,nginx,['CWE-416'],['cpe:2.3:a:nginx:nginx:*:*:*:*:*:*:*:*'],1,2
CVE-2023-10225,Integer overflow in HTTP request header processing in nginx nginx component.,2022-10-24T00:00:00+00:00,2022-11-30T00:00:00+00:00,3.1,CVSS:3.1/AV:L/AC:L/PR:H/UI:R/S:C/C:H/I:N/A:N,LOCAL,LOW,HIGH,REQUIRED,CHANGED,HIGH,NONE,NONE,6.6,MEDIUM,0,0.06166684745284438,0.0586,nginx,nginx,['CWE-79'],['cpe:2.3:a:nginx:nginx:*:*:*:*:*:*:*:*'],1,4
CVE-2021-10226,Buffer overflow in TLS handshake parser in openssl openssl component.,2025-10-23T00:00:00+00:00,2025-11-13T00:00:00+00:00,3.1,CVSS:3.1/AV:P/AC:H/PR:N/UI:R/S:U/C:H/I:N/A:H,PHYSICAL,HIGH,NONE,REQUIRED,UNCHANGED,HIGH,NONE,HIGH,6.2,MEDIUM,0,0.00012622607138775032,0.0001,openssl,openssl,['CWE-200'],['cpe:2.3:a:openssl:openssl:*:*:*:*:*:*:*:*'],1,2
CVE-2021-10227,Use-after-free vulnerability in eBPF subsystem in linux linux_kernel component.,2024-09-02T00:00:00+00:00,2024-10-19T00:00:00+00:00,3.1,CVSS:3.1/AV:L/AC:L/PR:L/UI:N/S:U/C:L/I:H/A:L,LOCAL,LOW,LOW,NONE,UNCHANGED,LOW,HIGH,LOW,6.6,MEDIUM,0,0.21774732255473697,0.2069,linux,linux_kernel,['CWE-119'],['cpe:2.3:a:linux:linux_kernel:*:*:*:*:*:*:*:*'],1,4
CVE-2026-10228,Denial of service via HTTP/2 frame flooding in apache http_server component.,2021-07-14T00:00:00+00:00,2021-07-15T00:00:00+00:00,3.1,CVSS:3.1/AV:A/AC:H/PR:N/UI:N/S:U/C:H/I:H/A:L,ADJACENT_NETWORK,HIGH,NONE,NONE,UNCHANGED,HIGH,HIGH,LOW,8.1,HIGH,0,0.0007877705950217689,0.0007,apache,http_server,['CWE-20'],['cpe:2.3:a:apache:http_server:*:*:*:*:*:*:*:*'],1,1
CVE-2021-10229,Unauthenticated remote code execution in query optimizer in oracle mysql component.,2025-10-28T00:00:00+00:00,2025-12-22T00:00:00+00:00,3.1,CVSS:3.1/AV:A/AC:H/PR:N/UI:N/S:C/C:N/I:H/A:N,ADJACENT_NETWORK,HIGH,NONE,NONE,CHANGED,NONE,HIGH,NONE,8.6,HIGH,0,0.052163801288838484,0.0496,oracle,mysql,['CWE-79'],['cpe:2.3:a:oracle:mysql:*:*:*:*:*:*:*:*'],1,3
CVE-2023-10230,Unauthenticated remote code execution in query optimizer in oracle mysql component.,2021-10-08T00:00:00+00:00,2021-11-26T00:00:00+00:00,3.1,CVSS:3.1/AV:A/AC:L/PR:N/UI:N/S:U/C:L/I:L/A:H,ADJACENT_NETWORK,LOW,NONE,NONE,UNCHANGED,LOW,LOW,HIGH,8.8,HIGH,0,0.057749427888153106,0.0549,oracle,mysql,['CWE-119'],['cpe:2.3:a:oracle:mysql:*:*:*:*:*:*:*:*'],1,2
CVE-2025-10231,Remote code execution in Kerberos authentication service in microsoft windows_server component.,2024-11-07T00:00:00+00:00,2025-01-03T00:00:00+00:00,3.1,CVSS:3.1/AV:A/AC:L/PR:N/UI:N/S:U/C:H/I:H/A:L,ADJACENT_NETWORK,LOW,NONE,NONE,UNCHANGED,HIGH,HIGH,LOW,9.1,CRITICAL,0,0.1022293622699892,0.0971,microsoft,windows_server,['CWE-269'],['cpe:2.3:a:microsoft:windows_server:*:*:*:*:*:*:*:*'],1,4
CVE-2022-10232,Unauthenticated remote code execution in query optimizer in oracle mysql component.,2022-05-23T00:00:00+00:00,2022-06-28T00:00:00+00:00,3.1,CVSS:3.1/AV:N/AC:L/PR:H/UI:R/S:U/C:H/I:L/A:N,NETWORK,LOW,HIGH,REQUIRED,UNCHANGED,HIGH,LOW,NONE,7.6,HIGH,0,0.010338158113079015,0.0098,oracle,mysql,['CWE-119'],['cpe:2.3:a:oracle:mysql:*:*:*:*:*:*:*:*'],1,4
CVE-2026-10233,Use-after-free vulnerability in eBPF subsystem in linux linux_kernel component.,2021-04-22T00:00:00+00:00,2021-05-23T00:00:00+00:00,3.1,CVSS:3.1/AV:P/AC:H/PR:N/UI:N/S:C/C:H/I:H/A:N,PHYSICAL,HIGH,NONE,NONE,CHANGED,HIGH,HIGH,NONE,7.4,HIGH,0,0.0092593589017747,0.0088,linux,linux_kernel,['CWE-20'],['cpe:2.3:a:linux:linux_kernel:*:*:*:*:*:*:*:*'],1,3
CVE-2022-10234,Unauthenticated remote code execution in query optimizer in oracle mysql component.,2023-03-04T00:00:00+00:00,2023-05-16T00:00:00+00:00,3.1,CVSS:3.1/AV:P/AC:H/PR:H/UI:N/S:C/C:N/I:N/A:H,PHYSICAL,HIGH,HIGH,NONE,CHANGED,NONE,NONE,HIGH,4.4,MEDIUM,0,0.06173964333301142,0.0587,oracle,mysql,['CWE-79'],['cpe:2.3:a:oracle:mysql:*:*:*:*:*:*:*:*'],1,1
CVE-2022-10235,Use-after-free vulnerability in eBPF subsystem in linux linux_kernel component.,2021-03-23T00:00:00+00:00,2021-03-31T00:00:00+00:00,3.1,CVSS:3.1/AV:P/AC:H/PR:H/UI:R/S:C/C:H/I:L/A:N,PHYSICAL,HIGH,HIGH,REQUIRED,CHANGED,HIGH,LOW,NONE,4.5,MEDIUM,0,0.11269493206211088,0.1071,linux,linux_kernel,['CWE-89'],['cpe:2.3:a:linux:linux_kernel:*:*:*:*:*:*:*:*'],1,3
CVE-2023-10236,Denial of service via HTTP/2 frame flooding in apache http_server component.,2021-06-11T00:00:00+00:00,2021-08-16T00:00:00+00:00,3.1,CVSS:3.1/AV:A/AC:L/PR:H/UI:R/S:C/C:H/I:H/A:H,ADJACENT_NETWORK,LOW,HIGH,REQUIRED,CHANGED,HIGH,HIGH,HIGH,9.1,CRITICAL,0,0.12464585866167668,0.1184,apache,http_server,['CWE-79'],['cpe:2.3:a:apache:http_server:*:*:*:*:*:*:*:*'],1,3
CVE-2026-10237,Remote code execution in Kerberos authentication service in microsoft windows_server component.,2025-09-30T00:00:00+00:00,2025-10-31T00:00:00+00:00,3.1,CVSS:3.1/AV:N/AC:L/PR:N/UI:R/S:U/C:L/I:H/A:H,NETWORK,LOW,NONE,REQUIRED,UNCHANGED,LOW,HIGH,HIGH,9.8,CRITICAL,1,0.048350015003418026,0.0459,microsoft,windows_server,['CWE-89'],['cpe:2.3:a:microsoft:windows_server:*:*:*:*:*:*:*:*'],1,1
CVE-2026-10238,Buffer overflow in TLS handshake parser in openssl openssl component.,2021-10-09T00:00:00+00:00,2022-01-07T00:00:00+00:00,3.1,CVSS:3.1/AV:N/AC:L/PR:L/UI:R/S:C/C:N/I:L/A:N,NETWORK,LOW,LOW,REQUIRED,CHANGED,NONE,LOW,NONE,7.3,HIGH,0,0.00414749108714184,0.0039,openssl,openssl,['CWE-200'],['cpe:2.3:a:openssl:openssl:*:*:*:*:*:*:*:*'],1,1
CVE-2023-10239,Buffer overflow in TLS handshake parser in openssl openssl component.,2025-07-11T00:00:00+00:00,2025-09-04T00:00:00+00:00,3.1,CVSS:3.1/AV:L/AC:L/PR:L/UI:N/S:C/C:L/I:H/A:L,LOCAL,LOW,LOW,NONE,CHANGED,LOW,HIGH,LOW,7.5,HIGH,0,0.13898702361555829,0.132,openssl,openssl,['CWE-20'],['cpe:2.3:a:openssl:openssl:*:*:*:*:*:*:*:*'],1,4
CVE-2022-10240,Out-of-bounds memory access in V8 JavaScript engine in google chrome component.,2023-01-24T00:00:00+00:00,2023-02-14T00:00:00+00:00,3.1,CVSS:3.1/AV:L/AC:L/PR:H/UI:N/S:U/C:H/I:H/A:N,LOCAL,LOW,HIGH,NONE,UNCHANGED,HIGH,HIGH,NONE,7.7,HIGH,0,0.002618038329440514,0.0025,google,chrome,['CWE-20'],['cpe:2.3:a:google:chrome:*:*:*:*:*:*:*:*'],1,1
CVE-2021-10241,Privilege escalation via authenticated extension loading in postgresql postgresql component.,2023-08-25T00:00:00+00:00,2023-10-11T00:00:00+00:00,3.1,CVSS:3.1/AV:P/AC:L/PR:N/UI:N/S:C/C:N/I:L/A:N,PHYSICAL,LOW,NONE,NONE,CHANGED,NONE,LOW,NONE,6.3,MEDIUM,0,0.0002404877767997508,0.0002,postgresql,postgresql,['CWE-416'],['cpe:2.3:a:postgresql:postgresql:*:*:*:*:*:*:*:*'],1,3
CVE-2021-10242,Use-after-free vulnerability in eBPF subsystem in linux linux_kernel component.,2024-03-16T00:00:00+00:00,2024-05-03T00:00:00+00:00,3.1,CVSS:3.1/AV:N/AC:L/PR:N/UI:N/S:U/C:L/I:N/A:L,NETWORK,LOW,NONE,NONE,UNCHANGED,LOW,NONE,LOW,8.5,HIGH,0,0.0163520681903657,0.0155,linux,linux_kernel,['CWE-200'],['cpe:2.3:a:linux:linux_kernel:*:*:*:*:*:*:*:*'],1,3
CVE-2025-10243,Denial of service via HTTP/2 frame flooding in apache http_server component.,2023-07-25T00:00:00+00:00,2023-07-27T00:00:00+00:00,3.1,CVSS:3.1/AV:L/AC:L/PR:L/UI:R/S:U/C:L/I:L/A:H,LOCAL,LOW,LOW,REQUIRED,UNCHANGED,LOW,LOW,HIGH,5.9,MEDIUM,0,0.018807855580420144,0.0179,apache,http_server,['CWE-787'],['cpe:2.3:a:apache:http_server:*:*:*:*:*:*:*:*'],1,2
CVE-2022-10244,Remote code execution via unsafe deserialization in spring spring_framework component.,2021-11-05T00:00:00+00:00,2021-11-06T00:00:00+00:00,3.1,CVSS:3.1/AV:P/AC:L/PR:N/UI:R/S:U/C:L/I:N/A:H,PHYSICAL,LOW,NONE,REQUIRED,UNCHANGED,LOW,NONE,HIGH,6.2,MEDIUM,0,0.00030771404800911405,0.0003,spring,spring_framework,['CWE-416'],['cpe:2.3:a:spring:spring_framework:*:*:*:*:*:*:*:*'],1,3
CVE-2022-10245,Denial of service via HTTP/2 frame flooding in apache http_server component.,2023-12-22T00:00:00+00:00,2024-01-22T00:00:00+00:00,3.1,CVSS:3.1/AV:P/AC:H/PR:N/UI:N/S:C/C:N/I:N/A:N,PHYSICAL,HIGH,NONE,NONE,CHANGED,NONE,NONE,NONE,5.7,MEDIUM,0,0.1061196770410722,0.1008,apache,http_server,['CWE-416'],['cpe:2.3:a:apache:http_server:*:*:*:*:*:*:*:*'],1,3
CVE-2026-10246,Integer overflow in HTTP request header processing in nginx nginx component.,2021-06-23T00:00:00+00:00,2021-09-06T00:00:00+00:00,3.1,CVSS:3.1/AV:N/AC:L/PR:H/UI:R/S:U/C:H/I:H/A:N,NETWORK,LOW,HIGH,REQUIRED,UNCHANGED,HIGH,HIGH,NONE,8.6,HIGH,0,0.49959848642550614,0.4746,nginx,nginx,['CWE-89'],['cpe:2.3:a:nginx:nginx:*:*:*:*:*:*:*:*'],1,2
CVE-2023-10247,Use-after-free vulnerability in eBPF subsystem in linux linux_kernel component.,2025-10-09T00:00:00+00:00,2025-11-19T00:00:00+00:00,3.1,CVSS:3.1/AV:P/AC:H/PR:L/UI:R/S:C/C:N/I:N/A:N,PHYSICAL,HIGH,LOW,REQUIRED,CHANGED,NONE,NONE,NONE,4.1,MEDIUM,0,0.15445540309244196,0.1467,linux,linux_kernel,['CWE-89'],['cpe:2.3:a:linux:linux_kernel:*:*:*:*:*:*:*:*'],1,5
CVE-2022-10248,Denial of service via HTTP/2 frame flooding in apache http_server component.,2021-08-05T00:00:00+00:00,2021-08-27T00:00:00+00:00,3.1,CVSS:3.1/AV:P/AC:H/PR:L/UI:R/S:U/C:H/I:L/A:N,PHYSICAL,HIGH,LOW,REQUIRED,UNCHANGED,HIGH,LOW,NONE,4.4,MEDIUM,0,0.13024455975445032,0.1237,apache,http_server,['CWE-787'],['cpe:2.3:a:apache:http_server:*:*:*:*:*:*:*:*'],1,3
CVE-2023-10249,Integer overflow in HTTP request header processing in nginx nginx component.,2025-10-12T00:00:00+00:00,2025-10-28T00:00:00+00:00,3.1,CVSS:3.1/AV:N/AC:L/PR:H/UI:R/S:U/C:N/I:L/A:N,NETWORK,LOW,HIGH,REQUIRED,UNCHANGED,NONE,LOW,NONE,6.6,MEDIUM,0,0.13210357920731602,0.1255,nginx,nginx,['CWE-79'],['cpe:2.3:a:nginx:nginx:*:*:*:*:*:*:*:*'],1,2
CVE-2024-10250,Unauthenticated remote code execution in query optimizer in oracle mysql component.,2023-11-18T00:00:00+00:00,2023-11-25T00:00:00+00:00,3.1,CVSS:3.1/AV:L/AC:H/PR:N/UI:N/S:C/C:L/I:H/A:H,LOCAL,HIGH,NONE,NONE,CHANGED,LOW,HIGH,HIGH,8.4,HIGH,0,0.02184534548578632,0.0208,oracle,mysql,['CWE-119'],['cpe:2.3:a:oracle:mysql:*:*:*:*:*:*:*:*'],1,1
CVE-2021-10251,Integer overflow in HTTP request header processing in nginx nginx component.,2025-07-05T00:00:00+00:00,2025-07-23T00:00:00+00:00,3.1,CVSS:3.1/AV:N/AC:L/PR:N/UI:N/S:U/C:N/I:L/A:L,NETWORK,LOW,NONE,NONE,UNCHANGED,NONE,LOW,LOW,8.7,HIGH,0,0.47282732775042,0.4492,nginx,nginx,['CWE-79'],['cpe:2.3:a:nginx:nginx:*:*:*:*:*:*:*:*'],1,5
CVE-2023-10252,Out-of-bounds memory access in V8 JavaScript engine in google chrome component.,2025-07-23T00:00:00+00:00,2025-08-02T00:00:00+00:00,3.1,CVSS:3.1/AV:N/AC:L/PR:N/UI:R/S:U/C:N/I:L/A:N,NETWORK,LOW,NONE,REQUIRED,UNCHANGED,NONE,LOW,NONE,7.7,HIGH,0,0.0001,0.0001,google,chrome,['CWE-20'],['cpe:2.3:a:google:chrome:*:*:*:*:*:*:*:*'],1,4
CVE-2022-10253,Buffer overflow in TLS handshake parser in openssl openssl component.,2024-03-21T00:00:00+00:00,2024-05-16T00:00:00+00:00,3.1,CVSS:3.1/AV:P/AC:H/PR:N/UI:R/S:C/C:N/I:L/A:N,PHYSICAL,HIGH,NONE,REQUIRED,CHANGED,NONE,LOW,NONE,4.2,MEDIUM,0,0.04230306457801456,0.0402,openssl,openssl,['CWE-89'],['cpe:2.3:a:openssl:openssl:*:*:*:*:*:*:*:*'],1,3
CVE-2024-10254,Use-after-free vulnerability in eBPF subsystem in linux linux_kernel component.,2021-11-01T00:00:00+00:00,2021-11-06T00:00:00+00:00,3.1,CVSS:3.1/AV:A/AC:H/PR:L/UI:R/S:C/C:N/I:N/A:L,ADJACENT_NETWORK,HIGH,LOW,REQUIRED,CHANGED,NONE,NONE,LOW,4.6,MEDIUM,0,0.000719732012893372,0.0007,linux,linux_kernel,['CWE-416'],['cpe:2.3:a:linux:linux_kernel:*:*:*:*:*:*:*:*'],1,2
CVE-2022-10255,Remote code execution in Kerberos authentication service in microsoft windows_server component.,2024-08-09T00:00:00+00:00,2024-10-16T00:00:00+00:00,3.1,CVSS:3.1/AV:A/AC:L/PR:L/UI:R/S:C/C:H/I:L/A:L,ADJACENT_NETWORK,LOW,LOW,REQUIRED,CHANGED,HIGH,LOW,LOW,7.5,HIGH,0,0.11762785661898909,0.1117,microsoft,windows_server,['CWE-269'],['cpe:2.3:a:microsoft:windows_server:*:*:*:*:*:*:*:*'],1,4
CVE-2022-10256,Use-after-free vulnerability in eBPF subsystem in linux linux_kernel component.,2021-02-23T00:00:00+00:00,2021-04-05T00:00:00+00:00,3.1,CVSS:3.1/AV:A/AC:L/PR:L/UI:N/S:C/C:H/I:L/A:H,ADJACENT_NETWORK,LOW,LOW,NONE,CHANGED,HIGH,LOW,HIGH,9.5,CRITICAL,0,0.013456752305395978,0.0128,linux,linux_kernel,['CWE-119'],['cpe:2.3:a:linux:linux_kernel:*:*:*:*:*:*:*:*'],1,2
CVE-2022-10257,Denial of service via HTTP/2 frame flooding in apache http_server component.,2024-09-07T00:00:00+00:00,2024-10-08T00:00:00+00:00,3.1,CVSS:3.1/AV:L/AC:L/PR:N/UI:R/S:C/C:N/I:N/A:N,LOCAL,LOW,NONE,REQUIRED,CHANGED,NONE,NONE,NONE,6.0,MEDIUM,0,0.05980916459108357,0.0568,apache,http_server,['CWE-269'],['cpe:2.3:a:apache:http_server:*:*:*:*:*:*:*:*'],1,3
CVE-2021-10258,Out-of-bounds memory access in V8 JavaScript engine in google chrome component.,2024-12-11T00:00:00+00:00,2025-03-11T00:00:00+00:00,3.1,CVSS:3.1/AV:L/AC:L/PR:H/UI:N/S:C/C:H/I:L/A:N,LOCAL,LOW,HIGH,NONE,CHANGED,HIGH,LOW,NONE,7.4,HIGH,0,0.0001,0.0001,google,chrome,['CWE-787'],['cpe:2.3:a:google:chrome:*:*:*:*:*:*:*:*'],1,1
CVE-2021-10259,Denial of service via HTTP/2 frame flooding in apache http_server component.,2022-04-22T00:00:00+00:00,2022-07-09T00:00:00+00:00,3.1,CVSS:3.1/AV:A/AC:L/PR:H/UI:R/S:U/C:L/I:H/A:N,ADJACENT_NETWORK,LOW,HIGH,REQUIRED,UNCHANGED,LOW,HIGH,NONE,6.6,MEDIUM,0,0.0011267088708707689,0.0011,apache,http_server,['CWE-89'],['cpe:2.3:a:apache:http_server:*:*:*:*:*:*:*:*'],1,3
CVE-2023-10260,Command injection in management web interface in paloalto pan-os component.,2021-05-02T00:00:00+00:00,2021-05-05T00:00:00+00:00,3.1,CVSS:3.1/AV:A/AC:L/PR:N/UI:R/S:U/C:L/I:H/A:H,ADJACENT_NETWORK,LOW,NONE,REQUIRED,UNCHANGED,LOW,HIGH,HIGH,8.6,HIGH,0,0.009208824941800477,0.0087,paloalto,pan-os,['CWE-416'],['cpe:2.3:a:paloalto:pan-os:*:*:*:*:*:*:*:*'],1,5
CVE-2023-10261,Denial of service via HTTP/2 frame flooding in apache http_server component.,2022-09-11T00:00:00+00:00,2022-10-23T00:00:00+00:00,3.1,CVSS:3.1/AV:A/AC:L/PR:H/UI:R/S:C/C:H/I:L/A:N,ADJACENT_NETWORK,LOW,HIGH,REQUIRED,CHANGED,HIGH,LOW,NONE,6.8,MEDIUM,0,0.03301310897034788,0.0314,apache,http_server,['CWE-269'],['cpe:2.3:a:apache:http_server:*:*:*:*:*:*:*:*'],1,2
CVE-2022-10262,Out-of-bounds memory access in V8 JavaScript engine in google chrome component.,2023-02-14T00:00:00+00:00,2023-03-26T00:00:00+00:00,3.1,CVSS:3.1/AV:L/AC:L/PR:N/UI:N/S:C/C:H/I:N/A:N,LOCAL,LOW,NONE,NONE,CHANGED,HIGH,NONE,NONE,8.6,HIGH,0,0.005148899392250456,0.0049,google,chrome,['CWE-269'],['cpe:2.3:a:google:chrome:*:*:*:*:*:*:*:*'],1,5
CVE-2026-10263,Privilege escalation via authenticated extension loading in postgresql postgresql component.,2024-03-04T00:00:00+00:00,2024-03-18T00:00:00+00:00,3.1,CVSS:3.1/AV:P/AC:L/PR:L/UI:N/S:U/C:L/I:L/A:N,PHYSICAL,LOW,LOW,NONE,UNCHANGED,LOW,LOW,NONE,5.0,MEDIUM,0,0.22881926742146513,0.2174,postgresql,postgresql,['CWE-79'],['cpe:2.3:a:postgresql:postgresql:*:*:*:*:*:*:*:*'],1,3
CVE-2021-10264,Integer overflow in HTTP request header processing in nginx nginx component.,2022-06-28T00:00:00+00:00,2022-07-25T00:00:00+00:00,3.1,CVSS:3.1/AV:A/AC:L/PR:L/UI:R/S:U/C:H/I:N/A:N,ADJACENT_NETWORK,LOW,LOW,REQUIRED,UNCHANGED,HIGH,NONE,NONE,6.6,MEDIUM,0,0.062215242092272915,0.0591,nginx,nginx,['CWE-416'],['cpe:2.3:a:nginx:nginx:*:*:*:*:*:*:*:*'],1,4
CVE-2022-10265,Remote code execution in Kerberos authentication service in microsoft windows_server component.,2023-04-28T00:00:00+00:00,2023-07-01T00:00:00+00:00,3.1,CVSS:3.1/AV:P/AC:H/PR:H/UI:R/S:U/C:L/I:H/A:H,PHYSICAL,HIGH,HIGH,REQUIRED,UNCHANGED,LOW,HIGH,HIGH,5.0,MEDIUM,0,0.36756082367260756,0.3492,microsoft,windows_server,['CWE-119'],['cpe:2.3:a:microsoft:windows_server:*:*:*:*:*:*:*:*'],1,2
CVE-2021-10266,Integer overflow in HTTP request header processing in nginx nginx component.,2025-06-25T00:00:00+00:00,2025-06-30T00:00:00+00:00,3.1,CVSS:3.1/AV:L/AC:L/PR:L/UI:R/S:U/C:N/I:L/A:N,LOCAL,LOW,LOW,REQUIRED,UNCHANGED,NONE,LOW,NONE,4.8,MEDIUM,0,0.005869014386378545,0.0056,nginx,nginx,['CWE-416'],['cpe:2.3:a:nginx:nginx:*:*:*:*:*:*:*:*'],1,2
CVE-2025-10267,Denial of service via HTTP/2 frame flooding in apache http_server component.,2021-07-10T00:00:00+00:00,2021-08-23T00:00:00+00:00,3.1,CVSS:3.1/AV:P/AC:L/PR:L/UI:N/S:C/C:N/I:N/A:N,PHYSICAL,LOW,LOW,NONE,CHANGED,NONE,NONE,NONE,5.2,MEDIUM,0,0.03667990930398859,0.0348,apache,http_server,['CWE-269'],['cpe:2.3:a:apache:http_server:*:*:*:*:*:*:*:*'],1,2
CVE-2024-10268,Privilege escalation via authenticated extension loading in postgresql postgresql component.,2024-11-28T00:00:00+00:00,2025-02-07T00:00:00+00:00,3.1,CVSS:3.1/AV:L/AC:H/PR:L/UI:N/S:U/C:N/I:L/A:H,LOCAL,HIGH,LOW,NONE,UNCHANGED,NONE,LOW,HIGH,5.9,MEDIUM,0,0.033356369599020955,0.0317,postgresql,postgresql,['CWE-787'],['cpe:2.3:a:postgresql:postgresql:*:*:*:*:*:*:*:*'],1,2
CVE-2023-10269,Buffer overflow in TLS handshake parser in openssl openssl component.,2021-01-08T00:00:00+00:00,2021-03-04T00:00:00+00:00,3.1,CVSS:3.1/AV:N/AC:H/PR:H/UI:R/S:U/C:N/I:N/A:N,NETWORK,HIGH,HIGH,REQUIRED,UNCHANGED,NONE,NONE,NONE,5.3,MEDIUM,0,0.054249612919511296,0.0515,openssl,openssl,['CWE-89'],['cpe:2.3:a:openssl:openssl:*:*:*:*:*:*:*:*'],1,3
CVE-2024-10270,Denial of service via HTTP/2 frame flooding in apache http_server component.,2025-09-25T00:00:00+00:00,2025-10-10T00:00:00+00:00,3.1,CVSS:3.1/AV:L/AC:H/PR:L/UI:R/S:C/C:N/I:H/A:H,LOCAL,HIGH,LOW,REQUIRED,CHANGED,NONE,HIGH,HIGH,6.4,MEDIUM,0,0.0011666571653684017,0.0011,apache,http_server,['CWE-416'],['cpe:2.3:a:apache:http_server:*:*:*:*:*:*:*:*'],1,2
CVE-2024-10271,Unauthenticated remote code execution in query optimizer in oracle mysql component.,2023-01-27T00:00:00+00:00,2023-02-20T00:00:00+00:00,3.1,CVSS:3.1/AV:P/AC:L/PR:L/UI:R/S:C/C:L/I:N/A:L,PHYSICAL,LOW,LOW,REQUIRED,CHANGED,LOW,NONE,LOW,5.0,MEDIUM,0,0.011870124708353628,0.0113,oracle,mysql,['CWE-20'],['cpe:2.3:a:oracle:mysql:*:*:*:*:*:*:*:*'],1,2
CVE-2021-10272,Denial of service via HTTP/2 frame flooding in apache http_server component.,2024-09-30T00:00:00+00:00,2024-11-14T00:00:00+00:00,3.1,CVSS:3.1/AV:P/AC:L/PR:H/UI:N/S:C/C:H/I:L/A:H,PHYSICAL,LOW,HIGH,NONE,CHANGED,HIGH,LOW,HIGH,8.1,HIGH,0,0.008384502944742371,0.008,apache,http_server,['CWE-787'],['cpe:2.3:a:apache:http_server:*:*:*:*:*:*:*:*'],1,5
CVE-2024-10273,Privilege escalation via authenticated extension loading in postgresql postgresql component.,2022-09-05T00:00:00+00:00,2022-09-16T00:00:00+00:00,3.1,CVSS:3.1/AV:P/AC:L/PR:H/UI:N/S:U/C:L/I:N/A:N,PHYSICAL,LOW,HIGH,NONE,UNCHANGED,LOW,NONE,NONE,4.2,MEDIUM,0,0.08415977846727349,0.08,postgresql,postgresql,['CWE-119'],['cpe:2.3:a:postgresql:postgresql:*:*:*:*:*:*:*:*'],1,2
CVE-2021-10274,Command injection in management web interface in paloalto pan-os component.,2023-05-18T00:00:00+00:00,2023-05-29T00:00:00+00:00,3.1,CVSS:3.1/AV:P/AC:L/PR:H/UI:N/S:C/C:L/I:H/A:N,PHYSICAL,LOW,HIGH,NONE,CHANGED,LOW,HIGH,NONE,6.8,MEDIUM,0,0.0023569897838030033,0.0022,paloalto,pan-os,['CWE-79'],['cpe:2.3:a:paloalto:pan-os:*:*:*:*:*:*:*:*'],1,4
CVE-2024-10275,Remote code execution via unsafe deserialization in spring spring_framework component.,2024-02-05T00:00:00+00:00,2024-03-18T00:00:00+00:00,3.1,CVSS:3.1/AV:L/AC:H/PR:N/UI:R/S:U/C:L/I:N/A:N,LOCAL,HIGH,NONE,REQUIRED,UNCHANGED,LOW,NONE,NONE,4.8,MEDIUM,0,0.0009277589384015051,0.0009,spring,spring_framework,['CWE-79'],['cpe:2.3:a:spring:spring_framework:*:*:*:*:*:*:*:*'],1,1
CVE-2021-10276,Out-of-bounds memory access in V8 JavaScript engine in google chrome component.,2025-05-29T00:00:00+00:00,2025-07-05T00:00:00+00:00,3.1,CVSS:3.1/AV:L/AC:H/PR:L/UI:R/S:C/C:H/I:H/A:L,LOCAL,HIGH,LOW,REQUIRED,CHANGED,HIGH,HIGH,LOW,5.8,MEDIUM,0,0.15262134062911994,0.145,google,chrome,['CWE-20'],['cpe:2.3:a:google:chrome:*:*:*:*:*:*:*:*'],1,2
CVE-2024-10277,Use-after-free vulnerability in eBPF subsystem in linux linux_kernel component.,2021-10-22T00:00:00+00:00,2022-01-10T00:00:00+00:00,3.1,CVSS:3.1/AV:P/AC:L/PR:L/UI:R/S:U/C:N/I:H/A:L,PHYSICAL,LOW,LOW,REQUIRED,UNCHANGED,NONE,HIGH,LOW,4.6,MEDIUM,0,0.0871005638935184,0.0827,linux,linux_kernel,['CWE-200'],['cpe:2.3:a:linux:linux_kernel:*:*:*:*:*:*:*:*'],1,3
CVE-2023-10278,Buffer overflow in TLS handshake parser in openssl openssl component.,2025-08-02T00:00:00+00:00,2025-09-10T00:00:00+00:00,3.1,CVSS:3.1/AV:L/AC:H/PR:L/UI:N/S:U/C:N/I:L/A:H,LOCAL,HIGH,LOW,NONE,UNCHANGED,NONE,LOW,HIGH,5.6,MEDIUM,0,0.15594716551793542,0.1481,openssl,openssl,['CWE-787'],['cpe:2.3:a:openssl:openssl:*:*:*:*:*:*:*:*'],1,3
CVE-2026-10279,Use-after-free vulnerability in eBPF subsystem in linux linux_kernel component.,2023-05-04T00:00:00+00:00,2023-07-21T00:00:00+00:00,3.1,CVSS:3.1/AV:N/AC:L/PR:L/UI:N/S:C/C:H/I:L/A:H,NETWORK,LOW,LOW,NONE,CHANGED,HIGH,LOW,HIGH,9.8,CRITICAL,0,0.209357967969328,0.1989,linux,linux_kernel,['CWE-20'],['cpe:2.3:a:linux:linux_kernel:*:*:*:*:*:*:*:*'],1,5
CVE-2021-10280,Command injection in management web interface in paloalto pan-os component.,2022-09-30T00:00:00+00:00,2022-12-04T00:00:00+00:00,3.1,CVSS:3.1/AV:P/AC:L/PR:H/UI:N/S:U/C:N/I:N/A:N,PHYSICAL,LOW,HIGH,NONE,UNCHANGED,NONE,NONE,NONE,5.0,MEDIUM,0,0.011279385300611504,0.0107,paloalto,pan-os,['CWE-119'],['cpe:2.3:a:paloalto:pan-os:*:*:*:*:*:*:*:*'],1,1
CVE-2021-10281,Integer overflow in HTTP request header processing in nginx nginx component.,2023-01-09T00:00:00+00:00,2023-02-04T00:00:00+00:00,3.1,CVSS:3.1/AV:L/AC:H/PR:L/UI:R/S:U/C:H/I:N/A:N,LOCAL,HIGH,LOW,REQUIRED,UNCHANGED,HIGH,NONE,NONE,5.0,MEDIUM,0,0.05066663791868551,0.0481,nginx,nginx,['CWE-269'],['cpe:2.3:a:nginx:nginx:*:*:*:*:*:*:*:*'],1,4
CVE-2024-10282,Out-of-bounds memory access in V8 JavaScript engine in google chrome component.,2021-12-30T00:00:00+00:00,2022-03-01T00:00:00+00:00,3.1,CVSS:3.1/AV:L/AC:H/PR:N/UI:R/S:U/C:L/I:N/A:L,LOCAL,HIGH,NONE,REQUIRED,UNCHANGED,LOW,NONE,LOW,4.9,MEDIUM,0,0.2801746262126234,0.2662,google,chrome,['CWE-20'],['cpe:2.3:a:google:chrome:*:*:*:*:*:*:*:*'],1,2
CVE-2022-10283,Out-of-bounds memory access in V8 JavaScript engine in google chrome component.,2025-10-22T00:00:00+00:00,2025-11-20T00:00:00+00:00,3.1,CVSS:3.1/AV:A/AC:L/PR:L/UI:R/S:U/C:H/I:N/A:L,ADJACENT_NETWORK,LOW,LOW,REQUIRED,UNCHANGED,HIGH,NONE,LOW,6.2,MEDIUM,0,0.004451789285023536,0.0042,google,chrome,['CWE-89'],['cpe:2.3:a:google:chrome:*:*:*:*:*:*:*:*'],1,2
CVE-2021-10284,Out-of-bounds memory access in V8 JavaScript engine in google chrome component.,2022-04-04T00:00:00+00:00,2022-05-07T00:00:00+00:00,3.1,CVSS:3.1/AV:L/AC:H/PR:L/UI:R/S:C/C:L/I:L/A:N,LOCAL,HIGH,LOW,REQUIRED,CHANGED,LOW,LOW,NONE,4.5,MEDIUM,0,0.028914941282326183,0.0275,google,chrome,['CWE-787'],['cpe:2.3:a:google:chrome:*:*:*:*:*:*:*:*'],1,3
CVE-2025-10285,Remote code execution via unsafe deserialization in spring spring_framework component.,2023-03-25T00:00:00+00:00,2023-06-08T00:00:00+00:00,3.1,CVSS:3.1/AV:N/AC:L/PR:H/UI:R/S:C/C:L/I:H/A:N,NETWORK,LOW,HIGH,REQUIRED,CHANGED,LOW,HIGH,NONE,8.0,HIGH,0,0.033423513194441395,0.0318,spring,spring_framework,['CWE-269'],['cpe:2.3:a:spring:spring_framework:*:*:*:*:*:*:*:*'],1,3
CVE-2023-10286,Unauthenticated remote code execution in query optimizer in oracle mysql component.,2022-06-19T00:00:00+00:00,2022-09-11T00:00:00+00:00,3.1,CVSS:3.1/AV:L/AC:L/PR:N/UI:N/S:U/C:H/I:L/A:H,LOCAL,LOW,NONE,NONE,UNCHANGED,HIGH,LOW,HIGH,8.8,HIGH,0,0.1947550969094077,0.185,oracle,mysql,['CWE-269'],['cpe:2.3:a:oracle:mysql:*:*:*:*:*:*:*:*'],1,2
CVE-2026-10287,Buffer overflow in TLS handshake parser in openssl openssl component.,2023-10-16T00:00:00+00:00,2023-11-23T00:00:00+00:00,3.1,CVSS:3.1/AV:L/AC:H/PR:L/UI:R/S:U/C:H/I:H/A:H,LOCAL,HIGH,LOW,REQUIRED,UNCHANGED,HIGH,HIGH,HIGH,7.0,HIGH,0,0.001104054492485286,0.001,openssl,openssl,['CWE-119'],['cpe:2.3:a:openssl:openssl:*:*:*:*:*:*:*:*'],1,3
CVE-2026-10288,Privilege escalation via authenticated extension loading in postgresql postgresql component.,2023-12-31T00:00:00+00:00,2024-03-22T00:00:00+00:00,3.1,CVSS:3.1/AV:P/AC:H/PR:H/UI:R/S:U/C:H/I:H/A:N,PHYSICAL,HIGH,HIGH,REQUIRED,UNCHANGED,HIGH,HIGH,NONE,4.7,MEDIUM,0,0.4905313532816825,0.466,postgresql,postgresql,['CWE-200'],['cpe:2.3:a:postgresql:postgresql:*:*:*:*:*:*:*:*'],1,1
CVE-2022-10289,Integer overflow in HTTP request header processing in nginx nginx component.,2025-02-26T00:00:00+00:00,2025-04-01T00:00:00+00:00,3.1,CVSS:3.1/AV:A/AC:H/PR:H/UI:N/S:U/C:L/I:N/A:H,ADJACENT_NETWORK,HIGH,HIGH,NONE,UNCHANGED,LOW,NONE,HIGH,6.4,MEDIUM,0,0.19737504142835557,0.1875,nginx,nginx,['CWE-200'],['cpe:2.3:a:nginx:nginx:*:*:*:*:*:*:*:*'],1,4
CVE-2023-10290,Unauthenticated remote code execution in query optimizer in oracle mysql component.,2022-06-18T00:00:00+00:00,2022-09-01T00:00:00+00:00,3.1,CVSS:3.1/AV:L/AC:H/PR:N/UI:R/S:U/C:H/I:H/A:H,LOCAL,HIGH,NONE,REQUIRED,UNCHANGED,HIGH,HIGH,HIGH,8.2,HIGH,0,0.060695305780779994,0.0577,oracle,mysql,['CWE-79'],['cpe:2.3:a:oracle:mysql:*:*:*:*:*:*:*:*'],1,4
CVE-2025-10291,Privilege escalation via authenticated extension loading in postgresql postgresql component.,2021-09-03T00:00:00+00:00,2021-11-30T00:00:00+00:00,3.1,CVSS:3.1/AV:P/AC:H/PR:L/UI:N/S:U/C:N/I:N/A:L,PHYSICAL,HIGH,LOW,NONE,UNCHANGED,NONE,NONE,LOW,3.5,LOW,0,0.00013907005531644715,0.0001,postgresql,postgresql,['CWE-416'],['cpe:2.3:a:postgresql:postgresql:*:*:*:*:*:*:*:*'],1,5
CVE-2022-10292,Integer overflow in HTTP request header processing in nginx nginx component.,2022-10-10T00:00:00+00:00,2022-11-03T00:00:00+00:00,3.1,CVSS:3.1/AV:N/AC:H/PR:L/UI:N/S:C/C:H/I:N/A:N,NETWORK,HIGH,LOW,NONE,CHANGED,HIGH,NONE,NONE,8.0,HIGH,0,0.11003058463399056,0.1045,nginx,nginx,['CWE-119'],['cpe:2.3:a:nginx:nginx:*:*:*:*:*:*:*:*'],1,2
CVE-2022-10293,Out-of-bounds memory access in V8 JavaScript engine in google chrome component.,2023-09-30T00:00:00+00:00,2023-10-12T00:00:00+00:00,3.1,CVSS:3.1/AV:A/AC:H/PR:H/UI:R/S:C/C:L/I:L/A:L,ADJACENT_NETWORK,HIGH,HIGH,REQUIRED,CHANGED,LOW,LOW,LOW,5.2,MEDIUM,0,0.1605318988261434,0.1525,google,chrome,['CWE-20'],['cpe:2.3:a:google:chrome:*:*:*:*:*:*:*:*'],1,1
CVE-2022-10294,Remote code execution via unsafe deserialization in spring spring_framework component.,2025-02-05T00:00:00+00:00,2025-03-25T00:00:00+00:00,3.1,CVSS:3.1/AV:N/AC:H/PR:H/UI:N/S:U/C:H/I:N/A:H,NETWORK,HIGH,HIGH,NONE,UNCHANGED,HIGH,NONE,HIGH,8.2,HIGH,0,0.000930792328123227,0.0009,spring,spring_framework,['CWE-119'],['cpe:2.3:a:spring:spring_framework:*:*:*:*:*:*:*:*'],1,3
CVE-2022-10295,Use-after-free vulnerability in eBPF subsystem in linux linux_kernel component.,2021-07-30T00:00:00+00:00,2021-09-18T00:00:00+00:00,3.1,CVSS:3.1/AV:L/AC:L/PR:N/UI:N/S:C/C:L/I:L/A:H,LOCAL,LOW,NONE,NONE,CHANGED,LOW,LOW,HIGH,8.1,HIGH,0,0.003828298338383475,0.0036,linux,linux_kernel,['CWE-269'],['cpe:2.3:a:linux:linux_kernel:*:*:*:*:*:*:*:*'],1,4
CVE-2023-10296,Command injection in management web interface in paloalto pan-os component.,2023-10-01T00:00:00+00:00,2023-11-16T00:00:00+00:00,3.1,CVSS:3.1/AV:A/AC:L/PR:L/UI:N/S:U/C:N/I:H/A:N,ADJACENT_NETWORK,LOW,LOW,NONE,UNCHANGED,NONE,HIGH,NONE,7.2,HIGH,0,0.04894304578271608,0.0465,paloalto,pan-os,['CWE-119'],['cpe:2.3:a:paloalto:pan-os:*:*:*:*:*:*:*:*'],1,1
CVE-2025-10297,Out-of-bounds memory access in V8 JavaScript engine in google chrome component.,2021-12-13T00:00:00+00:00,2021-12-29T00:00:00+00:00,3.1,CVSS:3.1/AV:L/AC:L/PR:L/UI:R/S:U/C:H/I:N/A:H,LOCAL,LOW,LOW,REQUIRED,UNCHANGED,HIGH,NONE,HIGH,6.3,MEDIUM,0,0.05621093352363238,0.0534,google,chrome,['CWE-79'],['cpe:2.3:a:google:chrome:*:*:*:*:*:*:*:*'],1,1
CVE-2026-10298,Buffer overflow in TLS handshake parser in openssl openssl component.,2021-08-26T00:00:00+00:00,2021-10-19T00:00:00+00:00,3.1,CVSS:3.1/AV:P/AC:H/PR:N/UI:R/S:C/C:H/I:N/A:N,PHYSICAL,HIGH,NONE,REQUIRED,CHANGED,HIGH,NONE,NONE,5.3,MEDIUM,0,0.031213161376862142,0.0297,openssl,openssl,['CWE-20'],['cpe:2.3:a:openssl:openssl:*:*:*:*:*:*:*:*'],1,3
CVE-2026-10299,Remote code execution in Kerberos authentication service in microsoft windows_server component.,2021-07-26T00:00:00+00:00,2021-10-19T00:00:00+00:00,3.1,CVSS:3.1/AV:L/AC:L/PR:L/UI:N/S:U/C:L/I:N/A:N,LOCAL,LOW,LOW,NONE,UNCHANGED,LOW,NONE,NONE,5.9,MEDIUM,0,0.0001,0.0001,microsoft,windows_server,['CWE-787'],['cpe:2.3:a:microsoft:windows_server:*:*:*:*:*:*:*:*'],1,2
CVE-2022-10300,Out-of-bounds memory access in V8 JavaScript engine in google chrome component.,2025-05-13T00:00:00+00:00,2025-06-16T00:00:00+00:00,3.1,CVSS:3.1/AV:A/AC:H/PR:H/UI:R/S:C/C:N/I:N/A:H,ADJACENT_NETWORK,HIGH,HIGH,REQUIRED,CHANGED,NONE,NONE,HIGH,5.8,MEDIUM,0,0.049196821067255654,0.0467,google,chrome,['CWE-787'],['cpe:2.3:a:google:chrome:*:*:*:*:*:*:*:*'],1,2
CVE-2023-10301,Integer overflow in HTTP request header processing in nginx nginx component.,2022-04-26T00:00:00+00:00,2022-04-27T00:00:00+00:00,3.1,CVSS:3.1/AV:N/AC:L/PR:N/UI:R/S:U/C:N/I:H/A:N,NETWORK,LOW,NONE,REQUIRED,UNCHANGED,NONE,HIGH,NONE,8.4,HIGH,0,0.21089763950038723,0.2004,nginx,nginx,['CWE-79'],['cpe:2.3:a:nginx:nginx:*:*:*:*:*:*:*:*'],1,3
CVE-2024-10302,Privilege escalation via authenticated extension loading in postgresql postgresql component.,2022-08-30T00:00:00+00:00,2022-10-03T00:00:00+00:00,3.1,CVSS:3.1/AV:P/AC:L/PR:N/UI:N/S:U/C:L/I:L/A:H,PHYSICAL,LOW,NONE,NONE,UNCHANGED,LOW,LOW,HIGH,7.0,HIGH,0,0.007633400217757572,0.0073,postgresql,postgresql,['CWE-269'],['cpe:2.3:a:postgresql:postgresql:*:*:*:*:*:*:*:*'],1,4
CVE-2021-10303,Denial of service via HTTP/2 frame flooding in apache http_server component.,2025-10-10T00:00:00+00:00,2025-10-16T00:00:00+00:00,3.1,CVSS:3.1/AV:N/AC:L/PR:H/UI:N/S:C/C:L/I:L/A:H,NETWORK,LOW,HIGH,NONE,CHANGED,LOW,LOW,HIGH,8.1,HIGH,1,0.17201229453201394,0.1634,apache,http_server,['CWE-79'],['cpe:2.3:a:apache:http_server:*:*:*:*:*:*:*:*'],1,3
CVE-2022-10304,Unauthenticated remote code execution in query optimizer in oracle mysql component.,2021-08-22T00:00:00+00:00,2021-10-13T00:00:00+00:00,3.1,CVSS:3.1/AV:P/AC:H/PR:L/UI:R/S:C/C:L/I:H/A:N,PHYSICAL,HIGH,LOW,REQUIRED,CHANGED,LOW,HIGH,NONE,4.3,MEDIUM,0,0.06914505806633026,0.0657,oracle,mysql,['CWE-79'],['cpe:2.3:a:oracle:mysql:*:*:*:*:*:*:*:*'],1,2
CVE-2022-10305,Buffer overflow in TLS handshake parser in openssl openssl component.,2021-08-01T00:00:00+00:00,2021-09-24T00:00:00+00:00,3.1,CVSS:3.1/AV:P/AC:H/PR:N/UI:R/S:C/C:H/I:N/A:H,PHYSICAL,HIGH,NONE,REQUIRED,CHANGED,HIGH,NONE,HIGH,6.7,MEDIUM,0,0.05901658905110399,0.0561,openssl,openssl,['CWE-89'],['cpe:2.3:a:openssl:openssl:*:*:*:*:*:*:*:*'],1,4
CVE-2021-10306,Integer overflow in HTTP request header processing in nginx nginx component.,2023-04-23T00:00:00+00:00,2023-06-19T00:00:00+00:00,3.1,CVSS:3.1/AV:N/AC:L/PR:L/UI:R/S:U/C:H/I:H/A:H,NETWORK,LOW,LOW,REQUIRED,UNCHANGED,HIGH,HIGH,HIGH,9.9,CRITICAL,0,0.0011687506148721353,0.0011,nginx,nginx,['CWE-119'],['cpe:2.3:a:nginx:nginx:*:*:*:*:*:*:*:*'],1,3
CVE-2025-10307,Remote code execution via unsafe deserialization in spring spring_framework component.,2024-11-10T00:00:00+00:00,2025-02-08T00:00:00+00:00,3.1,CVSS:3.1/AV:N/AC:H/PR:H/UI:N/S:C/C:L/I:H/A:H,NETWORK,HIGH,HIGH,NONE,CHANGED,LOW,HIGH,HIGH,8.8,HIGH,0,0.0017127789171583556,0.0016,spring,spring_framework,['CWE-89'],['cpe:2.3:a:spring:spring_framework:*:*:*:*:*:*:*:*'],1,5
CVE-2021-10308,Out-of-bounds memory access in V8 JavaScript engine in google chrome component.,2021-01-24T00:00:00+00:00,2021-04-17T00:00:00+00:00,3.1,CVSS:3.1/AV:A/AC:H/PR:L/UI:N/S:U/C:L/I:L/A:N,ADJACENT_NETWORK,HIGH,LOW,NONE,UNCHANGED,LOW,LOW,NONE,4.9,MEDIUM,0,0.04091434154297228,0.0389,google,chrome,['CWE-269'],['cpe:2.3:a:google:chrome:*:*:*:*:*:*:*:*'],1,3
CVE-2025-10309,Buffer overflow in TLS handshake parser in openssl openssl component.,2022-04-02T00:00:00+00:00,2022-06-12T00:00:00+00:00,3.1,CVSS:3.1/AV:P/AC:H/PR:N/UI:N/S:C/C:L/I:H/A:L,PHYSICAL,HIGH,NONE,NONE,CHANGED,LOW,HIGH,LOW,6.4,MEDIUM,0,0.0025502835125494287,0.0024,openssl,openssl,['CWE-79'],['cpe:2.3:a:openssl:openssl:*:*:*:*:*:*:*:*'],1,4
CVE-2023-10310,Integer overflow in HTTP request header processing in nginx nginx component.,2021-09-01T00:00:00+00:00,2021-11-04T00:00:00+00:00,3.1,CVSS:3.1/AV:N/AC:L/PR:L/UI:R/S:U/C:H/I:H/A:N,NETWORK,LOW,LOW,REQUIRED,UNCHANGED,HIGH,HIGH,NONE,8.8,HIGH,0,0.4407335764225168,0.4187,nginx,nginx,['CWE-200'],['cpe:2.3:a:nginx:nginx:*:*:*:*:*:*:*:*'],1,5
CVE-2022-10311,Remote code execution via unsafe deserialization in spring spring_framework component.,2024-09-02T00:00:00+00:00,2024-11-27T00:00:00+00:00,3.1,CVSS:3.1/AV:P/AC:H/PR:L/UI:N/S:U/C:L/I:L/A:H,PHYSICAL,HIGH,LOW,NONE,UNCHANGED,LOW,LOW,HIGH,4.9,MEDIUM,0,0.2154654941056339,0.2047,spring,spring_framework,['CWE-787'],['cpe:2.3:a:spring:spring_framework:*:*:*:*:*:*:*:*'],1,3
CVE-2021-10312,Integer overflow in HTTP request header processing in nginx nginx component.,2021-07-19T00:00:00+00:00,2021-10-12T00:00:00+00:00,3.1,CVSS:3.1/AV:A/AC:L/PR:L/UI:R/S:C/C:H/I:H/A:L,ADJACENT_NETWORK,LOW,LOW,REQUIRED,CHANGED,HIGH,HIGH,LOW,7.8,HIGH,0,0.04756664449176669,0.0452,nginx,nginx,['CWE-79'],['cpe:2.3:a:nginx:nginx:*:*:*:*:*:*:*:*'],1,1
CVE-2024-10313,Command injection in management web interface in paloalto pan-os component.,2021-10-15T00:00:00+00:00,2021-12-07T00:00:00+00:00,3.1,CVSS:3.1/AV:N/AC:H/PR:H/UI:N/S:U/C:N/I:L/A:N,NETWORK,HIGH,HIGH,NONE,UNCHANGED,NONE,LOW,NONE,6.0,MEDIUM,0,0.02042981692173373,0.0194,paloalto,pan-os,['CWE-787'],['cpe:2.3:a:paloalto:pan-os:*:*:*:*:*:*:*:*'],1,2
CVE-2021-10314,Unauthenticated remote code execution in query optimizer in oracle mysql component.,2025-03-31T00:00:00+00:00,2025-05-24T00:00:00+00:00,3.1,CVSS:3.1/AV:N/AC:L/PR:L/UI:R/S:U/C:L/I:N/A:H,NETWORK,LOW,LOW,REQUIRED,UNCHANGED,LOW,NONE,HIGH,7.2,HIGH,0,0.10905654604351908,0.1036,oracle,mysql,['CWE-20'],['cpe:2.3:a:oracle:mysql:*:*:*:*:*:*:*:*'],1,5
CVE-2025-10315,Remote code execution in Kerberos authentication service in microsoft windows_server component.,2023-09-17T00:00:00+00:00,2023-11-22T00:00:00+00:00,3.1,CVSS:3.1/AV:A/AC:L/PR:H/UI:N/S:U/C:L/I:H/A:H,ADJACENT_NETWORK,LOW,HIGH,NONE,UNCHANGED,LOW,HIGH,HIGH,8.2,HIGH,0,0.009686580404387867,0.0092,microsoft,windows_server,['CWE-269'],['cpe:2.3:a:microsoft:windows_server:*:*:*:*:*:*:*:*'],1,5
CVE-2024-10316,Remote code execution in Kerberos authentication service in microsoft windows_server component.,2024-06-01T00:00:00+00:00,2024-08-29T00:00:00+00:00,3.1,CVSS:3.1/AV:A/AC:H/PR:L/UI:R/S:C/C:L/I:N/A:N,ADJACENT_NETWORK,HIGH,LOW,REQUIRED,CHANGED,LOW,NONE,NONE,5.3,MEDIUM,0,0.2703005031754304,0.2568,microsoft,windows_server,['CWE-416'],['cpe:2.3:a:microsoft:windows_server:*:*:*:*:*:*:*:*'],1,5
CVE-2023-10317,Remote code execution via unsafe deserialization in spring spring_framework component.,2025-09-23T00:00:00+00:00,2025-12-22T00:00:00+00:00,3.1,CVSS:3.1/AV:L/AC:L/PR:N/UI:N/S:C/C:H/I:L/A:H,LOCAL,LOW,NONE,NONE,CHANGED,HIGH,LOW,HIGH,9.6,CRITICAL,0,0.06364439694356895,0.0605,spring,spring_framework,['CWE-89'],['cpe:2.3:a:spring:spring_framework:*:*:*:*:*:*:*:*'],1,2
CVE-2025-10318,Remote code execution via unsafe deserialization in spring spring_framework component.,2024-11-22T00:00:00+00:00,2025-02-12T00:00:00+00:00,3.1,CVSS:3.1/AV:L/AC:L/PR:L/UI:R/S:C/C:H/I:H/A:H,LOCAL,LOW,LOW,REQUIRED,CHANGED,HIGH,HIGH,HIGH,8.5,HIGH,0,0.004077919997572509,0.0039,spring,spring_framework,['CWE-200'],['cpe:2.3:a:spring:spring_framework:*:*:*:*:*:*:*:*'],1,4
CVE-2025-10319,Buffer overflow in TLS handshake parser in openssl openssl component.,2021-08-07T00:00:00+00:00,2021-08-11T00:00:00+00:00,3.1,CVSS:3.1/AV:P/AC:L/PR:N/UI:N/S:U/C:L/I:N/A:L,PHYSICAL,LOW,NONE,NONE,UNCHANGED,LOW,NONE,LOW,6.0,MEDIUM,0,0.1251052854327396,0.1189,openssl,openssl,['CWE-200'],['cpe:2.3:a:openssl:openssl:*:*:*:*:*:*:*:*'],1,2
CVE-2026-10320,Buffer overflow in TLS handshake parser in openssl openssl component.,2025-05-26T00:00:00+00:00,2025-07-03T00:00:00+00:00,3.1,CVSS:3.1/AV:A/AC:L/PR:L/UI:R/S:U/C:H/I:H/A:H,ADJACENT_NETWORK,LOW,LOW,REQUIRED,UNCHANGED,HIGH,HIGH,HIGH,8.9,HIGH,0,0.12308164258254554,0.1169,openssl,openssl,['CWE-119'],['cpe:2.3:a:openssl:openssl:*:*:*:*:*:*:*:*'],1,5
CVE-2022-10321,Remote code execution in Kerberos authentication service in microsoft windows_server component.,2023-11-13T00:00:00+00:00,2024-02-11T00:00:00+00:00,3.1,CVSS:3.1/AV:L/AC:L/PR:L/UI:R/S:C/C:H/I:L/A:H,LOCAL,LOW,LOW,REQUIRED,CHANGED,HIGH,LOW,HIGH,6.7,MEDIUM,0,0.06285679929059998,0.0597,microsoft,windows_server,['CWE-20'],['cpe:2.3:a:microsoft:windows_server:*:*:*:*:*:*:*:*'],1,1
CVE-2022-10322,Use-after-free vulnerability in eBPF subsystem in linux linux_kernel component.,2024-06-24T00:00:00+00:00,2024-08-20T00:00:00+00:00,3.1,CVSS:3.1/AV:A/AC:H/PR:H/UI:N/S:U/C:L/I:L/A:N,ADJACENT_NETWORK,HIGH,HIGH,NONE,UNCHANGED,LOW,LOW,NONE,5.7,MEDIUM,0,0.004065314630278864,0.0039,linux,linux_kernel,['CWE-79'],['cpe:2.3:a:linux:linux_kernel:*:*:*:*:*:*:*:*'],1,2
CVE-2026-10323,Command injection in management web interface in paloalto pan-os component.,2023-11-19T00:00:00+00:00,2023-12-05T00:00:00+00:00,3.1,CVSS:3.1/AV:P/AC:L/PR:L/UI:R/S:C/C:N/I:N/A:H,PHYSICAL,LOW,LOW,REQUIRED,CHANGED,NONE,NONE,HIGH,5.7,MEDIUM,0,0.052023484284339984,0.0494,paloalto,pan-os,['CWE-200'],['cpe:2.3:a:paloalto:pan-os:*:*:*:*:*:*:*:*'],1,1
CVE-2024-10324,Unauthenticated remote code execution in query optimizer in oracle mysql component.,2024-12-24T00:00:00+00:00,2025-01-13T00:00:00+00:00,3.1,CVSS:3.1/AV:N/AC:L/PR:L/UI:N/S:C/C:L/I:H/A:H,NETWORK,LOW,LOW,NONE,CHANGED,LOW,HIGH,HIGH,10.0,CRITICAL,0,0.1951643720910131,0.1854,oracle,mysql,['CWE-269'],['cpe:2.3:a:oracle:mysql:*:*:*:*:*:*:*:*'],1,5
CVE-2022-10325,Privilege escalation via authenticated extension loading in postgresql postgresql component.,2023-12-03T00:00:00+00:00,2023-12-12T00:00:00+00:00,3.1,CVSS:3.1/AV:A/AC:H/PR:H/UI:R/S:U/C:L/I:N/A:N,ADJACENT_NETWORK,HIGH,HIGH,REQUIRED,UNCHANGED,LOW,NONE,NONE,4.6,MEDIUM,0,0.0001,0.0001,postgresql,postgresql,['CWE-269'],['cpe:2.3:a:postgresql:postgresql:*:*:*:*:*:*:*:*'],1,3
CVE-2023-10326,Unauthenticated remote code execution in query optimizer in oracle mysql component.,2022-03-24T00:00:00+00:00,2022-06-12T00:00:00+00:00,3.1,CVSS:3.1/AV:P/AC:L/PR:N/UI:R/S:C/C:N/I:H/A:H,PHYSICAL,LOW,NONE,REQUIRED,CHANGED,NONE,HIGH,HIGH,7.5,HIGH,0,0.01691539665077126,0.0161,oracle,mysql,['CWE-119'],['cpe:2.3:a:oracle:mysql:*:*:*:*:*:*:*:*'],1,1
CVE-2024-10327,Unauthenticated remote code execution in query optimizer in oracle mysql component.,2025-06-19T00:00:00+00:00,2025-07-04T00:00:00+00:00,3.1,CVSS:3.1/AV:P/AC:H/PR:H/UI:R/S:U/C:H/I:L/A:H,PHYSICAL,HIGH,HIGH,REQUIRED,UNCHANGED,HIGH,LOW,HIGH,4.8,MEDIUM,0,0.30324010687445685,0.2881,oracle,mysql,['CWE-787'],['cpe:2.3:a:oracle:mysql:*:*:*:*:*:*:*:*'],1,4
CVE-2023-10328,Buffer overflow in TLS handshake parser in openssl openssl component.,2024-08-27T00:00:00+00:00,2024-09-21T00:00:00+00:00,3.1,CVSS:3.1/AV:L/AC:L/PR:N/UI:N/S:U/C:H/I:N/A:N,LOCAL,LOW,NONE,NONE,UNCHANGED,HIGH,NONE,NONE,7.4,HIGH,0,0.18357600388406664,0.1744,openssl,openssl,['CWE-119'],['cpe:2.3:a:openssl:openssl:*:*:*:*:*:*:*:*'],1,4
CVE-2022-10329,Denial of service via HTTP/2 frame flooding in apache http_server component.,2024-01-07T00:00:00+00:00,2024-04-06T00:00:00+00:00,3.1,CVSS:3.1/AV:P/AC:L/PR:H/UI:N/S:U/C:L/I:H/A:L,PHYSICAL,LOW,HIGH,NONE,UNCHANGED,LOW,HIGH,LOW,5.9,MEDIUM,0,0.06977643795768561,0.0663,apache,http_server,['CWE-20'],['cpe:2.3:a:apache:http_server:*:*:*:*:*:*:*:*'],1,1
CVE-2021-10330,Denial of service via HTTP/2 frame flooding in apache http_server component.,2021-12-31T00:00:00+00:00,2022-02-02T00:00:00+00:00,3.1,CVSS:3.1/AV:N/AC:L/PR:L/UI:R/S:C/C:L/I:H/A:L,NETWORK,LOW,LOW,REQUIRED,CHANGED,LOW,HIGH,LOW,8.5,HIGH,0,0.06049529246648436,0.0575,apache,http_server,['CWE-20'],['cpe:2.3:a:apache:http_server:*:*:*:*:*:*:*:*'],1,4
CVE-2025-10331,Denial of service via HTTP/2 frame flooding in apache http_server component.,2021-01-13T00:00:00+00:00,2021-04-06T00:00:00+00:00,3.1,CVSS:3.1/AV:N/AC:L/PR:H/UI:N/S:C/C:H/I:N/A:L,NETWORK,LOW,HIGH,NONE,CHANGED,HIGH,NONE,LOW,8.6,HIGH,0,0.312766413960449,0.2971,apache,http_server,['CWE-200'],['cpe:2.3:a:apache:http_server:*:*:*:*:*:*:*:*'],1,5
CVE-2023-10332,Denial of service via HTTP/2 frame flooding in apache http_server component.,2025-04-17T00:00:00+00:00,2025-06-13T00:00:00+00:00,3.1,CVSS:3.1/AV:P/AC:H/PR:H/UI:N/S:C/C:N/I:H/A:N,PHYSICAL,HIGH,HIGH,NONE,CHANGED,NONE,HIGH,NONE,5.2,MEDIUM,0,0.18453548374999076,0.1753,apache,http_server,['CWE-89'],['cpe:2.3:a:apache:http_server:*:*:*:*:*:*:*:*'],1,4
CVE-2023-10333,Remote code execution via unsafe deserialization in spring spring_framework component.,2024-07-22T00:00:00+00:00,2024-08-10T00:00:00+00:00,3.1,CVSS:3.1/AV:L/AC:H/PR:N/UI:N/S:U/C:N/I:N/A:H,LOCAL,HIGH,NONE,NONE,UNCHANGED,NONE,NONE,HIGH,6.0,MEDIUM,0,0.00327380773903348,0.0031,spring,spring_framework,['CWE-416'],['cpe:2.3:a:spring:spring_framework:*:*:*:*:*:*:*:*'],1,5
CVE-2021-10334,Remote code execution via unsafe deserialization in spring spring_framework component.,2022-09-17T00:00:00+00:00,2022-10-14T00:00:00+00:00,3.1,CVSS:3.1/AV:L/AC:L/PR:L/UI:N/S:U/C:N/I:N/A:H,LOCAL,LOW,LOW,NONE,UNCHANGED,NONE,NONE,HIGH,6.6,MEDIUM,0,0.07768329059069493,0.0738,spring,spring_framework,['CWE-200'],['cpe:2.3:a:spring:spring_framework:*:*:*:*:*:*:*:*'],1,2
CVE-2022-10335,Denial of service via HTTP/2 frame flooding in apache http_server component.,2024-10-06T00:00:00+00:00,2024-12-18T00:00:00+00:00,3.1,CVSS:3.1/AV:N/AC:H/PR:H/UI:N/S:C/C:H/I:N/A:L,NETWORK,HIGH,HIGH,NONE,CHANGED,HIGH,NONE,LOW,7.9,HIGH,0,0.02860144589887797,0.0272,apache,http_server,['CWE-79'],['cpe:2.3:a:apache:http_server:*:*:*:*:*:*:*:*'],1,2
CVE-2024-10336,Out-of-bounds memory access in V8 JavaScript engine in google chrome component.,2022-11-09T00:00:00+00:00,2022-12-25T00:00:00+00:00,3.1,CVSS:3.1/AV:A/AC:L/PR:N/UI:R/S:U/C:N/I:L/A:L,ADJACENT_NETWORK,LOW,NONE,REQUIRED,UNCHANGED,NONE,LOW,LOW,6.6,MEDIUM,0,0.28370691446410184,0.2695,google,chrome,['CWE-787'],['cpe:2.3:a:google:chrome:*:*:*:*:*:*:*:*'],1,3
CVE-2026-10337,Out-of-bounds memory access in V8 JavaScript engine in google chrome component.,2022-09-19T00:00:00+00:00,2022-12-17T00:00:00+00:00,3.1,CVSS:3.1/AV:A/AC:H/PR:L/UI:R/S:U/C:N/I:L/A:N,ADJACENT_NETWORK,HIGH,LOW,REQUIRED,UNCHANGED,NONE,LOW,NONE,4.1,MEDIUM,0,0.023463495925190425,0.0223,google,chrome,['CWE-119'],['cpe:2.3:a:google:chrome:*:*:*:*:*:*:*:*'],1,4
CVE-2023-10338,Use-after-free vulnerability in eBPF subsystem in linux linux_kernel component.,2021-10-03T00:00:00+00:00,2021-12-29T00:00:00+00:00,3.1,CVSS:3.1/AV:L/AC:H/PR:L/UI:R/S:C/C:L/I:L/A:H,LOCAL,HIGH,LOW,REQUIRED,CHANGED,LOW,LOW,HIGH,5.3,MEDIUM,0,0.04738389105405976,0.045,linux,linux_kernel,['CWE-79'],['cpe:2.3:a:linux:linux_kernel:*:*:*:*:*:*:*:*'],1,2
CVE-2021-10339,Out-of-bounds memory access in V8 JavaScript engine in google chrome component.,2025-09-20T00:00:00+00:00,2025-10-26T00:00:00+00:00,3.1,CVSS:3.1/AV:A/AC:L/PR:L/UI:N/S:U/C:N/I:H/A:H,ADJACENT_NETWORK,LOW,LOW,NONE,UNCHANGED,NONE,HIGH,HIGH,8.6,HIGH,0,0.21371172206430178,0.203,google,chrome,['CWE-20'],['cpe:2.3:a:google:chrome:*:*:*:*:*:*:*:*'],1,5
CVE-2024-10340,Out-of-bounds memory access in V8 JavaScript engine in google chrome component.,2025-04-25T00:00:00+00:00,2025-07-10T00:00:00+00:00,3.1,CVSS:3.1/AV:A/AC:L/PR:H/UI:R/S:C/C:H/I:N/A:L,ADJACENT_NETWORK,LOW,HIGH,REQUIRED,CHANGED,HIGH,NONE,LOW,6.6,MEDIUM,0,0.021638461627010597,0.0206,google,chrome,['CWE-416'],['cpe:2.3:a:google:chrome:*:*:*:*:*:*:*:*'],1,2
CVE-2026-10341,Out-of-bounds memory access in V8 JavaScript engine in google chrome component.,2025-10-22T00:00:00+00:00,2025-11-29T00:00:00+00:00,3.1,CVSS:3.1/AV:A/AC:H/PR:H/UI:N/S:C/C:L/I:H/A:N,ADJACENT_NETWORK,HIGH,HIGH,NONE,CHANGED,LOW,HIGH,NONE,5.9,MEDIUM,0,0.13085393325658787,0.1243,google,chrome,['CWE-119'],['cpe:2.3:a:google:chrome:*:*:*:*:*:*:*:*'],1,5
CVE-2025-10342,Command injection in management web interface in paloalto pan-os component.,2021-10-15T00:00:00+00:00,2021-12-12T00:00:00+00:00,3.1,CVSS:3.1/AV:A/AC:L/PR:H/UI:N/S:C/C:L/I:N/A:N,ADJACENT_NETWORK,LOW,HIGH,NONE,CHANGED,LOW,NONE,NONE,6.5,MEDIUM,0,0.11882503445953625,0.1129,paloalto,pan-os,['CWE-787'],['cpe:2.3:a:paloalto:pan-os:*:*:*:*:*:*:*:*'],1,2
CVE-2023-10343,Denial of service via HTTP/2 frame flooding in apache http_server component.,2023-01-27T00:00:00+00:00,2023-02-26T00:00:00+00:00,3.1,CVSS:3.1/AV:N/AC:L/PR:H/UI:R/S:C/C:L/I:L/A:N,NETWORK,LOW,HIGH,REQUIRED,CHANGED,LOW,LOW,NONE,6.7,MEDIUM,0,0.019979564964497314,0.019,apache,http_server,['CWE-20'],['cpe:2.3:a:apache:http_server:*:*:*:*:*:*:*:*'],1,3
CVE-2026-10344,Denial of service via HTTP/2 frame flooding in apache http_server component.,2023-12-04T00:00:00+00:00,2024-02-24T00:00:00+00:00,3.1,CVSS:3.1/AV:L/AC:H/PR:H/UI:N/S:C/C:H/I:L/A:L,LOCAL,HIGH,HIGH,NONE,CHANGED,HIGH,LOW,LOW,6.4,MEDIUM,0,0.060558357843188707,0.0575,apache,http_server,['CWE-79'],['cpe:2.3:a:apache:http_server:*:*:*:*:*:*:*:*'],1,5
CVE-2024-10345,Use-after-free vulnerability in eBPF subsystem in linux linux_kernel component.,2022-04-02T00:00:00+00:00,2022-06-08T00:00:00+00:00,3.1,CVSS:3.1/AV:P/AC:H/PR:L/UI:R/S:C/C:H/I:N/A:H,PHYSICAL,HIGH,LOW,REQUIRED,CHANGED,HIGH,NONE,HIGH,5.3,MEDIUM,0,0.0008459287298438067,0.0008,linux,linux_kernel,['CWE-89'],['cpe:2.3:a:linux:linux_kernel:*:*:*:*:*:*:*:*'],1,4
CVE-2022-10346,Command injection in management web interface in paloalto pan-os component.,2021-06-07T00:00:00+00:00,2021-08-12T00:00:00+00:00,3.1,CVSS:3.1/AV:L/AC:L/PR:N/UI:N/S:U/C:L/I:H/A:H,LOCAL,LOW,NONE,NONE,UNCHANGED,LOW,HIGH,HIGH,8.1,HIGH,0,0.01731094508474288,0.0164,paloalto,pan-os,['CWE-79'],['cpe:2.3:a:paloalto:pan-os:*:*:*:*:*:*:*:*'],1,2
CVE-2023-10347,Remote code execution in Kerberos authentication service in microsoft windows_server component.,2025-01-15T00:00:00+00:00,2025-01-30T00:00:00+00:00,3.1,CVSS:3.1/AV:P/AC:H/PR:L/UI:N/S:U/C:H/I:L/A:N,PHYSICAL,HIGH,LOW,NONE,UNCHANGED,HIGH,LOW,NONE,4.9,MEDIUM,0,0.06147833028361623,0.0584,microsoft,windows_server,['CWE-119'],['cpe:2.3:a:microsoft:windows_server:*:*:*:*:*:*:*:*'],1,1
CVE-2025-10348,Command injection in management web interface in paloalto pan-os component.,2024-04-28T00:00:00+00:00,2024-05-19T00:00:00+00:00,3.1,CVSS:3.1/AV:A/AC:L/PR:H/UI:N/S:U/C:N/I:L/A:N,ADJACENT_NETWORK,LOW,HIGH,NONE,UNCHANGED,NONE,LOW,NONE,5.8,MEDIUM,0,0.1535069104395601,0.1458,paloalto,pan-os,['CWE-416'],['cpe:2.3:a:paloalto:pan-os:*:*:*:*:*:*:*:*'],1,5
CVE-2026-10349,Out-of-bounds memory access in V8 JavaScript engine in google chrome component.,2021-02-08T00:00:00+00:00,2021-05-04T00:00:00+00:00,3.1,CVSS:3.1/AV:L/AC:L/PR:N/UI:R/S:C/C:L/I:N/A:N,LOCAL,LOW,NONE,REQUIRED,CHANGED,LOW,NONE,NONE,6.2,MEDIUM,0,0.0513543570199733,0.0488,google,chrome,['CWE-416'],['cpe:2.3:a:google:chrome:*:*:*:*:*:*:*:*'],1,5
CVE-2025-10350,Command injection in management web interface in paloalto pan-os component.,2025-08-08T00:00:00+00:00,2025-09-01T00:00:00+00:00,3.1,CVSS:3.1/AV:L/AC:L/PR:H/UI:R/S:C/C:H/I:H/A:N,LOCAL,LOW,HIGH,REQUIRED,CHANGED,HIGH,HIGH,NONE,6.8,MEDIUM,0,0.0016961132174600688,0.0016,paloalto,pan-os,['CWE-119'],['cpe:2.3:a:paloalto:pan-os:*:*:*:*:*:*:*:*'],1,4
CVE-2022-10351,Remote code execution in Kerberos authentication service in microsoft windows_server component.,2021-08-11T00:00:00+00:00,2021-08-14T00:00:00+00:00,3.1,CVSS:3.1/AV:A/AC:H/PR:N/UI:N/S:U/C:L/I:H/A:H,ADJACENT_NETWORK,HIGH,NONE,NONE,UNCHANGED,LOW,HIGH,HIGH,8.7,HIGH,0,0.07831029025837498,0.0744,microsoft,windows_server,['CWE-20'],['cpe:2.3:a:microsoft:windows_server:*:*:*:*:*:*:*:*'],1,5
CVE-2021-10352,Remote code execution via unsafe deserialization in spring spring_framework component.,2021-07-10T00:00:00+00:00,2021-09-10T00:00:00+00:00,3.1,CVSS:3.1/AV:A/AC:L/PR:H/UI:R/S:C/C:L/I:N/A:H,ADJACENT_NETWORK,LOW,HIGH,REQUIRED,CHANGED,LOW,NONE,HIGH,7.1,HIGH,0,0.0007228833460296383,0.0007,spring,spring_framework,['CWE-416'],['cpe:2.3:a:spring:spring_framework:*:*:*:*:*:*:*:*'],1,2
CVE-2024-10353,Integer overflow in HTTP request header processing in nginx nginx component.,2022-12-19T00:00:00+00:00,2023-03-05T00:00:00+00:00,3.1,CVSS:3.1/AV:N/AC:H/PR:N/UI:R/S:C/C:N/I:N/A:L,NETWORK,HIGH,NONE,REQUIRED,CHANGED,NONE,NONE,LOW,7.2,HIGH,0,0.45578501203602473,0.433,nginx,nginx,['CWE-416'],['cpe:2.3:a:nginx:nginx:*:*:*:*:*:*:*:*'],1,3
CVE-2021-10354,Privilege escalation via authenticated extension loading in postgresql postgresql component.,2024-12-23T00:00:00+00:00,2024-12-24T00:00:00+00:00,3.1,CVSS:3.1/AV:N/AC:L/PR:L/UI:N/S:C/C:L/I:L/A:N,NETWORK,LOW,LOW,NONE,CHANGED,LOW,LOW,NONE,7.1,HIGH,0,0.1413103111163263,0.1342,postgresql,postgresql,['CWE-89'],['cpe:2.3:a:postgresql:postgresql:*:*:*:*:*:*:*:*'],1,4
CVE-2023-10355,Out-of-bounds memory access in V8 JavaScript engine in google chrome component.,2022-06-20T00:00:00+00:00,2022-08-28T00:00:00+00:00,3.1,CVSS:3.1/AV:P/AC:H/PR:H/UI:R/S:C/C:N/I:L/A:H,PHYSICAL,HIGH,HIGH,REQUIRED,CHANGED,NONE,LOW,HIGH,4.9,MEDIUM,0,0.15152150489830032,0.1439,google,chrome,['CWE-787'],['cpe:2.3:a:google:chrome:*:*:*:*:*:*:*:*'],1,2
CVE-2025-10356,Unauthenticated remote code execution in query optimizer in oracle mysql component.,2024-02-11T00:00:00+00:00,2024-04-13T00:00:00+00:00,3.1,CVSS:3.1/AV:L/AC:H/PR:H/UI:R/S:C/C:H/I:N/A:H,LOCAL,HIGH,HIGH,REQUIRED,CHANGED,HIGH,NONE,HIGH,6.2,MEDIUM,0,0.20356896273990518,0.1934,oracle,mysql,['CWE-79'],['cpe:2.3:a:oracle:mysql:*:*:*:*:*:*:*:*'],1,2
CVE-2026-10357,Integer overflow in HTTP request header processing in nginx nginx component.,2021-11-28T00:00:00+00:00,2021-12-11T00:00:00+00:00,3.1,CVSS:3.1/AV:A/AC:H/PR:L/UI:N/S:U/C:L/I:H/A:N,ADJACENT_NETWORK,HIGH,LOW,NONE,UNCHANGED,LOW,HIGH,NONE,6.2,MEDIUM,0,0.033574988299601725,0.0319,nginx,nginx,['CWE-79'],['cpe:2.3:a:nginx:nginx:*:*:*:*:*:*:*:*'],1,2
CVE-2025-10358,Integer overflow in HTTP request header processing in nginx nginx component.,2023-06-11T00:00:00+00:00,2023-06-23T00:00:00+00:00,3.1,CVSS:3.1/AV:N/AC:H/PR:N/UI:R/S:U/C:H/I:N/A:H,NETWORK,HIGH,NONE,REQUIRED,UNCHANGED,HIGH,NONE,HIGH,9.0,CRITICAL,0,0.21206261983346408,0.2015,nginx,nginx,['CWE-416'],['cpe:2.3:a:nginx:nginx:*:*:*:*:*:*:*:*'],1,5
CVE-2023-10359,Remote code execution via unsafe deserialization in spring spring_framework component.,2024-12-28T00:00:00+00:00,2025-03-15T00:00:00+00:00,3.1,CVSS:3.1/AV:N/AC:L/PR:H/UI:R/S:C/C:N/I:N/A:H,NETWORK,LOW,HIGH,REQUIRED,CHANGED,NONE,NONE,HIGH,8.3,HIGH,0,0.07433381694626161,0.0706,spring,spring_framework,['CWE-200'],['cpe:2.3:a:spring:spring_framework:*:*:*:*:*:*:*:*'],1,2
CVE-2025-10360,Buffer overflow in TLS handshake parser in openssl openssl component.,2023-11-12T00:00:00+00:00,2024-01-18T00:00:00+00:00,3.1,CVSS:3.1/AV:A/AC:L/PR:H/UI:N/S:C/C:N/I:H/A:N,ADJACENT_NETWORK,LOW,HIGH,NONE,CHANGED,NONE,HIGH,NONE,7.8,HIGH,0,0.03615171950232628,0.0343,openssl,openssl,['CWE-89'],['cpe:2.3:a:openssl:openssl:*:*:*:*:*:*:*:*'],1,1
CVE-2024-10361,Use-after-free vulnerability in eBPF subsystem in linux linux_kernel component.,2022-12-25T00:00:00+00:00,2023-03-21T00:00:00+00:00,3.1,CVSS:3.1/AV:P/AC:H/PR:H/UI:N/S:U/C:H/I:H/A:N,PHYSICAL,HIGH,HIGH,NONE,UNCHANGED,HIGH,HIGH,NONE,6.2,MEDIUM,0,0.025781303161528605,0.0245,linux,linux_kernel,['CWE-79'],['cpe:2.3:a:linux:linux_kernel:*:*:*:*:*:*:*:*'],1,5
CVE-2026-10362,Use-after-free vulnerability in eBPF subsystem in linux linux_kernel component.,2025-08-27T00:00:00+00:00,2025-11-07T00:00:00+00:00,3.1,CVSS:3.1/AV:L/AC:H/PR:L/UI:N/S:U/C:L/I:L/A:H,LOCAL,HIGH,LOW,NONE,UNCHANGED,LOW,LOW,HIGH,5.7,MEDIUM,0,0.2242613032714121,0.213,linux,linux_kernel,['CWE-20'],['cpe:2.3:a:linux:linux_kernel:*:*:*:*:*:*:*:*'],1,3
CVE-2024-10363,Command injection in management web interface in paloalto pan-os component.,2023-11-03T00:00:00+00:00,2023-11-17T00:00:00+00:00,3.1,CVSS:3.1/AV:N/AC:H/PR:L/UI:N/S:C/C:H/I:H/A:L,NETWORK,HIGH,LOW,NONE,CHANGED,HIGH,HIGH,LOW,8.7,HIGH,0,0.022529590664117943,0.0214,paloalto,pan-os,['CWE-416'],['cpe:2.3:a:paloalto:pan-os:*:*:*:*:*:*:*:*'],1,5
CVE-2022-10364,Integer overflow in HTTP request header processing in nginx nginx component.,2025-04-01T00:00:00+00:00,2025-05-15T00:00:00+00:00,3.1,CVSS:3.1/AV:P/AC:H/PR:H/UI:N/S:C/C:N/I:L/A:N,PHYSICAL,HIGH,HIGH,NONE,CHANGED,NONE,LOW,NONE,4.0,MEDIUM,0,0.033217950642012065,0.0316,nginx,nginx,['CWE-416'],['cpe:2.3:a:nginx:nginx:*:*:*:*:*:*:*:*'],1,2
CVE-2023-10365,Privilege escalation via authenticated extension loading in postgresql postgresql component.,2023-04-25T00:00:00+00:00,2023-06-10T00:00:00+00:00,3.1,CVSS:3.1/AV:N/AC:H/PR:N/UI:R/S:U/C:L/I:H/A:H,NETWORK,HIGH,NONE,REQUIRED,UNCHANGED,LOW,HIGH,HIGH,8.8,HIGH,0,0.1499443145133814,0.1424,postgresql,postgresql,['CWE-79'],['cpe:2.3:a:postgresql:postgresql:*:*:*:*:*:*:*:*'],1,5
CVE-2024-10366,Command injection in management web interface in paloalto pan-os component.,2022-10-05T00:00:00+00:00,2022-11-20T00:00:00+00:00,3.1,CVSS:3.1/AV:A/AC:H/PR:N/UI:N/S:C/C:H/I:N/A:N,ADJACENT_NETWORK,HIGH,NONE,NONE,CHANGED,HIGH,NONE,NONE,7.7,HIGH,0,0.20882511255697012,0.1984,paloalto,pan-os,['CWE-119'],['cpe:2.3:a:paloalto:pan-os:*:*:*:*:*:*:*:*'],1,3
CVE-2022-10367,Privilege escalation via authenticated extension loading in postgresql postgresql component.,2022-02-20T00:00:00+00:00,2022-03-24T00:00:00+00:00,3.1,CVSS:3.1/AV:L/AC:L/PR:N/UI:N/S:U/C:H/I:H/A:L,LOCAL,LOW,NONE,NONE,UNCHANGED,HIGH,HIGH,LOW,8.8,HIGH,0,0.06351179830720148,0.0603,postgresql,postgresql,['CWE-20'],['cpe:2.3:a:postgresql:postgresql:*:*:*:*:*:*:*:*'],1,5
CVE-2024-10368,Buffer overflow in TLS handshake parser in openssl openssl component.,2023-01-31T00:00:00+00:00,2023-04-21T00:00:00+00:00,3.1,CVSS:3.1/AV:L/AC:H/PR:H/UI:R/S:C/C:N/I:H/A:L,LOCAL,HIGH,HIGH,REQUIRED,CHANGED,NONE,HIGH,LOW,5.4,MEDIUM,0,0.008825635091931716,0.0084,openssl,openssl,['CWE-416'],['cpe:2.3:a:openssl:openssl:*:*:*:*:*:*:*:*'],1,2
CVE-2022-10369,Out-of-bounds memory access in V8 JavaScript engine in google chrome component.,2021-04-21T00:00:00+00:00,2021-06-28T00:00:00+00:00,3.1,CVSS:3.1/AV:P/AC:H/PR:H/UI:N/S:C/C:L/I:H/A:N,PHYSICAL,HIGH,HIGH,NONE,CHANGED,LOW,HIGH,NONE,5.8,MEDIUM,0,0.017756622165007473,0.0169,google,chrome,['CWE-787'],['cpe:2.3:a:google:chrome:*:*:*:*:*:*:*:*'],1,1
CVE-2024-10370,Remote code execution via unsafe deserialization in spring spring_framework component.,2022-10-09T00:00:00+00:00,2023-01-06T00:00:00+00:00,3.1,CVSS:3.1/AV:N/AC:L/PR:H/UI:N/S:C/C:H/I:N/A:L,NETWORK,LOW,HIGH,NONE,CHANGED,HIGH,NONE,LOW,8.2,HIGH,0,0.28079442833282137,0.2668,spring,spring_framework,['CWE-200'],['cpe:2.3:a:spring:spring_framework:*:*:*:*:*:*:*:*'],1,2
CVE-2023-10371,Remote code execution via unsafe deserialization in spring spring_framework component.,2022-05-01T00:00:00+00:00,2022-06-05T00:00:00+00:00,3.1,CVSS:3.1/AV:P/AC:H/PR:L/UI:N/S:C/C:L/I:N/A:L,PHYSICAL,HIGH,LOW,NONE,CHANGED,LOW,NONE,LOW,4.5,MEDIUM,0,0.25552164113732784,0.2427,spring,spring_framework,['CWE-269'],['cpe:2.3:a:spring:spring_framework:*:*:*:*:*:*:*:*'],1,3
CVE-2023-10372,Remote code execution in Kerberos authentication service in microsoft windows_server component.,2023-07-13T00:00:00+00:00,2023-08-06T00:00:00+00:00,3.1,CVSS:3.1/AV:A/AC:L/PR:N/UI:R/S:U/C:H/I:L/A:L,ADJACENT_NETWORK,LOW,NONE,REQUIRED,UNCHANGED,HIGH,LOW,LOW,7.6,HIGH,0,0.06444727266742992,0.0612,microsoft,windows_server,['CWE-119'],['cpe:2.3:a:microsoft:windows_server:*:*:*:*:*:*:*:*'],1,2
CVE-2024-10373,Command injection in management web interface in paloalto pan-os component.,2025-07-09T00:00:00+00:00,2025-07-11T00:00:00+00:00,3.1,CVSS:3.1/AV:A/AC:H/PR:L/UI:N/S:C/C:L/I:L/A:L,ADJACENT_NETWORK,HIGH,LOW,NONE,CHANGED,LOW,LOW,LOW,5.3,MEDIUM,0,0.12742710977263064,0.1211,paloalto,pan-os,['CWE-20'],['cpe:2.3:a:paloalto:pan-os:*:*:*:*:*:*:*:*'],1,4
CVE-2026-10374,Denial of service via HTTP/2 frame flooding in apache http_server component.,2021-12-01T00:00:00+00:00,2021-12-09T00:00:00+00:00,3.1,CVSS:3.1/AV:A/AC:H/PR:L/UI:N/S:C/C:H/I:L/A:L,ADJACENT_NETWORK,HIGH,LOW,NONE,CHANGED,HIGH,LOW,LOW,6.5,MEDIUM,0,0.08692749781234664,0.0826,apache,http_server,['CWE-269'],['cpe:2.3:a:apache:http_server:*:*:*:*:*:*:*:*'],1,3
CVE-2025-10375,Remote code execution via unsafe deserialization in spring spring_framework component.,2025-07-17T00:00:00+00:00,2025-08-19T00:00:00+00:00,3.1,CVSS:3.1/AV:L/AC:L/PR:L/UI:N/S:C/C:H/I:H/A:N,LOCAL,LOW,LOW,NONE,CHANGED,HIGH,HIGH,NONE,8.0,HIGH,0,0.1602686533175732,0.1523,spring,spring_framework,['CWE-89'],['cpe:2.3:a:spring:spring_framework:*:*:*:*:*:*:*:*'],1,3
CVE-2023-10376,Unauthenticated remote code execution in query optimizer in oracle mysql component.,2024-10-10T00:00:00+00:00,2024-12-15T00:00:00+00:00,3.1,CVSS:3.1/AV:P/AC:H/PR:N/UI:R/S:C/C:L/I:H/A:N,PHYSICAL,HIGH,NONE,REQUIRED,CHANGED,LOW,HIGH,NONE,5.7,MEDIUM,0,0.009026677735288688,0.0086,oracle,mysql,['CWE-89'],['cpe:2.3:a:oracle:mysql:*:*:*:*:*:*:*:*'],1,3
CVE-2026-10377,Remote code execution in Kerberos authentication service in microsoft windows_server component.,2024-06-08T00:00:00+00:00,2024-08-21T00:00:00+00:00,3.1,CVSS:3.1/AV:P/AC:L/PR:N/UI:N/S:C/C:N/I:L/A:L,PHYSICAL,LOW,NONE,NONE,CHANGED,NONE,LOW,LOW,6.8,MEDIUM,0,0.5031329045555123,0.478,microsoft,windows_server,['CWE-200'],['cpe:2.3:a:microsoft:windows_server:*:*:*:*:*:*:*:*'],1,3
CVE-2026-10378,Out-of-bounds memory access in V8 JavaScript engine in google chrome component.,2023-03-21T00:00:00+00:00,2023-04-25T00:00:00+00:00,3.1,CVSS:3.1/AV:P/AC:H/PR:H/UI:R/S:C/C:N/I:N/A:N,PHYSICAL,HIGH,HIGH,REQUIRED,CHANGED,NONE,NONE,NONE,3.7,LOW,0,0.00895496877406452,0.0085,google,chrome,['CWE-89'],['cpe:2.3:a:google:chrome:*:*:*:*:*:*:*:*'],1,2
CVE-2026-10379,Use-after-free vulnerability in eBPF subsystem in linux linux_kernel component.,2024-12-06T00:00:00+00:00,2024-12-17T00:00:00+00:00,3.1,CVSS:3.1/AV:A/AC:L/PR:L/UI:N/S:U/C:N/I:L/A:H,ADJACENT_NETWORK,LOW,LOW,NONE,UNCHANGED,NONE,LOW,HIGH,7.0,HIGH,0,0.038445979730107736,0.0365,linux,linux_kernel,['CWE-20'],['cpe:2.3:a:linux:linux_kernel:*:*:*:*:*:*:*:*'],1,1
CVE-2025-10380,Remote code execution in Kerberos authentication service in microsoft windows_server component.,2025-04-16T00:00:00+00:00,2025-04-27T00:00:00+00:00,3.1,CVSS:3.1/AV:N/AC:H/PR:H/UI:N/S:U/C:H/I:L/A:L,NETWORK,HIGH,HIGH,NONE,UNCHANGED,HIGH,LOW,LOW,6.6,MEDIUM,0,0.0919920519764326,0.0874,microsoft,windows_server,['CWE-119'],['cpe:2.3:a:microsoft:windows_server:*:*:*:*:*:*:*:*'],1,2
CVE-2024-10381,Use-after-free vulnerability in eBPF subsystem in linux linux_kernel component.,2024-07-07T00:00:00+00:00,2024-07-24T00:00:00+00:00,3.1,CVSS:3.1/AV:A/AC:L/PR:N/UI:N/S:C/C:L/I:L/A:L,ADJACENT_NETWORK,LOW,NONE,NONE,CHANGED,LOW,LOW,LOW,7.9,HIGH,0,0.22239802412325496,0.2113,linux,linux_kernel,['CWE-200'],['cpe:2.3:a:linux:linux_kernel:*:*:*:*:*:*:*:*'],1,5
CVE-2022-10382,Integer overflow in HTTP request header processing in nginx nginx component.,2024-11-29T00:00:00+00:00,2025-02-07T00:00:00+00:00,3.1,CVSS:3.1/AV:A/AC:H/PR:H/UI:R/S:C/C:L/I:L/A:H,ADJACENT_NETWORK,HIGH,HIGH,REQUIRED,CHANGED,LOW,LOW,HIGH,5.7,MEDIUM,0,0.12660157539471764,0.1203,nginx,nginx,['CWE-119'],['cpe:2.3:a:nginx:nginx:*:*:*:*:*:*:*:*'],1,1
CVE-2023-10383,Integer overflow in HTTP request header processing in nginx nginx component.,2023-01-20T00:00:00+00:00,2023-03-14T00:00:00+00:00,3.1,CVSS:3.1/AV:L/AC:L/PR:L/UI:N/S:U/C:H/I:N/A:L,LOCAL,LOW,LOW,NONE,UNCHANGED,HIGH,NONE,LOW,6.7,MEDIUM,0,0.060605925135019015,0.0576,nginx,nginx,['CWE-200'],['cpe:2.3:a:nginx:nginx:*:*:*:*:*:*:*:*'],1,4
CVE-2021-10384,Remote code execution via unsafe deserialization in spring spring_framework component.,2024-11-09T00:00:00+00:00,2025-01-11T00:00:00+00:00,3.1,CVSS:3.1/AV:P/AC:H/PR:N/UI:R/S:C/C:H/I:N/A:N,PHYSICAL,HIGH,NONE,REQUIRED,CHANGED,HIGH,NONE,NONE,5.4,MEDIUM,0,0.20336100905021434,0.1932,spring,spring_framework,['CWE-269'],['cpe:2.3:a:spring:spring_framework:*:*:*:*:*:*:*:*'],1,2
CVE-2025-10385,Remote code execution in Kerberos authentication service in microsoft windows_server component.,2023-06-15T00:00:00+00:00,2023-08-05T00:00:00+00:00,3.1,CVSS:3.1/AV:A/AC:L/PR:H/UI:R/S:C/C:N/I:L/A:N,ADJACENT_NETWORK,LOW,HIGH,REQUIRED,CHANGED,NONE,LOW,NONE,6.1,MEDIUM,0,0.05014814133541807,0.0476,microsoft,windows_server,['CWE-416'],['cpe:2.3:a:microsoft:windows_server:*:*:*:*:*:*:*:*'],1,2
CVE-2025-10386,Remote code execution via unsafe deserialization in spring spring_framework component.,2025-07-12T00:00:00+00:00,2025-10-09T00:00:00+00:00,3.1,CVSS:3.1/AV:L/AC:H/PR:H/UI:R/S:C/C:N/I:N/A:N,LOCAL,HIGH,HIGH,REQUIRED,CHANGED,NONE,NONE,NONE,4.3,MEDIUM,0,0.17152123114452614,0.1629,spring,spring_framework,['CWE-89'],['cpe:2.3:a:spring:spring_framework:*:*:*:*:*:*:*:*'],1,3
CVE-2026-10387,Denial of service via HTTP/2 frame flooding in apache http_server component.,2023-07-22T00:00:00+00:00,2023-10-10T00:00:00+00:00,3.1,CVSS:3.1/AV:P/AC:H/PR:H/UI:R/S:U/C:L/I:N/A:N,PHYSICAL,HIGH,HIGH,REQUIRED,UNCHANGED,LOW,NONE,NONE,2.8,LOW,0,0.18663778946632426,0.1773,apache,http_server,['CWE-20'],['cpe:2.3:a:apache:http_server:*:*:*:*:*:*:*:*'],1,5
CVE-2022-10388,Buffer overflow in TLS handshake parser in openssl openssl component.,2021-07-29T00:00:00+00:00,2021-09-04T00:00:00+00:00,3.1,CVSS:3.1/AV:L/AC:L/PR:H/UI:R/S:U/C:N/I:N/A:N,LOCAL,LOW,HIGH,REQUIRED,UNCHANGED,NONE,NONE,NONE,5.1,MEDIUM,0,0.20040631707842585,0.1904,openssl,openssl,['CWE-20'],['cpe:2.3:a:openssl:openssl:*:*:*:*:*:*:*:*'],1,4
CVE-2023-10389,Privilege escalation via authenticated extension loading in postgresql postgresql component.,2023-05-11T00:00:00+00:00,2023-06-20T00:00:00+00:00,3.1,CVSS:3.1/AV:P/AC:H/PR:L/UI:N/S:C/C:N/I:N/A:N,PHYSICAL,HIGH,LOW,NONE,CHANGED,NONE,NONE,NONE,3.8,LOW,0,0.05363286954504383,0.051,postgresql,postgresql,['CWE-200'],['cpe:2.3:a:postgresql:postgresql:*:*:*:*:*:*:*:*'],1,4
CVE-2025-10390,Denial of service via HTTP/2 frame flooding in apache http_server component.,2023-08-21T00:00:00+00:00,2023-09-14T00:00:00+00:00,3.1,CVSS:3.1/AV:A/AC:H/PR:L/UI:N/S:U/C:H/I:N/A:L,ADJACENT_NETWORK,HIGH,LOW,NONE,UNCHANGED,HIGH,NONE,LOW,6.3,MEDIUM,0,0.051838374557922125,0.0492,apache,http_server,['CWE-787'],['cpe:2.3:a:apache:http_server:*:*:*:*:*:*:*:*'],1,2
CVE-2022-10391,Buffer overflow in TLS handshake parser in openssl openssl component.,2023-08-02T00:00:00+00:00,2023-08-15T00:00:00+00:00,3.1,CVSS:3.1/AV:A/AC:H/PR:L/UI:R/S:C/C:N/I:H/A:H,ADJACENT_NETWORK,HIGH,LOW,REQUIRED,CHANGED,NONE,HIGH,HIGH,6.7,MEDIUM,0,0.022007129450644296,0.0209,openssl,openssl,['CWE-20'],['cpe:2.3:a:openssl:openssl:*:*:*:*:*:*:*:*'],1,5
CVE-2021-10392,Remote code execution via unsafe deserialization in spring spring_framework component.,2022-06-03T00:00:00+00:00,2022-08-04T00:00:00+00:00,3.1,CVSS:3.1/AV:L/AC:L/PR:L/UI:N/S:U/C:N/I:N/A:H,LOCAL,LOW,LOW,NONE,UNCHANGED,NONE,NONE,HIGH,6.6,MEDIUM,0,0.104454694558763,0.0992,spring,spring_framework,['CWE-416'],['cpe:2.3:a:spring:spring_framework:*:*:*:*:*:*:*:*'],1,3
CVE-2022-10393,Buffer overflow in TLS handshake parser in openssl openssl component.,2025-06-15T00:00:00+00:00,2025-07-21T00:00:00+00:00,3.1,CVSS:3.1/AV:N/AC:H/PR:N/UI:N/S:U/C:H/I:H/A:L,NETWORK,HIGH,NONE,NONE,UNCHANGED,HIGH,HIGH,LOW,9.5,CRITICAL,0,0.1180053743108174,0.1121,openssl,openssl,['CWE-89'],['cpe:2.3:a:openssl:openssl:*:*:*:*:*:*:*:*'],1,3
CVE-2022-10394,Denial of service via HTTP/2 frame flooding in apache http_server component.,2021-11-19T00:00:00+00:00,2022-01-22T00:00:00+00:00,3.1,CVSS:3.1/AV:N/AC:H/PR:H/UI:N/S:U/C:L/I:H/A:N,NETWORK,HIGH,HIGH,NONE,UNCHANGED,LOW,HIGH,NONE,7.2,HIGH,0,0.1052004193534275,0.0999,apache,http_server,['CWE-79'],['cpe:2.3:a:apache:http_server:*:*:*:*:*:*:*:*'],1,2
CVE-2022-10395,Integer overflow in HTTP request header processing in nginx nginx component.,2022-10-11T00:00:00+00:00,2022-12-22T00:00:00+00:00,3.1,CVSS:3.1/AV:L/AC:H/PR:H/UI:N/S:U/C:H/I:L/A:L,LOCAL,HIGH,HIGH,NONE,UNCHANGED,HIGH,LOW,LOW,5.5,MEDIUM,0,0.0001,0.0001,nginx,nginx,['CWE-89'],['cpe:2.3:a:nginx:nginx:*:*:*:*:*:*:*:*'],1,3
CVE-2024-10396,Buffer overflow in TLS handshake parser in openssl openssl component.,2024-12-18T00:00:00+00:00,2025-02-13T00:00:00+00:00,3.1,CVSS:3.1/AV:L/AC:H/PR:N/UI:N/S:C/C:L/I:H/A:L,LOCAL,HIGH,NONE,NONE,CHANGED,LOW,HIGH,LOW,7.2,HIGH,0,0.22403202717148443,0.2128,openssl,openssl,['CWE-200'],['cpe:2.3:a:openssl:openssl:*:*:*:*:*:*:*:*'],1,5
CVE-2022-10397,Remote code execution via unsafe deserialization in spring spring_framework component.,2021-05-22T00:00:00+00:00,2021-07-29T00:00:00+00:00,3.1,CVSS:3.1/AV:A/AC:H/PR:L/UI:R/S:C/C:L/I:N/A:H,ADJACENT_NETWORK,HIGH,LOW,REQUIRED,CHANGED,LOW,NONE,HIGH,6.1,MEDIUM,0,0.027044950910478795,0.0257,spring,spring_framework,['CWE-416'],['cpe:2.3:a:spring:spring_framework:*:*:*:*:*:*:*:*'],1,2
CVE-2025-10398,Buffer overflow in TLS handshake parser in openssl openssl component.,2025-10-21T00:00:00+00:00,2025-12-07T00:00:00+00:00,3.1,CVSS:3.1/AV:A/AC:H/PR:H/UI:N/S:C/C:N/I:H/A:H,ADJACENT_NETWORK,HIGH,HIGH,NONE,CHANGED,NONE,HIGH,HIGH,8.4,HIGH,0,0.016364289028989388,0.0155,openssl,openssl,['CWE-787'],['cpe:2.3:a:openssl:openssl:*:*:*:*:*:*:*:*'],1,5
CVE-2025-10399,Command injection in management web interface in paloalto pan-os component.,2022-08-03T00:00:00+00:00,2022-09-14T00:00:00+00:00,3.1,CVSS:3.1/AV:P/AC:H/PR:N/UI:N/S:U/C:N/I:N/A:N,PHYSICAL,HIGH,NONE,NONE,UNCHANGED,NONE,NONE,NONE,5.2,MEDIUM,0,0.12414076455318508,0.1179,paloalto,pan-os,['CWE-20'],['cpe:2.3:a:paloalto:pan-os:*:*:*:*:*:*:*:*'],1,2
CVE-2024-10400,Denial of service via HTTP/2 frame flooding in apache http_server component.,2022-01-28T00:00:00+00:00,2022-02-10T00:00:00+00:00,3.1,CVSS:3.1/AV:N/AC:H/PR:H/UI:R/S:C/C:N/I:L/A:N,NETWORK,HIGH,HIGH,REQUIRED,CHANGED,NONE,LOW,NONE,5.9,MEDIUM,0,0.07072826183422613,0.0672,apache,http_server,['CWE-79'],['cpe:2.3:a:apache:http_server:*:*:*:*:*:*:*:*'],1,1
CVE-2026-10401,Privilege escalation via authenticated extension loading in postgresql postgresql component.,2023-10-04T00:00:00+00:00,2023-10-15T00:00:00+00:00,3.1,CVSS:3.1/AV:P/AC:L/PR:L/UI:R/S:C/C:H/I:N/A:H,PHYSICAL,LOW,LOW,REQUIRED,CHANGED,HIGH,NONE,HIGH,6.3,MEDIUM,0,0.11609751285201211,0.1103,postgresql,postgresql,['CWE-200'],['cpe:2.3:a:postgresql:postgresql:*:*:*:*:*:*:*:*'],1,5
CVE-2026-10402,Buffer overflow in TLS handshake parser in openssl openssl component.,2021-05-25T00:00:00+00:00,2021-07-03T00:00:00+00:00,3.1,CVSS:3.1/AV:N/AC:L/PR:H/UI:N/S:U/C:H/I:N/A:H,NETWORK,LOW,HIGH,NONE,UNCHANGED,HIGH,NONE,HIGH,9.2,CRITICAL,0,0.8062260837006627,0.7659,openssl,openssl,['CWE-119'],['cpe:2.3:a:openssl:openssl:*:*:*:*:*:*:*:*'],1,5
CVE-2025-10403,Privilege escalation via authenticated extension loading in postgresql postgresql component.,2024-07-04T00:00:00+00:00,2024-07-27T00:00:00+00:00,3.1,CVSS:3.1/AV:P/AC:L/PR:H/UI:R/S:C/C:H/I:H/A:L,PHYSICAL,LOW,HIGH,REQUIRED,CHANGED,HIGH,HIGH,LOW,6.9,MEDIUM,0,0.0001,0.0001,postgresql,postgresql,['CWE-79'],['cpe:2.3:a:postgresql:postgresql:*:*:*:*:*:*:*:*'],1,2
CVE-2025-10404,Command injection in management web interface in paloalto pan-os component.,2023-04-03T00:00:00+00:00,2023-06-07T00:00:00+00:00,3.1,CVSS:3.1/AV:L/AC:L/PR:H/UI:R/S:C/C:L/I:H/A:L,LOCAL,LOW,HIGH,REQUIRED,CHANGED,LOW,HIGH,LOW,6.6,MEDIUM,0,0.10677055938778603,0.1014,paloalto,pan-os,['CWE-269'],['cpe:2.3:a:paloalto:pan-os:*:*:*:*:*:*:*:*'],1,4
CVE-2026-10405,Remote code execution in Kerberos authentication service in microsoft windows_server component.,2022-10-25T00:00:00+00:00,2023-01-11T00:00:00+00:00,3.1,CVSS:3.1/AV:A/AC:L/PR:L/UI:R/S:C/C:L/I:L/A:L,ADJACENT_NETWORK,LOW,LOW,REQUIRED,CHANGED,LOW,LOW,LOW,6.0,MEDIUM,0,0.05217622144520626,0.0496,microsoft,windows_server,['CWE-20'],['cpe:2.3:a:microsoft:windows_server:*:*:*:*:*:*:*:*'],1,1
CVE-2025-10406,Use-after-free vulnerability in eBPF subsystem in linux linux_kernel component.,2021-02-03T00:00:00+00:00,2021-04-11T00:00:00+00:00,3.1,CVSS:3.1/AV:A/AC:H/PR:N/UI:R/S:U/C:N/I:L/A:N,ADJACENT_NETWORK,HIGH,NONE,REQUIRED,UNCHANGED,NONE,LOW,NONE,5.5,MEDIUM,0,0.003097038219885677,0.0029,linux,linux_kernel,['CWE-200'],['cpe:2.3:a:linux:linux_kernel:*:*:*:*:*:*:*:*'],1,5
CVE-2025-10407,Remote code execution via unsafe deserialization in spring spring_framework component.,2024-03-14T00:00:00+00:00,2024-05-27T00:00:00+00:00,3.1,CVSS:3.1/AV:A/AC:L/PR:N/UI:R/S:C/C:N/I:N/A:L,ADJACENT_NETWORK,LOW,NONE,REQUIRED,CHANGED,NONE,NONE,LOW,7.5,HIGH,0,0.12829055875537212,0.1219,spring,spring_framework,['CWE-269'],['cpe:2.3:a:spring:spring_framework:*:*:*:*:*:*:*:*'],1,5
CVE-2022-10408,Privilege escalation via authenticated extension loading in postgresql postgresql component.,2022-06-09T00:00:00+00:00,2022-07-18T00:00:00+00:00,3.1,CVSS:3.1/AV:N/AC:H/PR:H/UI:N/S:U/C:H/I:L/A:L,NETWORK,HIGH,HIGH,NONE,UNCHANGED,HIGH,LOW,LOW,6.9,MEDIUM,0,0.013325898641646365,0.0127,postgresql,postgresql,['CWE-89'],['cpe:2.3:a:postgresql:postgresql:*:*:*:*:*:*:*:*'],1,4
CVE-2021-10409,Out-of-bounds memory access in V8 JavaScript engine in google chrome component.,2024-05-04T00:00:00+00:00,2024-07-26T00:00:00+00:00,3.1,CVSS:3.1/AV:L/AC:L/PR:H/UI:R/S:U/C:N/I:L/A:L,LOCAL,LOW,HIGH,REQUIRED,UNCHANGED,NONE,LOW,LOW,5.0,MEDIUM,0,0.17976911817822927,0.1708,google,chrome,['CWE-416'],['cpe:2.3:a:google:chrome:*:*:*:*:*:*:*:*'],1,4
CVE-2022-10410,Denial of service via HTTP/2 frame flooding in apache http_server component.,2025-03-12T00:00:00+00:00,2025-06-04T00:00:00+00:00,3.1,CVSS:3.1/AV:N/AC:H/PR:N/UI:R/S:U/C:L/I:H/A:H,NETWORK,HIGH,NONE,REQUIRED,UNCHANGED,LOW,HIGH,HIGH,8.9,HIGH,1,0.5475329146929906,0.5202,apache,http_server,['CWE-119'],['cpe:2.3:a:apache:http_server:*:*:*:*:*:*:*:*'],1,2
CVE-2026-10411,Buffer overflow in TLS handshake parser in openssl openssl component.,2025-02-07T00:00:00+00:00,2025-03-30T00:00:00+00:00,3.1,CVSS:3.1/AV:P/AC:L/PR:N/UI:R/S:C/C:L/I:N/A:N,PHYSICAL,LOW,NONE,REQUIRED,CHANGED,LOW,NONE,NONE,5.4,MEDIUM,0,0.0032061705688772872,0.003,openssl,openssl,['CWE-269'],['cpe:2.3:a:openssl:openssl:*:*:*:*:*:*:*:*'],1,1
CVE-2025-10412,Integer overflow in HTTP request header processing in nginx nginx component.,2025-03-07T00:00:00+00:00,2025-03-14T00:00:00+00:00,3.1,CVSS:3.1/AV:P/AC:H/PR:N/UI:R/S:C/C:H/I:N/A:N,PHYSICAL,HIGH,NONE,REQUIRED,CHANGED,HIGH,NONE,NONE,5.6,MEDIUM,0,0.003622761359560614,0.0034,nginx,nginx,['CWE-787'],['cpe:2.3:a:nginx:nginx:*:*:*:*:*:*:*:*'],1,5
CVE-2024-10413,Privilege escalation via authenticated extension loading in postgresql postgresql component.,2023-03-21T00:00:00+00:00,2023-06-13T00:00:00+00:00,3.1,CVSS:3.1/AV:A/AC:L/PR:N/UI:N/S:C/C:L/I:L/A:H,ADJACENT_NETWORK,LOW,NONE,NONE,CHANGED,LOW,LOW,HIGH,8.6,HIGH,0,0.0006581082798627329,0.0006,postgresql,postgresql,['CWE-79'],['cpe:2.3:a:postgresql:postgresql:*:*:*:*:*:*:*:*'],1,1
CVE-2024-10414,Remote code execution in Kerberos authentication service in microsoft windows_server component.,2023-01-19T00:00:00+00:00,2023-03-05T00:00:00+00:00,3.1,CVSS:3.1/AV:A/AC:H/PR:L/UI:N/S:C/C:N/I:L/A:H,ADJACENT_NETWORK,HIGH,LOW,NONE,CHANGED,NONE,LOW,HIGH,7.1,HIGH,0,0.01439869884508262,0.0137,microsoft,windows_server,['CWE-787'],['cpe:2.3:a:microsoft:windows_server:*:*:*:*:*:*:*:*'],1,5
CVE-2024-10415,Command injection in management web interface in paloalto pan-os component.,2021-04-02T00:00:00+00:00,2021-05-02T00:00:00+00:00,3.1,CVSS:3.1/AV:A/AC:H/PR:N/UI:N/S:U/C:H/I:N/A:N,ADJACENT_NETWORK,HIGH,NONE,NONE,UNCHANGED,HIGH,NONE,NONE,8.1,HIGH,0,0.005257288920803089,0.005,paloalto,pan-os,['CWE-89'],['cpe:2.3:a:paloalto:pan-os:*:*:*:*:*:*:*:*'],1,3
CVE-2023-10416,Buffer overflow in TLS handshake parser in openssl openssl component.,2024-11-21T00:00:00+00:00,2024-12-06T00:00:00+00:00,3.1,CVSS:3.1/AV:L/AC:H/PR:L/UI:N/S:C/C:N/I:H/A:H,LOCAL,HIGH,LOW,NONE,CHANGED,NONE,HIGH,HIGH,7.3,HIGH,0,0.00020469047518793378,0.0002,openssl,openssl,['CWE-119'],['cpe:2.3:a:openssl:openssl:*:*:*:*:*:*:*:*'],1,2
CVE-2025-10417,Remote code execution via unsafe deserialization in spring spring_framework component.,2025-03-17T00:00:00+00:00,2025-04-20T00:00:00+00:00,3.1,CVSS:3.1/AV:P/AC:L/PR:H/UI:N/S:C/C:H/I:H/A:H,PHYSICAL,LOW,HIGH,NONE,CHANGED,HIGH,HIGH,HIGH,7.8,HIGH,0,0.30178065747633176,0.2867,spring,spring_framework,['CWE-20'],['cpe:2.3:a:spring:spring_framework:*:*:*:*:*:*:*:*'],1,3
CVE-2021-10418,Command injection in management web interface in paloalto pan-os component.,2022-08-05T00:00:00+00:00,2022-08-31T00:00:00+00:00,3.1,CVSS:3.1/AV:L/AC:L/PR:L/UI:N/S:U/C:L/I:H/A:L,LOCAL,LOW,LOW,NONE,UNCHANGED,LOW,HIGH,LOW,6.8,MEDIUM,0,0.08681156495327462,0.0825,paloalto,pan-os,['CWE-269'],['cpe:2.3:a:paloalto:pan-os:*:*:*:*:*:*:*:*'],1,1
CVE-2023-10419,Buffer overflow in TLS handshake parser in openssl openssl component.,2025-11-12T00:00:00+00:00,2026-02-04T00:00:00+00:00,3.1,CVSS:3.1/AV:P/AC:L/PR:L/UI:N/S:C/C:L/I:H/A:H,PHYSICAL,LOW,LOW,NONE,CHANGED,LOW,HIGH,HIGH,6.8,MEDIUM,0,0.05145243018713136,0.0489,openssl,openssl,['CWE-79'],['cpe:2.3:a:openssl:openssl:*:*:*:*:*:*:*:*'],1,2
CVE-2025-10420,Privilege escalation via authenticated extension loading in postgresql postgresql component.,2023-07-27T00:00:00+00:00,2023-10-07T00:00:00+00:00,3.1,CVSS:3.1/AV:N/AC:L/PR:N/UI:R/S:C/C:L/I:L/A:H,NETWORK,LOW,NONE,REQUIRED,CHANGED,LOW,LOW,HIGH,9.7,CRITICAL,1,0.11897711451477168,0.113,postgresql,postgresql,['CWE-269'],['cpe:2.3:a:postgresql:postgresql:*:*:*:*:*:*:*:*'],1,3
CVE-2026-10421,Unauthenticated remote code execution in query optimizer in oracle mysql component.,2022-09-12T00:00:00+00:00,2022-10-13T00:00:00+00:00,3.1,CVSS:3.1/AV:L/AC:L/PR:H/UI:R/S:C/C:N/I:H/A:L,LOCAL,LOW,HIGH,REQUIRED,CHANGED,NONE,HIGH,LOW,6.0,MEDIUM,0,0.012376054992411093,0.0118,oracle,mysql,['CWE-119'],['cpe:2.3:a:oracle:mysql:*:*:*:*:*:*:*:*'],1,2
CVE-2024-10422,Unauthenticated remote code execution in query optimizer in oracle mysql component.,2024-09-07T00:00:00+00:00,2024-09-25T00:00:00+00:00,3.1,CVSS:3.1/AV:N/AC:H/PR:H/UI:N/S:C/C:N/I:H/A:N,NETWORK,HIGH,HIGH,NONE,CHANGED,NONE,HIGH,NONE,7.2,HIGH,0,0.029547529977324315,0.0281,oracle,mysql,['CWE-416'],['cpe:2.3:a:oracle:mysql:*:*:*:*:*:*:*:*'],1,3
CVE-2023-10423,Out-of-bounds memory access in V8 JavaScript engine in google chrome component.,2023-07-09T00:00:00+00:00,2023-09-17T00:00:00+00:00,3.1,CVSS:3.1/AV:A/AC:L/PR:H/UI:N/S:U/C:N/I:L/A:H,ADJACENT_NETWORK,LOW,HIGH,NONE,UNCHANGED,NONE,LOW,HIGH,7.4,HIGH,0,0.0457296022732028,0.0434,google,chrome,['CWE-89'],['cpe:2.3:a:google:chrome:*:*:*:*:*:*:*:*'],1,4
CVE-2026-10424,Command injection in management web interface in paloalto pan-os component.,2024-03-02T00:00:00+00:00,2024-03-23T00:00:00+00:00,3.1,CVSS:3.1/AV:L/AC:L/PR:H/UI:N/S:U/C:L/I:N/A:H,LOCAL,LOW,HIGH,NONE,UNCHANGED,LOW,NONE,HIGH,6.5,MEDIUM,0,0.04844915014429673,0.046,paloalto,pan-os,['CWE-20'],['cpe:2.3:a:paloalto:pan-os:*:*:*:*:*:*:*:*'],1,3
CVE-2024-10425,Remote code execution in Kerberos authentication service in microsoft windows_server component.,2022-09-14T00:00:00+00:00,2022-11-10T00:00:00+00:00,3.1,CVSS:3.1/AV:L/AC:L/PR:N/UI:N/S:U/C:N/I:N/A:H,LOCAL,LOW,NONE,NONE,UNCHANGED,NONE,NONE,HIGH,7.9,HIGH,0,0.12513392354608427,0.1189,microsoft,windows_server,['CWE-200'],['cpe:2.3:a:microsoft:windows_server:*:*:*:*:*:*:*:*'],1,5
CVE-2025-10426,Out-of-bounds memory access in V8 JavaScript engine in google chrome component.,2022-04-18T00:00:00+00:00,2022-07-04T00:00:00+00:00,3.1,CVSS:3.1/AV:A/AC:L/PR:H/UI:N/S:C/C:N/I:H/A:L,ADJACENT_NETWORK,LOW,HIGH,NONE,CHANGED,NONE,HIGH,LOW,7.9,HIGH,0,0.018824159113357858,0.0179,google,chrome,['CWE-89'],['cpe:2.3:a:google:chrome:*:*:*:*:*:*:*:*'],1,5
CVE-2024-10427,Out-of-bounds memory access in V8 JavaScript engine in google chrome component.,2024-12-29T00:00:00+00:00,2025-03-23T00:00:00+00:00,3.1,CVSS:3.1/AV:L/AC:L/PR:L/UI:R/S:C/C:N/I:N/A:N,LOCAL,LOW,LOW,REQUIRED,CHANGED,NONE,NONE,NONE,5.3,MEDIUM,0,0.33999050626835514,0.323,google,chrome,['CWE-119'],['cpe:2.3:a:google:chrome:*:*:*:*:*:*:*:*'],1,1
CVE-2021-10428,Remote code execution in Kerberos authentication service in microsoft windows_server component.,2022-07-07T00:00:00+00:00,2022-08-29T00:00:00+00:00,3.1,CVSS:3.1/AV:A/AC:L/PR:N/UI:N/S:U/C:L/I:H/A:L,ADJACENT_NETWORK,LOW,NONE,NONE,UNCHANGED,LOW,HIGH,LOW,8.2,HIGH,0,0.1826871716457592,0.1736,microsoft,windows_server,['CWE-269'],['cpe:2.3:a:microsoft:windows_server:*:*:*:*:*:*:*:*'],1,4
CVE-2024-10429,Privilege escalation via authenticated extension loading in postgresql postgresql component.,2023-04-10T00:00:00+00:00,2023-04-16T00:00:00+00:00,3.1,CVSS:3.1/AV:P/AC:H/PR:L/UI:N/S:U/C:L/I:L/A:N,PHYSICAL,HIGH,LOW,NONE,UNCHANGED,LOW,LOW,NONE,4.6,MEDIUM,0,0.24571709123895039,0.2334,postgresql,postgresql,['CWE-119'],['cpe:2.3:a:postgresql:postgresql:*:*:*:*:*:*:*:*'],1,5
CVE-2024-10430,Remote code execution via unsafe deserialization in spring spring_framework component.,2025-02-14T00:00:00+00:00,2025-02-20T00:00:00+00:00,3.1,CVSS:3.1/AV:P/AC:L/PR:N/UI:R/S:C/C:L/I:L/A:L,PHYSICAL,LOW,NONE,REQUIRED,CHANGED,LOW,LOW,LOW,5.9,MEDIUM,0,0.051356484825573825,0.0488,spring,spring_framework,['CWE-787'],['cpe:2.3:a:spring:spring_framework:*:*:*:*:*:*:*:*'],1,2
CVE-2023-10431,Remote code execution in Kerberos authentication service in microsoft windows_server component.,2024-06-09T00:00:00+00:00,2024-06-16T00:00:00+00:00,3.1,CVSS:3.1/AV:A/AC:H/PR:H/UI:R/S:U/C:H/I:H/A:N,ADJACENT_NETWORK,HIGH,HIGH,REQUIRED,UNCHANGED,HIGH,HIGH,NONE,6.8,MEDIUM,0,0.2624710414774719,0.2493,microsoft,windows_server,['CWE-89'],['cpe:2.3:a:microsoft:windows_server:*:*:*:*:*:*:*:*'],1,5
CVE-2022-10432,Remote code execution via unsafe deserialization in spring spring_framework component.,2023-03-17T00:00:00+00:00,2023-05-09T00:00:00+00:00,3.1,CVSS:3.1/AV:L/AC:H/PR:N/UI:N/S:C/C:H/I:H/A:N,LOCAL,HIGH,NONE,NONE,CHANGED,HIGH,HIGH,NONE,8.5,HIGH,0,0.0001,0.0001,spring,spring_framework,['CWE-787'],['cpe:2.3:a:spring:spring_framework:*:*:*:*:*:*:*:*'],1,1
CVE-2023-10433,Use-after-free vulnerability in eBPF subsystem in linux linux_kernel component.,2024-11-17T00:00:00+00:00,2025-02-09T00:00:00+00:00,3.1,CVSS:3.1/AV:A/AC:L/PR:N/UI:N/S:C/C:H/I:L/A:N,ADJACENT_NETWORK,LOW,NONE,NONE,CHANGED,HIGH,LOW,NONE,9.3,CRITICAL,0,0.002412737315662821,0.0023,linux,linux_kernel,['CWE-416'],['cpe:2.3:a:linux:linux_kernel:*:*:*:*:*:*:*:*'],1,5
CVE-2022-10434,Out-of-bounds memory access in V8 JavaScript engine in google chrome component.,2023-02-15T00:00:00+00:00,2023-04-27T00:00:00+00:00,3.1,CVSS:3.1/AV:P/AC:L/PR:N/UI:R/S:U/C:N/I:N/A:N,PHYSICAL,LOW,NONE,REQUIRED,UNCHANGED,NONE,NONE,NONE,5.0,MEDIUM,0,0.006497425297027909,0.0062,google,chrome,['CWE-20'],['cpe:2.3:a:google:chrome:*:*:*:*:*:*:*:*'],1,4
CVE-2023-10435,Use-after-free vulnerability in eBPF subsystem in linux linux_kernel component.,2025-02-04T00:00:00+00:00,2025-04-03T00:00:00+00:00,3.1,CVSS:3.1/AV:L/AC:L/PR:N/UI:N/S:U/C:N/I:H/A:L,LOCAL,LOW,NONE,NONE,UNCHANGED,NONE,HIGH,LOW,7.6,HIGH,0,0.0001,0.0001,linux,linux_kernel,['CWE-20'],['cpe:2.3:a:linux:linux_kernel:*:*:*:*:*:*:*:*'],1,4
CVE-2024-10436,Integer overflow in HTTP request header processing in nginx nginx component.,2024-01-19T00:00:00+00:00,2024-01-20T00:00:00+00:00,3.1,CVSS:3.1/AV:P/AC:L/PR:N/UI:R/S:C/C:L/I:L/A:N,PHYSICAL,LOW,NONE,REQUIRED,CHANGED,LOW,LOW,NONE,5.5,MEDIUM,0,0.11396357000692896,0.1083,nginx,nginx,['CWE-20'],['cpe:2.3:a:nginx:nginx:*:*:*:*:*:*:*:*'],1,2
CVE-2023-10437,Remote code execution via unsafe deserialization in spring spring_framework component.,2024-06-23T00:00:00+00:00,2024-09-12T00:00:00+00:00,3.1,CVSS:3.1/AV:A/AC:L/PR:N/UI:N/S:U/C:H/I:L/A:N,ADJACENT_NETWORK,LOW,NONE,NONE,UNCHANGED,HIGH,LOW,NONE,8.7,HIGH,0,0.028280099173135304,0.0269,spring,spring_framework,['CWE-89'],['cpe:2.3:a:spring:spring_framework:*:*:*:*:*:*:*:*'],1,1
CVE-2025-10438,Out-of-bounds memory access in V8 JavaScript engine in google chrome component.,2022-09-04T00:00:00+00:00,2022-10-17T00:00:00+00:00,3.1,CVSS:3.1/AV:N/AC:L/PR:N/UI:R/S:U/C:N/I:H/A:L,NETWORK,LOW,NONE,REQUIRED,UNCHANGED,NONE,HIGH,LOW,8.5,HIGH,0,0.5258115520513261,0.4995,google,chrome,['CWE-89'],['cpe:2.3:a:google:chrome:*:*:*:*:*:*:*:*'],1,4
CVE-2023-10439,Out-of-bounds memory access in V8 JavaScript engine in google chrome component.,2021-03-15T00:00:00+00:00,2021-03-27T00:00:00+00:00,3.1,CVSS:3.1/AV:L/AC:H/PR:L/UI:R/S:U/C:L/I:H/A:N,LOCAL,HIGH,LOW,REQUIRED,UNCHANGED,LOW,HIGH,NONE,4.8,MEDIUM,0,0.03941037853648,0.0374,google,chrome,['CWE-200'],['cpe:2.3:a:google:chrome:*:*:*:*:*:*:*:*'],1,4
CVE-2021-10440,Command injection in management web interface in paloalto pan-os component.,2024-11-23T00:00:00+00:00,2024-12-29T00:00:00+00:00,3.1,CVSS:3.1/AV:L/AC:H/PR:H/UI:N/S:U/C:H/I:N/A:N,LOCAL,HIGH,HIGH,NONE,UNCHANGED,HIGH,NONE,NONE,5.1,MEDIUM,0,0.016568711988989557,0.0157,paloalto,pan-os,['CWE-79'],['cpe:2.3:a:paloalto:pan-os:*:*:*:*:*:*:*:*'],1,4
CVE-2026-10441,Out-of-bounds memory access in V8 JavaScript engine in google chrome component.,2022-08-12T00:00:00+00:00,2022-10-06T00:00:00+00:00,3.1,CVSS:3.1/AV:L/AC:H/PR:H/UI:R/S:U/C:H/I:H/A:L,LOCAL,HIGH,HIGH,REQUIRED,UNCHANGED,HIGH,HIGH,LOW,5.8,MEDIUM,0,0.21947554080271778,0.2085,google,chrome,['CWE-787'],['cpe:2.3:a:google:chrome:*:*:*:*:*:*:*:*'],1,4
CVE-2025-10442,Command injection in management web interface in paloalto pan-os component.,2022-04-22T00:00:00+00:00,2022-05-30T00:00:00+00:00,3.1,CVSS:3.1/AV:A/AC:L/PR:N/UI:N/S:C/C:H/I:N/A:H,ADJACENT_NETWORK,LOW,NONE,NONE,CHANGED,HIGH,NONE,HIGH,10.0,CRITICAL,0,0.04930175049076446,0.0468,paloalto,pan-os,['CWE-119'],['cpe:2.3:a:paloalto:pan-os:*:*:*:*:*:*:*:*'],1,5
CVE-2024-10443,Remote code execution in Kerberos authentication service in microsoft windows_server component.,2021-04-04T00:00:00+00:00,2021-05-17T00:00:00+00:00,3.1,CVSS:3.1/AV:L/AC:L/PR:N/UI:N/S:C/C:L/I:N/A:L,LOCAL,LOW,NONE,NONE,CHANGED,LOW,NONE,LOW,7.3,HIGH,0,0.027322798035712113,0.026,microsoft,windows_server,['CWE-200'],['cpe:2.3:a:microsoft:windows_server:*:*:*:*:*:*:*:*'],1,5
CVE-2023-10444,Remote code execution via unsafe deserialization in spring spring_framework component.,2025-04-20T00:00:00+00:00,2025-04-21T00:00:00+00:00,3.1,CVSS:3.1/AV:N/AC:H/PR:L/UI:R/S:U/C:N/I:N/A:L,NETWORK,HIGH,LOW,REQUIRED,UNCHANGED,NONE,NONE,LOW,5.6,MEDIUM,0,0.01564298409996533,0.0149,spring,spring_framework,['CWE-269'],['cpe:2.3:a:spring:spring_framework:*:*:*:*:*:*:*:*'],1,4
CVE-2021-10445,Integer overflow in HTTP request header processing in nginx nginx component.,2024-08-15T00:00:00+00:00,2024-09-02T00:00:00+00:00,3.1,CVSS:3.1/AV:P/AC:L/PR:H/UI:R/S:C/C:L/I:L/A:H,PHYSICAL,LOW,HIGH,REQUIRED,CHANGED,LOW,LOW,HIGH,5.6,MEDIUM,0,0.08896636628273297,0.0845,nginx,nginx,['CWE-20'],['cpe:2.3:a:nginx:nginx:*:*:*:*:*:*:*:*'],1,5
CVE-2025-10446,Use-after-free vulnerability in eBPF subsystem in linux linux_kernel component.,2025-01-24T00:00:00+00:00,2025-04-21T00:00:00+00:00,3.1,CVSS:3.1/AV:L/AC:L/PR:N/UI:R/S:C/C:N/I:N/A:L,LOCAL,LOW,NONE,REQUIRED,CHANGED,NONE,NONE,LOW,6.3,MEDIUM,0,0.15653385430906805,0.1487,linux,linux_kernel,['CWE-20'],['cpe:2.3:a:linux:linux_kernel:*:*:*:*:*:*:*:*'],1,3
CVE-2026-10447,Remote code execution in Kerberos authentication service in microsoft windows_server component.,2023-12-31T00:00:00+00:00,2024-01-22T00:00:00+00:00,3.1,CVSS:3.1/AV:P/AC:L/PR:H/UI:N/S:C/C:H/I:L/A:H,PHYSICAL,LOW,HIGH,NONE,CHANGED,HIGH,LOW,HIGH,7.1,HIGH,0,0.015968557522191368,0.0152,microsoft,windows_server,['CWE-20'],['cpe:2.3:a:microsoft:windows_server:*:*:*:*:*:*:*:*'],1,3
CVE-2021-10448,Remote code execution in Kerberos authentication service in microsoft windows_server component.,2023-10-15T00:00:00+00:00,2023-11-15T00:00:00+00:00,3.1,CVSS:3.1/AV:L/AC:H/PR:L/UI:N/S:C/C:N/I:N/A:L,LOCAL,HIGH,LOW,NONE,CHANGED,NONE,NONE,LOW,5.3,MEDIUM,0,0.03192747930533533,0.0303,microsoft,windows_server,['CWE-20'],['cpe:2.3:a:microsoft:windows_server:*:*:*:*:*:*:*:*'],1,2
CVE-2024-10449,Denial of service via HTTP/2 frame flooding in apache http_server component.,2023-11-03T00:00:00+00:00,2023-11-07T00:00:00+00:00,3.1,CVSS:3.1/AV:P/AC:L/PR:N/UI:R/S:C/C:H/I:H/A:L,PHYSICAL,LOW,NONE,REQUIRED,CHANGED,HIGH,HIGH,LOW,7.9,HIGH,0,0.02592271974330746,0.0246,apache,http_server,['CWE-269'],['cpe:2.3:a:apache:http_server:*:*:*:*:*:*:*:*'],1,2
CVE-2025-10450,Denial of service via HTTP/2 frame flooding in apache http_server component.,2024-10-17T00:00:00+00:00,2024-11-03T00:00:00+00:00,3.1,CVSS:3.1/AV:A/AC:L/PR:L/UI:R/S:U/C:N/I:L/A:N,ADJACENT_NETWORK,LOW,LOW,REQUIRED,UNCHANGED,NONE,LOW,NONE,5.8,MEDIUM,0,0.03150783272694396,0.0299,apache,http_server,['CWE-79'],['cpe:2.3:a:apache:http_server:*:*:*:*:*:*:*:*'],1,3
CVE-2021-10451,Integer overflow in HTTP request header processing in nginx nginx component.,2021-07-31T00:00:00+00:00,2021-10-06T00:00:00+00:00,3.1,CVSS:3.1/AV:L/AC:L/PR:H/UI:R/S:U/C:L/I:N/A:N,LOCAL,LOW,HIGH,REQUIRED,UNCHANGED,LOW,NONE,NONE,4.8,MEDIUM,0,0.014256804330750914,0.0135,nginx,nginx,['CWE-200'],['cpe:2.3:a:nginx:nginx:*:*:*:*:*:*:*:*'],1,3
CVE-2023-10452,Remote code execution via unsafe deserialization in spring spring_framework component.,2025-05-02T00:00:00+00:00,2025-06-28T00:00:00+00:00,3.1,CVSS:3.1/AV:N/AC:H/PR:N/UI:N/S:C/C:N/I:N/A:H,NETWORK,HIGH,NONE,NONE,CHANGED,NONE,NONE,HIGH,9.3,CRITICAL,0,0.5252668496113265,0.499,spring,spring_framework,['CWE-79'],['cpe:2.3:a:spring:spring_framework:*:*:*:*:*:*:*:*'],1,2
CVE-2023-10453,Remote code execution via unsafe deserialization in spring spring_framework component.,2024-01-31T00:00:00+00:00,2024-03-12T00:00:00+00:00,3.1,CVSS:3.1/AV:L/AC:L/PR:H/UI:R/S:U/C:N/I:N/A:L,LOCAL,LOW,HIGH,REQUIRED,UNCHANGED,NONE,NONE,LOW,4.5,MEDIUM,0,0.0015087710956043275,0.0014,spring,spring_framework,['CWE-269'],['cpe:2.3:a:spring:spring_framework:*:*:*:*:*:*:*:*'],1,5
CVE-2021-10454,Integer overflow in HTTP request header processing in nginx nginx component.,2021-09-24T00:00:00+00:00,2021-09-28T00:00:00+00:00,3.1,CVSS:3.1/AV:P/AC:L/PR:N/UI:R/S:U/C:N/I:L/A:L,PHYSICAL,LOW,NONE,REQUIRED,UNCHANGED,NONE,LOW,LOW,5.2,MEDIUM,0,0.44158819867862986,0.4195,nginx,nginx,['CWE-89'],['cpe:2.3:a:nginx:nginx:*:*:*:*:*:*:*:*'],1,5
CVE-2026-10455,Out-of-bounds memory access in V8 JavaScript engine in google chrome component.,2025-09-09T00:00:00+00:00,2025-12-07T00:00:00+00:00,3.1,CVSS:3.1/AV:P/AC:H/PR:L/UI:R/S:U/C:H/I:H/A:H,PHYSICAL,HIGH,LOW,REQUIRED,UNCHANGED,HIGH,HIGH,HIGH,5.6,MEDIUM,0,0.031147119796549536,0.0296,google,chrome,['CWE-79'],['cpe:2.3:a:google:chrome:*:*:*:*:*:*:*:*'],1,4
CVE-2022-10456,Out-of-bounds memory access in V8 JavaScript engine in google chrome component.,2021-07-10T00:00:00+00:00,2021-10-08T00:00:00+00:00,3.1,CVSS:3.1/AV:P/AC:L/PR:L/UI:R/S:C/C:L/I:N/A:N,PHYSICAL,LOW,LOW,REQUIRED,CHANGED,LOW,NONE,NONE,4.4,MEDIUM,0,0.10778577745226607,0.1024,google,chrome,['CWE-89'],['cpe:2.3:a:google:chrome:*:*:*:*:*:*:*:*'],1,5
CVE-2023-10457,Use-after-free vulnerability in eBPF subsystem in linux linux_kernel component.,2023-03-14T00:00:00+00:00,2023-04-07T00:00:00+00:00,3.1,CVSS:3.1/AV:L/AC:H/PR:L/UI:R/S:U/C:N/I:L/A:N,LOCAL,HIGH,LOW,REQUIRED,UNCHANGED,NONE,LOW,NONE,3.7,LOW,0,0.11966128243305499,0.1137,linux,linux_kernel,['CWE-269'],['cpe:2.3:a:linux:linux_kernel:*:*:*:*:*:*:*:*'],1,4
CVE-2022-10458,Integer overflow in HTTP request header processing in nginx nginx component.,2022-08-02T00:00:00+00:00,2022-09-16T00:00:00+00:00,3.1,CVSS:3.1/AV:A/AC:L/PR:L/UI:N/S:C/C:H/I:H/A:N,ADJACENT_NETWORK,LOW,LOW,NONE,CHANGED,HIGH,HIGH,NONE,8.3,HIGH,0,0.0027914905872944004,0.0027,nginx,nginx,['CWE-200'],['cpe:2.3:a:nginx:nginx:*:*:*:*:*:*:*:*'],1,5
CVE-2024-10459,Integer overflow in HTTP request header processing in nginx nginx component.,2024-04-24T00:00:00+00:00,2024-06-16T00:00:00+00:00,3.1,CVSS:3.1/AV:A/AC:L/PR:H/UI:N/S:C/C:L/I:N/A:L,ADJACENT_NETWORK,LOW,HIGH,NONE,CHANGED,LOW,NONE,LOW,7.1,HIGH,0,0.06381586849371138,0.0606,nginx,nginx,['CWE-119'],['cpe:2.3:a:nginx:nginx:*:*:*:*:*:*:*:*'],1,5
CVE-2024-10460,Remote code execution in Kerberos authentication service in microsoft windows_server component.,2024-03-07T00:00:00+00:00,2024-04-20T00:00:00+00:00,3.1,CVSS:3.1/AV:A/AC:L/PR:H/UI:N/S:C/C:N/I:H/A:H,ADJACENT_NETWORK,LOW,HIGH,NONE,CHANGED,NONE,HIGH,HIGH,8.7,HIGH,0,0.002036124830893414,0.0019,microsoft,windows_server,['CWE-787'],['cpe:2.3:a:microsoft:windows_server:*:*:*:*:*:*:*:*'],1,3
CVE-2021-10461,Remote code execution via unsafe deserialization in spring spring_framework component.,2025-08-11T00:00:00+00:00,2025-10-07T00:00:00+00:00,3.1,CVSS:3.1/AV:A/AC:H/PR:L/UI:N/S:U/C:H/I:H/A:L,ADJACENT_NETWORK,HIGH,LOW,NONE,UNCHANGED,HIGH,HIGH,LOW,6.8,MEDIUM,0,0.00014251159580796146,0.0001,spring,spring_framework,['CWE-269'],['cpe:2.3:a:spring:spring_framework:*:*:*:*:*:*:*:*'],1,4
CVE-2021-10462,Buffer overflow in TLS handshake parser in openssl openssl component.,2022-03-22T00:00:00+00:00,2022-04-09T00:00:00+00:00,3.1,CVSS:3.1/AV:N/AC:L/PR:H/UI:N/S:C/C:H/I:L/A:L,NETWORK,LOW,HIGH,NONE,CHANGED,HIGH,LOW,LOW,8.0,HIGH,0,0.2254246134375501,0.2142,openssl,openssl,['CWE-787'],['cpe:2.3:a:openssl:openssl:*:*:*:*:*:*:*:*'],1,2
CVE-2026-10463,Privilege escalation via authenticated extension loading in postgresql postgresql component.,2025-12-02T00:00:00+00:00,2026-01-12T00:00:00+00:00,3.1,CVSS:3.1/AV:L/AC:H/PR:L/UI:R/S:U/C:H/I:N/A:H,LOCAL,HIGH,LOW,REQUIRED,UNCHANGED,HIGH,NONE,HIGH,6.0,MEDIUM,0,0.05565945223883337,0.0529,postgresql,postgresql,['CWE-416'],['cpe:2.3:a:postgresql:postgresql:*:*:*:*:*:*:*:*'],1,2
CVE-2021-10464,Use-after-free vulnerability in eBPF subsystem in linux linux_kernel component.,2023-01-27T00:00:00+00:00,2023-04-08T00:00:00+00:00,3.1,CVSS:3.1/AV:N/AC:L/PR:H/UI:R/S:U/C:L/I:N/A:N,NETWORK,LOW,HIGH,REQUIRED,UNCHANGED,LOW,NONE,NONE,6.7,MEDIUM,0,0.04082337278006607,0.0388,linux,linux_kernel,['CWE-416'],['cpe:2.3:a:linux:linux_kernel:*:*:*:*:*:*:*:*'],1,5
CVE-2026-10465,Remote code execution in Kerberos authentication service in microsoft windows_server component.,2022-10-14T00:00:00+00:00,2022-12-02T00:00:00+00:00,3.1,CVSS:3.1/AV:P/AC:H/PR:L/UI:N/S:U/C:L/I:N/A:N,PHYSICAL,HIGH,LOW,NONE,UNCHANGED,LOW,NONE,NONE,3.7,LOW,0,0.016606779029256696,0.0158,microsoft,windows_server,['CWE-416'],['cpe:2.3:a:microsoft:windows_server:*:*:*:*:*:*:*:*'],1,3
CVE-2022-10466,Remote code execution in Kerberos authentication service in microsoft windows_server component.,2022-08-14T00:00:00+00:00,2022-11-08T00:00:00+00:00,3.1,CVSS:3.1/AV:A/AC:L/PR:N/UI:N/S:U/C:N/I:H/A:L,ADJACENT_NETWORK,LOW,NONE,NONE,UNCHANGED,NONE,HIGH,LOW,8.1,HIGH,0,0.0001,0.0001,microsoft,windows_server,['CWE-416'],['cpe:2.3:a:microsoft:windows_server:*:*:*:*:*:*:*:*'],1,2
CVE-2022-10467,Denial of service via HTTP/2 frame flooding in apache http_server component.,2024-08-08T00:00:00+00:00,2024-10-01T00:00:00+00:00,3.1,CVSS:3.1/AV:P/AC:H/PR:H/UI:N/S:C/C:H/I:L/A:H,PHYSICAL,HIGH,HIGH,NONE,CHANGED,HIGH,LOW,HIGH,6.5,MEDIUM,0,0.032286077970688165,0.0307,apache,http_server,['CWE-787'],['cpe:2.3:a:apache:http_server:*:*:*:*:*:*:*:*'],1,4
CVE-2022-10468,Unauthenticated remote code execution in query optimizer in oracle mysql component.,2022-01-16T00:00:00+00:00,2022-03-12T00:00:00+00:00,3.1,CVSS:3.1/AV:N/AC:H/PR:H/UI:N/S:C/C:L/I:H/A:H,NETWORK,HIGH,HIGH,NONE,CHANGED,LOW,HIGH,HIGH,8.8,HIGH,0,0.835211806167978,0.7935,oracle,mysql,['CWE-20'],['cpe:2.3:a:oracle:mysql:*:*:*:*:*:*:*:*'],1,5
CVE-2026-10469,Integer overflow in HTTP request header processing in nginx nginx component.,2023-01-25T00:00:00+00:00,2023-02-09T00:00:00+00:00,3.1,CVSS:3.1/AV:P/AC:L/PR:N/UI:R/S:C/C:H/I:N/A:H,PHYSICAL,LOW,NONE,REQUIRED,CHANGED,HIGH,NONE,HIGH,7.9,HIGH,0,0.0011946419929743026,0.0011,nginx,nginx,['CWE-79'],['cpe:2.3:a:nginx:nginx:*:*:*:*:*:*:*:*'],1,2
CVE-2026-10470,Integer overflow in HTTP request header processing in nginx nginx component.,2025-02-27T00:00:00+00:00,2025-05-23T00:00:00+00:00,3.1,CVSS:3.1/AV:N/AC:H/PR:H/UI:N/S:C/C:H/I:N/A:L,NETWORK,HIGH,HIGH,NONE,CHANGED,HIGH,NONE,LOW,7.7,HIGH,0,0.09271259362751282,0.0881,nginx,nginx,['CWE-787'],['cpe:2.3:a:nginx:nginx:*:*:*:*:*:*:*:*'],1,5
CVE-2025-10471,Integer overflow in HTTP request header processing in nginx nginx component.,2025-02-11T00:00:00+00:00,2025-03-26T00:00:00+00:00,3.1,CVSS:3.1/AV:P/AC:H/PR:L/UI:R/S:U/C:N/I:H/A:H,PHYSICAL,HIGH,LOW,REQUIRED,UNCHANGED,NONE,HIGH,HIGH,5.1,MEDIUM,0,0.0998071856579036,0.0948,nginx,nginx,['CWE-200'],['cpe:2.3:a:nginx:nginx:*:*:*:*:*:*:*:*'],1,5
CVE-2021-10472,Use-after-free vulnerability in eBPF subsystem in linux linux_kernel component.,2024-07-12T00:00:00+00:00,2024-09-11T00:00:00+00:00,3.1,CVSS:3.1/AV:A/AC:L/PR:H/UI:R/S:U/C:L/I:L/A:N,ADJACENT_NETWORK,LOW,HIGH,REQUIRED,UNCHANGED,LOW,LOW,NONE,5.3,MEDIUM,0,0.4454342555904069,0.4232,linux,linux_kernel,['CWE-89'],['cpe:2.3:a:linux:linux_kernel:*:*:*:*:*:*:*:*'],1,5
CVE-2023-10473,Denial of service via HTTP/2 frame flooding in apache http_server component.,2022-06-01T00:00:00+00:00,2022-06-18T00:00:00+00:00,3.1,CVSS:3.1/AV:L/AC:H/PR:L/UI:N/S:U/C:H/I:N/A:H,LOCAL,HIGH,LOW,NONE,UNCHANGED,HIGH,NONE,HIGH,6.7,MEDIUM,0,0.0006299728758047364,0.0006,apache,http_server,['CWE-89'],['cpe:2.3:a:apache:http_server:*:*:*:*:*:*:*:*'],1,4
CVE-2022-10474,Unauthenticated remote code execution in query optimizer in oracle mysql component.,2022-06-20T00:00:00+00:00,2022-09-18T00:00:00+00:00,3.1,CVSS:3.1/AV:A/AC:H/PR:N/UI:N/S:C/C:N/I:N/A:H,ADJACENT_NETWORK,HIGH,NONE,NONE,CHANGED,NONE,NONE,HIGH,7.7,HIGH,0,0.0016678102627487384,0.0016,oracle,mysql,['CWE-89'],['cpe:2.3:a:oracle:mysql:*:*:*:*:*:*:*:*'],1,4
CVE-2024-10475,Remote code execution in Kerberos authentication service in microsoft windows_server component.,2022-05-03T00:00:00+00:00,2022-07-27T00:00:00+00:00,3.1,CVSS:3.1/AV:P/AC:L/PR:N/UI:R/S:U/C:H/I:L/A:N,PHYSICAL,LOW,NONE,REQUIRED,UNCHANGED,HIGH,LOW,NONE,6.2,MEDIUM,0,0.2102289718461861,0.1997,microsoft,windows_server,['CWE-20'],['cpe:2.3:a:microsoft:windows_server:*:*:*:*:*:*:*:*'],1,2
CVE-2024-10476,Integer overflow in HTTP request header processing in nginx nginx component.,2023-09-03T00:00:00+00:00,2023-10-12T00:00:00+00:00,3.1,CVSS:3.1/AV:P/AC:L/PR:L/UI:R/S:C/C:L/I:N/A:H,PHYSICAL,LOW,LOW,REQUIRED,CHANGED,LOW,NONE,HIGH,5.4,MEDIUM,0,0.03500737759157541,0.0333,nginx,nginx,['CWE-416'],['cpe:2.3:a:nginx:nginx:*:*:*:*:*:*:*:*'],1,1
CVE-2024-10477,Use-after-free vulnerability in eBPF subsystem in linux linux_kernel component.,2023-02-22T00:00:00+00:00,2023-05-20T00:00:00+00:00,3.1,CVSS:3.1/AV:L/AC:L/PR:N/UI:R/S:C/C:H/I:H/A:L,LOCAL,LOW,NONE,REQUIRED,CHANGED,HIGH,HIGH,LOW,8.4,HIGH,0,0.01734605600335196,0.0165,linux,linux_kernel,['CWE-269'],['cpe:2.3:a:linux:linux_kernel:*:*:*:*:*:*:*:*'],1,3
CVE-2021-10478,Use-after-free vulnerability in eBPF subsystem in linux linux_kernel component.,2022-06-07T00:00:00+00:00,2022-08-30T00:00:00+00:00,3.1,CVSS:3.1/AV:P/AC:H/PR:H/UI:N/S:U/C:H/I:L/A:H,PHYSICAL,HIGH,HIGH,NONE,UNCHANGED,HIGH,LOW,HIGH,5.7,MEDIUM,0,0.31418787389592856,0.2985,linux,linux_kernel,['CWE-89'],['cpe:2.3:a:linux:linux_kernel:*:*:*:*:*:*:*:*'],1,3
CVE-2021-10479,Remote code execution via unsafe deserialization in spring spring_framework component.,2024-10-09T00:00:00+00:00,2024-10-11T00:00:00+00:00,3.1,CVSS:3.1/AV:N/AC:L/PR:L/UI:N/S:U/C:H/I:L/A:L,NETWORK,LOW,LOW,NONE,UNCHANGED,HIGH,LOW,LOW,8.3,HIGH,1,0.04131567674339253,0.0392,spring,spring_framework,['CWE-200'],['cpe:2.3:a:spring:spring_framework:*:*:*:*:*:*:*:*'],1,3
CVE-2021-10480,Privilege escalation via authenticated extension loading in postgresql postgresql component.,2021-02-18T00:00:00+00:00,2021-05-09T00:00:00+00:00,3.1,CVSS:3.1/AV:N/AC:L/PR:H/UI:N/S:U/C:H/I:N/A:N,NETWORK,LOW,HIGH,NONE,UNCHANGED,HIGH,NONE,NONE,8.4,HIGH,0,0.6005120554158164,0.5705,postgresql,postgresql,['CWE-89'],['cpe:2.3:a:postgresql:postgresql:*:*:*:*:*:*:*:*'],1,4
CVE-2022-10481,Out-of-bounds memory access in V8 JavaScript engine in google chrome component.,2021-08-16T00:00:00+00:00,2021-11-14T00:00:00+00:00,3.1,CVSS:3.1/AV:A/AC:H/PR:L/UI:R/S:U/C:H/I:L/A:L,ADJACENT_NETWORK,HIGH,LOW,REQUIRED,UNCHANGED,HIGH,LOW,LOW,5.5,MEDIUM,0,0.41043522097647667,0.3899,google,chrome,['CWE-416'],['cpe:2.3:a:google:chrome:*:*:*:*:*:*:*:*'],1,3
CVE-2022-10482,Use-after-free vulnerability in eBPF subsystem in linux linux_kernel component.,2025-05-18T00:00:00+00:00,2025-05-28T00:00:00+00:00,3.1,CVSS:3.1/AV:L/AC:L/PR:L/UI:R/S:C/C:N/I:L/A:L,LOCAL,LOW,LOW,REQUIRED,CHANGED,NONE,LOW,LOW,5.8,MEDIUM,0,0.014136940077690513,0.0134,linux,linux_kernel,['CWE-89'],['cpe:2.3:a:linux:linux_kernel:*:*:*:*:*:*:*:*'],1,4
CVE-2024-10483,Denial of service via HTTP/2 frame flooding in apache http_server component.,2022-02-15T00:00:00+00:00,2022-05-05T00:00:00+00:00,3.1,CVSS:3.1/AV:P/AC:L/PR:H/UI:R/S:U/C:N/I:H/A:L,PHYSICAL,LOW,HIGH,REQUIRED,UNCHANGED,NONE,HIGH,LOW,5.1,MEDIUM,0,0.2398767111798776,0.2279,apache,http_server,['CWE-119'],['cpe:2.3:a:apache:http_server:*:*:*:*:*:*:*:*'],1,5
CVE-2024-10484,Denial of service via HTTP/2 frame flooding in apache http_server component.,2025-01-05T00:00:00+00:00,2025-02-08T00:00:00+00:00,3.1,CVSS:3.1/AV:N/AC:L/PR:N/UI:N/S:C/C:L/I:N/A:L,NETWORK,LOW,NONE,NONE,CHANGED,LOW,NONE,LOW,8.6,HIGH,1,0.050413019218652426,0.0479,apache,http_server,['CWE-20'],['cpe:2.3:a:apache:http_server:*:*:*:*:*:*:*:*'],1,1
CVE-2023-10485,Remote code execution in Kerberos authentication service in microsoft windows_server component.,2021-11-07T00:00:00+00:00,2022-02-05T00:00:00+00:00,3.1,CVSS:3.1/AV:L/AC:H/PR:H/UI:N/S:C/C:L/I:L/A:L,LOCAL,HIGH,HIGH,NONE,CHANGED,LOW,LOW,LOW,5.1,MEDIUM,0,0.0002813394693757927,0.0003,microsoft,windows_server,['CWE-79'],['cpe:2.3:a:microsoft:windows_server:*:*:*:*:*:*:*:*'],1,5
CVE-2021-10486,Privilege escalation via authenticated extension loading in postgresql postgresql component.,2023-02-27T00:00:00+00:00,2023-05-27T00:00:00+00:00,3.1,CVSS:3.1/AV:P/AC:L/PR:H/UI:R/S:C/C:H/I:L/A:L,PHYSICAL,LOW,HIGH,REQUIRED,CHANGED,HIGH,LOW,LOW,5.4,MEDIUM,0,0.044443934527343125,0.0422,postgresql,postgresql,['CWE-20'],['cpe:2.3:a:postgresql:postgresql:*:*:*:*:*:*:*:*'],1,1
CVE-2025-10487,Unauthenticated remote code execution in query optimizer in oracle mysql component.,2025-10-14T00:00:00+00:00,2025-11-27T00:00:00+00:00,3.1,CVSS:3.1/AV:N/AC:H/PR:L/UI:N/S:U/C:H/I:N/A:L,NETWORK,HIGH,LOW,NONE,UNCHANGED,HIGH,NONE,LOW,6.9,MEDIUM,0,0.2687998554924666,0.2554,oracle,mysql,['CWE-119'],['cpe:2.3:a:oracle:mysql:*:*:*:*:*:*:*:*'],1,3
CVE-2021-10488,Remote code execution in Kerberos authentication service in microsoft windows_server component.,2024-07-15T00:00:00+00:00,2024-10-12T00:00:00+00:00,3.1,CVSS:3.1/AV:L/AC:H/PR:N/UI:R/S:U/C:N/I:N/A:N,LOCAL,HIGH,NONE,REQUIRED,UNCHANGED,NONE,NONE,NONE,4.4,MEDIUM,0,0.10683309641281982,0.1015,microsoft,windows_server,['CWE-20'],['cpe:2.3:a:microsoft:windows_server:*:*:*:*:*:*:*:*'],1,5
CVE-2024-10489,Privilege escalation via authenticated extension loading in postgresql postgresql component.,2023-03-08T00:00:00+00:00,2023-03-17T00:00:00+00:00,3.1,CVSS:3.1/AV:L/AC:H/PR:H/UI:R/S:U/C:N/I:L/A:N,LOCAL,HIGH,HIGH,REQUIRED,UNCHANGED,NONE,LOW,NONE,4.2,MEDIUM,0,0.02294431442306171,0.0218,postgresql,postgresql,['CWE-269'],['cpe:2.3:a:postgresql:postgresql:*:*:*:*:*:*:*:*'],1,1
CVE-2021-10490,Remote code execution in Kerberos authentication service in microsoft windows_server component.,2022-03-10T00:00:00+00:00,2022-06-02T00:00:00+00:00,3.1,CVSS:3.1/AV:P/AC:L/PR:H/UI:N/S:U/C:N/I:H/A:N,PHYSICAL,LOW,HIGH,NONE,UNCHANGED,NONE,HIGH,NONE,5.8,MEDIUM,0,0.0004480328988791729,0.0004,microsoft,windows_server,['CWE-787'],['cpe:2.3:a:microsoft:windows_server:*:*:*:*:*:*:*:*'],1,1
CVE-2025-10491,Integer overflow in HTTP request header processing in nginx nginx component.,2021-04-04T00:00:00+00:00,2021-05-06T00:00:00+00:00,3.1,CVSS:3.1/AV:A/AC:L/PR:N/UI:N/S:C/C:N/I:L/A:H,ADJACENT_NETWORK,LOW,NONE,NONE,CHANGED,NONE,LOW,HIGH,8.5,HIGH,0,0.03211002932635883,0.0305,nginx,nginx,['CWE-89'],['cpe:2.3:a:nginx:nginx:*:*:*:*:*:*:*:*'],1,5
CVE-2021-10492,Denial of service via HTTP/2 frame flooding in apache http_server component.,2021-08-22T00:00:00+00:00,2021-10-25T00:00:00+00:00,3.1,CVSS:3.1/AV:A/AC:L/PR:N/UI:R/S:C/C:H/I:H/A:L,ADJACENT_NETWORK,LOW,NONE,REQUIRED,CHANGED,HIGH,HIGH,LOW,8.9,HIGH,0,0.4100707561653661,0.3896,apache,http_server,['CWE-269'],['cpe:2.3:a:apache:http_server:*:*:*:*:*:*:*:*'],1,1
CVE-2025-10493,Out-of-bounds memory access in V8 JavaScript engine in google chrome component.,2021-10-09T00:00:00+00:00,2021-11-20T00:00:00+00:00,3.1,CVSS:3.1/AV:A/AC:L/PR:H/UI:N/S:C/C:N/I:N/A:L,ADJACENT_NETWORK,LOW,HIGH,NONE,CHANGED,NONE,NONE,LOW,7.2,HIGH,0,0.05572889264738956,0.0529,google,chrome,['CWE-89'],['cpe:2.3:a:google:chrome:*:*:*:*:*:*:*:*'],1,4
CVE-2026-10494,Command injection in management web interface in paloalto pan-os component.,2023-01-28T00:00:00+00:00,2023-04-09T00:00:00+00:00,3.1,CVSS:3.1/AV:A/AC:H/PR:N/UI:N/S:U/C:N/I:H/A:H,ADJACENT_NETWORK,HIGH,NONE,NONE,UNCHANGED,NONE,HIGH,HIGH,8.1,HIGH,0,0.019606639319493246,0.0186,paloalto,pan-os,['CWE-416'],['cpe:2.3:a:paloalto:pan-os:*:*:*:*:*:*:*:*'],1,2
CVE-2024-10495,Buffer overflow in TLS handshake parser in openssl openssl component.,2021-06-15T00:00:00+00:00,2021-06-16T00:00:00+00:00,3.1,CVSS:3.1/AV:N/AC:L/PR:N/UI:R/S:C/C:H/I:L/A:H,NETWORK,LOW,NONE,REQUIRED,CHANGED,HIGH,LOW,HIGH,10.0,CRITICAL,1,0.07348767725011583,0.0698,openssl,openssl,['CWE-89'],['cpe:2.3:a:openssl:openssl:*:*:*:*:*:*:*:*'],1,3
CVE-2024-10496,Remote code execution via unsafe deserialization in spring spring_framework component.,2023-04-24T00:00:00+00:00,2023-05-25T00:00:00+00:00,3.1,CVSS:3.1/AV:A/AC:L/PR:H/UI:N/S:C/C:H/I:N/A:H,ADJACENT_NETWORK,LOW,HIGH,NONE,CHANGED,HIGH,NONE,HIGH,9.2,CRITICAL,0,0.22618418633596893,0.2149,spring,spring_framework,['CWE-200'],['cpe:2.3:a:spring:spring_framework:*:*:*:*:*:*:*:*'],1,3
CVE-2021-10497,Remote code execution in Kerberos authentication service in microsoft windows_server component.,2024-02-17T00:00:00+00:00,2024-03-19T00:00:00+00:00,3.1,CVSS:3.1/AV:A/AC:L/PR:H/UI:N/S:C/C:H/I:H/A:N,ADJACENT_NETWORK,LOW,HIGH,NONE,CHANGED,HIGH,HIGH,NONE,8.8,HIGH,0,0.010768781166185874,0.0102,microsoft,windows_server,['CWE-787'],['cpe:2.3:a:microsoft:windows_server:*:*:*:*:*:*:*:*'],1,2
CVE-2021-10498,Use-after-free vulnerability in eBPF subsystem in linux linux_kernel component.,2022-02-01T00:00:00+00:00,2022-02-16T00:00:00+00:00,3.1,CVSS:3.1/AV:A/AC:H/PR:L/UI:N/S:U/C:H/I:N/A:N,ADJACENT_NETWORK,HIGH,LOW,NONE,UNCHANGED,HIGH,NONE,NONE,6.4,MEDIUM,0,0.0001,0.0001,linux,linux_kernel,['CWE-269'],['cpe:2.3:a:linux:linux_kernel:*:*:*:*:*:*:*:*'],1,3
CVE-2024-10499,Privilege escalation via authenticated extension loading in postgresql postgresql component.,2022-05-30T00:00:00+00:00,2022-07-12T00:00:00+00:00,3.1,CVSS:3.1/AV:P/AC:L/PR:N/UI:N/S:U/C:N/I:N/A:L,PHYSICAL,LOW,NONE,NONE,UNCHANGED,NONE,NONE,LOW,5.8,MEDIUM,0,0.03208451433651507,0.0305,postgresql,postgresql,['CWE-79'],['cpe:2.3:a:postgresql:postgresql:*:*:*:*:*:*:*:*'],1,1
CVE-2026-10500,Privilege escalation via authenticated extension loading in postgresql postgresql component.,2023-06-30T00:00:00+00:00,2023-09-14T00:00:00+00:00,3.1,CVSS:3.1/AV:L/AC:H/PR:N/UI:R/S:U/C:N/I:L/A:N,LOCAL,HIGH,NONE,REQUIRED,UNCHANGED,NONE,LOW,NONE,5.2,MEDIUM,0,0.20978076511209007,0.1993,postgresql,postgresql,['CWE-79'],['cpe:2.3:a:postgresql:postgresql:*:*:*:*:*:*:*:*'],1,2
CVE-2022-10501,Remote code execution in Kerberos authentication service in microsoft windows_server component.,2023-02-09T00:00:00+00:00,2023-03-10T00:00:00+00:00,3.1,CVSS:3.1/AV:N/AC:H/PR:H/UI:R/S:U/C:L/I:N/A:N,NETWORK,HIGH,HIGH,REQUIRED,UNCHANGED,LOW,NONE,NONE,5.2,MEDIUM,0,0.19278840568758032,0.1831,microsoft,windows_server,['CWE-787'],['cpe:2.3:a:microsoft:windows_server:*:*:*:*:*:*:*:*'],1,2
CVE-2023-10502,Remote code execution in Kerberos authentication service in microsoft windows_server component.,2021-10-07T00:00:00+00:00,2021-12-05T00:00:00+00:00,3.1,CVSS:3.1/AV:A/AC:H/PR:L/UI:N/S:C/C:N/I:N/A:H,ADJACENT_NETWORK,HIGH,LOW,NONE,CHANGED,NONE,NONE,HIGH,7.0,HIGH,0,0.18664166931048484,0.1773,microsoft,windows_server,['CWE-20'],['cpe:2.3:a:microsoft:windows_server:*:*:*:*:*:*:*:*'],1,3
CVE-2021-10503,Command injection in management web interface in paloalto pan-os component.,2025-10-11T00:00:00+00:00,2025-12-10T00:00:00+00:00,3.1,CVSS:3.1/AV:P/AC:H/PR:N/UI:R/S:U/C:L/I:H/A:N,PHYSICAL,HIGH,NONE,REQUIRED,UNCHANGED,LOW,HIGH,NONE,5.6,MEDIUM,0,0.13905616456518755,0.1321,paloalto,pan-os,['CWE-89'],['cpe:2.3:a:paloalto:pan-os:*:*:*:*:*:*:*:*'],1,5
CVE-2022-10504,Remote code execution via unsafe deserialization in spring spring_framework component.,2021-06-27T00:00:00+00:00,2021-08-19T00:00:00+00:00,3.1,CVSS:3.1/AV:P/AC:L/PR:H/UI:R/S:C/C:L/I:N/A:H,PHYSICAL,LOW,HIGH,REQUIRED,CHANGED,LOW,NONE,HIGH,5.6,MEDIUM,0,0.008314493833975936,0.0079,spring,spring_framework,['CWE-416'],['cpe:2.3:a:spring:spring_framework:*:*:*:*:*:*:*:*'],1,2
CVE-2023-10505,Privilege escalation via authenticated extension loading in postgresql postgresql component.,2023-06-09T00:00:00+00:00,2023-08-23T00:00:00+00:00,3.1,CVSS:3.1/AV:A/AC:L/PR:H/UI:N/S:C/C:N/I:N/A:L,ADJACENT_NETWORK,LOW,HIGH,NONE,CHANGED,NONE,NONE,LOW,7.1,HIGH,0,0.0015835550097168757,0.0015,postgresql,postgresql,['CWE-20'],['cpe:2.3:a:postgresql:postgresql:*:*:*:*:*:*:*:*'],1,4
CVE-2024-10506,Remote code execution via unsafe deserialization in spring spring_framework component.,2023-09-09T00:00:00+00:00,2023-12-08T00:00:00+00:00,3.1,CVSS:3.1/AV:N/AC:H/PR:L/UI:N/S:U/C:H/I:N/A:H,NETWORK,HIGH,LOW,NONE,UNCHANGED,HIGH,NONE,HIGH,8.5,HIGH,0,0.5209069864990176,0.4949,spring,spring_framework,['CWE-119'],['cpe:2.3:a:spring:spring_framework:*:*:*:*:*:*:*:*'],1,2
CVE-2023-10507,Unauthenticated remote code execution in query optimizer in oracle mysql component.,2022-05-05T00:00:00+00:00,2022-07-27T00:00:00+00:00,3.1,CVSS:3.1/AV:N/AC:L/PR:L/UI:R/S:U/C:H/I:L/A:H,NETWORK,LOW,LOW,REQUIRED,UNCHANGED,HIGH,LOW,HIGH,8.7,HIGH,0,0.33863025885301395,0.3217,oracle,mysql,['CWE-20'],['cpe:2.3:a:oracle:mysql:*:*:*:*:*:*:*:*'],1,4
CVE-2022-10508,Integer overflow in HTTP request header processing in nginx nginx component.,2025-11-26T00:00:00+00:00,2026-01-17T00:00:00+00:00,3.1,CVSS:3.1/AV:A/AC:H/PR:H/UI:R/S:U/C:H/I:N/A:L,ADJACENT_NETWORK,HIGH,HIGH,REQUIRED,UNCHANGED,HIGH,NONE,LOW,5.8,MEDIUM,0,0.010908769686706286,0.0104,nginx,nginx,['CWE-269'],['cpe:2.3:a:nginx:nginx:*:*:*:*:*:*:*:*'],1,5
CVE-2023-10509,Buffer overflow in TLS handshake parser in openssl openssl component.,2023-05-23T00:00:00+00:00,2023-06-27T00:00:00+00:00,3.1,CVSS:3.1/AV:A/AC:L/PR:H/UI:R/S:U/C:H/I:H/A:L,ADJACENT_NETWORK,LOW,HIGH,REQUIRED,UNCHANGED,HIGH,HIGH,LOW,7.8,HIGH,0,0.04380842736475924,0.0416,openssl,openssl,['CWE-20'],['cpe:2.3:a:openssl:openssl:*:*:*:*:*:*:*:*'],1,1
CVE-2023-10510,Remote code execution in Kerberos authentication service in microsoft windows_server component.,2023-08-12T00:00:00+00:00,2023-10-31T00:00:00+00:00,3.1,CVSS:3.1/AV:N/AC:H/PR:L/UI:N/S:U/C:H/I:H/A:N,NETWORK,HIGH,LOW,NONE,UNCHANGED,HIGH,HIGH,NONE,8.0,HIGH,1,0.5177804645372803,0.4919,microsoft,windows_server,['CWE-269'],['cpe:2.3:a:microsoft:windows_server:*:*:*:*:*:*:*:*'],1,2
CVE-2021-10511,Remote code execution via unsafe deserialization in spring spring_framework component.,2024-08-22T00:00:00+00:00,2024-10-23T00:00:00+00:00,3.1,CVSS:3.1/AV:A/AC:L/PR:L/UI:R/S:C/C:H/I:H/A:L,ADJACENT_NETWORK,LOW,LOW,REQUIRED,CHANGED,HIGH,HIGH,LOW,8.0,HIGH,0,0.009560758490759755,0.0091,spring,spring_framework,['CWE-200'],['cpe:2.3:a:spring:spring_framework:*:*:*:*:*:*:*:*'],1,1
CVE-2023-10512,Denial of service via HTTP/2 frame flooding in apache http_server component.,2022-12-09T00:00:00+00:00,2023-02-05T00:00:00+00:00,3.1,CVSS:3.1/AV:P/AC:L/PR:L/UI:R/S:C/C:H/I:L/A:H,PHYSICAL,LOW,LOW,REQUIRED,CHANGED,HIGH,LOW,HIGH,6.7,MEDIUM,0,0.0005587759114269391,0.0005,apache,http_server,['CWE-79'],['cpe:2.3:a:apache:http_server:*:*:*:*:*:*:*:*'],1,2
CVE-2021-10513,Integer overflow in HTTP request header processing in nginx nginx component.,2021-06-14T00:00:00+00:00,2021-08-04T00:00:00+00:00,3.1,CVSS:3.1/AV:A/AC:H/PR:N/UI:N/S:U/C:L/I:N/A:H,ADJACENT_NETWORK,HIGH,NONE,NONE,UNCHANGED,LOW,NONE,HIGH,7.4,HIGH,0,0.1483050709379831,0.1409,nginx,nginx,['CWE-89'],['cpe:2.3:a:nginx:nginx:*:*:*:*:*:*:*:*'],1,4
CVE-2022-10514,Command injection in management web interface in paloalto pan-os component.,2023-12-03T00:00:00+00:00,2024-02-22T00:00:00+00:00,3.1,CVSS:3.1/AV:N/AC:H/PR:L/UI:N/S:C/C:L/I:L/A:L,NETWORK,HIGH,LOW,NONE,CHANGED,LOW,LOW,LOW,6.7,MEDIUM,0,0.02692820025078279,0.0256,paloalto,pan-os,['CWE-20'],['cpe:2.3:a:paloalto:pan-os:*:*:*:*:*:*:*:*'],1,3
CVE-2021-10515,Privilege escalation via authenticated extension loading in postgresql postgresql component.,2021-02-15T00:00:00+00:00,2021-03-17T00:00:00+00:00,3.1,CVSS:3.1/AV:L/AC:H/PR:H/UI:R/S:C/C:L/I:H/A:H,LOCAL,HIGH,HIGH,REQUIRED,CHANGED,LOW,HIGH,HIGH,6.1,MEDIUM,0,0.05956656884317735,0.0566,postgresql,postgresql,['CWE-787'],['cpe:2.3:a:postgresql:postgresql:*:*:*:*:*:*:*:*'],1,4
CVE-2025-10516,Use-after-free vulnerability in eBPF subsystem in linux linux_kernel component.,2021-09-28T00:00:00+00:00,2021-11-07T00:00:00+00:00,3.1,CVSS:3.1/AV:A/AC:H/PR:N/UI:R/S:C/C:L/I:N/A:N,ADJACENT_NETWORK,HIGH,NONE,REQUIRED,CHANGED,LOW,NONE,NONE,6.1,MEDIUM,0,0.057506166868240664,0.0546,linux,linux_kernel,['CWE-269'],['cpe:2.3:a:linux:linux_kernel:*:*:*:*:*:*:*:*'],1,3
CVE-2022-10517,Integer overflow in HTTP request header processing in nginx nginx component.,2024-06-20T00:00:00+00:00,2024-07-11T00:00:00+00:00,3.1,CVSS:3.1/AV:L/AC:L/PR:N/UI:N/S:U/C:N/I:N/A:N,LOCAL,LOW,NONE,NONE,UNCHANGED,NONE,NONE,NONE,7.2,HIGH,0,0.05047422708449478,0.048,nginx,nginx,['CWE-269'],['cpe:2.3:a:nginx:nginx:*:*:*:*:*:*:*:*'],1,5
CVE-2024-10518,Command injection in management web interface in paloalto pan-os component.,2022-06-18T00:00:00+00:00,2022-08-05T00:00:00+00:00,3.1,CVSS:3.1/AV:A/AC:L/PR:H/UI:N/S:C/C:L/I:N/A:L,ADJACENT_NETWORK,LOW,HIGH,NONE,CHANGED,LOW,NONE,LOW,6.6,MEDIUM,0,0.22307889210332502,0.2119,paloalto,pan-os,['CWE-787'],['cpe:2.3:a:paloalto:pan-os:*:*:*:*:*:*:*:*'],1,5
CVE-2025-10519,Command injection in management web interface in paloalto pan-os component.,2022-09-10T00:00:00+00:00,2022-09-26T00:00:00+00:00,3.1,CVSS:3.1/AV:N/AC:H/PR:L/UI:N/S:C/C:L/I:N/A:N,NETWORK,HIGH,LOW,NONE,CHANGED,LOW,NONE,NONE,7.0,HIGH,0,0.09283751533736528,0.0882,paloalto,pan-os,['CWE-269'],['cpe:2.3:a:paloalto:pan-os:*:*:*:*:*:*:*:*'],1,3
CVE-2023-10520,Integer overflow in HTTP request header processing in nginx nginx component.,2025-03-25T00:00:00+00:00,2025-06-07T00:00:00+00:00,3.1,CVSS:3.1/AV:A/AC:H/PR:L/UI:N/S:C/C:N/I:N/A:H,ADJACENT_NETWORK,HIGH,LOW,NONE,CHANGED,NONE,NONE,HIGH,6.7,MEDIUM,0,0.23463249248947307,0.2229,nginx,nginx,['CWE-79'],['cpe:2.3:a:nginx:nginx:*:*:*:*:*:*:*:*'],1,3
CVE-2024-10521,Buffer overflow in TLS handshake parser in openssl openssl component.,2024-06-18T00:00:00+00:00,2024-07-17T00:00:00+00:00,3.1,CVSS:3.1/AV:P/AC:H/PR:N/UI:R/S:U/C:H/I:H/A:N,PHYSICAL,HIGH,NONE,REQUIRED,UNCHANGED,HIGH,HIGH,NONE,6.0,MEDIUM,0,0.07855701167838956,0.0746,openssl,openssl,['CWE-119'],['cpe:2.3:a:openssl:openssl:*:*:*:*:*:*:*:*'],1,3
CVE-2021-10522,Privilege escalation via authenticated extension loading in postgresql postgresql component.,2021-06-21T00:00:00+00:00,2021-08-29T00:00:00+00:00,3.1,CVSS:3.1/AV:P/AC:L/PR:H/UI:R/S:U/C:L/I:L/A:H,PHYSICAL,LOW,HIGH,REQUIRED,UNCHANGED,LOW,LOW,HIGH,4.4,MEDIUM,0,0.051146786633597806,0.0486,postgresql,postgresql,['CWE-20'],['cpe:2.3:a:postgresql:postgresql:*:*:*:*:*:*:*:*'],1,3
CVE-2022-10523,Remote code execution in Kerberos authentication service in microsoft windows_server component.,2025-01-06T00:00:00+00:00,2025-03-02T00:00:00+00:00,3.1,CVSS:3.1/AV:L/AC:H/PR:L/UI:N/S:C/C:L/I:L/A:L,LOCAL,HIGH,LOW,NONE,CHANGED,LOW,LOW,LOW,4.6,MEDIUM,0,0.01845284621834032,0.0175,microsoft,windows_server,['CWE-787'],['cpe:2.3:a:microsoft:windows_server:*:*:*:*:*:*:*:*'],1,5
CVE-2022-10524,Denial of service via HTTP/2 frame flooding in apache http_server component.,2025-01-30T00:00:00+00:00,2025-03-28T00:00:00+00:00,3.1,CVSS:3.1/AV:P/AC:H/PR:L/UI:N/S:C/C:H/I:L/A:N,PHYSICAL,HIGH,LOW,NONE,CHANGED,HIGH,LOW,NONE,5.1,MEDIUM,0,0.0011279419528506325,0.0011,apache,http_server,['CWE-79'],['cpe:2.3:a:apache:http_server:*:*:*:*:*:*:*:*'],1,2
CVE-2023-10525,Privilege escalation via authenticated extension loading in postgresql postgresql component.,2023-08-31T00:00:00+00:00,2023-11-07T00:00:00+00:00,3.1,CVSS:3.1/AV:L/AC:L/PR:H/UI:R/S:U/C:N/I:L/A:H,LOCAL,LOW,HIGH,REQUIRED,UNCHANGED,NONE,LOW,HIGH,5.9,MEDIUM,0,0.11663826118993856,0.1108,postgresql,postgresql,['CWE-200'],['cpe:2.3:a:postgresql:postgresql:*:*:*:*:*:*:*:*'],1,4
CVE-2025-10526,Command injection in management web interface in paloalto pan-os component.,2023-08-05T00:00:00+00:00,2023-10-17T00:00:00+00:00,3.1,CVSS:3.1/AV:A/AC:L/PR:N/UI:R/S:C/C:H/I:L/A:N,ADJACENT_NETWORK,LOW,NONE,REQUIRED,CHANGED,HIGH,LOW,NONE,8.4,HIGH,0,0.18437186146761725,0.1752,paloalto,pan-os,['CWE-200'],['cpe:2.3:a:paloalto:pan-os:*:*:*:*:*:*:*:*'],1,5
CVE-2024-10527,Use-after-free vulnerability in eBPF subsystem in linux linux_kernel component.,2024-02-20T00:00:00+00:00,2024-04-20T00:00:00+00:00,3.1,CVSS:3.1/AV:A/AC:L/PR:N/UI:N/S:C/C:L/I:H/A:H,ADJACENT_NETWORK,LOW,NONE,NONE,CHANGED,LOW,HIGH,HIGH,10.0,CRITICAL,0,0.39318871670334216,0.3735,linux,linux_kernel,['CWE-787'],['cpe:2.3:a:linux:linux_kernel:*:*:*:*:*:*:*:*'],1,1
CVE-2024-10528,Use-after-free vulnerability in eBPF subsystem in linux linux_kernel component.,2022-01-03T00:00:00+00:00,2022-03-07T00:00:00+00:00,3.1,CVSS:3.1/AV:A/AC:L/PR:N/UI:R/S:C/C:N/I:H/A:H,ADJACENT_NETWORK,LOW,NONE,REQUIRED,CHANGED,NONE,HIGH,HIGH,9.4,CRITICAL,0,0.0074888334515262195,0.0071,linux,linux_kernel,['CWE-269'],['cpe:2.3:a:linux:linux_kernel:*:*:*:*:*:*:*:*'],1,5
CVE-2025-10529,Integer overflow in HTTP request header processing in nginx nginx component.,2023-06-13T00:00:00+00:00,2023-07-17T00:00:00+00:00,3.1,CVSS:3.1/AV:P/AC:L/PR:L/UI:N/S:C/C:N/I:H/A:N,PHYSICAL,LOW,LOW,NONE,CHANGED,NONE,HIGH,NONE,6.0,MEDIUM,0,0.0001,0.0001,nginx,nginx,['CWE-89'],['cpe:2.3:a:nginx:nginx:*:*:*:*:*:*:*:*'],1,3
CVE-2026-10530,Integer overflow in HTTP request header processing in nginx nginx component.,2021-10-05T00:00:00+00:00,2021-11-20T00:00:00+00:00,3.1,CVSS:3.1/AV:A/AC:L/PR:L/UI:R/S:C/C:H/I:L/A:N,ADJACENT_NETWORK,LOW,LOW,REQUIRED,CHANGED,HIGH,LOW,NONE,7.2,HIGH,0,0.03393028990409345,0.0322,nginx,nginx,['CWE-200'],['cpe:2.3:a:nginx:nginx:*:*:*:*:*:*:*:*'],1,3
CVE-2026-10531,Remote code execution via unsafe deserialization in spring spring_framework component.,2021-06-07T00:00:00+00:00,2021-08-12T00:00:00+00:00,3.1,CVSS:3.1/AV:A/AC:L/PR:N/UI:N/S:C/C:L/I:H/A:L,ADJACENT_NETWORK,LOW,NONE,NONE,CHANGED,LOW,HIGH,LOW,8.7,HIGH,0,0.14000741207183795,0.133,spring,spring_framework,['CWE-200'],['cpe:2.3:a:spring:spring_framework:*:*:*:*:*:*:*:*'],1,3
CVE-2025-10532,Denial of service via HTTP/2 frame flooding in apache http_server component.,2024-04-02T00:00:00+00:00,2024-05-18T00:00:00+00:00,3.1,CVSS:3.1/AV:A/AC:L/PR:N/UI:R/S:C/C:L/I:L/A:L,ADJACENT_NETWORK,LOW,NONE,REQUIRED,CHANGED,LOW,LOW,LOW,7.1,HIGH,0,0.1528730098347547,0.1452,apache,http_server,['CWE-89'],['cpe:2.3:a:apache:http_server:*:*:*:*:*:*:*:*'],1,1
CVE-2022-10533,Privilege escalation via authenticated extension loading in postgresql postgresql component.,2023-10-28T00:00:00+00:00,2023-11-26T00:00:00+00:00,3.1,CVSS:3.1/AV:A/AC:L/PR:L/UI:R/S:U/C:N/I:N/A:N,ADJACENT_NETWORK,LOW,LOW,REQUIRED,UNCHANGED,NONE,NONE,NONE,5.7,MEDIUM,0,0.0029077084524763023,0.0028,postgresql,postgresql,['CWE-787'],['cpe:2.3:a:postgresql:postgresql:*:*:*:*:*:*:*:*'],1,3
CVE-2026-10534,Use-after-free vulnerability in eBPF subsystem in linux linux_kernel component.,2023-01-13T00:00:00+00:00,2023-01-31T00:00:00+00:00,3.1,CVSS:3.1/AV:P/AC:H/PR:N/UI:R/S:U/C:H/I:N/A:N,PHYSICAL,HIGH,NONE,REQUIRED,UNCHANGED,HIGH,NONE,NONE,5.0,MEDIUM,0,0.021559494775370266,0.0205,linux,linux_kernel,['CWE-89'],['cpe:2.3:a:linux:linux_kernel:*:*:*:*:*:*:*:*'],1,2
CVE-2023-10535,Privilege escalation via authenticated extension loading in postgresql postgresql component.,2021-09-14T00:00:00+00:00,2021-10-11T00:00:00+00:00,3.1,CVSS:3.1/AV:A/AC:L/PR:L/UI:N/S:U/C:N/I:L/A:L,ADJACENT_NETWORK,LOW,LOW,NONE,UNCHANGED,NONE,LOW,LOW,6.8,MEDIUM,0,0.08676821048124385,0.0824,postgresql,postgresql,['CWE-20'],['cpe:2.3:a:postgresql:postgresql:*:*:*:*:*:*:*:*'],1,2
CVE-2021-10536,Denial of service via HTTP/2 frame flooding in apache http_server component.,2025-06-13T00:00:00+00:00,2025-09-06T00:00:00+00:00,3.1,CVSS:3.1/AV:N/AC:H/PR:N/UI:R/S:U/C:N/I:L/A:H,NETWORK,HIGH,NONE,REQUIRED,UNCHANGED,NONE,LOW,HIGH,7.8,HIGH,0,0.2815701125537141,0.2675,apache,http_server,['CWE-20'],['cpe:2.3:a:apache:http_server:*:*:*:*:*:*:*:*'],1,1
CVE-2025-10537,Denial of service via HTTP/2 frame flooding in apache http_server component.,2022-02-25T00:00:00+00:00,2022-05-12T00:00:00+00:00,3.1,CVSS:3.1/AV:A/AC:L/PR:H/UI:R/S:U/C:N/I:N/A:H,ADJACENT_NETWORK,LOW,HIGH,REQUIRED,UNCHANGED,NONE,NONE,HIGH,6.9,MEDIUM,0,0.09708838358435126,0.0922,apache,http_server,['CWE-200'],['cpe:2.3:a:apache:http_server:*:*:*:*:*:*:*:*'],1,5
CVE-2023-10538,Unauthenticated remote code execution in query optimizer in oracle mysql component.,2021-11-25T00:00:00+00:00,2022-01-29T00:00:00+00:00,3.1,CVSS:3.1/AV:A/AC:L/PR:N/UI:N/S:U/C:H/I:N/A:L,ADJACENT_NETWORK,LOW,NONE,NONE,UNCHANGED,HIGH,NONE,LOW,8.7,HIGH,0,0.07665013433848913,0.0728,oracle,mysql,['CWE-89'],['cpe:2.3:a:oracle:mysql:*:*:*:*:*:*:*:*'],1,5
CVE-2026-10539,Buffer overflow in TLS handshake parser in openssl openssl component.,2021-07-22T00:00:00+00:00,2021-08-19T00:00:00+00:00,3.1,CVSS:3.1/AV:P/AC:H/PR:H/UI:N/S:C/C:H/I:N/A:N,PHYSICAL,HIGH,HIGH,NONE,CHANGED,HIGH,NONE,NONE,5.5,MEDIUM,0,0.10722729541459657,0.1019,openssl,openssl,['CWE-269'],['cpe:2.3:a:openssl:openssl:*:*:*:*:*:*:*:*'],1,4
CVE-2022-10540,Remote code execution in Kerberos authentication service in microsoft windows_server component.,2023-11-20T00:00:00+00:00,2023-12-20T00:00:00+00:00,3.1,CVSS:3.1/AV:P/AC:L/PR:L/UI:N/S:C/C:N/I:H/A:N,PHYSICAL,LOW,LOW,NONE,CHANGED,NONE,HIGH,NONE,5.9,MEDIUM,0,0.0845557567138113,0.0803,microsoft,windows_server,['CWE-787'],['cpe:2.3:a:microsoft:windows_server:*:*:*:*:*:*:*:*'],1,3
CVE-2025-10541,Use-after-free vulnerability in eBPF subsystem in linux linux_kernel component.,2025-01-18T00:00:00+00:00,2025-01-24T00:00:00+00:00,3.1,CVSS:3.1/AV:N/AC:H/PR:L/UI:N/S:C/C:L/I:L/A:H,NETWORK,HIGH,LOW,NONE,CHANGED,LOW,LOW,HIGH,8.0,HIGH,0,0.0029659016328429204,0.0028,linux,linux_kernel,['CWE-787'],['cpe:2.3:a:linux:linux_kernel:*:*:*:*:*:*:*:*'],1,2
CVE-2024-10542,Remote code execution via unsafe deserialization in spring spring_framework component.,2022-08-19T00:00:00+00:00,2022-10-13T00:00:00+00:00,3.1,CVSS:3.1/AV:A/AC:L/PR:L/UI:R/S:U/C:N/I:H/A:L,ADJACENT_NETWORK,LOW,LOW,REQUIRED,UNCHANGED,NONE,HIGH,LOW,6.4,MEDIUM,0,0.01944872119025947,0.0185,spring,spring_framework,['CWE-79'],['cpe:2.3:a:spring:spring_framework:*:*:*:*:*:*:*:*'],1,4
CVE-2025-10543,Integer overflow in HTTP request header processing in nginx nginx component.,2024-09-10T00:00:00+00:00,2024-12-06T00:00:00+00:00,3.1,CVSS:3.1/AV:N/AC:L/PR:N/UI:R/S:C/C:H/I:H/A:N,NETWORK,LOW,NONE,REQUIRED,CHANGED,HIGH,HIGH,NONE,10.0,CRITICAL,0,0.009575590595711031,0.0091,nginx,nginx,['CWE-89'],['cpe:2.3:a:nginx:nginx:*:*:*:*:*:*:*:*'],1,1
CVE-2022-10544,Unauthenticated remote code execution in query optimizer in oracle mysql component.,2022-11-25T00:00:00+00:00,2022-12-21T00:00:00+00:00,3.1,CVSS:3.1/AV:P/AC:L/PR:N/UI:R/S:C/C:L/I:H/A:H,PHYSICAL,LOW,NONE,REQUIRED,CHANGED,LOW,HIGH,HIGH,7.3,HIGH,0,0.0038089163253590447,0.0036,oracle,mysql,['CWE-200'],['cpe:2.3:a:oracle:mysql:*:*:*:*:*:*:*:*'],1,4
CVE-2024-10545,Unauthenticated remote code execution in query optimizer in oracle mysql component.,2024-09-27T00:00:00+00:00,2024-12-14T00:00:00+00:00,3.1,CVSS:3.1/AV:P/AC:H/PR:H/UI:R/S:U/C:L/I:N/A:N,PHYSICAL,HIGH,HIGH,REQUIRED,UNCHANGED,LOW,NONE,NONE,3.2,LOW,0,0.3503402811903795,0.3328,oracle,mysql,['CWE-200'],['cpe:2.3:a:oracle:mysql:*:*:*:*:*:*:*:*'],1,4
CVE-2022-10546,Integer overflow in HTTP request header processing in nginx nginx component.,2024-07-10T00:00:00+00:00,2024-07-28T00:00:00+00:00,3.1,CVSS:3.1/AV:N/AC:L/PR:H/UI:N/S:U/C:L/I:H/A:N,NETWORK,LOW,HIGH,NONE,UNCHANGED,LOW,HIGH,NONE,8.2,HIGH,0,0.13359704807328251,0.1269,nginx,nginx,['CWE-416'],['cpe:2.3:a:nginx:nginx:*:*:*:*:*:*:*:*'],1,5
CVE-2022-10547,Unauthenticated remote code execution in query optimizer in oracle mysql component.,2022-09-13T00:00:00+00:00,2022-12-02T00:00:00+00:00,3.1,CVSS:3.1/AV:N/AC:L/PR:H/UI:R/S:C/C:N/I:L/A:H,NETWORK,LOW,HIGH,REQUIRED,CHANGED,NONE,LOW,HIGH,7.4,HIGH,0,0.02072257817809006,0.0197,oracle,mysql,['CWE-787'],['cpe:2.3:a:oracle:mysql:*:*:*:*:*:*:*:*'],1,4
CVE-2023-10548,Remote code execution via unsafe deserialization in spring spring_framework component.,2024-01-16T00:00:00+00:00,2024-02-29T00:00:00+00:00,3.1,CVSS:3.1/AV:N/AC:L/PR:L/UI:N/S:C/C:L/I:L/A:L,NETWORK,LOW,LOW,NONE,CHANGED,LOW,LOW,LOW,8.0,HIGH,0,0.12101844137801128,0.115,spring,spring_framework,['CWE-20'],['cpe:2.3:a:spring:spring_framework:*:*:*:*:*:*:*:*'],1,1
CVE-2025-10549,Command injection in management web interface in paloalto pan-os component.,2024-09-12T00:00:00+00:00,2024-10-21T00:00:00+00:00,3.1,CVSS:3.1/AV:A/AC:H/PR:L/UI:N/S:C/C:H/I:L/A:L,ADJACENT_NETWORK,HIGH,LOW,NONE,CHANGED,HIGH,LOW,LOW,7.1,HIGH,0,0.4776562706555444,0.4538,paloalto,pan-os,['CWE-79'],['cpe:2.3:a:paloalto:pan-os:*:*:*:*:*:*:*:*'],1,5
CVE-2026-10550,Integer overflow in HTTP request header processing in nginx nginx component.,2024-02-09T00:00:00+00:00,2024-05-07T00:00:00+00:00,3.1,CVSS:3.1/AV:P/AC:H/PR:H/UI:N/S:U/C:L/I:L/A:L,PHYSICAL,HIGH,HIGH,NONE,UNCHANGED,LOW,LOW,LOW,3.9,LOW,0,0.030634058828037533,0.0291,nginx,nginx,['CWE-416'],['cpe:2.3:a:nginx:nginx:*:*:*:*:*:*:*:*'],1,5
CVE-2023-10551,Unauthenticated remote code execution in query optimizer in oracle mysql component.,2022-10-19T00:00:00+00:00,2022-10-27T00:00:00+00:00,3.1,CVSS:3.1/AV:N/AC:L/PR:N/UI:R/S:C/C:H/I:H/A:N,NETWORK,LOW,NONE,REQUIRED,CHANGED,HIGH,HIGH,NONE,9.9,CRITICAL,0,0.23147563003399255,0.2199,oracle,mysql,['CWE-269'],['cpe:2.3:a:oracle:mysql:*:*:*:*:*:*:*:*'],1,4
CVE-2024-10552,Denial of service via HTTP/2 frame flooding in apache http_server component.,2022-12-08T00:00:00+00:00,2023-01-23T00:00:00+00:00,3.1,CVSS:3.1/AV:P/AC:H/PR:N/UI:N/S:U/C:N/I:H/A:L,PHYSICAL,HIGH,NONE,NONE,UNCHANGED,NONE,HIGH,LOW,6.3,MEDIUM,0,0.0010041888112392833,0.001,apache,http_server,['CWE-79'],['cpe:2.3:a:apache:http_server:*:*:*:*:*:*:*:*'],1,1
CVE-2021-10553,Use-after-free vulnerability in eBPF subsystem in linux linux_kernel component.,2022-11-23T00:00:00+00:00,2022-12-15T00:00:00+00:00,3.1,CVSS:3.1/AV:N/AC:H/PR:N/UI:R/S:C/C:H/I:H/A:L,NETWORK,HIGH,NONE,REQUIRED,CHANGED,HIGH,HIGH,LOW,9.1,CRITICAL,1,0.02844980454829664,0.027,linux,linux_kernel,['CWE-787'],['cpe:2.3:a:linux:linux_kernel:*:*:*:*:*:*:*:*'],1,5
CVE-2023-10554,Buffer overflow in TLS handshake parser in openssl openssl component.,2023-02-13T00:00:00+00:00,2023-04-28T00:00:00+00:00,3.1,CVSS:3.1/AV:P/AC:H/PR:H/UI:N/S:C/C:N/I:H/A:H,PHYSICAL,HIGH,HIGH,NONE,CHANGED,NONE,HIGH,HIGH,5.9,MEDIUM,0,0.013397221317519376,0.0127,openssl,openssl,['CWE-119'],['cpe:2.3:a:openssl:openssl:*:*:*:*:*:*:*:*'],1,3
CVE-2025-10555,Integer overflow in HTTP request header processing in nginx nginx component.,2025-07-20T00:00:00+00:00,2025-10-14T00:00:00+00:00,3.1,CVSS:3.1/AV:L/AC:L/PR:H/UI:R/S:C/C:L/I:N/A:L,LOCAL,LOW,HIGH,REQUIRED,CHANGED,LOW,NONE,LOW,4.7,MEDIUM,0,0.02135372248439761,0.0203,nginx,nginx,['CWE-79'],['cpe:2.3:a:nginx:nginx:*:*:*:*:*:*:*:*'],1,5
CVE-2023-10556,Privilege escalation via authenticated extension loading in postgresql postgresql component.,2022-06-28T00:00:00+00:00,2022-07-05T00:00:00+00:00,3.1,CVSS:3.1/AV:L/AC:H/PR:N/UI:N/S:U/C:H/I:L/A:L,LOCAL,HIGH,NONE,NONE,UNCHANGED,HIGH,LOW,LOW,6.5,MEDIUM,0,0.040539503766544624,0.0385,postgresql,postgresql,['CWE-79'],['cpe:2.3:a:postgresql:postgresql:*:*:*:*:*:*:*:*'],1,5
CVE-2024-10557,Remote code execution via unsafe deserialization in spring spring_framework component.,2023-05-25T00:00:00+00:00,2023-06-21T00:00:00+00:00,3.1,CVSS:3.1/AV:L/AC:L/PR:H/UI:R/S:C/C:L/I:H/A:H,LOCAL,LOW,HIGH,REQUIRED,CHANGED,LOW,HIGH,HIGH,7.5,HIGH,0,0.0011780872027341883,0.0011,spring,spring_framework,['CWE-269'],['cpe:2.3:a:spring:spring_framework:*:*:*:*:*:*:*:*'],1,2
CVE-2024-10558,Remote code execution in Kerberos authentication service in microsoft windows_server component.,2022-05-30T00:00:00+00:00,2022-08-18T00:00:00+00:00,3.1,CVSS:3.1/AV:P/AC:L/PR:N/UI:N/S:C/C:N/I:H/A:H,PHYSICAL,LOW,NONE,NONE,CHANGED,NONE,HIGH,HIGH,8.2,HIGH,0,0.12552422519663808,0.1192,microsoft,windows_server,['CWE-787'],['cpe:2.3:a:microsoft:windows_server:*:*:*:*:*:*:*:*'],1,3
CVE-2025-10559,Remote code execution via unsafe deserialization in spring spring_framework component.,2025-10-13T00:00:00+00:00,2025-12-08T00:00:00+00:00,3.1,CVSS:3.1/AV:N/AC:L/PR:L/UI:R/S:U/C:N/I:N/A:H,NETWORK,LOW,LOW,REQUIRED,UNCHANGED,NONE,NONE,HIGH,7.5,HIGH,0,0.04851072394252614,0.0461,spring,spring_framework,['CWE-200'],['cpe:2.3:a:spring:spring_framework:*:*:*:*:*:*:*:*'],1,4
CVE-2023-10560,Remote code execution in Kerberos authentication service in microsoft windows_server component.,2025-10-28T00:00:00+00:00,2025-11-06T00:00:00+00:00,3.1,CVSS:3.1/AV:A/AC:H/PR:L/UI:R/S:U/C:L/I:H/A:H,ADJACENT_NETWORK,HIGH,LOW,REQUIRED,UNCHANGED,LOW,HIGH,HIGH,7.3,HIGH,0,0.13679844036432867,0.13,microsoft,windows_server,['CWE-119'],['cpe:2.3:a:microsoft:windows_server:*:*:*:*:*:*:*:*'],1,4
CVE-2021-10561,Privilege escalation via authenticated extension loading in postgresql postgresql component.,2021-11-04T00:00:00+00:00,2021-11-29T00:00:00+00:00,3.1,CVSS:3.1/AV:N/AC:L/PR:L/UI:R/S:C/C:H/I:L/A:L,NETWORK,LOW,LOW,REQUIRED,CHANGED,HIGH,LOW,LOW,8.4,HIGH,0,0.4391103000096955,0.4172,postgresql,postgresql,['CWE-20'],['cpe:2.3:a:postgresql:postgresql:*:*:*:*:*:*:*:*'],1,2
CVE-2023-10562,Command injection in management web interface in paloalto pan-os component.,2021-10-07T00:00:00+00:00,2021-10-11T00:00:00+00:00,3.1,CVSS:3.1/AV:L/AC:H/PR:H/UI:N/S:U/C:H/I:L/A:N,LOCAL,HIGH,HIGH,NONE,UNCHANGED,HIGH,LOW,NONE,5.9,MEDIUM,0,0.2667328219883236,0.2534,paloalto,pan-os,['CWE-20'],['cpe:2.3:a:paloalto:pan-os:*:*:*:*:*:*:*:*'],1,1
CVE-2025-10563,Unauthenticated remote code execution in query optimizer in oracle mysql component.,2022-09-03T00:00:00+00:00,2022-09-12T00:00:00+00:00,3.1,CVSS:3.1/AV:P/AC:H/PR:H/UI:N/S:C/C:H/I:N/A:N,PHYSICAL,HIGH,HIGH,NONE,CHANGED,HIGH,NONE,NONE,5.2,MEDIUM,0,0.2200381720213331,0.209,oracle,mysql,['CWE-79'],['cpe:2.3:a:oracle:mysql:*:*:*:*:*:*:*:*'],1,5
CVE-2021-10564,Remote code execution via unsafe deserialization in spring spring_framework component.,2023-12-05T00:00:00+00:00,2024-02-29T00:00:00+00:00,3.1,CVSS:3.1/AV:L/AC:H/PR:N/UI:N/S:U/C:L/I:L/A:H,LOCAL,HIGH,NONE,NONE,UNCHANGED,LOW,LOW,HIGH,7.1,HIGH,0,0.09775374958100261,0.0929,spring,spring_framework,['CWE-416'],['cpe:2.3:a:spring:spring_framework:*:*:*:*:*:*:*:*'],1,2
CVE-2022-10565,Remote code execution in Kerberos authentication service in microsoft windows_server component.,2021-10-23T00:00:00+00:00,2021-11-06T00:00:00+00:00,3.1,CVSS:3.1/AV:A/AC:L/PR:L/UI:R/S:C/C:L/I:H/A:N,ADJACENT_NETWORK,LOW,LOW,REQUIRED,CHANGED,LOW,HIGH,NONE,6.7,MEDIUM,0,0.03556921723958809,0.0338,microsoft,windows_server,['CWE-787'],['cpe:2.3:a:microsoft:windows_server:*:*:*:*:*:*:*:*'],1,5
CVE-2026-10566,Unauthenticated remote code execution in query optimizer in oracle mysql component.,2021-08-20T00:00:00+00:00,2021-09-30T00:00:00+00:00,3.1,CVSS:3.1/AV:P/AC:H/PR:H/UI:N/S:C/C:N/I:L/A:L,PHYSICAL,HIGH,HIGH,NONE,CHANGED,NONE,LOW,LOW,4.1,MEDIUM,0,0.32045332729237963,0.3044,oracle,mysql,['CWE-269'],['cpe:2.3:a:oracle:mysql:*:*:*:*:*:*:*:*'],1,3
CVE-2026-10567,Buffer overflow in TLS handshake parser in openssl openssl component.,2024-05-25T00:00:00+00:00,2024-05-30T00:00:00+00:00,3.1,CVSS:3.1/AV:N/AC:L/PR:L/UI:R/S:C/C:H/I:H/A:L,NETWORK,LOW,LOW,REQUIRED,CHANGED,HIGH,HIGH,LOW,8.9,HIGH,0,0.0001,0.0001,openssl,openssl,['CWE-79'],['cpe:2.3:a:openssl:openssl:*:*:*:*:*:*:*:*'],1,5
CVE-2024-10568,Privilege escalation via authenticated extension loading in postgresql postgresql component.,2023-03-07T00:00:00+00:00,2023-03-09T00:00:00+00:00,3.1,CVSS:3.1/AV:P/AC:H/PR:L/UI:N/S:U/C:L/I:N/A:N,PHYSICAL,HIGH,LOW,NONE,UNCHANGED,LOW,NONE,NONE,3.6,LOW,0,0.1379838644313217,0.1311,postgresql,postgresql,['CWE-787'],['cpe:2.3:a:postgresql:postgresql:*:*:*:*:*:*:*:*'],1,3
CVE-2021-10569,Remote code execution in Kerberos authentication service in microsoft windows_server component.,2022-07-16T00:00:00+00:00,2022-07-27T00:00:00+00:00,3.1,CVSS:3.1/AV:P/AC:H/PR:H/UI:R/S:C/C:H/I:L/A:N,PHYSICAL,HIGH,HIGH,REQUIRED,CHANGED,HIGH,LOW,NONE,4.7,MEDIUM,0,0.07567568398813805,0.0719,microsoft,windows_server,['CWE-89'],['cpe:2.3:a:microsoft:windows_server:*:*:*:*:*:*:*:*'],1,3
CVE-2021-10570,Remote code execution via unsafe deserialization in spring spring_framework component.,2022-12-22T00:00:00+00:00,2023-02-14T00:00:00+00:00,3.1,CVSS:3.1/AV:L/AC:H/PR:H/UI:N/S:U/C:H/I:H/A:N,LOCAL,HIGH,HIGH,NONE,UNCHANGED,HIGH,HIGH,NONE,6.5,MEDIUM,0,0.299575428186055,0.2846,spring,spring_framework,['CWE-787'],['cpe:2.3:a:spring:spring_framework:*:*:*:*:*:*:*:*'],1,2
CVE-2024-10571,Buffer overflow in TLS handshake parser in openssl openssl component.,2022-02-14T00:00:00+00:00,2022-05-06T00:00:00+00:00,3.1,CVSS:3.1/AV:L/AC:H/PR:H/UI:N/S:U/C:N/I:N/A:H,LOCAL,HIGH,HIGH,NONE,UNCHANGED,NONE,NONE,HIGH,5.8,MEDIUM,0,0.05206310933959893,0.0495,openssl,openssl,['CWE-89'],['cpe:2.3:a:openssl:openssl:*:*:*:*:*:*:*:*'],1,5
CVE-2023-10572,Remote code execution in Kerberos authentication service in microsoft windows_server component.,2023-07-14T00:00:00+00:00,2023-09-14T00:00:00+00:00,3.1,CVSS:3.1/AV:A/AC:H/PR:N/UI:R/S:C/C:N/I:N/A:L,ADJACENT_NETWORK,HIGH,NONE,REQUIRED,CHANGED,NONE,NONE,LOW,5.9,MEDIUM,0,0.0386926717677492,0.0368,microsoft,windows_server,['CWE-269'],['cpe:2.3:a:microsoft:windows_server:*:*:*:*:*:*:*:*'],1,2
CVE-2024-10573,Remote code execution in Kerberos authentication service in microsoft windows_server component.,2025-09-06T00:00:00+00:00,2025-11-19T00:00:00+00:00,3.1,CVSS:3.1/AV:A/AC:L/PR:N/UI:N/S:U/C:L/I:N/A:L,ADJACENT_NETWORK,LOW,NONE,NONE,UNCHANGED,LOW,NONE,LOW,7.3,HIGH,0,0.020332050346771977,0.0193,microsoft,windows_server,['CWE-89'],['cpe:2.3:a:microsoft:windows_server:*:*:*:*:*:*:*:*'],1,1
CVE-2025-10574,Remote code execution in Kerberos authentication service in microsoft windows_server component.,2023-05-29T00:00:00+00:00,2023-08-14T00:00:00+00:00,3.1,CVSS:3.1/AV:L/AC:L/PR:N/UI:R/S:U/C:H/I:N/A:N,LOCAL,LOW,NONE,REQUIRED,UNCHANGED,HIGH,NONE,NONE,7.0,HIGH,0,0.005092089719137077,0.0048,microsoft,windows_server,['CWE-416'],['cpe:2.3:a:microsoft:windows_server:*:*:*:*:*:*:*:*'],1,4
CVE-2021-10575,Integer overflow in HTTP request header processing in nginx nginx component.,2022-04-05T00:00:00+00:00,2022-05-02T00:00:00+00:00,3.1,CVSS:3.1/AV:A/AC:H/PR:L/UI:R/S:C/C:N/I:L/A:N,ADJACENT_NETWORK,HIGH,LOW,REQUIRED,CHANGED,NONE,LOW,NONE,5.3,MEDIUM,0,0.11155192697031875,0.106,nginx,nginx,['CWE-119'],['cpe:2.3:a:nginx:nginx:*:*:*:*:*:*:*:*'],1,3
CVE-2024-10576,Privilege escalation via authenticated extension loading in postgresql postgresql component.,2022-01-05T00:00:00+00:00,2022-02-27T00:00:00+00:00,3.1,CVSS:3.1/AV:A/AC:L/PR:L/UI:R/S:U/C:H/I:L/A:N,ADJACENT_NETWORK,LOW,LOW,REQUIRED,UNCHANGED,HIGH,LOW,NONE,6.2,MEDIUM,0,0.25981031241951624,0.2468,postgresql,postgresql,['CWE-269'],['cpe:2.3:a:postgresql:postgresql:*:*:*:*:*:*:*:*'],1,5
CVE-2021-10577,Integer overflow in HTTP request header processing in nginx nginx component.,2021-01-22T00:00:00+00:00,2021-03-24T00:00:00+00:00,3.1,CVSS:3.1/AV:A/AC:H/PR:H/UI:R/S:U/C:H/I:L/A:H,ADJACENT_NETWORK,HIGH,HIGH,REQUIRED,UNCHANGED,HIGH,LOW,HIGH,6.3,MEDIUM,0,0.13839766250543992,0.1315,nginx,nginx,['CWE-416'],['cpe:2.3:a:nginx:nginx:*:*:*:*:*:*:*:*'],1,5
CVE-2021-10578,Use-after-free vulnerability in eBPF subsystem in linux linux_kernel component.,2021-07-15T00:00:00+00:00,2021-09-25T00:00:00+00:00,3.1,CVSS:3.1/AV:N/AC:L/PR:L/UI:N/S:C/C:L/I:H/A:H,NETWORK,LOW,LOW,NONE,CHANGED,LOW,HIGH,HIGH,10.0,CRITICAL,0,0.7817067687242369,0.7426,linux,linux_kernel,['CWE-20'],['cpe:2.3:a:linux:linux_kernel:*:*:*:*:*:*:*:*'],1,1
CVE-2025-10579,Use-after-free vulnerability in eBPF subsystem in linux linux_kernel component.,2024-06-23T00:00:00+00:00,2024-08-11T00:00:00+00:00,3.1,CVSS:3.1/AV:L/AC:H/PR:H/UI:R/S:U/C:H/I:N/A:H,LOCAL,HIGH,HIGH,REQUIRED,UNCHANGED,HIGH,NONE,HIGH,5.5,MEDIUM,0,0.146932336028477,0.1396,linux,linux_kernel,['CWE-89'],['cpe:2.3:a:linux:linux_kernel:*:*:*:*:*:*:*:*'],1,3
CVE-2025-10580,Command injection in management web interface in paloalto pan-os component.,2023-10-07T00:00:00+00:00,2023-11-20T00:00:00+00:00,3.1,CVSS:3.1/AV:P/AC:L/PR:N/UI:R/S:C/C:N/I:L/A:N,PHYSICAL,LOW,NONE,REQUIRED,CHANGED,NONE,LOW,NONE,5.7,MEDIUM,0,0.024699063026555453,0.0235,paloalto,pan-os,['CWE-269'],['cpe:2.3:a:paloalto:pan-os:*:*:*:*:*:*:*:*'],1,1
CVE-2024-10581,Command injection in management web interface in paloalto pan-os component.,2025-11-21T00:00:00+00:00,2025-12-27T00:00:00+00:00,3.1,CVSS:3.1/AV:L/AC:H/PR:L/UI:R/S:C/C:H/I:L/A:L,LOCAL,HIGH,LOW,REQUIRED,CHANGED,HIGH,LOW,LOW,5.5,MEDIUM,0,0.2246930119864059,0.2135,paloalto,pan-os,['CWE-89'],['cpe:2.3:a:paloalto:pan-os:*:*:*:*:*:*:*:*'],1,3
CVE-2022-10582,Integer overflow in HTTP request header processing in nginx nginx component.,2024-02-13T00:00:00+00:00,2024-05-08T00:00:00+00:00,3.1,CVSS:3.1/AV:P/AC:L/PR:N/UI:N/S:U/C:N/I:N/A:N,PHYSICAL,LOW,NONE,NONE,UNCHANGED,NONE,NONE,NONE,6.2,MEDIUM,0,0.1725226785730203,0.1639,nginx,nginx,['CWE-787'],['cpe:2.3:a:nginx:nginx:*:*:*:*:*:*:*:*'],1,3
CVE-2026-10583,Command injection in management web interface in paloalto pan-os component.,2023-08-15T00:00:00+00:00,2023-10-10T00:00:00+00:00,3.1,CVSS:3.1/AV:N/AC:H/PR:N/UI:R/S:C/C:H/I:H/A:L,NETWORK,HIGH,NONE,REQUIRED,CHANGED,HIGH,HIGH,LOW,9.2,CRITICAL,0,0.023512804389553395,0.0223,paloalto,pan-os,['CWE-79'],['cpe:2.3:a:paloalto:pan-os:*:*:*:*:*:*:*:*'],1,2
CVE-2023-10584,Denial of service via HTTP/2 frame flooding in apache http_server component.,2021-07-11T00:00:00+00:00,2021-08-07T00:00:00+00:00,3.1,CVSS:3.1/AV:L/AC:L/PR:N/UI:R/S:U/C:H/I:N/A:H,LOCAL,LOW,NONE,REQUIRED,UNCHANGED,HIGH,NONE,HIGH,8.1,HIGH,0,0.011389073424980425,0.0108,apache,http_server,['CWE-89'],['cpe:2.3:a:apache:http_server:*:*:*:*:*:*:*:*'],1,4
CVE-2022-10585,Denial of service via HTTP/2 frame flooding in apache http_server component.,2025-04-23T00:00:00+00:00,2025-06-26T00:00:00+00:00,3.1,CVSS:3.1/AV:N/AC:H/PR:N/UI:R/S:U/C:L/I:L/A:H,NETWORK,HIGH,NONE,REQUIRED,UNCHANGED,LOW,LOW,HIGH,8.1,HIGH,0,0.0007622199087840573,0.0007,apache,http_server,['CWE-79'],['cpe:2.3:a:apache:http_server:*:*:*:*:*:*:*:*'],1,3
CVE-2021-10586,Command injection in management web interface in paloalto pan-os component.,2021-06-16T00:00:00+00:00,2021-08-14T00:00:00+00:00,3.1,CVSS:3.1/AV:P/AC:H/PR:H/UI:R/S:U/C:L/I:N/A:H,PHYSICAL,HIGH,HIGH,REQUIRED,UNCHANGED,LOW,NONE,HIGH,4.6,MEDIUM,0,0.15493113848385465,0.1472,paloalto,pan-os,['CWE-787'],['cpe:2.3:a:paloalto:pan-os:*:*:*:*:*:*:*:*'],1,3
CVE-2022-10587,Out-of-bounds memory access in V8 JavaScript engine in google chrome component.,2022-03-09T00:00:00+00:00,2022-03-16T00:00:00+00:00,3.1,CVSS:3.1/AV:L/AC:H/PR:N/UI:N/S:C/C:N/I:L/A:L,LOCAL,HIGH,NONE,NONE,CHANGED,NONE,LOW,LOW,6.8,MEDIUM,0,0.03951798147878014,0.0375,google,chrome,['CWE-89'],['cpe:2.3:a:google:chrome:*:*:*:*:*:*:*:*'],1,2
CVE-2021-10588,Remote code execution in Kerberos authentication service in microsoft windows_server component.,2021-02-12T00:00:00+00:00,2021-03-11T00:00:00+00:00,3.1,CVSS:3.1/AV:A/AC:H/PR:L/UI:R/S:U/C:N/I:L/A:L,ADJACENT_NETWORK,HIGH,LOW,REQUIRED,UNCHANGED,NONE,LOW,LOW,4.6,MEDIUM,0,0.005917860976090388,0.0056,microsoft,windows_server,['CWE-416'],['cpe:2.3:a:microsoft:windows_server:*:*:*:*:*:*:*:*'],1,3
CVE-2022-10589,Out-of-bounds memory access in V8 JavaScript engine in google chrome component.,2023-01-06T00:00:00+00:00,2023-04-02T00:00:00+00:00,3.1,CVSS:3.1/AV:N/AC:H/PR:H/UI:N/S:C/C:L/I:L/A:L,NETWORK,HIGH,HIGH,NONE,CHANGED,LOW,LOW,LOW,7.0,HIGH,0,0.07035856909186226,0.0668,google,chrome,['CWE-200'],['cpe:2.3:a:google:chrome:*:*:*:*:*:*:*:*'],1,5
CVE-2024-10590,Out-of-bounds memory access in V8 JavaScript engine in google chrome component.,2021-07-04T00:00:00+00:00,2021-08-28T00:00:00+00:00,3.1,CVSS:3.1/AV:L/AC:L/PR:L/UI:R/S:U/C:N/I:H/A:L,LOCAL,LOW,LOW,REQUIRED,UNCHANGED,NONE,HIGH,LOW,6.2,MEDIUM,0,0.0037168902534596574,0.0035,google,chrome,['CWE-787'],['cpe:2.3:a:google:chrome:*:*:*:*:*:*:*:*'],1,2
CVE-2024-10591,Command injection in management web interface in paloalto pan-os component.,2023-12-16T00:00:00+00:00,2024-03-06T00:00:00+00:00,3.1,CVSS:3.1/AV:N/AC:H/PR:L/UI:R/S:U/C:L/I:L/A:N,NETWORK,HIGH,LOW,REQUIRED,UNCHANGED,LOW,LOW,NONE,5.8,MEDIUM,0,0.009546418344061133,0.0091,paloalto,pan-os,['CWE-89'],['cpe:2.3:a:paloalto:pan-os:*:*:*:*:*:*:*:*'],1,3
CVE-2025-10592,Privilege escalation via authenticated extension loading in postgresql postgresql component.,2023-05-26T00:00:00+00:00,2023-07-03T00:00:00+00:00,3.1,CVSS:3.1/AV:N/AC:L/PR:N/UI:N/S:C/C:L/I:N/A:L,NETWORK,LOW,NONE,NONE,CHANGED,LOW,NONE,LOW,9.5,CRITICAL,0,0.1876194778357828,0.1782,postgresql,postgresql,['CWE-200'],['cpe:2.3:a:postgresql:postgresql:*:*:*:*:*:*:*:*'],1,3
CVE-2025-10593,Use-after-free vulnerability in eBPF subsystem in linux linux_kernel component.,2021-06-17T00:00:00+00:00,2021-08-21T00:00:00+00:00,3.1,CVSS:3.1/AV:N/AC:L/PR:H/UI:R/S:U/C:N/I:L/A:N,NETWORK,LOW,HIGH,REQUIRED,UNCHANGED,NONE,LOW,NONE,6.6,MEDIUM,0,0.0001,0.0001,linux,linux_kernel,['CWE-79'],['cpe:2.3:a:linux:linux_kernel:*:*:*:*:*:*:*:*'],1,4
CVE-2023-10594,Use-after-free vulnerability in eBPF subsystem in linux linux_kernel component.,2024-04-17T00:00:00+00:00,2024-06-15T00:00:00+00:00,3.1,CVSS:3.1/AV:P/AC:H/PR:L/UI:N/S:U/C:N/I:N/A:H,PHYSICAL,HIGH,LOW,NONE,UNCHANGED,NONE,NONE,HIGH,5.1,MEDIUM,0,0.24615235852284276,0.2338,linux,linux_kernel,['CWE-200'],['cpe:2.3:a:linux:linux_kernel:*:*:*:*:*:*:*:*'],1,1
CVE-2025-10595,Remote code execution in Kerberos authentication service in microsoft windows_server component.,2021-02-06T00:00:00+00:00,2021-02-07T00:00:00+00:00,3.1,CVSS:3.1/AV:P/AC:L/PR:N/UI:N/S:C/C:L/I:H/A:L,PHYSICAL,LOW,NONE,NONE,CHANGED,LOW,HIGH,LOW,8.4,HIGH,0,0.004236499745661409,0.004,microsoft,windows_server,['CWE-787'],['cpe:2.3:a:microsoft:windows_server:*:*:*:*:*:*:*:*'],1,3
CVE-2025-10596,Out-of-bounds memory access in V8 JavaScript engine in google chrome component.,2023-01-09T00:00:00+00:00,2023-04-08T00:00:00+00:00,3.1,CVSS:3.1/AV:P/AC:H/PR:N/UI:N/S:U/C:N/I:N/A:N,PHYSICAL,HIGH,NONE,NONE,UNCHANGED,NONE,NONE,NONE,4.9,MEDIUM,0,0.10396511925312031,0.0988,google,chrome,['CWE-20'],['cpe:2.3:a:google:chrome:*:*:*:*:*:*:*:*'],1,2
CVE-2022-10597,Buffer overflow in TLS handshake parser in openssl openssl component.,2023-09-13T00:00:00+00:00,2023-12-06T00:00:00+00:00,3.1,CVSS:3.1/AV:A/AC:L/PR:L/UI:N/S:U/C:L/I:L/A:N,ADJACENT_NETWORK,LOW,LOW,NONE,UNCHANGED,LOW,LOW,NONE,6.3,MEDIUM,0,0.3608931516041984,0.3428,openssl,openssl,['CWE-787'],['cpe:2.3:a:openssl:openssl:*:*:*:*:*:*:*:*'],1,4
CVE-2021-10598,Buffer overflow in TLS handshake parser in openssl openssl component.,2021-12-07T00:00:00+00:00,2021-12-27T00:00:00+00:00,3.1,CVSS:3.1/AV:P/AC:H/PR:L/UI:N/S:C/C:H/I:N/A:N,PHYSICAL,HIGH,LOW,NONE,CHANGED,HIGH,NONE,NONE,5.5,MEDIUM,0,0.33968647441374583,0.3227,openssl,openssl,['CWE-200'],['cpe:2.3:a:openssl:openssl:*:*:*:*:*:*:*:*'],1,5
CVE-2021-10599,Remote code execution in Kerberos authentication service in microsoft windows_server component.,2022-11-15T00:00:00+00:00,2022-11-17T00:00:00+00:00,3.1,CVSS:3.1/AV:N/AC:H/PR:L/UI:R/S:C/C:N/I:L/A:L,NETWORK,HIGH,LOW,REQUIRED,CHANGED,NONE,LOW,LOW,6.3,MEDIUM,0,0.2664131800290336,0.2531,microsoft,windows_server,['CWE-787'],['cpe:2.3:a:microsoft:windows_server:*:*:*:*:*:*:*:*'],1,5
CVE-2026-10600,Out-of-bounds memory access in V8 JavaScript engine in google chrome component.,2024-06-06T00:00:00+00:00,2024-09-01T00:00:00+00:00,3.1,CVSS:3.1/AV:P/AC:L/PR:H/UI:N/S:U/C:L/I:H/A:L,PHYSICAL,LOW,HIGH,NONE,UNCHANGED,LOW,HIGH,LOW,5.9,MEDIUM,0,0.0007141068239340677,0.0007,google,chrome,['CWE-79'],['cpe:2.3:a:google:chrome:*:*:*:*:*:*:*:*'],1,3
CVE-2024-10601,Remote code execution in Kerberos authentication service in microsoft windows_server component.,2021-08-28T00:00:00+00:00,2021-10-31T00:00:00+00:00,3.1,CVSS:3.1/AV:L/AC:H/PR:H/UI:R/S:U/C:N/I:L/A:H,LOCAL,HIGH,HIGH,REQUIRED,UNCHANGED,NONE,LOW,HIGH,4.9,MEDIUM,0,0.0016834043669065588,0.0016,microsoft,windows_server,['CWE-119'],['cpe:2.3:a:microsoft:windows_server:*:*:*:*:*:*:*:*'],1,4
CVE-2024-10602,Unauthenticated remote code execution in query optimizer in oracle mysql component.,2022-04-21T00:00:00+00:00,2022-06-25T00:00:00+00:00,3.1,CVSS:3.1/AV:A/AC:H/PR:H/UI:R/S:U/C:L/I:H/A:H,ADJACENT_NETWORK,HIGH,HIGH,REQUIRED,UNCHANGED,LOW,HIGH,HIGH,6.0,MEDIUM,0,0.005420990441411169,0.0051,oracle,mysql,['CWE-416'],['cpe:2.3:a:oracle:mysql:*:*:*:*:*:*:*:*'],1,4
CVE-2024-10603,Unauthenticated remote code execution in query optimizer in oracle mysql component.,2025-06-26T00:00:00+00:00,2025-07-17T00:00:00+00:00,3.1,CVSS:3.1/AV:A/AC:H/PR:H/UI:N/S:C/C:N/I:N/A:N,ADJACENT_NETWORK,HIGH,HIGH,NONE,CHANGED,NONE,NONE,NONE,5.7,MEDIUM,0,0.02802740601792738,0.0266,oracle,mysql,['CWE-89'],['cpe:2.3:a:oracle:mysql:*:*:*:*:*:*:*:*'],1,5
CVE-2021-10604,Integer overflow in HTTP request header processing in nginx nginx component.,2025-06-14T00:00:00+00:00,2025-08-07T00:00:00+00:00,3.1,CVSS:3.1/AV:P/AC:H/PR:N/UI:N/S:U/C:N/I:L/A:L,PHYSICAL,HIGH,NONE,NONE,UNCHANGED,NONE,LOW,LOW,4.9,MEDIUM,0,0.031403207159841934,0.0298,nginx,nginx,['CWE-269'],['cpe:2.3:a:nginx:nginx:*:*:*:*:*:*:*:*'],1,2
CVE-2025-10605,Command injection in management web interface in paloalto pan-os component.,2021-03-07T00:00:00+00:00,2021-03-16T00:00:00+00:00,3.1,CVSS:3.1/AV:L/AC:H/PR:N/UI:N/S:U/C:H/I:N/A:L,LOCAL,HIGH,NONE,NONE,UNCHANGED,HIGH,NONE,LOW,6.9,MEDIUM,0,0.22436301902478895,0.2131,paloalto,pan-os,['CWE-200'],['cpe:2.3:a:paloalto:pan-os:*:*:*:*:*:*:*:*'],1,3
CVE-2021-10606,Unauthenticated remote code execution in query optimizer in oracle mysql component.,2025-04-27T00:00:00+00:00,2025-07-08T00:00:00+00:00,3.1,CVSS:3.1/AV:L/AC:L/PR:H/UI:N/S:U/C:L/I:L/A:N,LOCAL,LOW,HIGH,NONE,UNCHANGED,LOW,LOW,NONE,5.3,MEDIUM,0,0.05842054573602947,0.0555,oracle,mysql,['CWE-79'],['cpe:2.3:a:oracle:mysql:*:*:*:*:*:*:*:*'],1,5
CVE-2021-10607,Out-of-bounds memory access in V8 JavaScript engine in google chrome component.,2025-08-14T00:00:00+00:00,2025-10-25T00:00:00+00:00,3.1,CVSS:3.1/AV:N/AC:L/PR:N/UI:N/S:U/C:L/I:N/A:H,NETWORK,LOW,NONE,NONE,UNCHANGED,LOW,NONE,HIGH,9.2,CRITICAL,1,0.01909161368988443,0.0181,google,chrome,['CWE-787'],['cpe:2.3:a:google:chrome:*:*:*:*:*:*:*:*'],1,5
CVE-2026-10608,Integer overflow in HTTP request header processing in nginx nginx component.,2025-11-18T00:00:00+00:00,2025-12-01T00:00:00+00:00,3.1,CVSS:3.1/AV:A/AC:H/PR:L/UI:N/S:U/C:N/I:L/A:L,ADJACENT_NETWORK,HIGH,LOW,NONE,UNCHANGED,NONE,LOW,LOW,4.8,MEDIUM,0,0.07663091171768742,0.0728,nginx,nginx,['CWE-20'],['cpe:2.3:a:nginx:nginx:*:*:*:*:*:*:*:*'],1,2
CVE-2023-10609,Integer overflow in HTTP request header processing in nginx nginx component.,2022-08-11T00:00:00+00:00,2022-10-15T00:00:00+00:00,3.1,CVSS:3.1/AV:A/AC:L/PR:L/UI:R/S:C/C:L/I:H/A:H,ADJACENT_NETWORK,LOW,LOW,REQUIRED,CHANGED,LOW,HIGH,HIGH,7.3,HIGH,0,0.055008483559507645,0.0523,nginx,nginx,['CWE-119'],['cpe:2.3:a:nginx:nginx:*:*:*:*:*:*:*:*'],1,2
CVE-2024-10610,Remote code execution via unsafe deserialization in spring spring_framework component.,2025-06-01T00:00:00+00:00,2025-07-01T00:00:00+00:00,3.1,CVSS:3.1/AV:A/AC:H/PR:L/UI:R/S:C/C:H/I:H/A:L,ADJACENT_NETWORK,HIGH,LOW,REQUIRED,CHANGED,HIGH,HIGH,LOW,7.1,HIGH,0,0.10256302316760196,0.0974,spring,spring_framework,['CWE-20'],['cpe:2.3:a:spring:spring_framework:*:*:*:*:*:*:*:*'],1,4
CVE-2021-10611,Command injection in management web interface in paloalto pan-os component.,2025-01-09T00:00:00+00:00,2025-03-17T00:00:00+00:00,3.1,CVSS:3.1/AV:N/AC:L/PR:L/UI:R/S:C/C:N/I:L/A:N,NETWORK,LOW,LOW,REQUIRED,CHANGED,NONE,LOW,NONE,6.9,MEDIUM,0,0.08012171654976245,0.0761,paloalto,pan-os,['CWE-416'],['cpe:2.3:a:paloalto:pan-os:*:*:*:*:*:*:*:*'],1,1
CVE-2025-10612,Command injection in management web interface in paloalto pan-os component.,2021-04-29T00:00:00+00:00,2021-07-19T00:00:00+00:00,3.1,CVSS:3.1/AV:L/AC:H/PR:L/UI:R/S:C/C:L/I:N/A:L,LOCAL,HIGH,LOW,REQUIRED,CHANGED,LOW,NONE,LOW,4.3,MEDIUM,0,0.2627284636885972,0.2496,paloalto,pan-os,['CWE-89'],['cpe:2.3:a:paloalto:pan-os:*:*:*:*:*:*:*:*'],1,4
CVE-2026-10613,Integer overflow in HTTP request header processing in nginx nginx component.,2022-02-25T00:00:00+00:00,2022-05-06T00:00:00+00:00,3.1,CVSS:3.1/AV:P/AC:H/PR:H/UI:R/S:U/C:L/I:N/A:N,PHYSICAL,HIGH,HIGH,REQUIRED,UNCHANGED,LOW,NONE,NONE,2.4,LOW,0,0.0015683768327308095,0.0015,nginx,nginx,['CWE-269'],['cpe:2.3:a:nginx:nginx:*:*:*:*:*:*:*:*'],1,4
CVE-2025-10614,Command injection in management web interface in paloalto pan-os component.,2024-01-13T00:00:00+00:00,2024-02-19T00:00:00+00:00,3.1,CVSS:3.1/AV:A/AC:L/PR:H/UI:R/S:C/C:H/I:N/A:N,ADJACENT_NETWORK,LOW,HIGH,REQUIRED,CHANGED,HIGH,NONE,NONE,7.5,HIGH,0,0.23754608506022637,0.2257,paloalto,pan-os,['CWE-20'],['cpe:2.3:a:paloalto:pan-os:*:*:*:*:*:*:*:*'],1,5
CVE-2023-10615,Out-of-bounds memory access in V8 JavaScript engine in google chrome component.,2022-05-10T00:00:00+00:00,2022-06-18T00:00:00+00:00,3.1,CVSS:3.1/AV:P/AC:L/PR:H/UI:N/S:C/C:L/I:H/A:H,PHYSICAL,LOW,HIGH,NONE,CHANGED,LOW,HIGH,HIGH,7.6,HIGH,0,0.005655330478773033,0.0054,google,chrome,['CWE-269'],['cpe:2.3:a:google:chrome:*:*:*:*:*:*:*:*'],1,1
CVE-2026-10616,Buffer overflow in TLS handshake parser in openssl openssl component.,2021-09-13T00:00:00+00:00,2021-11-10T00:00:00+00:00,3.1,CVSS:3.1/AV:L/AC:L/PR:L/UI:R/S:U/C:H/I:H/A:H,LOCAL,LOW,LOW,REQUIRED,UNCHANGED,HIGH,HIGH,HIGH,7.5,HIGH,0,0.00600066900704531,0.0057,openssl,openssl,['CWE-119'],['cpe:2.3:a:openssl:openssl:*:*:*:*:*:*:*:*'],1,3
CVE-2023-10617,Use-after-free vulnerability in eBPF subsystem in linux linux_kernel component.,2024-09-27T00:00:00+00:00,2024-12-10T00:00:00+00:00,3.1,CVSS:3.1/AV:A/AC:H/PR:H/UI:N/S:U/C:L/I:H/A:H,ADJACENT_NETWORK,HIGH,HIGH,NONE,UNCHANGED,LOW,HIGH,HIGH,7.2,HIGH,0,0.04100107388725236,0.039,linux,linux_kernel,['CWE-119'],['cpe:2.3:a:linux:linux_kernel:*:*:*:*:*:*:*:*'],1,3
CVE-2021-10618,Integer overflow in HTTP request header processing in nginx nginx component.,2021-10-28T00:00:00+00:00,2021-12-22T00:00:00+00:00,3.1,CVSS:3.1/AV:P/AC:L/PR:N/UI:N/S:C/C:N/I:L/A:N,PHYSICAL,LOW,NONE,NONE,CHANGED,NONE,LOW,NONE,6.4,MEDIUM,0,0.16700279438698357,0.1587,nginx,nginx,['CWE-787'],['cpe:2.3:a:nginx:nginx:*:*:*:*:*:*:*:*'],1,1
CVE-2026-10619,Unauthenticated remote code execution in query optimizer in oracle mysql component.,2023-12-14T00:00:00+00:00,2024-02-04T00:00:00+00:00,3.1,CVSS:3.1/AV:P/AC:H/PR:H/UI:R/S:C/C:L/I:H/A:L,PHYSICAL,HIGH,HIGH,REQUIRED,CHANGED,LOW,HIGH,LOW,4.2,MEDIUM,0,0.015226772435395962,0.0145,oracle,mysql,['CWE-416'],['cpe:2.3:a:oracle:mysql:*:*:*:*:*:*:*:*'],1,2
CVE-2025-10620,Command injection in management web interface in paloalto pan-os component.,2021-09-18T00:00:00+00:00,2021-11-20T00:00:00+00:00,3.1,CVSS:3.1/AV:P/AC:L/PR:H/UI:N/S:U/C:L/I:L/A:N,PHYSICAL,LOW,HIGH,NONE,UNCHANGED,LOW,LOW,NONE,4.5,MEDIUM,0,0.14366036069614904,0.1365,paloalto,pan-os,['CWE-89'],['cpe:2.3:a:paloalto:pan-os:*:*:*:*:*:*:*:*'],1,5
CVE-2021-10621,Unauthenticated remote code execution in query optimizer in oracle mysql component.,2024-05-17T00:00:00+00:00,2024-07-09T00:00:00+00:00,3.1,CVSS:3.1/AV:N/AC:L/PR:L/UI:R/S:U/C:H/I:N/A:N,NETWORK,LOW,LOW,REQUIRED,UNCHANGED,HIGH,NONE,NONE,7.7,HIGH,0,0.04367204960829617,0.0415,oracle,mysql,['CWE-269'],['cpe:2.3:a:oracle:mysql:*:*:*:*:*:*:*:*'],1,3
CVE-2023-10622,Unauthenticated remote code execution in query optimizer in oracle mysql component.,2022-08-26T00:00:00+00:00,2022-10-28T00:00:00+00:00,3.1,CVSS:3.1/AV:N/AC:L/PR:N/UI:R/S:U/C:L/I:L/A:N,NETWORK,LOW,NONE,REQUIRED,UNCHANGED,LOW,LOW,NONE,7.4,HIGH,0,0.00047345457616280616,0.0004,oracle,mysql,['CWE-89'],['cpe:2.3:a:oracle:mysql:*:*:*:*:*:*:*:*'],1,4
CVE-2021-10623,Buffer overflow in TLS handshake parser in openssl openssl component.,2024-01-27T00:00:00+00:00,2024-03-12T00:00:00+00:00,3.1,CVSS:3.1/AV:N/AC:L/PR:L/UI:R/S:C/C:H/I:L/A:L,NETWORK,LOW,LOW,REQUIRED,CHANGED,HIGH,LOW,LOW,7.8,HIGH,0,0.05931403402367006,0.0563,openssl,openssl,['CWE-416'],['cpe:2.3:a:openssl:openssl:*:*:*:*:*:*:*:*'],1,4
CVE-2022-10624,Out-of-bounds memory access in V8 JavaScript engine in google chrome component.,2025-04-10T00:00:00+00:00,2025-04-28T00:00:00+00:00,3.1,CVSS:3.1/AV:P/AC:H/PR:H/UI:R/S:U/C:H/I:L/A:N,PHYSICAL,HIGH,HIGH,REQUIRED,UNCHANGED,HIGH,LOW,NONE,4.1,MEDIUM,0,0.0234992117546202,0.0223,google,chrome,['CWE-416'],['cpe:2.3:a:google:chrome:*:*:*:*:*:*:*:*'],1,4
CVE-2024-10625,Privilege escalation via authenticated extension loading in postgresql postgresql component.,2022-11-26T00:00:00+00:00,2023-02-04T00:00:00+00:00,3.1,CVSS:3.1/AV:N/AC:H/PR:H/UI:R/S:U/C:N/I:H/A:N,NETWORK,HIGH,HIGH,REQUIRED,UNCHANGED,NONE,HIGH,NONE,6.4,MEDIUM,0,0.00018637343582645442,0.0002,postgresql,postgresql,['CWE-200'],['cpe:2.3:a:postgresql:postgresql:*:*:*:*:*:*:*:*'],1,5
CVE-2026-10626,Denial of service via HTTP/2 frame flooding in apache http_server component.,2024-02-20T00:00:00+00:00,2024-03-02T00:00:00+00:00,3.1,CVSS:3.1/AV:A/AC:L/PR:H/UI:N/S:C/C:H/I:N/A:N,ADJACENT_NETWORK,LOW,HIGH,NONE,CHANGED,HIGH,NONE,NONE,7.2,HIGH,0,0.3527816353946185,0.3351,apache,http_server,['CWE-89'],['cpe:2.3:a:apache:http_server:*:*:*:*:*:*:*:*'],1,1
CVE-2022-10627,Use-after-free vulnerability in eBPF subsystem in linux linux_kernel component.,2022-05-18T00:00:00+00:00,2022-08-01T00:00:00+00:00,3.1,CVSS:3.1/AV:P/AC:L/PR:H/UI:R/S:C/C:H/I:N/A:L,PHYSICAL,LOW,HIGH,REQUIRED,CHANGED,HIGH,NONE,LOW,5.5,MEDIUM,0,0.07006911111536109,0.0666,linux,linux_kernel,['CWE-20'],['cpe:2.3:a:linux:linux_kernel:*:*:*:*:*:*:*:*'],1,3
CVE-2022-10628,Remote code execution in Kerberos authentication service in microsoft windows_server component.,2023-04-30T00:00:00+00:00,2023-05-04T00:00:00+00:00,3.1,CVSS:3.1/AV:L/AC:H/PR:L/UI:N/S:U/C:N/I:H/A:N,LOCAL,HIGH,LOW,NONE,UNCHANGED,NONE,HIGH,NONE,5.7,MEDIUM,0,0.03715041703269397,0.0353,microsoft,windows_server,['CWE-200'],['cpe:2.3:a:microsoft:windows_server:*:*:*:*:*:*:*:*'],1,2
CVE-2023-10629,Command injection in management web interface in paloalto pan-os component.,2025-04-23T00:00:00+00:00,2025-05-05T00:00:00+00:00,3.1,CVSS:3.1/AV:A/AC:H/PR:L/UI:N/S:U/C:H/I:L/A:N,ADJACENT_NETWORK,HIGH,LOW,NONE,UNCHANGED,HIGH,LOW,NONE,6.0,MEDIUM,0,0.007940990129791511,0.0075,paloalto,pan-os,['CWE-20'],['cpe:2.3:a:paloalto:pan-os:*:*:*:*:*:*:*:*'],1,1
CVE-2024-10630,Use-after-free vulnerability in eBPF subsystem in linux linux_kernel component.,2021-07-22T00:00:00+00:00,2021-09-01T00:00:00+00:00,3.1,CVSS:3.1/AV:A/AC:H/PR:L/UI:R/S:C/C:N/I:N/A:N,ADJACENT_NETWORK,HIGH,LOW,REQUIRED,CHANGED,NONE,NONE,NONE,5.4,MEDIUM,0,0.0024194899826699276,0.0023,linux,linux_kernel,['CWE-119'],['cpe:2.3:a:linux:linux_kernel:*:*:*:*:*:*:*:*'],1,5
CVE-2022-10631,Out-of-bounds memory access in V8 JavaScript engine in google chrome component.,2023-10-07T00:00:00+00:00,2023-12-12T00:00:00+00:00,3.1,CVSS:3.1/AV:P/AC:L/PR:L/UI:N/S:C/C:L/I:H/A:L,PHYSICAL,LOW,LOW,NONE,CHANGED,LOW,HIGH,LOW,6.0,MEDIUM,0,0.30885094772173355,0.2934,google,chrome,['CWE-79'],['cpe:2.3:a:google:chrome:*:*:*:*:*:*:*:*'],1,4
CVE-2024-10632,Buffer overflow in TLS handshake parser in openssl openssl component.,2024-07-21T00:00:00+00:00,2024-08-20T00:00:00+00:00,3.1,CVSS:3.1/AV:N/AC:H/PR:H/UI:N/S:U/C:H/I:H/A:N,NETWORK,HIGH,HIGH,NONE,UNCHANGED,HIGH,HIGH,NONE,8.7,HIGH,1,0.029592155540504497,0.0281,openssl,openssl,['CWE-416'],['cpe:2.3:a:openssl:openssl:*:*:*:*:*:*:*:*'],1,4
CVE-2026-10633,Denial of service via HTTP/2 frame flooding in apache http_server component.,2023-10-22T00:00:00+00:00,2023-11-18T00:00:00+00:00,3.1,CVSS:3.1/AV:A/AC:H/PR:H/UI:N/S:U/C:H/I:L/A:H,ADJACENT_NETWORK,HIGH,HIGH,NONE,UNCHANGED,HIGH,LOW,HIGH,7.4,HIGH,0,0.05445147875079149,0.0517,apache,http_server,['CWE-787'],['cpe:2.3:a:apache:http_server:*:*:*:*:*:*:*:*'],1,1
CVE-2024-10634,Buffer overflow in TLS handshake parser in openssl openssl component.,2025-08-26T00:00:00+00:00,2025-11-14T00:00:00+00:00,3.1,CVSS:3.1/AV:L/AC:L/PR:N/UI:N/S:C/C:L/I:H/A:L,LOCAL,LOW,NONE,NONE,CHANGED,LOW,HIGH,LOW,8.2,HIGH,0,0.3458895905577258,0.3286,openssl,openssl,['CWE-416'],['cpe:2.3:a:openssl:openssl:*:*:*:*:*:*:*:*'],1,3
CVE-2025-10635,Privilege escalation via authenticated extension loading in postgresql postgresql component.,2025-09-18T00:00:00+00:00,2025-11-23T00:00:00+00:00,3.1,CVSS:3.1/AV:L/AC:L/PR:N/UI:N/S:C/C:N/I:L/A:H,LOCAL,LOW,NONE,NONE,CHANGED,NONE,LOW,HIGH,8.0,HIGH,0,0.0001,0.0001,postgresql,postgresql,['CWE-79'],['cpe:2.3:a:postgresql:postgresql:*:*:*:*:*:*:*:*'],1,2
CVE-2023-10636,Remote code execution via unsafe deserialization in spring spring_framework component.,2025-12-04T00:00:00+00:00,2026-01-29T00:00:00+00:00,3.1,CVSS:3.1/AV:A/AC:H/PR:H/UI:R/S:C/C:H/I:L/A:L,ADJACENT_NETWORK,HIGH,HIGH,REQUIRED,CHANGED,HIGH,LOW,LOW,6.4,MEDIUM,0,0.0214567118937368,0.0204,spring,spring_framework,['CWE-119'],['cpe:2.3:a:spring:spring_framework:*:*:*:*:*:*:*:*'],1,3
CVE-2022-10637,Unauthenticated remote code execution in query optimizer in oracle mysql component.,2023-07-31T00:00:00+00:00,2023-10-16T00:00:00+00:00,3.1,CVSS:3.1/AV:L/AC:L/PR:H/UI:N/S:U/C:H/I:L/A:N,LOCAL,LOW,HIGH,NONE,UNCHANGED,HIGH,LOW,NONE,6.4,MEDIUM,0,0.0186886370253824,0.0178,oracle,mysql,['CWE-20'],['cpe:2.3:a:oracle:mysql:*:*:*:*:*:*:*:*'],1,2
CVE-2025-10638,Remote code execution in Kerberos authentication service in microsoft windows_server component.,2024-11-27T00:00:00+00:00,2025-01-29T00:00:00+00:00,3.1,CVSS:3.1/AV:P/AC:L/PR:H/UI:N/S:U/C:H/I:L/A:H,PHYSICAL,LOW,HIGH,NONE,UNCHANGED,HIGH,LOW,HIGH,6.7,MEDIUM,0,0.003175552649529399,0.003,microsoft,windows_server,['CWE-79'],['cpe:2.3:a:microsoft:windows_server:*:*:*:*:*:*:*:*'],1,3
CVE-2025-10639,Remote code execution in Kerberos authentication service in microsoft windows_server component.,2023-01-04T00:00:00+00:00,2023-02-23T00:00:00+00:00,3.1,CVSS:3.1/AV:A/AC:L/PR:N/UI:R/S:C/C:N/I:L/A:N,ADJACENT_NETWORK,LOW,NONE,REQUIRED,CHANGED,NONE,LOW,NONE,7.3,HIGH,0,0.044602909247019935,0.0424,microsoft,windows_server,['CWE-119'],['cpe:2.3:a:microsoft:windows_server:*:*:*:*:*:*:*:*'],1,1
CVE-2026-10640,Use-after-free vulnerability in eBPF subsystem in linux linux_kernel component.,2024-12-23T00:00:00+00:00,2025-02-07T00:00:00+00:00,3.1,CVSS:3.1/AV:A/AC:L/PR:H/UI:R/S:U/C:N/I:L/A:L,ADJACENT_NETWORK,LOW,HIGH,REQUIRED,UNCHANGED,NONE,LOW,LOW,5.0,MEDIUM,0,0.09587410469314261,0.0911,linux,linux_kernel,['CWE-20'],['cpe:2.3:a:linux:linux_kernel:*:*:*:*:*:*:*:*'],1,3
CVE-2026-10641,Integer overflow in HTTP request header processing in nginx nginx component.,2024-12-18T00:00:00+00:00,2025-03-06T00:00:00+00:00,3.1,CVSS:3.1/AV:A/AC:L/PR:N/UI:R/S:U/C:L/I:H/A:H,ADJACENT_NETWORK,LOW,NONE,REQUIRED,UNCHANGED,LOW,HIGH,HIGH,8.7,HIGH,0,0.20341078632724077,0.1932,nginx,nginx,['CWE-787'],['cpe:2.3:a:nginx:nginx:*:*:*:*:*:*:*:*'],1,2
CVE-2022-10642,Remote code execution via unsafe deserialization in spring spring_framework component.,2024-09-13T00:00:00+00:00,2024-11-25T00:00:00+00:00,3.1,CVSS:3.1/AV:A/AC:L/PR:H/UI:N/S:U/C:N/I:L/A:H,ADJACENT_NETWORK,LOW,HIGH,NONE,UNCHANGED,NONE,LOW,HIGH,7.8,HIGH,0,0.2701759080741024,0.2567,spring,spring_framework,['CWE-119'],['cpe:2.3:a:spring:spring_framework:*:*:*:*:*:*:*:*'],1,5
CVE-2022-10643,Use-after-free vulnerability in eBPF subsystem in linux linux_kernel component.,2025-10-03T00:00:00+00:00,2025-12-29T00:00:00+00:00,3.1,CVSS:3.1/AV:N/AC:H/PR:H/UI:R/S:U/C:L/I:H/A:H,NETWORK,HIGH,HIGH,REQUIRED,UNCHANGED,LOW,HIGH,HIGH,7.7,HIGH,0,0.020004151950024914,0.019,linux,linux_kernel,['CWE-20'],['cpe:2.3:a:linux:linux_kernel:*:*:*:*:*:*:*:*'],1,3
CVE-2024-10644,Remote code execution in Kerberos authentication service in microsoft windows_server component.,2022-07-16T00:00:00+00:00,2022-08-01T00:00:00+00:00,3.1,CVSS:3.1/AV:P/AC:H/PR:L/UI:N/S:U/C:N/I:L/A:L,PHYSICAL,HIGH,LOW,NONE,UNCHANGED,NONE,LOW,LOW,3.5,LOW,0,0.1733475323288051,0.1647,microsoft,windows_server,['CWE-787'],['cpe:2.3:a:microsoft:windows_server:*:*:*:*:*:*:*:*'],1,3
CVE-2024-10645,Buffer overflow in TLS handshake parser in openssl openssl component.,2022-02-03T00:00:00+00:00,2022-03-18T00:00:00+00:00,3.1,CVSS:3.1/AV:N/AC:L/PR:H/UI:N/S:C/C:N/I:N/A:N,NETWORK,LOW,HIGH,NONE,CHANGED,NONE,NONE,NONE,8.3,HIGH,1,0.5191349457559287,0.4932,openssl,openssl,['CWE-200'],['cpe:2.3:a:openssl:openssl:*:*:*:*:*:*:*:*'],1,1
CVE-2021-10646,Denial of service via HTTP/2 frame flooding in apache http_server component.,2023-09-10T00:00:00+00:00,2023-11-05T00:00:00+00:00,3.1,CVSS:3.1/AV:N/AC:H/PR:L/UI:N/S:U/C:L/I:N/A:L,NETWORK,HIGH,LOW,NONE,UNCHANGED,LOW,NONE,LOW,6.9,MEDIUM,0,0.003309815703698679,0.0031,apache,http_server,['CWE-20'],['cpe:2.3:a:apache:http_server:*:*:*:*:*:*:*:*'],1,3
CVE-2022-10647,Remote code execution via unsafe deserialization in spring spring_framework component.,2021-05-30T00:00:00+00:00,2021-08-15T00:00:00+00:00,3.1,CVSS:3.1/AV:P/AC:L/PR:H/UI:R/S:U/C:N/I:N/A:N,PHYSICAL,LOW,HIGH,REQUIRED,UNCHANGED,NONE,NONE,NONE,4.2,MEDIUM,0,0.08318367809027248,0.079,spring,spring_framework,['CWE-416'],['cpe:2.3:a:spring:spring_framework:*:*:*:*:*:*:*:*'],1,3
CVE-2022-10648,Denial of service via HTTP/2 frame flooding in apache http_server component.,2021-05-07T00:00:00+00:00,2021-07-03T00:00:00+00:00,3.1,CVSS:3.1/AV:N/AC:H/PR:H/UI:R/S:U/C:N/I:H/A:N,NETWORK,HIGH,HIGH,REQUIRED,UNCHANGED,NONE,HIGH,NONE,6.9,MEDIUM,0,0.226286750843426,0.215,apache,http_server,['CWE-20'],['cpe:2.3:a:apache:http_server:*:*:*:*:*:*:*:*'],1,3
CVE-2024-10649,Remote code execution in Kerberos authentication service in microsoft windows_server component.,2021-07-16T00:00:00+00:00,2021-10-04T00:00:00+00:00,3.1,CVSS:3.1/AV:P/AC:L/PR:H/UI:N/S:C/C:L/I:L/A:L,PHYSICAL,LOW,HIGH,NONE,CHANGED,LOW,LOW,LOW,5.5,MEDIUM,0,0.037370547828607055,0.0355,microsoft,windows_server,['CWE-79'],['cpe:2.3:a:microsoft:windows_server:*:*:*:*:*:*:*:*'],1,3
CVE-2024-10650,Buffer overflow in TLS handshake parser in openssl openssl component.,2023-11-26T00:00:00+00:00,2024-01-08T00:00:00+00:00,3.1,CVSS:3.1/AV:A/AC:L/PR:N/UI:N/S:U/C:H/I:N/A:H,ADJACENT_NETWORK,LOW,NONE,NONE,UNCHANGED,HIGH,NONE,HIGH,9.7,CRITICAL,0,0.2076486198921441,0.1973,openssl,openssl,['CWE-89'],['cpe:2.3:a:openssl:openssl:*:*:*:*:*:*:*:*'],1,5
CVE-2023-10651,Use-after-free vulnerability in eBPF subsystem in linux linux_kernel component.,2023-05-13T00:00:00+00:00,2023-07-14T00:00:00+00:00,3.1,CVSS:3.1/AV:P/AC:L/PR:N/UI:N/S:U/C:N/I:N/A:L,PHYSICAL,LOW,NONE,NONE,UNCHANGED,NONE,NONE,LOW,6.2,MEDIUM,0,0.38230365679528633,0.3632,linux,linux_kernel,['CWE-416'],['cpe:2.3:a:linux:linux_kernel:*:*:*:*:*:*:*:*'],1,5
CVE-2023-10652,Unauthenticated remote code execution in query optimizer in oracle mysql component.,2024-04-10T00:00:00+00:00,2024-06-19T00:00:00+00:00,3.1,CVSS:3.1/AV:A/AC:L/PR:L/UI:R/S:C/C:L/I:L/A:N,ADJACENT_NETWORK,LOW,LOW,REQUIRED,CHANGED,LOW,LOW,NONE,5.7,MEDIUM,0,0.0013288879713410158,0.0013,oracle,mysql,['CWE-89'],['cpe:2.3:a:oracle:mysql:*:*:*:*:*:*:*:*'],1,1
CVE-2025-10653,Privilege escalation via authenticated extension loading in postgresql postgresql component.,2025-08-05T00:00:00+00:00,2025-10-16T00:00:00+00:00,3.1,CVSS:3.1/AV:N/AC:H/PR:L/UI:N/S:U/C:H/I:N/A:N,NETWORK,HIGH,LOW,NONE,UNCHANGED,HIGH,NONE,NONE,7.2,HIGH,0,0.00854549200777845,0.0081,postgresql,postgresql,['CWE-269'],['cpe:2.3:a:postgresql:postgresql:*:*:*:*:*:*:*:*'],1,2
CVE-2026-10654,Integer overflow in HTTP request header processing in nginx nginx component.,2024-11-17T00:00:00+00:00,2025-01-16T00:00:00+00:00,3.1,CVSS:3.1/AV:L/AC:H/PR:H/UI:R/S:C/C:L/I:N/A:N,LOCAL,HIGH,HIGH,REQUIRED,CHANGED,LOW,NONE,NONE,4.2,MEDIUM,0,0.029003540012322204,0.0276,nginx,nginx,['CWE-787'],['cpe:2.3:a:nginx:nginx:*:*:*:*:*:*:*:*'],1,1
CVE-2022-10655,Integer overflow in HTTP request header processing in nginx nginx component.,2021-01-08T00:00:00+00:00,2021-03-31T00:00:00+00:00,3.1,CVSS:3.1/AV:A/AC:L/PR:L/UI:N/S:U/C:L/I:H/A:L,ADJACENT_NETWORK,LOW,LOW,NONE,UNCHANGED,LOW,HIGH,LOW,7.1,HIGH,0,0.020446698933821797,0.0194,nginx,nginx,['CWE-416'],['cpe:2.3:a:nginx:nginx:*:*:*:*:*:*:*:*'],1,2
CVE-2022-10656,Remote code execution in Kerberos authentication service in microsoft windows_server component.,2025-08-19T00:00:00+00:00,2025-08-20T00:00:00+00:00,3.1,CVSS:3.1/AV:L/AC:L/PR:N/UI:R/S:U/C:H/I:N/A:N,LOCAL,LOW,NONE,REQUIRED,UNCHANGED,HIGH,NONE,NONE,6.2,MEDIUM,0,0.008377937537264128,0.008,microsoft,windows_server,['CWE-200'],['cpe:2.3:a:microsoft:windows_server:*:*:*:*:*:*:*:*'],1,4
CVE-2026-10657,Privilege escalation via authenticated extension loading in postgresql postgresql component.,2024-04-14T00:00:00+00:00,2024-05-31T00:00:00+00:00,3.1,CVSS:3.1/AV:N/AC:L/PR:N/UI:N/S:C/C:N/I:N/A:L,NETWORK,LOW,NONE,NONE,CHANGED,NONE,NONE,LOW,9.1,CRITICAL,0,0.13212113338948814,0.1255,postgresql,postgresql,['CWE-269'],['cpe:2.3:a:postgresql:postgresql:*:*:*:*:*:*:*:*'],1,5
CVE-2022-10658,Privilege escalation via authenticated extension loading in postgresql postgresql component.,2022-02-06T00:00:00+00:00,2022-02-09T00:00:00+00:00,3.1,CVSS:3.1/AV:A/AC:H/PR:N/UI:N/S:U/C:L/I:H/A:N,ADJACENT_NETWORK,HIGH,NONE,NONE,UNCHANGED,LOW,HIGH,NONE,7.6,HIGH,0,0.0004099014332789278,0.0004,postgresql,postgresql,['CWE-269'],['cpe:2.3:a:postgresql:postgresql:*:*:*:*:*:*:*:*'],1,2
CVE-2024-10659,Use-after-free vulnerability in eBPF subsystem in linux linux_kernel component.,2022-05-07T00:00:00+00:00,2022-06-24T00:00:00+00:00,3.1,CVSS:3.1/AV:L/AC:L/PR:H/UI:R/S:U/C:N/I:N/A:N,LOCAL,LOW,HIGH,REQUIRED,UNCHANGED,NONE,NONE,NONE,4.7,MEDIUM,0,0.17460905370147112,0.1659,linux,linux_kernel,['CWE-119'],['cpe:2.3:a:linux:linux_kernel:*:*:*:*:*:*:*:*'],1,2
CVE-2024-10660,Remote code execution via unsafe deserialization in spring spring_framework component.,2024-11-23T00:00:00+00:00,2025-01-10T00:00:00+00:00,3.1,CVSS:3.1/AV:L/AC:H/PR:H/UI:N/S:U/C:H/I:H/A:N,LOCAL,HIGH,HIGH,NONE,UNCHANGED,HIGH,HIGH,NONE,6.5,MEDIUM,0,0.36237454629339166,0.3443,spring,spring_framework,['CWE-200'],['cpe:2.3:a:spring:spring_framework:*:*:*:*:*:*:*:*'],1,2
CVE-2022-10661,Unauthenticated remote code execution in query optimizer in oracle mysql component.,2021-04-20T00:00:00+00:00,2021-07-10T00:00:00+00:00,3.1,CVSS:3.1/AV:L/AC:L/PR:H/UI:R/S:U/C:H/I:N/A:L,LOCAL,LOW,HIGH,REQUIRED,UNCHANGED,HIGH,NONE,LOW,5.6,MEDIUM,0,0.02798182669652126,0.0266,oracle,mysql,['CWE-79'],['cpe:2.3:a:oracle:mysql:*:*:*:*:*:*:*:*'],1,2
CVE-2024-10662,Remote code execution via unsafe deserialization in spring spring_framework component.,2025-03-19T00:00:00+00:00,2025-06-10T00:00:00+00:00,3.1,CVSS:3.1/AV:L/AC:H/PR:H/UI:R/S:U/C:L/I:H/A:L,LOCAL,HIGH,HIGH,REQUIRED,UNCHANGED,LOW,HIGH,LOW,5.2,MEDIUM,0,0.02343430700556598,0.0223,spring,spring_framework,['CWE-787'],['cpe:2.3:a:spring:spring_framework:*:*:*:*:*:*:*:*'],1,4
CVE-2023-10663,Integer overflow in HTTP request header processing in nginx nginx component.,2024-04-05T00:00:00+00:00,2024-05-27T00:00:00+00:00,3.1,CVSS:3.1/AV:N/AC:L/PR:N/UI:N/S:C/C:N/I:L/A:N,NETWORK,LOW,NONE,NONE,CHANGED,NONE,LOW,NONE,8.5,HIGH,1,0.09187431381294796,0.0873,nginx,nginx,['CWE-416'],['cpe:2.3:a:nginx:nginx:*:*:*:*:*:*:*:*'],1,5
CVE-2023-10664,Command injection in management web interface in paloalto pan-os component.,2022-06-06T00:00:00+00:00,2022-08-16T00:00:00+00:00,3.1,CVSS:3.1/AV:N/AC:L/PR:N/UI:R/S:C/C:H/I:L/A:N,NETWORK,LOW,NONE,REQUIRED,CHANGED,HIGH,LOW,NONE,9.1,CRITICAL,0,0.11593049575165924,0.1101,paloalto,pan-os,['CWE-787'],['cpe:2.3:a:paloalto:pan-os:*:*:*:*:*:*:*:*'],1,5
CVE-2023-10665,Out-of-bounds memory access in V8 JavaScript engine in google chrome component.,2023-05-23T00:00:00+00:00,2023-07-20T00:00:00+00:00,3.1,CVSS:3.1/AV:P/AC:H/PR:L/UI:R/S:C/C:L/I:L/A:L,PHYSICAL,HIGH,LOW,REQUIRED,CHANGED,LOW,LOW,LOW,3.8,LOW,0,0.04655106943563465,0.0442,google,chrome,['CWE-20'],['cpe:2.3:a:google:chrome:*:*:*:*:*:*:*:*'],1,2
CVE-2022-10666,Integer overflow in HTTP request header processing in nginx nginx component.,2022-06-28T00:00:00+00:00,2022-09-19T00:00:00+00:00,3.1,CVSS:3.1/AV:N/AC:H/PR:N/UI:R/S:U/C:L/I:N/A:N,NETWORK,HIGH,NONE,REQUIRED,UNCHANGED,LOW,NONE,NONE,6.9,MEDIUM,0,0.015362629299097142,0.0146,nginx,nginx,['CWE-79'],['cpe:2.3:a:nginx:nginx:*:*:*:*:*:*:*:*'],1,1
CVE-2021-10667,Unauthenticated remote code execution in query optimizer in oracle mysql component.,2024-01-24T00:00:00+00:00,2024-02-19T00:00:00+00:00,3.1,CVSS:3.1/AV:L/AC:L/PR:H/UI:R/S:C/C:L/I:H/A:H,LOCAL,LOW,HIGH,REQUIRED,CHANGED,LOW,HIGH,HIGH,7.4,HIGH,0,0.1124299290678256,0.1068,oracle,mysql,['CWE-200'],['cpe:2.3:a:oracle:mysql:*:*:*:*:*:*:*:*'],1,2
CVE-2022-10668,Out-of-bounds memory access in V8 JavaScript engine in google chrome component.,2025-10-18T00:00:00+00:00,2025-12-27T00:00:00+00:00,3.1,CVSS:3.1/AV:L/AC:L/PR:L/UI:R/S:C/C:L/I:L/A:H,LOCAL,LOW,LOW,REQUIRED,CHANGED,LOW,LOW,HIGH,6.2,MEDIUM,0,0.1545541617279653,0.1468,google,chrome,['CWE-20'],['cpe:2.3:a:google:chrome:*:*:*:*:*:*:*:*'],1,4
CVE-2022-10669,Remote code execution via unsafe deserialization in spring spring_framework component.,2025-11-08T00:00:00+00:00,2025-12-29T00:00:00+00:00,3.1,CVSS:3.1/AV:A/AC:L/PR:H/UI:N/S:C/C:N/I:H/A:H,ADJACENT_NETWORK,LOW,HIGH,NONE,CHANGED,NONE,HIGH,HIGH,8.7,HIGH,0,0.42402008358621396,0.4028,spring,spring_framework,['CWE-787'],['cpe:2.3:a:spring:spring_framework:*:*:*:*:*:*:*:*'],1,4
CVE-2021-10670,Unauthenticated remote code execution in query optimizer in oracle mysql component.,2022-10-04T00:00:00+00:00,2022-10-29T00:00:00+00:00,3.1,CVSS:3.1/AV:P/AC:H/PR:N/UI:R/S:C/C:H/I:N/A:L,PHYSICAL,HIGH,NONE,REQUIRED,CHANGED,HIGH,NONE,LOW,5.7,MEDIUM,0,0.3289604972900864,0.3125,oracle,mysql,['CWE-89'],['cpe:2.3:a:oracle:mysql:*:*:*:*:*:*:*:*'],1,5
CVE-2023-10671,Command injection in management web interface in paloalto pan-os component.,2025-02-20T00:00:00+00:00,2025-02-22T00:00:00+00:00,3.1,CVSS:3.1/AV:P/AC:H/PR:L/UI:N/S:C/C:L/I:H/A:L,PHYSICAL,HIGH,LOW,NONE,CHANGED,LOW,HIGH,LOW,5.1,MEDIUM,0,0.10279873181399415,0.0977,paloalto,pan-os,['CWE-200'],['cpe:2.3:a:paloalto:pan-os:*:*:*:*:*:*:*:*'],1,3
CVE-2021-10672,Out-of-bounds memory access in V8 JavaScript engine in google chrome component.,2024-03-08T00:00:00+00:00,2024-03-13T00:00:00+00:00,3.1,CVSS:3.1/AV:A/AC:L/PR:L/UI:R/S:C/C:N/I:L/A:N,ADJACENT_NETWORK,LOW,LOW,REQUIRED,CHANGED,NONE,LOW,NONE,6.2,MEDIUM,0,0.014438639952542529,0.0137,google,chrome,['CWE-416'],['cpe:2.3:a:google:chrome:*:*:*:*:*:*:*:*'],1,2
CVE-2021-10673,Integer overflow in HTTP request header processing in nginx nginx component.,2022-11-05T00:00:00+00:00,2023-01-17T00:00:00+00:00,3.1,CVSS:3.1/AV:P/AC:H/PR:N/UI:N/S:U/C:H/I:H/A:N,PHYSICAL,HIGH,NONE,NONE,UNCHANGED,HIGH,HIGH,NONE,6.9,MEDIUM,0,0.18450144400641993,0.1753,nginx,nginx,['CWE-20'],['cpe:2.3:a:nginx:nginx:*:*:*:*:*:*:*:*'],1,5
CVE-2021-10674,Integer overflow in HTTP request header processing in nginx nginx component.,2022-01-18T00:00:00+00:00,2022-02-13T00:00:00+00:00,3.1,CVSS:3.1/AV:N/AC:H/PR:L/UI:N/S:U/C:L/I:H/A:H,NETWORK,HIGH,LOW,NONE,UNCHANGED,LOW,HIGH,HIGH,8.5,HIGH,1,0.26224026471964046,0.2491,nginx,nginx,['CWE-20'],['cpe:2.3:a:nginx:nginx:*:*:*:*:*:*:*:*'],1,3
CVE-2021-10675,Remote code execution via unsafe deserialization in spring spring_framework component.,2021-12-18T00:00:00+00:00,2022-01-29T00:00:00+00:00,3.1,CVSS:3.1/AV:P/AC:H/PR:N/UI:N/S:U/C:H/I:L/A:L,PHYSICAL,HIGH,NONE,NONE,UNCHANGED,HIGH,LOW,LOW,5.9,MEDIUM,0,0.14834568886040278,0.1409,spring,spring_framework,['CWE-79'],['cpe:2.3:a:spring:spring_framework:*:*:*:*:*:*:*:*'],1,4
CVE-2022-10676,Privilege escalation via authenticated extension loading in postgresql postgresql component.,2025-11-18T00:00:00+00:00,2025-12-15T00:00:00+00:00,3.1,CVSS:3.1/AV:L/AC:H/PR:H/UI:R/S:U/C:H/I:H/A:L,LOCAL,HIGH,HIGH,REQUIRED,UNCHANGED,HIGH,HIGH,LOW,5.6,MEDIUM,0,0.00010496694420771746,0.0001,postgresql,postgresql,['CWE-119'],['cpe:2.3:a:postgresql:postgresql:*:*:*:*:*:*:*:*'],1,5
CVE-2023-10677,Integer overflow in HTTP request header processing in nginx nginx component.,2022-02-18T00:00:00+00:00,2022-02-19T00:00:00+00:00,3.1,CVSS:3.1/AV:A/AC:H/PR:N/UI:R/S:U/C:H/I:L/A:H,ADJACENT_NETWORK,HIGH,NONE,REQUIRED,UNCHANGED,HIGH,LOW,HIGH,7.8,HIGH,0,0.0001,0.0001,nginx,nginx,['CWE-787'],['cpe:2.3:a:nginx:nginx:*:*:*:*:*:*:*:*'],1,4
CVE-2025-10678,Integer overflow in HTTP request header processing in nginx nginx component.,2021-03-22T00:00:00+00:00,2021-04-03T00:00:00+00:00,3.1,CVSS:3.1/AV:L/AC:H/PR:L/UI:R/S:C/C:H/I:N/A:L,LOCAL,HIGH,LOW,REQUIRED,CHANGED,HIGH,NONE,LOW,5.2,MEDIUM,0,0.000394306255103586,0.0004,nginx,nginx,['CWE-119'],['cpe:2.3:a:nginx:nginx:*:*:*:*:*:*:*:*'],1,2
CVE-2026-10679,Out-of-bounds memory access in V8 JavaScript engine in google chrome component.,2023-06-04T00:00:00+00:00,2023-08-02T00:00:00+00:00,3.1,CVSS:3.1/AV:P/AC:L/PR:H/UI:N/S:C/C:H/I:N/A:N,PHYSICAL,LOW,HIGH,NONE,CHANGED,HIGH,NONE,NONE,6.3,MEDIUM,0,0.0001,0.0001,google,chrome,['CWE-89'],['cpe:2.3:a:google:chrome:*:*:*:*:*:*:*:*'],1,3
CVE-2023-10680,Remote code execution via unsafe deserialization in spring spring_framework component.,2024-09-27T00:00:00+00:00,2024-10-06T00:00:00+00:00,3.1,CVSS:3.1/AV:A/AC:H/PR:L/UI:N/S:C/C:N/I:N/A:H,ADJACENT_NETWORK,HIGH,LOW,NONE,CHANGED,NONE,NONE,HIGH,6.8,MEDIUM,0,0.07939336540358272,0.0754,spring,spring_framework,['CWE-269'],['cpe:2.3:a:spring:spring_framework:*:*:*:*:*:*:*:*'],1,4
CVE-2022-10681,Integer overflow in HTTP request header processing in nginx nginx component.,2022-06-02T00:00:00+00:00,2022-06-29T00:00:00+00:00,3.1,CVSS:3.1/AV:N/AC:H/PR:N/UI:N/S:C/C:L/I:L/A:H,NETWORK,HIGH,NONE,NONE,CHANGED,LOW,LOW,HIGH,9.1,CRITICAL,0,0.030523179429612607,0.029,nginx,nginx,['CWE-119'],['cpe:2.3:a:nginx:nginx:*:*:*:*:*:*:*:*'],1,4
CVE-2021-10682,Buffer overflow in TLS handshake parser in openssl openssl component.,2022-05-29T00:00:00+00:00,2022-06-13T00:00:00+00:00,3.1,CVSS:3.1/AV:A/AC:H/PR:H/UI:R/S:C/C:L/I:N/A:N,ADJACENT_NETWORK,HIGH,HIGH,REQUIRED,CHANGED,LOW,NONE,NONE,4.4,MEDIUM,0,0.04927853948308049,0.0468,openssl,openssl,['CWE-119'],['cpe:2.3:a:openssl:openssl:*:*:*:*:*:*:*:*'],1,4
CVE-2024-10683,Command injection in management web interface in paloalto pan-os component.,2025-08-08T00:00:00+00:00,2025-09-13T00:00:00+00:00,3.1,CVSS:3.1/AV:A/AC:L/PR:N/UI:N/S:U/C:L/I:N/A:H,ADJACENT_NETWORK,LOW,NONE,NONE,UNCHANGED,LOW,NONE,HIGH,8.7,HIGH,0,0.1851263820118474,0.1759,paloalto,pan-os,['CWE-416'],['cpe:2.3:a:paloalto:pan-os:*:*:*:*:*:*:*:*'],1,2
CVE-2026-10684,Denial of service via HTTP/2 frame flooding in apache http_server component.,2025-04-13T00:00:00+00:00,2025-04-15T00:00:00+00:00,3.1,CVSS:3.1/AV:L/AC:L/PR:L/UI:R/S:U/C:N/I:H/A:N,LOCAL,LOW,LOW,REQUIRED,UNCHANGED,NONE,HIGH,NONE,5.5,MEDIUM,0,0.18033039400828696,0.1713,apache,http_server,['CWE-119'],['cpe:2.3:a:apache:http_server:*:*:*:*:*:*:*:*'],1,4
CVE-2026-10685,Buffer overflow in TLS handshake parser in openssl openssl component.,2025-07-20T00:00:00+00:00,2025-09-25T00:00:00+00:00,3.1,CVSS:3.1/AV:N/AC:H/PR:H/UI:R/S:C/C:N/I:H/A:N,NETWORK,HIGH,HIGH,REQUIRED,CHANGED,NONE,HIGH,NONE,6.8,MEDIUM,0,0.08070051239935529,0.0767,openssl,openssl,['CWE-20'],['cpe:2.3:a:openssl:openssl:*:*:*:*:*:*:*:*'],1,4
CVE-2022-10686,Privilege escalation via authenticated extension loading in postgresql postgresql component.,2023-02-07T00:00:00+00:00,2023-03-10T00:00:00+00:00,3.1,CVSS:3.1/AV:A/AC:L/PR:N/UI:R/S:U/C:N/I:L/A:N,ADJACENT_NETWORK,LOW,NONE,REQUIRED,UNCHANGED,NONE,LOW,NONE,6.2,MEDIUM,0,0.0042448522131792584,0.004,postgresql,postgresql,['CWE-79'],['cpe:2.3:a:postgresql:postgresql:*:*:*:*:*:*:*:*'],1,2
CVE-2026-10687,Denial of service via HTTP/2 frame flooding in apache http_server component.,2021-12-10T00:00:00+00:00,2022-01-01T00:00:00+00:00,3.1,CVSS:3.1/AV:N/AC:H/PR:H/UI:N/S:C/C:L/I:H/A:H,NETWORK,HIGH,HIGH,NONE,CHANGED,LOW,HIGH,HIGH,9.0,CRITICAL,1,0.06678755785280521,0.0634,apache,http_server,['CWE-119'],['cpe:2.3:a:apache:http_server:*:*:*:*:*:*:*:*'],1,5
CVE-2024-10688,Remote code execution in Kerberos authentication service in microsoft windows_server component.,2021-09-05T00:00:00+00:00,2021-10-05T00:00:00+00:00,3.1,CVSS:3.1/AV:A/AC:L/PR:L/UI:R/S:U/C:N/I:L/A:H,ADJACENT_NETWORK,LOW,LOW,REQUIRED,UNCHANGED,NONE,LOW,HIGH,6.0,MEDIUM,0,0.0003592746660073945,0.0003,microsoft,windows_server,['CWE-269'],['cpe:2.3:a:microsoft:windows_server:*:*:*:*:*:*:*:*'],1,1
CVE-2022-10689,Remote code execution in Kerberos authentication service in microsoft windows_server component.,2023-07-29T00:00:00+00:00,2023-08-27T00:00:00+00:00,3.1,CVSS:3.1/AV:N/AC:H/PR:H/UI:R/S:U/C:N/I:N/A:L,NETWORK,HIGH,HIGH,REQUIRED,UNCHANGED,NONE,NONE,LOW,5.2,MEDIUM,0,0.13606790106625408,0.1293,microsoft,windows_server,['CWE-200'],['cpe:2.3:a:microsoft:windows_server:*:*:*:*:*:*:*:*'],1,5
CVE-2021-10690,Integer overflow in HTTP request header processing in nginx nginx component.,2024-12-30T00:00:00+00:00,2025-03-09T00:00:00+00:00,3.1,CVSS:3.1/AV:A/AC:H/PR:N/UI:R/S:C/C:H/I:H/A:N,ADJACENT_NETWORK,HIGH,NONE,REQUIRED,CHANGED,HIGH,HIGH,NONE,8.0,HIGH,0,0.009753734636889156,0.0093,nginx,nginx,['CWE-269'],['cpe:2.3:a:nginx:nginx:*:*:*:*:*:*:*:*'],1,2
CVE-2026-10691,Unauthenticated remote code execution in query optimizer in oracle mysql component.,2023-09-15T00:00:00+00:00,2023-09-24T00:00:00+00:00,3.1,CVSS:3.1/AV:L/AC:L/PR:H/UI:R/S:C/C:H/I:H/A:H,LOCAL,LOW,HIGH,REQUIRED,CHANGED,HIGH,HIGH,HIGH,8.6,HIGH,0,0.047276938651776304,0.0449,oracle,mysql,['CWE-119'],['cpe:2.3:a:oracle:mysql:*:*:*:*:*:*:*:*'],1,5
CVE-2026-10692,Out-of-bounds memory access in V8 JavaScript engine in google chrome component.,2021-01-28T00:00:00+00:00,2021-02-27T00:00:00+00:00,3.1,CVSS:3.1/AV:N/AC:L/PR:L/UI:N/S:C/C:N/I:H/A:N,NETWORK,LOW,LOW,NONE,CHANGED,NONE,HIGH,NONE,9.2,CRITICAL,1,0.03620175294749748,0.0344,google,chrome,['CWE-269'],['cpe:2.3:a:google:chrome:*:*:*:*:*:*:*:*'],1,4
CVE-2022-10693,Use-after-free vulnerability in eBPF subsystem in linux linux_kernel component.,2021-11-07T00:00:00+00:00,2021-12-26T00:00:00+00:00,3.1,CVSS:3.1/AV:A/AC:L/PR:N/UI:R/S:C/C:N/I:L/A:L,ADJACENT_NETWORK,LOW,NONE,REQUIRED,CHANGED,NONE,LOW,LOW,7.5,HIGH,0,0.10427132713192247,0.0991,linux,linux_kernel,['CWE-20'],['cpe:2.3:a:linux:linux_kernel:*:*:*:*:*:*:*:*'],1,5
CVE-2026-10694,Remote code execution in Kerberos authentication service in microsoft windows_server component.,2025-07-23T00:00:00+00:00,2025-08-29T00:00:00+00:00,3.1,CVSS:3.1/AV:N/AC:L/PR:H/UI:R/S:C/C:N/I:N/A:H,NETWORK,LOW,HIGH,REQUIRED,CHANGED,NONE,NONE,HIGH,7.8,HIGH,0,0.023475570281637957,0.0223,microsoft,windows_server,['CWE-20'],['cpe:2.3:a:microsoft:windows_server:*:*:*:*:*:*:*:*'],1,2
CVE-2025-10695,Privilege escalation via authenticated extension loading in postgresql postgresql component.,2025-11-23T00:00:00+00:00,2026-01-11T00:00:00+00:00,3.1,CVSS:3.1/AV:L/AC:L/PR:L/UI:N/S:U/C:L/I:N/A:N,LOCAL,LOW,LOW,NONE,UNCHANGED,LOW,NONE,NONE,5.7,MEDIUM,0,0.30793838921032635,0.2925,postgresql,postgresql,['CWE-20'],['cpe:2.3:a:postgresql:postgresql:*:*:*:*:*:*:*:*'],1,2
CVE-2022-10696,Privilege escalation via authenticated extension loading in postgresql postgresql component.,2021-07-07T00:00:00+00:00,2021-07-30T00:00:00+00:00,3.1,CVSS:3.1/AV:A/AC:L/PR:H/UI:N/S:C/C:H/I:L/A:L,ADJACENT_NETWORK,LOW,HIGH,NONE,CHANGED,HIGH,LOW,LOW,8.2,HIGH,0,0.0001,0.0001,postgresql,postgresql,['CWE-89'],['cpe:2.3:a:postgresql:postgresql:*:*:*:*:*:*:*:*'],1,2
CVE-2024-10697,Privilege escalation via authenticated extension loading in postgresql postgresql component.,2021-12-28T00:00:00+00:00,2022-03-16T00:00:00+00:00,3.1,CVSS:3.1/AV:A/AC:H/PR:L/UI:R/S:U/C:L/I:L/A:N,ADJACENT_NETWORK,HIGH,LOW,REQUIRED,UNCHANGED,LOW,LOW,NONE,4.3,MEDIUM,0,0.16253458487428218,0.1544,postgresql,postgresql,['CWE-269'],['cpe:2.3:a:postgresql:postgresql:*:*:*:*:*:*:*:*'],1,4
CVE-2022-10698,Remote code execution in Kerberos authentication service in microsoft windows_server component.,2023-08-23T00:00:00+00:00,2023-10-19T00:00:00+00:00,3.1,CVSS:3.1/AV:P/AC:H/PR:N/UI:R/S:U/C:L/I:L/A:N,PHYSICAL,HIGH,NONE,REQUIRED,UNCHANGED,LOW,LOW,NONE,4.3,MEDIUM,0,0.053429618900977936,0.0508,microsoft,windows_server,['CWE-200'],['cpe:2.3:a:microsoft:windows_server:*:*:*:*:*:*:*:*'],1,5
CVE-2022-10699,Remote code execution via unsafe deserialization in spring spring_framework component.,2024-02-07T00:00:00+00:00,2024-03-01T00:00:00+00:00,3.1,CVSS:3.1/AV:L/AC:H/PR:L/UI:R/S:C/C:L/I:L/A:H,LOCAL,HIGH,LOW,REQUIRED,CHANGED,LOW,LOW,HIGH,5.6,MEDIUM,0,0.05358232985418921,0.0509,spring,spring_framework,['CWE-787'],['cpe:2.3:a:spring:spring_framework:*:*:*:*:*:*:*:*'],1,1
CVE-2022-10700,Unauthenticated remote code execution in query optimizer in oracle mysql component.,2025-01-04T00:00:00+00:00,2025-03-06T00:00:00+00:00,3.1,CVSS:3.1/AV:A/AC:L/PR:N/UI:N/S:U/C:H/I:H/A:H,ADJACENT_NETWORK,LOW,NONE,NONE,UNCHANGED,HIGH,HIGH,HIGH,10.0,CRITICAL,0,0.01710013218861323,0.0162,oracle,mysql,['CWE-269'],['cpe:2.3:a:oracle:mysql:*:*:*:*:*:*:*:*'],1,4
CVE-2024-10701,Remote code execution in Kerberos authentication service in microsoft windows_server component.,2023-03-20T00:00:00+00:00,2023-05-07T00:00:00+00:00,3.1,CVSS:3.1/AV:P/AC:H/PR:L/UI:N/S:C/C:N/I:N/A:L,PHYSICAL,HIGH,LOW,NONE,CHANGED,NONE,NONE,LOW,4.5,MEDIUM,0,0.005564004096390488,0.0053,microsoft,windows_server,['CWE-89'],['cpe:2.3:a:microsoft:windows_server:*:*:*:*:*:*:*:*'],1,2
CVE-2023-10702,Remote code execution in Kerberos authentication service in microsoft windows_server component.,2025-04-29T00:00:00+00:00,2025-06-13T00:00:00+00:00,3.1,CVSS:3.1/AV:P/AC:H/PR:H/UI:N/S:C/C:L/I:H/A:N,PHYSICAL,HIGH,HIGH,NONE,CHANGED,LOW,HIGH,NONE,5.7,MEDIUM,0,0.3514154919981738,0.3338,microsoft,windows_server,['CWE-119'],['cpe:2.3:a:microsoft:windows_server:*:*:*:*:*:*:*:*'],1,4
CVE-2023-10703,Buffer overflow in TLS handshake parser in openssl openssl component.,2024-07-16T00:00:00+00:00,2024-10-11T00:00:00+00:00,3.1,CVSS:3.1/AV:N/AC:L/PR:L/UI:R/S:U/C:L/I:N/A:H,NETWORK,LOW,LOW,REQUIRED,UNCHANGED,LOW,NONE,HIGH,7.5,HIGH,0,0.1500471664174026,0.1425,openssl,openssl,['CWE-89'],['cpe:2.3:a:openssl:openssl:*:*:*:*:*:*:*:*'],1,1
CVE-2021-10704,Denial of service via HTTP/2 frame flooding in apache http_server component.,2024-08-12T00:00:00+00:00,2024-10-01T00:00:00+00:00,3.1,CVSS:3.1/AV:P/AC:L/PR:H/UI:N/S:C/C:N/I:L/A:L,PHYSICAL,LOW,HIGH,NONE,CHANGED,NONE,LOW,LOW,5.4,MEDIUM,0,0.050772402649642646,0.0482,apache,http_server,['CWE-200'],['cpe:2.3:a:apache:http_server:*:*:*:*:*:*:*:*'],1,5
CVE-2026-10705,Remote code execution via unsafe deserialization in spring spring_framework component.,2023-02-23T00:00:00+00:00,2023-05-10T00:00:00+00:00,3.1,CVSS:3.1/AV:L/AC:H/PR:H/UI:N/S:U/C:H/I:H/A:L,LOCAL,HIGH,HIGH,NONE,UNCHANGED,HIGH,HIGH,LOW,7.2,HIGH,0,0.0025142220707206164,0.0024,spring,spring_framework,['CWE-89'],['cpe:2.3:a:spring:spring_framework:*:*:*:*:*:*:*:*'],1,3
CVE-2026-10706,Privilege escalation via authenticated extension loading in postgresql postgresql component.,2023-03-27T00:00:00+00:00,2023-06-25T00:00:00+00:00,3.1,CVSS:3.1/AV:L/AC:L/PR:N/UI:R/S:U/C:N/I:N/A:H,LOCAL,LOW,NONE,REQUIRED,UNCHANGED,NONE,NONE,HIGH,7.3,HIGH,0,0.05690528581359363,0.0541,postgresql,postgresql,['CWE-416'],['cpe:2.3:a:postgresql:postgresql:*:*:*:*:*:*:*:*'],1,5
CVE-2026-10707,Remote code execution in Kerberos authentication service in microsoft windows_server component.,2022-08-14T00:00:00+00:00,2022-10-09T00:00:00+00:00,3.1,CVSS:3.1/AV:A/AC:L/PR:L/UI:N/S:U/C:N/I:L/A:N,ADJACENT_NETWORK,LOW,LOW,NONE,UNCHANGED,NONE,LOW,NONE,6.4,MEDIUM,0,0.13801695073487596,0.1311,microsoft,windows_server,['CWE-79'],['cpe:2.3:a:microsoft:windows_server:*:*:*:*:*:*:*:*'],1,4
CVE-2022-10708,Out-of-bounds memory access in V8 JavaScript engine in google chrome component.,2022-01-16T00:00:00+00:00,2022-02-11T00:00:00+00:00,3.1,CVSS:3.1/AV:N/AC:L/PR:N/UI:R/S:C/C:L/I:H/A:H,NETWORK,LOW,NONE,REQUIRED,CHANGED,LOW,HIGH,HIGH,10.0,CRITICAL,1,0.0001,0.0001,google,chrome,['CWE-89'],['cpe:2.3:a:google:chrome:*:*:*:*:*:*:*:*'],1,1
CVE-2021-10709,Use-after-free vulnerability in eBPF subsystem in linux linux_kernel component.,2023-02-13T00:00:00+00:00,2023-03-01T00:00:00+00:00,3.1,CVSS:3.1/AV:L/AC:L/PR:L/UI:N/S:U/C:L/I:L/A:H,LOCAL,LOW,LOW,NONE,UNCHANGED,LOW,LOW,HIGH,6.3,MEDIUM,0,0.09402791485360133,0.0893,linux,linux_kernel,['CWE-79'],['cpe:2.3:a:linux:linux_kernel:*:*:*:*:*:*:*:*'],1,1
CVE-2023-10710,Buffer overflow in TLS handshake parser in openssl openssl component.,2025-03-20T00:00:00+00:00,2025-03-21T00:00:00+00:00,3.1,CVSS:3.1/AV:N/AC:L/PR:N/UI:N/S:C/C:H/I:H/A:L,NETWORK,LOW,NONE,NONE,CHANGED,HIGH,HIGH,LOW,10.0,CRITICAL,0,0.033461335463785394,0.0318,openssl,openssl,['CWE-787'],['cpe:2.3:a:openssl:openssl:*:*:*:*:*:*:*:*'],1,3
CVE-2024-10711,Out-of-bounds memory access in V8 JavaScript engine in google chrome component.,2022-11-21T00:00:00+00:00,2023-01-08T00:00:00+00:00,3.1,CVSS:3.1/AV:L/AC:H/PR:N/UI:R/S:C/C:L/I:H/A:N,LOCAL,HIGH,NONE,REQUIRED,CHANGED,LOW,HIGH,NONE,6.6,MEDIUM,0,0.18032333819382215,0.1713,google,chrome,['CWE-269'],['cpe:2.3:a:google:chrome:*:*:*:*:*:*:*:*'],1,3
CVE-2021-10712,Denial of service via HTTP/2 frame flooding in apache http_server component.,2023-07-25T00:00:00+00:00,2023-10-23T00:00:00+00:00,3.1,CVSS:3.1/AV:P/AC:L/PR:N/UI:N/S:C/C:H/I:N/A:L,PHYSICAL,LOW,NONE,NONE,CHANGED,HIGH,NONE,LOW,7.9,HIGH,0,0.0001,0.0001,apache,http_server,['CWE-787'],['cpe:2.3:a:apache:http_server:*:*:*:*:*:*:*:*'],1,5
CVE-2025-10713,Integer overflow in HTTP request header processing in nginx nginx component.,2023-04-27T00:00:00+00:00,2023-07-21T00:00:00+00:00,3.1,CVSS:3.1/AV:A/AC:L/PR:H/UI:R/S:U/C:H/I:L/A:N,ADJACENT_NETWORK,LOW,HIGH,REQUIRED,UNCHANGED,HIGH,LOW,NONE,7.3,HIGH,0,0.12966880149444848,0.1232,nginx,nginx,['CWE-269'],['cpe:2.3:a:nginx:nginx:*:*:*:*:*:*:*:*'],1,4
CVE-2025-10714,Privilege escalation via authenticated extension loading in postgresql postgresql component.,2023-09-20T00:00:00+00:00,2023-11-11T00:00:00+00:00,3.1,CVSS:3.1/AV:N/AC:H/PR:L/UI:R/S:U/C:H/I:L/A:L,NETWORK,HIGH,LOW,REQUIRED,UNCHANGED,HIGH,LOW,LOW,7.0,HIGH,0,0.0019571438137929533,0.0019,postgresql,postgresql,['CWE-119'],['cpe:2.3:a:postgresql:postgresql:*:*:*:*:*:*:*:*'],1,2
CVE-2025-10715,Remote code execution via unsafe deserialization in spring spring_framework component.,2025-05-27T00:00:00+00:00,2025-07-31T00:00:00+00:00,3.1,CVSS:3.1/AV:N/AC:L/PR:L/UI:N/S:C/C:H/I:H/A:L,NETWORK,LOW,LOW,NONE,CHANGED,HIGH,HIGH,LOW,9.9,CRITICAL,1,0.3085516720350689,0.2931,spring,spring_framework,['CWE-787'],['cpe:2.3:a:spring:spring_framework:*:*:*:*:*:*:*:*'],1,1
CVE-2026-10716,Integer overflow in HTTP request header processing in nginx nginx component.,2024-01-13T00:00:00+00:00,2024-02-13T00:00:00+00:00,3.1,CVSS:3.1/AV:A/AC:L/PR:N/UI:N/S:U/C:L/I:H/A:N,ADJACENT_NETWORK,LOW,NONE,NONE,UNCHANGED,LOW,HIGH,NONE,8.6,HIGH,0,0.011862630568078932,0.0113,nginx,nginx,['CWE-89'],['cpe:2.3:a:nginx:nginx:*:*:*:*:*:*:*:*'],1,3
CVE-2023-10717,Remote code execution in Kerberos authentication service in microsoft windows_server component.,2022-03-28T00:00:00+00:00,2022-04-30T00:00:00+00:00,3.1,CVSS:3.1/AV:P/AC:L/PR:H/UI:N/S:C/C:N/I:H/A:L,PHYSICAL,LOW,HIGH,NONE,CHANGED,NONE,HIGH,LOW,6.6,MEDIUM,0,0.0034334804071656463,0.0033,microsoft,windows_server,['CWE-119'],['cpe:2.3:a:microsoft:windows_server:*:*:*:*:*:*:*:*'],1,5
CVE-2021-10718,Out-of-bounds memory access in V8 JavaScript engine in google chrome component.,2024-08-11T00:00:00+00:00,2024-09-24T00:00:00+00:00,3.1,CVSS:3.1/AV:P/AC:H/PR:H/UI:R/S:U/C:N/I:L/A:N,PHYSICAL,HIGH,HIGH,REQUIRED,UNCHANGED,NONE,LOW,NONE,2.7,LOW,0,0.10922591580758448,0.1038,google,chrome,['CWE-200'],['cpe:2.3:a:google:chrome:*:*:*:*:*:*:*:*'],1,1
CVE-2021-10719,Denial of service via HTTP/2 frame flooding in apache http_server component.,2022-11-28T00:00:00+00:00,2023-02-12T00:00:00+00:00,3.1,CVSS:3.1/AV:A/AC:L/PR:H/UI:R/S:U/C:L/I:L/A:H,ADJACENT_NETWORK,LOW,HIGH,REQUIRED,UNCHANGED,LOW,LOW,HIGH,6.8,MEDIUM,0,0.03618271098043311,0.0344,apache,http_server,['CWE-20'],['cpe:2.3:a:apache:http_server:*:*:*:*:*:*:*:*'],1,3
CVE-2025-10720,Buffer overflow in TLS handshake parser in openssl openssl component.,2024-01-02T00:00:00+00:00,2024-01-27T00:00:00+00:00,3.1,CVSS:3.1/AV:P/AC:H/PR:L/UI:R/S:U/C:H/I:H/A:H,PHYSICAL,HIGH,LOW,REQUIRED,UNCHANGED,HIGH,HIGH,HIGH,5.7,MEDIUM,0,0.0030359943477875724,0.0029,openssl,openssl,['CWE-119'],['cpe:2.3:a:openssl:openssl:*:*:*:*:*:*:*:*'],1,1
CVE-2021-10721,Remote code execution in Kerberos authentication service in microsoft windows_server component.,2024-01-08T00:00:00+00:00,2024-03-07T00:00:00+00:00,3.1,CVSS:3.1/AV:L/AC:L/PR:L/UI:N/S:C/C:H/I:L/A:N,LOCAL,LOW,LOW,NONE,CHANGED,HIGH,LOW,NONE,6.9,MEDIUM,0,0.0014482387974535976,0.0014,microsoft,windows_server,['CWE-200'],['cpe:2.3:a:microsoft:windows_server:*:*:*:*:*:*:*:*'],1,2
CVE-2025-10722,Buffer overflow in TLS handshake parser in openssl openssl component.,2022-10-18T00:00:00+00:00,2022-11-27T00:00:00+00:00,3.1,CVSS:3.1/AV:N/AC:H/PR:H/UI:R/S:U/C:L/I:L/A:H,NETWORK,HIGH,HIGH,REQUIRED,UNCHANGED,LOW,LOW,HIGH,6.2,MEDIUM,0,0.005250880940826985,0.005,openssl,openssl,['CWE-416'],['cpe:2.3:a:openssl:openssl:*:*:*:*:*:*:*:*'],1,1
CVE-2022-10723,Unauthenticated remote code execution in query optimizer in oracle mysql component.,2025-08-23T00:00:00+00:00,2025-09-19T00:00:00+00:00,3.1,CVSS:3.1/AV:A/AC:L/PR:N/UI:R/S:C/C:L/I:H/A:N,ADJACENT_NETWORK,LOW,NONE,REQUIRED,CHANGED,LOW,HIGH,NONE,8.2,HIGH,0,0.010400816129615149,0.0099,oracle,mysql,['CWE-20'],['cpe:2.3:a:oracle:mysql:*:*:*:*:*:*:*:*'],1,5
CVE-2023-10724,Remote code execution in Kerberos authentication service in microsoft windows_server component.,2023-05-16T00:00:00+00:00,2023-08-11T00:00:00+00:00,3.1,CVSS:3.1/AV:P/AC:H/PR:L/UI:R/S:U/C:H/I:H/A:L,PHYSICAL,HIGH,LOW,REQUIRED,UNCHANGED,HIGH,HIGH,LOW,5.2,MEDIUM,0,0.067881897426376,0.0645,microsoft,windows_server,['CWE-200'],['cpe:2.3:a:microsoft:windows_server:*:*:*:*:*:*:*:*'],1,2
CVE-2024-10725,Remote code execution via unsafe deserialization in spring spring_framework component.,2021-07-19T00:00:00+00:00,2021-08-05T00:00:00+00:00,3.1,CVSS:3.1/AV:L/AC:L/PR:H/UI:R/S:C/C:H/I:N/A:H,LOCAL,LOW,HIGH,REQUIRED,CHANGED,HIGH,NONE,HIGH,7.0,HIGH,0,0.04418547060671123,0.042,spring,spring_framework,['CWE-89'],['cpe:2.3:a:spring:spring_framework:*:*:*:*:*:*:*:*'],1,4
CVE-2023-10726,Integer overflow in HTTP request header processing in nginx nginx component.,2021-10-24T00:00:00+00:00,2021-11-20T00:00:00+00:00,3.1,CVSS:3.1/AV:A/AC:L/PR:H/UI:N/S:C/C:H/I:H/A:N,ADJACENT_NETWORK,LOW,HIGH,NONE,CHANGED,HIGH,HIGH,NONE,9.2,CRITICAL,0,0.05779274168064174,0.0549,nginx,nginx,['CWE-89'],['cpe:2.3:a:nginx:nginx:*:*:*:*:*:*:*:*'],1,4
CVE-2026-10727,Remote code execution in Kerberos authentication service in microsoft windows_server component.,2025-09-20T00:00:00+00:00,2025-10-12T00:00:00+00:00,3.1,CVSS:3.1/AV:N/AC:L/PR:L/UI:R/S:U/C:N/I:N/A:H,NETWORK,LOW,LOW,REQUIRED,UNCHANGED,NONE,NONE,HIGH,7.6,HIGH,0,0.0013459723460656197,0.0013,microsoft,windows_server,['CWE-269'],['cpe:2.3:a:microsoft:windows_server:*:*:*:*:*:*:*:*'],1,5
CVE-2022-10728,Remote code execution in Kerberos authentication service in microsoft windows_server component.,2024-07-08T00:00:00+00:00,2024-08-29T00:00:00+00:00,3.1,CVSS:3.1/AV:A/AC:L/PR:N/UI:N/S:C/C:L/I:L/A:H,ADJACENT_NETWORK,LOW,NONE,NONE,CHANGED,LOW,LOW,HIGH,9.1,CRITICAL,0,0.04222721168136259,0.0401,microsoft,windows_server,['CWE-89'],['cpe:2.3:a:microsoft:windows_server:*:*:*:*:*:*:*:*'],1,4
CVE-2024-10729,Denial of service via HTTP/2 frame flooding in apache http_server component.,2025-11-07T00:00:00+00:00,2026-01-30T00:00:00+00:00,3.1,CVSS:3.1/AV:P/AC:H/PR:H/UI:R/S:C/C:N/I:N/A:N,PHYSICAL,HIGH,HIGH,REQUIRED,CHANGED,NONE,NONE,NONE,3.4,LOW,0,0.02079399353468068,0.0198,apache,http_server,['CWE-79'],['cpe:2.3:a:apache:http_server:*:*:*:*:*:*:*:*'],1,1
CVE-2026-10730,Integer overflow in HTTP request header processing in nginx nginx component.,2024-10-01T00:00:00+00:00,2024-12-06T00:00:00+00:00,3.1,CVSS:3.1/AV:A/AC:L/PR:H/UI:R/S:C/C:H/I:H/A:N,ADJACENT_NETWORK,LOW,HIGH,REQUIRED,CHANGED,HIGH,HIGH,NONE,7.8,HIGH,0,0.16324433320199788,0.1551,nginx,nginx,['CWE-89'],['cpe:2.3:a:nginx:nginx:*:*:*:*:*:*:*:*'],1,4
CVE-2026-10731,Integer overflow in HTTP request header processing in nginx nginx component.,2024-12-10T00:00:00+00:00,2025-02-04T00:00:00+00:00,3.1,CVSS:3.1/AV:L/AC:L/PR:N/UI:R/S:U/C:H/I:H/A:N,LOCAL,LOW,NONE,REQUIRED,UNCHANGED,HIGH,HIGH,NONE,8.7,HIGH,0,0.08817664466132731,0.0838,nginx,nginx,['CWE-416'],['cpe:2.3:a:nginx:nginx:*:*:*:*:*:*:*:*'],1,1
CVE-2025-10732,Remote code execution in Kerberos authentication service in microsoft windows_server component.,2025-08-02T00:00:00+00:00,2025-10-10T00:00:00+00:00,3.1,CVSS:3.1/AV:P/AC:L/PR:H/UI:N/S:U/C:H/I:N/A:N,PHYSICAL,LOW,HIGH,NONE,UNCHANGED,HIGH,NONE,NONE,5.7,MEDIUM,0,0.009110403540496227,0.0087,microsoft,windows_server,['CWE-89'],['cpe:2.3:a:microsoft:windows_server:*:*:*:*:*:*:*:*'],1,1
CVE-2024-10733,Remote code execution via unsafe deserialization in spring spring_framework component.,2025-06-28T00:00:00+00:00,2025-08-08T00:00:00+00:00,3.1,CVSS:3.1/AV:N/AC:L/PR:N/UI:N/S:U/C:N/I:H/A:L,NETWORK,LOW,NONE,NONE,UNCHANGED,NONE,HIGH,LOW,9.5,CRITICAL,0,0.38954336104637044,0.3701,spring,spring_framework,['CWE-20'],['cpe:2.3:a:spring:spring_framework:*:*:*:*:*:*:*:*'],1,1
CVE-2025-10734,Denial of service via HTTP/2 frame flooding in apache http_server component.,2022-09-04T00:00:00+00:00,2022-10-21T00:00:00+00:00,3.1,CVSS:3.1/AV:A/AC:H/PR:H/UI:N/S:U/C:L/I:N/A:H,ADJACENT_NETWORK,HIGH,HIGH,NONE,UNCHANGED,LOW,NONE,HIGH,6.6,MEDIUM,0,0.08398270756622415,0.0798,apache,http_server,['CWE-200'],['cpe:2.3:a:apache:http_server:*:*:*:*:*:*:*:*'],1,5
CVE-2022-10735,Integer overflow in HTTP request header processing in nginx nginx component.,2024-03-27T00:00:00+00:00,2024-05-29T00:00:00+00:00,3.1,CVSS:3.1/AV:L/AC:H/PR:H/UI:N/S:U/C:H/I:N/A:N,LOCAL,HIGH,HIGH,NONE,UNCHANGED,HIGH,NONE,NONE,5.4,MEDIUM,0,0.00603316707168836,0.0057,nginx,nginx,['CWE-20'],['cpe:2.3:a:nginx:nginx:*:*:*:*:*:*:*:*'],1,2
CVE-2023-10736,Command injection in management web interface in paloalto pan-os component.,2025-10-20T00:00:00+00:00,2025-11-17T00:00:00+00:00,3.1,CVSS:3.1/AV:A/AC:L/PR:H/UI:R/S:C/C:N/I:H/A:H,ADJACENT_NETWORK,LOW,HIGH,REQUIRED,CHANGED,NONE,HIGH,HIGH,8.2,HIGH,0,0.10983205780634278,0.1043,paloalto,pan-os,['CWE-416'],['cpe:2.3:a:paloalto:pan-os:*:*:*:*:*:*:*:*'],1,1
CVE-2023-10737,Remote code execution via unsafe deserialization in spring spring_framework component.,2022-06-18T00:00:00+00:00,2022-08-06T00:00:00+00:00,3.1,CVSS:3.1/AV:A/AC:H/PR:L/UI:N/S:C/C:H/I:L/A:H,ADJACENT_NETWORK,HIGH,LOW,NONE,CHANGED,HIGH,LOW,HIGH,8.1,HIGH,0,0.12956017643497625,0.1231,spring,spring_framework,['CWE-89'],['cpe:2.3:a:spring:spring_framework:*:*:*:*:*:*:*:*'],1,5
CVE-2021-10738,Privilege escalation via authenticated extension loading in postgresql postgresql component.,2024-07-13T00:00:00+00:00,2024-08-17T00:00:00+00:00,3.1,CVSS:3.1/AV:A/AC:H/PR:H/UI:N/S:C/C:N/I:L/A:L,ADJACENT_NETWORK,HIGH,HIGH,NONE,CHANGED,NONE,LOW,LOW,5.9,MEDIUM,0,0.24671939851081856,0.2344,postgresql,postgresql,['CWE-416'],['cpe:2.3:a:postgresql:postgresql:*:*:*:*:*:*:*:*'],1,1
CVE-2022-10739,Out-of-bounds memory access in V8 JavaScript engine in google chrome component.,2021-06-08T00:00:00+00:00,2021-07-13T00:00:00+00:00,3.1,CVSS:3.1/AV:N/AC:L/PR:H/UI:R/S:U/C:L/I:H/A:N,NETWORK,LOW,HIGH,REQUIRED,UNCHANGED,LOW,HIGH,NONE,7.9,HIGH,0,0.18083883749127957,0.1718,google,chrome,['CWE-269'],['cpe:2.3:a:google:chrome:*:*:*:*:*:*:*:*'],1,3
CVE-2022-10740,Use-after-free vulnerability in eBPF subsystem in linux linux_kernel component.,2025-11-15T00:00:00+00:00,2025-12-14T00:00:00+00:00,3.1,CVSS:3.1/AV:L/AC:L/PR:N/UI:R/S:U/C:L/I:N/A:N,LOCAL,LOW,NONE,REQUIRED,UNCHANGED,LOW,NONE,NONE,6.6,MEDIUM,0,0.10775752476670153,0.1024,linux,linux_kernel,['CWE-89'],['cpe:2.3:a:linux:linux_kernel:*:*:*:*:*:*:*:*'],1,5
CVE-2025-10741,Use-after-free vulnerability in eBPF subsystem in linux linux_kernel component.,2025-08-10T00:00:00+00:00,2025-10-12T00:00:00+00:00,3.1,CVSS:3.1/AV:N/AC:H/PR:H/UI:R/S:C/C:H/I:N/A:N,NETWORK,HIGH,HIGH,REQUIRED,CHANGED,HIGH,NONE,NONE,6.9,MEDIUM,0,0.0010699843421047635,0.001,linux,linux_kernel,['CWE-89'],['cpe:2.3:a:linux:linux_kernel:*:*:*:*:*:*:*:*'],1,3
CVE-2022-10742,Remote code execution in Kerberos authentication service in microsoft windows_server component.,2022-12-08T00:00:00+00:00,2023-03-05T00:00:00+00:00,3.1,CVSS:3.1/AV:P/AC:H/PR:H/UI:N/S:C/C:N/I:H/A:H,PHYSICAL,HIGH,HIGH,NONE,CHANGED,NONE,HIGH,HIGH,5.8,MEDIUM,0,0.11074920541633292,0.1052,microsoft,windows_server,['CWE-89'],['cpe:2.3:a:microsoft:windows_server:*:*:*:*:*:*:*:*'],1,2
CVE-2024-10743,Command injection in management web interface in paloalto pan-os component.,2024-03-08T00:00:00+00:00,2024-04-12T00:00:00+00:00,3.1,CVSS:3.1/AV:N/AC:H/PR:H/UI:N/S:C/C:H/I:L/A:N,NETWORK,HIGH,HIGH,NONE,CHANGED,HIGH,LOW,NONE,8.2,HIGH,0,0.1634899957952628,0.1553,paloalto,pan-os,['CWE-269'],['cpe:2.3:a:paloalto:pan-os:*:*:*:*:*:*:*:*'],1,4
CVE-2023-10744,Remote code execution via unsafe deserialization in spring spring_framework component.,2022-07-19T00:00:00+00:00,2022-09-12T00:00:00+00:00,3.1,CVSS:3.1/AV:A/AC:H/PR:H/UI:N/S:C/C:L/I:L/A:N,ADJACENT_NETWORK,HIGH,HIGH,NONE,CHANGED,LOW,LOW,NONE,6.5,MEDIUM,0,0.007034072030507469,0.0067,spring,spring_framework,['CWE-79'],['cpe:2.3:a:spring:spring_framework:*:*:*:*:*:*:*:*'],1,1
CVE-2021-10745,Privilege escalation via authenticated extension loading in postgresql postgresql component.,2021-12-05T00:00:00+00:00,2022-02-17T00:00:00+00:00,3.1,CVSS:3.1/AV:N/AC:L/PR:H/UI:R/S:C/C:N/I:L/A:H,NETWORK,LOW,HIGH,REQUIRED,CHANGED,NONE,LOW,HIGH,8.4,HIGH,0,0.12780858844798704,0.1214,postgresql,postgresql,['CWE-89'],['cpe:2.3:a:postgresql:postgresql:*:*:*:*:*:*:*:*'],1,4
CVE-2025-10746,Integer overflow in HTTP request header processing in nginx nginx component.,2024-11-04T00:00:00+00:00,2025-01-30T00:00:00+00:00,3.1,CVSS:3.1/AV:N/AC:H/PR:N/UI:N/S:U/C:H/I:L/A:H,NETWORK,HIGH,NONE,NONE,UNCHANGED,HIGH,LOW,HIGH,9.5,CRITICAL,0,0.05112804406950563,0.0486,nginx,nginx,['CWE-269'],['cpe:2.3:a:nginx:nginx:*:*:*:*:*:*:*:*'],1,2
CVE-2026-10747,Remote code execution via unsafe deserialization in spring spring_framework component.,2024-06-01T00:00:00+00:00,2024-06-07T00:00:00+00:00,3.1,CVSS:3.1/AV:P/AC:L/PR:H/UI:N/S:U/C:N/I:L/A:N,PHYSICAL,LOW,HIGH,NONE,UNCHANGED,NONE,LOW,NONE,4.6,MEDIUM,0,0.03487347115290015,0.0331,spring,spring_framework,['CWE-269'],['cpe:2.3:a:spring:spring_framework:*:*:*:*:*:*:*:*'],1,1
CVE-2024-10748,Remote code execution in Kerberos authentication service in microsoft windows_server component.,2023-02-16T00:00:00+00:00,2023-03-10T00:00:00+00:00,3.1,CVSS:3.1/AV:L/AC:L/PR:L/UI:N/S:U/C:L/I:L/A:L,LOCAL,LOW,LOW,NONE,UNCHANGED,LOW,LOW,LOW,5.9,MEDIUM,0,0.005386106937964625,0.0051,microsoft,windows_server,['CWE-200'],['cpe:2.3:a:microsoft:windows_server:*:*:*:*:*:*:*:*'],1,3
CVE-2021-10749,Privilege escalation via authenticated extension loading in postgresql postgresql component.,2025-02-20T00:00:00+00:00,2025-05-12T00:00:00+00:00,3.1,CVSS:3.1/AV:P/AC:L/PR:L/UI:N/S:C/C:H/I:L/A:N,PHYSICAL,LOW,LOW,NONE,CHANGED,HIGH,LOW,NONE,6.3,MEDIUM,0,0.0910426518893873,0.0865,postgresql,postgresql,['CWE-269'],['cpe:2.3:a:postgresql:postgresql:*:*:*:*:*:*:*:*'],1,1
CVE-2024-10750,Out-of-bounds memory access in V8 JavaScript engine in google chrome component.,2022-11-04T00:00:00+00:00,2022-12-13T00:00:00+00:00,3.1,CVSS:3.1/AV:L/AC:L/PR:N/UI:R/S:U/C:L/I:L/A:N,LOCAL,LOW,NONE,REQUIRED,UNCHANGED,LOW,LOW,NONE,6.1,MEDIUM,0,0.5270191172024261,0.5007,google,chrome,['CWE-79'],['cpe:2.3:a:google:chrome:*:*:*:*:*:*:*:*'],1,4
CVE-2022-10751,Integer overflow in HTTP request header processing in nginx nginx component.,2021-06-23T00:00:00+00:00,2021-08-30T00:00:00+00:00,3.1,CVSS:3.1/AV:A/AC:H/PR:N/UI:R/S:U/C:N/I:H/A:L,ADJACENT_NETWORK,HIGH,NONE,REQUIRED,UNCHANGED,NONE,HIGH,LOW,6.2,MEDIUM,0,0.025358178563575418,0.0241,nginx,nginx,['CWE-119'],['cpe:2.3:a:nginx:nginx:*:*:*:*:*:*:*:*'],1,4
CVE-2023-10752,Remote code execution in Kerberos authentication service in microsoft windows_server component.,2022-09-05T00:00:00+00:00,2022-10-22T00:00:00+00:00,3.1,CVSS:3.1/AV:P/AC:L/PR:H/UI:R/S:U/C:L/I:H/A:L,PHYSICAL,LOW,HIGH,REQUIRED,UNCHANGED,LOW,HIGH,LOW,5.3,MEDIUM,0,0.2590002294615161,0.2461,microsoft,windows_server,['CWE-89'],['cpe:2.3:a:microsoft:windows_server:*:*:*:*:*:*:*:*'],1,2
CVE-2026-10753,Unauthenticated remote code execution in query optimizer in oracle mysql component.,2023-06-08T00:00:00+00:00,2023-06-09T00:00:00+00:00,3.1,CVSS:3.1/AV:L/AC:L/PR:N/UI:N/S:C/C:N/I:N/A:L,LOCAL,LOW,NONE,NONE,CHANGED,NONE,NONE,LOW,6.5,MEDIUM,0,0.00014395877142292914,0.0001,oracle,mysql,['CWE-416'],['cpe:2.3:a:oracle:mysql:*:*:*:*:*:*:*:*'],1,3
CVE-2022-10754,Buffer overflow in TLS handshake parser in openssl openssl component.,2024-09-26T00:00:00+00:00,2024-10-22T00:00:00+00:00,3.1,CVSS:3.1/AV:P/AC:H/PR:N/UI:R/S:C/C:H/I:L/A:H,PHYSICAL,HIGH,NONE,REQUIRED,CHANGED,HIGH,LOW,HIGH,7.2,HIGH,0,0.015649907943929127,0.0149,openssl,openssl,['CWE-89'],['cpe:2.3:a:openssl:openssl:*:*:*:*:*:*:*:*'],1,3
CVE-2025-10755,Remote code execution in Kerberos authentication service in microsoft windows_server component.,2025-01-26T00:00:00+00:00,2025-03-17T00:00:00+00:00,3.1,CVSS:3.1/AV:A/AC:L/PR:N/UI:N/S:U/C:N/I:L/A:H,ADJACENT_NETWORK,LOW,NONE,NONE,UNCHANGED,NONE,LOW,HIGH,8.7,HIGH,0,0.03972246369201997,0.0377,microsoft,windows_server,['CWE-20'],['cpe:2.3:a:microsoft:windows_server:*:*:*:*:*:*:*:*'],1,2
CVE-2026-10756,Buffer overflow in TLS handshake parser in openssl openssl component.,2025-08-27T00:00:00+00:00,2025-10-10T00:00:00+00:00,3.1,CVSS:3.1/AV:P/AC:L/PR:L/UI:R/S:C/C:L/I:L/A:N,PHYSICAL,LOW,LOW,REQUIRED,CHANGED,LOW,LOW,NONE,4.4,MEDIUM,0,0.0301598542897103,0.0287,openssl,openssl,['CWE-416'],['cpe:2.3:a:openssl:openssl:*:*:*:*:*:*:*:*'],1,2
CVE-2022-10757,Out-of-bounds memory access in V8 JavaScript engine in google chrome component.,2025-02-02T00:00:00+00:00,2025-04-09T00:00:00+00:00,3.1,CVSS:3.1/AV:A/AC:L/PR:L/UI:N/S:C/C:H/I:N/A:H,ADJACENT_NETWORK,LOW,LOW,NONE,CHANGED,HIGH,NONE,HIGH,9.0,CRITICAL,0,0.2151937682023879,0.2044,google,chrome,['CWE-416'],['cpe:2.3:a:google:chrome:*:*:*:*:*:*:*:*'],1,2
CVE-2026-10758,Integer overflow in HTTP request header processing in nginx nginx component.,2025-05-23T00:00:00+00:00,2025-06-06T00:00:00+00:00,3.1,CVSS:3.1/AV:A/AC:L/PR:H/UI:N/S:U/C:N/I:N/A:L,ADJACENT_NETWORK,LOW,HIGH,NONE,UNCHANGED,NONE,NONE,LOW,6.4,MEDIUM,0,0.0071619643461294635,0.0068,nginx,nginx,['CWE-20'],['cpe:2.3:a:nginx:nginx:*:*:*:*:*:*:*:*'],1,3
CVE-2022-10759,Privilege escalation via authenticated extension loading in postgresql postgresql component.,2023-05-24T00:00:00+00:00,2023-05-27T00:00:00+00:00,3.1,CVSS:3.1/AV:A/AC:L/PR:N/UI:R/S:C/C:H/I:L/A:H,ADJACENT_NETWORK,LOW,NONE,REQUIRED,CHANGED,HIGH,LOW,HIGH,9.0,CRITICAL,0,0.03648853704455207,0.0347,postgresql,postgresql,['CWE-119'],['cpe:2.3:a:postgresql:postgresql:*:*:*:*:*:*:*:*'],1,2
CVE-2024-10760,Unauthenticated remote code execution in query optimizer in oracle mysql component.,2023-09-09T00:00:00+00:00,2023-09-17T00:00:00+00:00,3.1,CVSS:3.1/AV:P/AC:L/PR:L/UI:N/S:C/C:L/I:L/A:L,PHYSICAL,LOW,LOW,NONE,CHANGED,LOW,LOW,LOW,5.1,MEDIUM,0,0.029720447095829678,0.0282,oracle,mysql,['CWE-416'],['cpe:2.3:a:oracle:mysql:*:*:*:*:*:*:*:*'],1,2
CVE-2021-10761,Unauthenticated remote code execution in query optimizer in oracle mysql component.,2022-01-08T00:00:00+00:00,2022-01-14T00:00:00+00:00,3.1,CVSS:3.1/AV:N/AC:L/PR:H/UI:R/S:U/C:L/I:L/A:L,NETWORK,LOW,HIGH,REQUIRED,UNCHANGED,LOW,LOW,LOW,6.5,MEDIUM,0,0.0038914938364756793,0.0037,oracle,mysql,['CWE-79'],['cpe:2.3:a:oracle:mysql:*:*:*:*:*:*:*:*'],1,4
CVE-2023-10762,Command injection in management web interface in paloalto pan-os component.,2023-10-04T00:00:00+00:00,2023-11-20T00:00:00+00:00,3.1,CVSS:3.1/AV:L/AC:H/PR:N/UI:N/S:U/C:H/I:H/A:N,LOCAL,HIGH,NONE,NONE,UNCHANGED,HIGH,HIGH,NONE,7.6,HIGH,0,0.163065821687177,0.1549,paloalto,pan-os,['CWE-269'],['cpe:2.3:a:paloalto:pan-os:*:*:*:*:*:*:*:*'],1,3
CVE-2026-10763,Unauthenticated remote code execution in query optimizer in oracle mysql component.,2025-05-14T00:00:00+00:00,2025-07-29T00:00:00+00:00,3.1,CVSS:3.1/AV:L/AC:L/PR:H/UI:R/S:U/C:H/I:L/A:N,LOCAL,LOW,HIGH,REQUIRED,UNCHANGED,HIGH,LOW,NONE,6.1,MEDIUM,0,0.15578255394004267,0.148,oracle,mysql,['CWE-79'],['cpe:2.3:a:oracle:mysql:*:*:*:*:*:*:*:*'],1,2
CVE-2021-10764,Out-of-bounds memory access in V8 JavaScript engine in google chrome component.,2021-03-26T00:00:00+00:00,2021-06-10T00:00:00+00:00,3.1,CVSS:3.1/AV:A/AC:L/PR:H/UI:R/S:U/C:N/I:H/A:H,ADJACENT_NETWORK,LOW,HIGH,REQUIRED,UNCHANGED,NONE,HIGH,HIGH,8.1,HIGH,0,0.004866014739061219,0.0046,google,chrome,['CWE-269'],['cpe:2.3:a:google:chrome:*:*:*:*:*:*:*:*'],1,3
CVE-2022-10765,Integer overflow in HTTP request header processing in nginx nginx component.,2023-12-29T00:00:00+00:00,2024-01-18T00:00:00+00:00,3.1,CVSS:3.1/AV:N/AC:L/PR:N/UI:R/S:C/C:H/I:L/A:L,NETWORK,LOW,NONE,REQUIRED,CHANGED,HIGH,LOW,LOW,9.6,CRITICAL,0,0.34471808879826216,0.3275,nginx,nginx,['CWE-79'],['cpe:2.3:a:nginx:nginx:*:*:*:*:*:*:*:*'],1,4
CVE-2024-10766,Denial of service via HTTP/2 frame flooding in apache http_server component.,2023-05-09T00:00:00+00:00,2023-07-16T00:00:00+00:00,3.1,CVSS:3.1/AV:N/AC:L/PR:H/UI:R/S:U/C:L/I:N/A:H,NETWORK,LOW,HIGH,REQUIRED,UNCHANGED,LOW,NONE,HIGH,7.9,HIGH,0,0.11055884252946735,0.105,apache,http_server,['CWE-20'],['cpe:2.3:a:apache:http_server:*:*:*:*:*:*:*:*'],1,2
CVE-2024-10767,Remote code execution in Kerberos authentication service in microsoft windows_server component.,2024-11-03T00:00:00+00:00,2025-01-11T00:00:00+00:00,3.1,CVSS:3.1/AV:N/AC:L/PR:L/UI:R/S:C/C:L/I:H/A:L,NETWORK,LOW,LOW,REQUIRED,CHANGED,LOW,HIGH,LOW,7.9,HIGH,0,0.048236773608240205,0.0458,microsoft,windows_server,['CWE-119'],['cpe:2.3:a:microsoft:windows_server:*:*:*:*:*:*:*:*'],1,2
CVE-2022-10768,Buffer overflow in TLS handshake parser in openssl openssl component.,2024-03-17T00:00:00+00:00,2024-04-14T00:00:00+00:00,3.1,CVSS:3.1/AV:N/AC:H/PR:H/UI:R/S:C/C:N/I:L/A:H,NETWORK,HIGH,HIGH,REQUIRED,CHANGED,NONE,LOW,HIGH,6.4,MEDIUM,0,0.07104609653252682,0.0675,openssl,openssl,['CWE-200'],['cpe:2.3:a:openssl:openssl:*:*:*:*:*:*:*:*'],1,5
CVE-2022-10769,Denial of service via HTTP/2 frame flooding in apache http_server component.,2022-04-04T00:00:00+00:00,2022-04-10T00:00:00+00:00,3.1,CVSS:3.1/AV:A/AC:H/PR:N/UI:N/S:C/C:N/I:L/A:N,ADJACENT_NETWORK,HIGH,NONE,NONE,CHANGED,NONE,LOW,NONE,6.7,MEDIUM,0,0.08397972418856899,0.0798,apache,http_server,['CWE-119'],['cpe:2.3:a:apache:http_server:*:*:*:*:*:*:*:*'],1,2
CVE-2021-10770,Remote code execution via unsafe deserialization in spring spring_framework component.,2021-01-03T00:00:00+00:00,2021-03-28T00:00:00+00:00,3.1,CVSS:3.1/AV:L/AC:H/PR:L/UI:N/S:C/C:H/I:N/A:L,LOCAL,HIGH,LOW,NONE,CHANGED,HIGH,NONE,LOW,6.4,MEDIUM,0,0.21452049497226833,0.2038,spring,spring_framework,['CWE-200'],['cpe:2.3:a:spring:spring_framework:*:*:*:*:*:*:*:*'],1,3
CVE-2026-10771,Buffer overflow in TLS handshake parser in openssl openssl component.,2025-07-30T00:00:00+00:00,2025-08-01T00:00:00+00:00,3.1,CVSS:3.1/AV:L/AC:L/PR:H/UI:R/S:U/C:L/I:N/A:H,LOCAL,LOW,HIGH,REQUIRED,UNCHANGED,LOW,NONE,HIGH,6.2,MEDIUM,0,0.03211016332681592,0.0305,openssl,openssl,['CWE-79'],['cpe:2.3:a:openssl:openssl:*:*:*:*:*:*:*:*'],1,4
CVE-2026-10772,Use-after-free vulnerability in eBPF subsystem in linux linux_kernel component.,2024-07-23T00:00:00+00:00,2024-10-09T00:00:00+00:00,3.1,CVSS:3.1/AV:A/AC:H/PR:N/UI:R/S:C/C:N/I:H/A:H,ADJACENT_NETWORK,HIGH,NONE,REQUIRED,CHANGED,NONE,HIGH,HIGH,7.8,HIGH,0,0.013413146484892915,0.0127,linux,linux_kernel,['CWE-416'],['cpe:2.3:a:linux:linux_kernel:*:*:*:*:*:*:*:*'],1,2
CVE-2022-10773,Integer overflow in HTTP request header processing in nginx nginx component.,2025-02-03T00:00:00+00:00,2025-03-31T00:00:00+00:00,3.1,CVSS:3.1/AV:L/AC:L/PR:L/UI:N/S:C/C:N/I:L/A:N,LOCAL,LOW,LOW,NONE,CHANGED,NONE,LOW,NONE,6.3,MEDIUM,0,0.17160097303274943,0.163,nginx,nginx,['CWE-89'],['cpe:2.3:a:nginx:nginx:*:*:*:*:*:*:*:*'],1,2
CVE-2024-10774,Out-of-bounds memory access in V8 JavaScript engine in google chrome component.,2025-02-02T00:00:00+00:00,2025-02-26T00:00:00+00:00,3.1,CVSS:3.1/AV:L/AC:L/PR:L/UI:N/S:U/C:L/I:H/A:H,LOCAL,LOW,LOW,NONE,UNCHANGED,LOW,HIGH,HIGH,7.6,HIGH,0,0.018777310950362613,0.0178,google,chrome,['CWE-119'],['cpe:2.3:a:google:chrome:*:*:*:*:*:*:*:*'],1,1
CVE-2021-10775,Command injection in management web interface in paloalto pan-os component.,2023-05-24T00:00:00+00:00,2023-06-25T00:00:00+00:00,3.1,CVSS:3.1/AV:P/AC:H/PR:N/UI:N/S:U/C:H/I:N/A:L,PHYSICAL,HIGH,NONE,NONE,UNCHANGED,HIGH,NONE,LOW,6.4,MEDIUM,0,0.105666933528785,0.1004,paloalto,pan-os,['CWE-416'],['cpe:2.3:a:paloalto:pan-os:*:*:*:*:*:*:*:*'],1,1
CVE-2021-10776,Denial of service via HTTP/2 frame flooding in apache http_server component.,2025-04-13T00:00:00+00:00,2025-07-05T00:00:00+00:00,3.1,CVSS:3.1/AV:N/AC:L/PR:N/UI:N/S:C/C:N/I:H/A:H,NETWORK,LOW,NONE,NONE,CHANGED,NONE,HIGH,HIGH,10.0,CRITICAL,1,0.7219835226505911,0.6859,apache,http_server,['CWE-20'],['cpe:2.3:a:apache:http_server:*:*:*:*:*:*:*:*'],1,1
CVE-2026-10777,Remote code execution via unsafe deserialization in spring spring_framework component.,2025-08-03T00:00:00+00:00,2025-09-16T00:00:00+00:00,3.1,CVSS:3.1/AV:N/AC:L/PR:N/UI:R/S:C/C:N/I:L/A:L,NETWORK,LOW,NONE,REQUIRED,CHANGED,NONE,LOW,LOW,8.4,HIGH,0,0.0029599080363952564,0.0028,spring,spring_framework,['CWE-119'],['cpe:2.3:a:spring:spring_framework:*:*:*:*:*:*:*:*'],1,1
CVE-2026-10778,Remote code execution via unsafe deserialization in spring spring_framework component.,2022-07-02T00:00:00+00:00,2022-09-21T00:00:00+00:00,3.1,CVSS:3.1/AV:N/AC:L/PR:N/UI:N/S:C/C:N/I:H/A:L,NETWORK,LOW,NONE,NONE,CHANGED,NONE,HIGH,LOW,9.8,CRITICAL,1,0.03355127559844794,0.0319,spring,spring_framework,['CWE-119'],['cpe:2.3:a:spring:spring_framework:*:*:*:*:*:*:*:*'],1,1
CVE-2024-10779,Privilege escalation via authenticated extension loading in postgresql postgresql component.,2023-03-01T00:00:00+00:00,2023-03-20T00:00:00+00:00,3.1,CVSS:3.1/AV:L/AC:H/PR:N/UI:R/S:U/C:L/I:N/A:N,LOCAL,HIGH,NONE,REQUIRED,UNCHANGED,LOW,NONE,NONE,4.7,MEDIUM,0,0.10269426874593329,0.0976,postgresql,postgresql,['CWE-119'],['cpe:2.3:a:postgresql:postgresql:*:*:*:*:*:*:*:*'],1,1
CVE-2023-10780,Use-after-free vulnerability in eBPF subsystem in linux linux_kernel component.,2021-06-06T00:00:00+00:00,2021-08-24T00:00:00+00:00,3.1,CVSS:3.1/AV:L/AC:L/PR:L/UI:N/S:U/C:H/I:N/A:N,LOCAL,LOW,LOW,NONE,UNCHANGED,HIGH,NONE,NONE,6.2,MEDIUM,0,0.37546447393885973,0.3567,linux,linux_kernel,['CWE-416'],['cpe:2.3:a:linux:linux_kernel:*:*:*:*:*:*:*:*'],1,5
CVE-2025-10781,Unauthenticated remote code execution in query optimizer in oracle mysql component.,2022-01-07T00:00:00+00:00,2022-04-04T00:00:00+00:00,3.1,CVSS:3.1/AV:P/AC:L/PR:H/UI:R/S:C/C:L/I:N/A:L,PHYSICAL,LOW,HIGH,REQUIRED,CHANGED,LOW,NONE,LOW,4.7,MEDIUM,0,0.0023240569012807255,0.0022,oracle,mysql,['CWE-787'],['cpe:2.3:a:oracle:mysql:*:*:*:*:*:*:*:*'],1,3
CVE-2026-10782,Use-after-free vulnerability in eBPF subsystem in linux linux_kernel component.,2025-06-24T00:00:00+00:00,2025-07-04T00:00:00+00:00,3.1,CVSS:3.1/AV:N/AC:L/PR:H/UI:N/S:C/C:N/I:L/A:L,NETWORK,LOW,HIGH,NONE,CHANGED,NONE,LOW,LOW,7.4,HIGH,0,0.04447387331541501,0.0423,linux,linux_kernel,['CWE-787'],['cpe:2.3:a:linux:linux_kernel:*:*:*:*:*:*:*:*'],1,1
CVE-2025-10783,Denial of service via HTTP/2 frame flooding in apache http_server component.,2023-05-26T00:00:00+00:00,2023-07-01T00:00:00+00:00,3.1,CVSS:3.1/AV:A/AC:L/PR:L/UI:N/S:U/C:L/I:L/A:L,ADJACENT_NETWORK,LOW,LOW,NONE,UNCHANGED,LOW,LOW,LOW,6.7,MEDIUM,0,0.008203872006054217,0.0078,apache,http_server,['CWE-787'],['cpe:2.3:a:apache:http_server:*:*:*:*:*:*:*:*'],1,4
CVE-2026-10784,Integer overflow in HTTP request header processing in nginx nginx component.,2023-04-28T00:00:00+00:00,2023-07-15T00:00:00+00:00,3.1,CVSS:3.1/AV:L/AC:L/PR:H/UI:N/S:C/C:L/I:H/A:L,LOCAL,LOW,HIGH,NONE,CHANGED,LOW,HIGH,LOW,7.3,HIGH,0,0.3483256527321236,0.3309,nginx,nginx,['CWE-787'],['cpe:2.3:a:nginx:nginx:*:*:*:*:*:*:*:*'],1,5
CVE-2022-10785,Remote code execution via unsafe deserialization in spring spring_framework component.,2023-02-27T00:00:00+00:00,2023-03-10T00:00:00+00:00,3.1,CVSS:3.1/AV:P/AC:L/PR:H/UI:N/S:U/C:L/I:N/A:N,PHYSICAL,LOW,HIGH,NONE,UNCHANGED,LOW,NONE,NONE,4.3,MEDIUM,0,0.0015043971318549748,0.0014,spring,spring_framework,['CWE-20'],['cpe:2.3:a:spring:spring_framework:*:*:*:*:*:*:*:*'],1,3
CVE-2024-10786,Remote code execution via unsafe deserialization in spring spring_framework component.,2021-10-01T00:00:00+00:00,2021-10-16T00:00:00+00:00,3.1,CVSS:3.1/AV:N/AC:H/PR:L/UI:N/S:C/C:L/I:N/A:H,NETWORK,HIGH,LOW,NONE,CHANGED,LOW,NONE,HIGH,7.6,HIGH,0,0.26628997449773817,0.253,spring,spring_framework,['CWE-416'],['cpe:2.3:a:spring:spring_framework:*:*:*:*:*:*:*:*'],1,2
CVE-2022-10787,Privilege escalation via authenticated extension loading in postgresql postgresql component.,2021-04-25T00:00:00+00:00,2021-05-13T00:00:00+00:00,3.1,CVSS:3.1/AV:N/AC:L/PR:L/UI:N/S:C/C:L/I:N/A:H,NETWORK,LOW,LOW,NONE,CHANGED,LOW,NONE,HIGH,8.6,HIGH,1,0.24492421808625617,0.2327,postgresql,postgresql,['CWE-79'],['cpe:2.3:a:postgresql:postgresql:*:*:*:*:*:*:*:*'],1,4
CVE-2022-10788,Out-of-bounds memory access in V8 JavaScript engine in google chrome component.,2021-03-03T00:00:00+00:00,2021-03-22T00:00:00+00:00,3.1,CVSS:3.1/AV:L/AC:L/PR:N/UI:N/S:U/C:N/I:H/A:L,LOCAL,LOW,NONE,NONE,UNCHANGED,NONE,HIGH,LOW,7.8,HIGH,0,0.23702884878389757,0.2252,google,chrome,['CWE-89'],['cpe:2.3:a:google:chrome:*:*:*:*:*:*:*:*'],1,2
CVE-2026-10789,Integer overflow in HTTP request header processing in nginx nginx component.,2021-10-14T00:00:00+00:00,2021-12-21T00:00:00+00:00,3.1,CVSS:3.1/AV:L/AC:H/PR:L/UI:R/S:C/C:H/I:H/A:N,LOCAL,HIGH,LOW,REQUIRED,CHANGED,HIGH,HIGH,NONE,6.6,MEDIUM,0,0.27360341560391127,0.2599,nginx,nginx,['CWE-200'],['cpe:2.3:a:nginx:nginx:*:*:*:*:*:*:*:*'],1,1
CVE-2021-10790,Command injection in management web interface in paloalto pan-os component.,2024-08-08T00:00:00+00:00,2024-08-13T00:00:00+00:00,3.1,CVSS:3.1/AV:A/AC:L/PR:N/UI:R/S:C/C:H/I:L/A:H,ADJACENT_NETWORK,LOW,NONE,REQUIRED,CHANGED,HIGH,LOW,HIGH,9.6,CRITICAL,0,0.2283656190049301,0.2169,paloalto,pan-os,['CWE-200'],['cpe:2.3:a:paloalto:pan-os:*:*:*:*:*:*:*:*'],1,5
CVE-2023-10791,Remote code execution via unsafe deserialization in spring spring_framework component.,2024-12-23T00:00:00+00:00,2025-01-22T00:00:00+00:00,3.1,CVSS:3.1/AV:P/AC:L/PR:L/UI:N/S:C/C:N/I:H/A:N,PHYSICAL,LOW,LOW,NONE,CHANGED,NONE,HIGH,NONE,6.5,MEDIUM,0,0.004536790074389435,0.0043,spring,spring_framework,['CWE-416'],['cpe:2.3:a:spring:spring_framework:*:*:*:*:*:*:*:*'],1,5
CVE-2022-10792,Buffer overflow in TLS handshake parser in openssl openssl component.,2023-03-15T00:00:00+00:00,2023-04-08T00:00:00+00:00,3.1,CVSS:3.1/AV:N/AC:H/PR:L/UI:R/S:C/C:L/I:N/A:N,NETWORK,HIGH,LOW,REQUIRED,CHANGED,LOW,NONE,NONE,5.7,MEDIUM,0,0.17396176038333563,0.1653,openssl,openssl,['CWE-269'],['cpe:2.3:a:openssl:openssl:*:*:*:*:*:*:*:*'],1,4
CVE-2023-10793,Privilege escalation via authenticated extension loading in postgresql postgresql component.,2021-08-11T00:00:00+00:00,2021-08-25T00:00:00+00:00,3.1,CVSS:3.1/AV:N/AC:H/PR:H/UI:R/S:U/C:N/I:L/A:N,NETWORK,HIGH,HIGH,REQUIRED,UNCHANGED,NONE,LOW,NONE,5.4,MEDIUM,0,0.11013952562185325,0.1046,postgresql,postgresql,['CWE-79'],['cpe:2.3:a:postgresql:postgresql:*:*:*:*:*:*:*:*'],1,1
CVE-2025-10794,Privilege escalation via authenticated extension loading in postgresql postgresql component.,2021-01-23T00:00:00+00:00,2021-03-04T00:00:00+00:00,3.1,CVSS:3.1/AV:A/AC:L/PR:H/UI:N/S:U/C:L/I:N/A:H,ADJACENT_NETWORK,LOW,HIGH,NONE,UNCHANGED,LOW,NONE,HIGH,7.4,HIGH,0,0.004534825311409206,0.0043,postgresql,postgresql,['CWE-20'],['cpe:2.3:a:postgresql:postgresql:*:*:*:*:*:*:*:*'],1,5
CVE-2021-10795,Integer overflow in HTTP request header processing in nginx nginx component.,2021-04-09T00:00:00+00:00,2021-05-20T00:00:00+00:00,3.1,CVSS:3.1/AV:N/AC:H/PR:N/UI:R/S:C/C:L/I:H/A:N,NETWORK,HIGH,NONE,REQUIRED,CHANGED,LOW,HIGH,NONE,7.9,HIGH,0,0.08472371085151116,0.0805,nginx,nginx,['CWE-269'],['cpe:2.3:a:nginx:nginx:*:*:*:*:*:*:*:*'],1,4
CVE-2022-10796,Unauthenticated remote code execution in query optimizer in oracle mysql component.,2024-12-10T00:00:00+00:00,2025-03-07T00:00:00+00:00,3.1,CVSS:3.1/AV:N/AC:H/PR:L/UI:N/S:U/C:N/I:H/A:L,NETWORK,HIGH,LOW,NONE,UNCHANGED,NONE,HIGH,LOW,7.7,HIGH,0,0.017625011187371736,0.0167,oracle,mysql,['CWE-787'],['cpe:2.3:a:oracle:mysql:*:*:*:*:*:*:*:*'],1,5
CVE-2023-10797,Buffer overflow in TLS handshake parser in openssl openssl component.,2021-11-27T00:00:00+00:00,2021-12-17T00:00:00+00:00,3.1,CVSS:3.1/AV:P/AC:L/PR:H/UI:N/S:U/C:N/I:H/A:H,PHYSICAL,LOW,HIGH,NONE,UNCHANGED,NONE,HIGH,HIGH,6.7,MEDIUM,0,0.5193632337662729,0.4934,openssl,openssl,['CWE-89'],['cpe:2.3:a:openssl:openssl:*:*:*:*:*:*:*:*'],1,2
CVE-2025-10798,Remote code execution via unsafe deserialization in spring spring_framework component.,2025-02-01T00:00:00+00:00,2025-04-20T00:00:00+00:00,3.1,CVSS:3.1/AV:L/AC:H/PR:N/UI:R/S:C/C:L/I:H/A:L,LOCAL,HIGH,NONE,REQUIRED,CHANGED,LOW,HIGH,LOW,6.2,MEDIUM,0,0.4467442629919079,0.4244,spring,spring_framework,['CWE-20'],['cpe:2.3:a:spring:spring_framework:*:*:*:*:*:*:*:*'],1,4
CVE-2022-10799,Privilege escalation via authenticated extension loading in postgresql postgresql component.,2024-06-04T00:00:00+00:00,2024-08-21T00:00:00+00:00,3.1,CVSS:3.1/AV:N/AC:L/PR:H/UI:R/S:U/C:N/I:N/A:L,NETWORK,LOW,HIGH,REQUIRED,UNCHANGED,NONE,NONE,LOW,6.2,MEDIUM,0,0.0001,0.0001,postgresql,postgresql,['CWE-79'],['cpe:2.3:a:postgresql:postgresql:*:*:*:*:*:*:*:*'],1,4
CVE-2024-10800,Denial of service via HTTP/2 frame flooding in apache http_server component.,2022-10-05T00:00:00+00:00,2022-10-27T00:00:00+00:00,3.1,CVSS:3.1/AV:L/AC:L/PR:N/UI:R/S:C/C:L/I:N/A:N,LOCAL,LOW,NONE,REQUIRED,CHANGED,LOW,NONE,NONE,6.1,MEDIUM,0,0.0477291607321103,0.0453,apache,http_server,['CWE-89'],['cpe:2.3:a:apache:http_server:*:*:*:*:*:*:*:*'],1,4
CVE-2024-10801,Use-after-free vulnerability in eBPF subsystem in linux linux_kernel component.,2022-06-09T00:00:00+00:00,2022-08-05T00:00:00+00:00,3.1,CVSS:3.1/AV:A/AC:L/PR:H/UI:R/S:U/C:L/I:L/A:L,ADJACENT_NETWORK,LOW,HIGH,REQUIRED,UNCHANGED,LOW,LOW,LOW,5.5,MEDIUM,0,0.0007351455191143316,0.0007,linux,linux_kernel,['CWE-416'],['cpe:2.3:a:linux:linux_kernel:*:*:*:*:*:*:*:*'],1,5
CVE-2024-10802,Command injection in management web interface in paloalto pan-os component.,2023-01-22T00:00:00+00:00,2023-03-29T00:00:00+00:00,3.1,CVSS:3.1/AV:L/AC:H/PR:N/UI:R/S:C/C:L/I:H/A:N,LOCAL,HIGH,NONE,REQUIRED,CHANGED,LOW,HIGH,NONE,6.0,MEDIUM,0,0.32406355336312875,0.3079,paloalto,pan-os,['CWE-20'],['cpe:2.3:a:paloalto:pan-os:*:*:*:*:*:*:*:*'],1,2
CVE-2021-10803,Remote code execution via unsafe deserialization in spring spring_framework component.,2021-11-13T00:00:00+00:00,2021-11-27T00:00:00+00:00,3.1,CVSS:3.1/AV:L/AC:H/PR:N/UI:R/S:U/C:N/I:L/A:L,LOCAL,HIGH,NONE,REQUIRED,UNCHANGED,NONE,LOW,LOW,4.7,MEDIUM,0,0.020892619503247396,0.0198,spring,spring_framework,['CWE-79'],['cpe:2.3:a:spring:spring_framework:*:*:*:*:*:*:*:*'],1,3
CVE-2024-10804,Integer overflow in HTTP request header processing in nginx nginx component.,2024-08-08T00:00:00+00:00,2024-10-16T00:00:00+00:00,3.1,CVSS:3.1/AV:P/AC:L/PR:N/UI:N/S:U/C:L/I:L/A:N,PHYSICAL,LOW,NONE,NONE,UNCHANGED,LOW,LOW,NONE,5.4,MEDIUM,0,0.06872548356753802,0.0653,nginx,nginx,['CWE-416'],['cpe:2.3:a:nginx:nginx:*:*:*:*:*:*:*:*'],1,3
CVE-2023-10805,Denial of service via HTTP/2 frame flooding in apache http_server component.,2022-12-03T00:00:00+00:00,2023-02-19T00:00:00+00:00,3.1,CVSS:3.1/AV:P/AC:L/PR:H/UI:R/S:U/C:L/I:L/A:N,PHYSICAL,LOW,HIGH,REQUIRED,UNCHANGED,LOW,LOW,NONE,3.9,LOW,0,0.0004878352292250322,0.0005,apache,http_server,['CWE-89'],['cpe:2.3:a:apache:http_server:*:*:*:*:*:*:*:*'],1,4
CVE-2026-10806,Command injection in management web interface in paloalto pan-os component.,2022-03-14T00:00:00+00:00,2022-04-24T00:00:00+00:00,3.1,CVSS:3.1/AV:N/AC:H/PR:N/UI:R/S:C/C:L/I:N/A:N,NETWORK,HIGH,NONE,REQUIRED,CHANGED,LOW,NONE,NONE,7.0,HIGH,0,0.0024553844221911576,0.0023,paloalto,pan-os,['CWE-119'],['cpe:2.3:a:paloalto:pan-os:*:*:*:*:*:*:*:*'],1,1
CVE-2023-10807,Remote code execution in Kerberos authentication service in microsoft windows_server component.,2022-06-01T00:00:00+00:00,2022-08-22T00:00:00+00:00,3.1,CVSS:3.1/AV:A/AC:L/PR:N/UI:N/S:C/C:L/I:N/A:L,ADJACENT_NETWORK,LOW,NONE,NONE,CHANGED,LOW,NONE,LOW,8.0,HIGH,0,0.002193889242648254,0.0021,microsoft,windows_server,['CWE-787'],['cpe:2.3:a:microsoft:windows_server:*:*:*:*:*:*:*:*'],1,4
CVE-2022-10808,Remote code execution via unsafe deserialization in spring spring_framework component.,2024-10-03T00:00:00+00:00,2024-11-06T00:00:00+00:00,3.1,CVSS:3.1/AV:A/AC:L/PR:N/UI:R/S:C/C:L/I:N/A:N,ADJACENT_NETWORK,LOW,NONE,REQUIRED,CHANGED,LOW,NONE,NONE,7.6,HIGH,0,0.22379568405174358,0.2126,spring,spring_framework,['CWE-269'],['cpe:2.3:a:spring:spring_framework:*:*:*:*:*:*:*:*'],1,4
CVE-2024-10809,Integer overflow in HTTP request header processing in nginx nginx component.,2024-01-02T00:00:00+00:00,2024-03-31T00:00:00+00:00,3.1,CVSS:3.1/AV:A/AC:H/PR:L/UI:R/S:U/C:H/I:H/A:N,ADJACENT_NETWORK,HIGH,LOW,REQUIRED,UNCHANGED,HIGH,HIGH,NONE,6.5,MEDIUM,0,0.1985145029667544,0.1886,nginx,nginx,['CWE-79'],['cpe:2.3:a:nginx:nginx:*:*:*:*:*:*:*:*'],1,5
CVE-2022-10810,Out-of-bounds memory access in V8 JavaScript engine in google chrome component.,2022-10-26T00:00:00+00:00,2023-01-20T00:00:00+00:00,3.1,CVSS:3.1/AV:L/AC:L/PR:N/UI:R/S:U/C:L/I:L/A:N,LOCAL,LOW,NONE,REQUIRED,UNCHANGED,LOW,LOW,NONE,6.0,MEDIUM,0,0.10937003476723961,0.1039,google,chrome,['CWE-416'],['cpe:2.3:a:google:chrome:*:*:*:*:*:*:*:*'],1,3
CVE-2026-10811,Remote code execution via unsafe deserialization in spring spring_framework component.,2021-01-08T00:00:00+00:00,2021-03-07T00:00:00+00:00,3.1,CVSS:3.1/AV:A/AC:H/PR:H/UI:N/S:U/C:N/I:H/A:N,ADJACENT_NETWORK,HIGH,HIGH,NONE,UNCHANGED,NONE,HIGH,NONE,6.2,MEDIUM,0,0.021146739718111058,0.0201,spring,spring_framework,['CWE-416'],['cpe:2.3:a:spring:spring_framework:*:*:*:*:*:*:*:*'],1,5
CVE-2025-10812,Command injection in management web interface in paloalto pan-os component.,2023-02-13T00:00:00+00:00,2023-03-13T00:00:00+00:00,3.1,CVSS:3.1/AV:L/AC:L/PR:N/UI:N/S:C/C:L/I:N/A:L,LOCAL,LOW,NONE,NONE,CHANGED,LOW,NONE,LOW,7.7,HIGH,0,0.04302222295226679,0.0409,paloalto,pan-os,['CWE-200'],['cpe:2.3:a:paloalto:pan-os:*:*:*:*:*:*:*:*'],1,5
CVE-2026-10813,Denial of service via HTTP/2 frame flooding in apache http_server component.,2023-10-20T00:00:00+00:00,2024-01-12T00:00:00+00:00,3.1,CVSS:3.1/AV:P/AC:H/PR:L/UI:R/S:C/C:H/I:L/A:H,PHYSICAL,HIGH,LOW,REQUIRED,CHANGED,HIGH,LOW,HIGH,5.8,MEDIUM,0,0.0001,0.0001,apache,http_server,['CWE-269'],['cpe:2.3:a:apache:http_server:*:*:*:*:*:*:*:*'],1,1
CVE-2024-10814,Command injection in management web interface in paloalto pan-os component.,2023-05-28T00:00:00+00:00,2023-07-15T00:00:00+00:00,3.1,CVSS:3.1/AV:A/AC:L/PR:H/UI:R/S:C/C:L/I:H/A:H,ADJACENT_NETWORK,LOW,HIGH,REQUIRED,CHANGED,LOW,HIGH,HIGH,7.8,HIGH,0,0.010244674879396754,0.0097,paloalto,pan-os,['CWE-416'],['cpe:2.3:a:paloalto:pan-os:*:*:*:*:*:*:*:*'],1,3
CVE-2021-10815,Out-of-bounds memory access in V8 JavaScript engine in google chrome component.,2021-06-29T00:00:00+00:00,2021-07-13T00:00:00+00:00,3.1,CVSS:3.1/AV:N/AC:L/PR:H/UI:R/S:U/C:L/I:H/A:H,NETWORK,LOW,HIGH,REQUIRED,UNCHANGED,LOW,HIGH,HIGH,8.0,HIGH,0,0.9635463431169784,0.9154,google,chrome,['CWE-79'],['cpe:2.3:a:google:chrome:*:*:*:*:*:*:*:*'],1,4
CVE-2025-10816,Remote code execution via unsafe deserialization in spring spring_framework component.,2025-07-09T00:00:00+00:00,2025-07-14T00:00:00+00:00,3.1,CVSS:3.1/AV:L/AC:H/PR:N/UI:N/S:C/C:H/I:L/A:N,LOCAL,HIGH,NONE,NONE,CHANGED,HIGH,LOW,NONE,7.3,HIGH,0,0.02918468462975477,0.0277,spring,spring_framework,['CWE-119'],['cpe:2.3:a:spring:spring_framework:*:*:*:*:*:*:*:*'],1,4
CVE-2023-10817,Denial of service via HTTP/2 frame flooding in apache http_server component.,2025-06-14T00:00:00+00:00,2025-08-13T00:00:00+00:00,3.1,CVSS:3.1/AV:P/AC:H/PR:N/UI:R/S:U/C:H/I:L/A:L,PHYSICAL,HIGH,NONE,REQUIRED,UNCHANGED,HIGH,LOW,LOW,5.1,MEDIUM,0,0.0029516506038029617,0.0028,apache,http_server,['CWE-200'],['cpe:2.3:a:apache:http_server:*:*:*:*:*:*:*:*'],1,3
CVE-2026-10818,Remote code execution in Kerberos authentication service in microsoft windows_server component.,2022-05-10T00:00:00+00:00,2022-05-11T00:00:00+00:00,3.1,CVSS:3.1/AV:P/AC:L/PR:N/UI:N/S:U/C:L/I:H/A:H,PHYSICAL,LOW,NONE,NONE,UNCHANGED,LOW,HIGH,HIGH,8.4,HIGH,0,0.1259190161128729,0.1196,microsoft,windows_server,['CWE-269'],['cpe:2.3:a:microsoft:windows_server:*:*:*:*:*:*:*:*'],1,3
CVE-2025-10819,Command injection in management web interface in paloalto pan-os component.,2023-05-31T00:00:00+00:00,2023-07-01T00:00:00+00:00,3.1,CVSS:3.1/AV:P/AC:L/PR:H/UI:R/S:U/C:H/I:L/A:N,PHYSICAL,LOW,HIGH,REQUIRED,UNCHANGED,HIGH,LOW,NONE,5.0,MEDIUM,0,0.29759780406409725,0.2827,paloalto,pan-os,['CWE-416'],['cpe:2.3:a:paloalto:pan-os:*:*:*:*:*:*:*:*'],1,2
CVE-2023-10820,Remote code execution in Kerberos authentication service in microsoft windows_server component.,2023-11-26T00:00:00+00:00,2023-12-17T00:00:00+00:00,3.1,CVSS:3.1/AV:P/AC:L/PR:N/UI:N/S:U/C:H/I:H/A:L,PHYSICAL,LOW,NONE,NONE,UNCHANGED,HIGH,HIGH,LOW,8.1,HIGH,0,0.011812463809563384,0.0112,microsoft,windows_server,['CWE-200'],['cpe:2.3:a:microsoft:windows_server:*:*:*:*:*:*:*:*'],1,5
CVE-2023-10821,Command injection in management web interface in paloalto pan-os component.,2022-02-22T00:00:00+00:00,2022-03-06T00:00:00+00:00,3.1,CVSS:3.1/AV:N/AC:L/PR:L/UI:N/S:U/C:N/I:H/A:H,NETWORK,LOW,LOW,NONE,UNCHANGED,NONE,HIGH,HIGH,8.6,HIGH,0,0.3131272310460304,0.2975,paloalto,pan-os,['CWE-79'],['cpe:2.3:a:paloalto:pan-os:*:*:*:*:*:*:*:*'],1,5
CVE-2021-10822,Remote code execution in Kerberos authentication service in microsoft windows_server component.,2025-03-01T00:00:00+00:00,2025-03-18T00:00:00+00:00,3.1,CVSS:3.1/AV:P/AC:H/PR:N/UI:N/S:U/C:L/I:N/A:H,PHYSICAL,HIGH,NONE,NONE,UNCHANGED,LOW,NONE,HIGH,5.4,MEDIUM,0,0.11945441723722107,0.1135,microsoft,windows_server,['CWE-119'],['cpe:2.3:a:microsoft:windows_server:*:*:*:*:*:*:*:*'],1,4
CVE-2026-10823,Use-after-free vulnerability in eBPF subsystem in linux linux_kernel component.,2021-04-16T00:00:00+00:00,2021-05-22T00:00:00+00:00,3.1,CVSS:3.1/AV:N/AC:L/PR:H/UI:N/S:U/C:N/I:L/A:H,NETWORK,LOW,HIGH,NONE,UNCHANGED,NONE,LOW,HIGH,7.9,HIGH,0,0.035335918488205074,0.0336,linux,linux_kernel,['CWE-79'],['cpe:2.3:a:linux:linux_kernel:*:*:*:*:*:*:*:*'],1,1
CVE-2023-10824,Command injection in management web interface in paloalto pan-os component.,2022-06-21T00:00:00+00:00,2022-07-15T00:00:00+00:00,3.1,CVSS:3.1/AV:N/AC:L/PR:L/UI:R/S:U/C:L/I:N/A:L,NETWORK,LOW,LOW,REQUIRED,UNCHANGED,LOW,NONE,LOW,6.5,MEDIUM,0,0.02676559698024214,0.0254,paloalto,pan-os,['CWE-20'],['cpe:2.3:a:paloalto:pan-os:*:*:*:*:*:*:*:*'],1,4
CVE-2024-10825,Denial of service via HTTP/2 frame flooding in apache http_server component.,2024-07-05T00:00:00+00:00,2024-07-15T00:00:00+00:00,3.1,CVSS:3.1/AV:A/AC:H/PR:L/UI:R/S:C/C:N/I:N/A:L,ADJACENT_NETWORK,HIGH,LOW,REQUIRED,CHANGED,NONE,NONE,LOW,4.8,MEDIUM,0,0.24033100422275364,0.2283,apache,http_server,['CWE-20'],['cpe:2.3:a:apache:http_server:*:*:*:*:*:*:*:*'],1,2
CVE-2026-10826,Out-of-bounds memory access in V8 JavaScript engine in google chrome component.,2024-05-27T00:00:00+00:00,2024-06-01T00:00:00+00:00,3.1,CVSS:3.1/AV:N/AC:H/PR:L/UI:R/S:U/C:N/I:H/A:H,NETWORK,HIGH,LOW,REQUIRED,UNCHANGED,NONE,HIGH,HIGH,7.6,HIGH,0,0.31049456495696626,0.295,google,chrome,['CWE-200'],['cpe:2.3:a:google:chrome:*:*:*:*:*:*:*:*'],1,1
CVE-2025-10827,Privilege escalation via authenticated extension loading in postgresql postgresql component.,2021-03-02T00:00:00+00:00,2021-05-10T00:00:00+00:00,3.1,CVSS:3.1/AV:N/AC:L/PR:N/UI:R/S:U/C:N/I:N/A:L,NETWORK,LOW,NONE,REQUIRED,UNCHANGED,NONE,NONE,LOW,8.0,HIGH,1,0.0017740930336452127,0.0017,postgresql,postgresql,['CWE-79'],['cpe:2.3:a:postgresql:postgresql:*:*:*:*:*:*:*:*'],1,2
CVE-2023-10828,Use-after-free vulnerability in eBPF subsystem in linux linux_kernel component.,2023-09-14T00:00:00+00:00,2023-10-10T00:00:00+00:00,3.1,CVSS:3.1/AV:N/AC:H/PR:H/UI:R/S:C/C:H/I:L/A:L,NETWORK,HIGH,HIGH,REQUIRED,CHANGED,HIGH,LOW,LOW,6.6,MEDIUM,0,0.0058106661958531374,0.0055,linux,linux_kernel,['CWE-416'],['cpe:2.3:a:linux:linux_kernel:*:*:*:*:*:*:*:*'],1,2
CVE-2022-10829,Use-after-free vulnerability in eBPF subsystem in linux linux_kernel component.,2022-02-10T00:00:00+00:00,2022-05-09T00:00:00+00:00,3.1,CVSS:3.1/AV:L/AC:H/PR:N/UI:R/S:U/C:N/I:H/A:L,LOCAL,HIGH,NONE,REQUIRED,UNCHANGED,NONE,HIGH,LOW,6.4,MEDIUM,0,0.005406515580919045,0.0051,linux,linux_kernel,['CWE-416'],['cpe:2.3:a:linux:linux_kernel:*:*:*:*:*:*:*:*'],1,4
CVE-2025-10830,Remote code execution in Kerberos authentication service in microsoft windows_server component.,2025-03-11T00:00:00+00:00,2025-04-15T00:00:00+00:00,3.1,CVSS:3.1/AV:L/AC:L/PR:H/UI:R/S:C/C:N/I:H/A:L,LOCAL,LOW,HIGH,REQUIRED,CHANGED,NONE,HIGH,LOW,5.9,MEDIUM,0,0.1319146571024748,0.1253,microsoft,windows_server,['CWE-269'],['cpe:2.3:a:microsoft:windows_server:*:*:*:*:*:*:*:*'],1,1
CVE-2022-10831,Integer overflow in HTTP request header processing in nginx nginx component.,2021-03-11T00:00:00+00:00,2021-05-16T00:00:00+00:00,3.1,CVSS:3.1/AV:L/AC:H/PR:L/UI:R/S:C/C:N/I:N/A:N,LOCAL,HIGH,LOW,REQUIRED,CHANGED,NONE,NONE,NONE,4.5,MEDIUM,0,0.10266257837314983,0.0975,nginx,nginx,['CWE-269'],['cpe:2.3:a:nginx:nginx:*:*:*:*:*:*:*:*'],1,4
CVE-2023-10832,Command injection in management web interface in paloalto pan-os component.,2022-05-18T00:00:00+00:00,2022-05-28T00:00:00+00:00,3.1,CVSS:3.1/AV:A/AC:H/PR:L/UI:N/S:C/C:N/I:N/A:L,ADJACENT_NETWORK,HIGH,LOW,NONE,CHANGED,NONE,NONE,LOW,5.5,MEDIUM,0,0.09881183475583435,0.0939,paloalto,pan-os,['CWE-20'],['cpe:2.3:a:paloalto:pan-os:*:*:*:*:*:*:*:*'],1,3
CVE-2024-10833,Privilege escalation via authenticated extension loading in postgresql postgresql component.,2024-03-08T00:00:00+00:00,2024-04-19T00:00:00+00:00,3.1,CVSS:3.1/AV:A/AC:L/PR:L/UI:R/S:U/C:H/I:N/A:N,ADJACENT_NETWORK,LOW,LOW,REQUIRED,UNCHANGED,HIGH,NONE,NONE,6.3,MEDIUM,0,0.004634380533751228,0.0044,postgresql,postgresql,['CWE-200'],['cpe:2.3:a:postgresql:postgresql:*:*:*:*:*:*:*:*'],1,5
CVE-2025-10834,Denial of service via HTTP/2 frame flooding in apache http_server component.,2024-08-16T00:00:00+00:00,2024-10-09T00:00:00+00:00,3.1,CVSS:3.1/AV:P/AC:H/PR:L/UI:N/S:U/C:N/I:L/A:L,PHYSICAL,HIGH,LOW,NONE,UNCHANGED,NONE,LOW,LOW,3.7,LOW,0,0.014921311597171775,0.0142,apache,http_server,['CWE-20'],['cpe:2.3:a:apache:http_server:*:*:*:*:*:*:*:*'],1,3
CVE-2021-10835,Remote code execution in Kerberos authentication service in microsoft windows_server component.,2021-09-12T00:00:00+00:00,2021-11-09T00:00:00+00:00,3.1,CVSS:3.1/AV:A/AC:H/PR:H/UI:R/S:U/C:H/I:N/A:L,ADJACENT_NETWORK,HIGH,HIGH,REQUIRED,UNCHANGED,HIGH,NONE,LOW,5.3,MEDIUM,0,0.4018251328027963,0.3817,microsoft,windows_server,['CWE-20'],['cpe:2.3:a:microsoft:windows_server:*:*:*:*:*:*:*:*'],1,5
CVE-2024-10836,Buffer overflow in TLS handshake parser in openssl openssl component.,2022-08-06T00:00:00+00:00,2022-08-23T00:00:00+00:00,3.1,CVSS:3.1/AV:P/AC:L/PR:H/UI:N/S:C/C:H/I:N/A:N,PHYSICAL,LOW,HIGH,NONE,CHANGED,HIGH,NONE,NONE,6.3,MEDIUM,0,0.1925746022283875,0.1829,openssl,openssl,['CWE-787'],['cpe:2.3:a:openssl:openssl:*:*:*:*:*:*:*:*'],1,1
CVE-2026-10837,Remote code execution in Kerberos authentication service in microsoft windows_server component.,2022-09-09T00:00:00+00:00,2022-10-15T00:00:00+00:00,3.1,CVSS:3.1/AV:L/AC:H/PR:L/UI:N/S:C/C:L/I:H/A:N,LOCAL,HIGH,LOW,NONE,CHANGED,LOW,HIGH,NONE,5.9,MEDIUM,0,0.2844775439827296,0.2703,microsoft,windows_server,['CWE-416'],['cpe:2.3:a:microsoft:windows_server:*:*:*:*:*:*:*:*'],1,3
CVE-2024-10838,Integer overflow in HTTP request header processing in nginx nginx component.,2025-10-05T00:00:00+00:00,2025-12-27T00:00:00+00:00,3.1,CVSS:3.1/AV:N/AC:H/PR:H/UI:N/S:U/C:N/I:N/A:N,NETWORK,HIGH,HIGH,NONE,UNCHANGED,NONE,NONE,NONE,6.4,MEDIUM,0,0.010117652868021548,0.0096,nginx,nginx,['CWE-89'],['cpe:2.3:a:nginx:nginx:*:*:*:*:*:*:*:*'],1,1
CVE-2026-10839,Unauthenticated remote code execution in query optimizer in oracle mysql component.,2025-01-23T00:00:00+00:00,2025-03-20T00:00:00+00:00,3.1,CVSS:3.1/AV:A/AC:L/PR:N/UI:N/S:C/C:H/I:N/A:H,ADJACENT_NETWORK,LOW,NONE,NONE,CHANGED,HIGH,NONE,HIGH,9.8,CRITICAL,0,0.038134198400849306,0.0362,oracle,mysql,['CWE-20'],['cpe:2.3:a:oracle:mysql:*:*:*:*:*:*:*:*'],1,3
CVE-2021-10840,Buffer overflow in TLS handshake parser in openssl openssl component.,2021-04-09T00:00:00+00:00,2021-05-18T00:00:00+00:00,3.1,CVSS:3.1/AV:N/AC:H/PR:L/UI:R/S:C/C:H/I:N/A:N,NETWORK,HIGH,LOW,REQUIRED,CHANGED,HIGH,NONE,NONE,7.2,HIGH,0,0.013921770679806706,0.0132,openssl,openssl,['CWE-787'],['cpe:2.3:a:openssl:openssl:*:*:*:*:*:*:*:*'],1,1
CVE-2023-10841,Command injection in management web interface in paloalto pan-os component.,2025-11-01T00:00:00+00:00,2025-11-20T00:00:00+00:00,3.1,CVSS:3.1/AV:P/AC:H/PR:H/UI:N/S:U/C:H/I:L/A:H,PHYSICAL,HIGH,HIGH,NONE,UNCHANGED,HIGH,LOW,HIGH,5.9,MEDIUM,0,0.029325954716120532,0.0279,paloalto,pan-os,['CWE-787'],['cpe:2.3:a:paloalto:pan-os:*:*:*:*:*:*:*:*'],1,3
CVE-2026-10842,Unauthenticated remote code execution in query optimizer in oracle mysql component.,2023-09-16T00:00:00+00:00,2023-10-15T00:00:00+00:00,3.1,CVSS:3.1/AV:N/AC:H/PR:L/UI:N/S:C/C:H/I:N/A:H,NETWORK,HIGH,LOW,NONE,CHANGED,HIGH,NONE,HIGH,9.1,CRITICAL,0,0.523838368115663,0.4976,oracle,mysql,['CWE-119'],['cpe:2.3:a:oracle:mysql:*:*:*:*:*:*:*:*'],1,1
CVE-2024-10843,Denial of service via HTTP/2 frame flooding in apache http_server component.,2021-05-04T00:00:00+00:00,2021-06-01T00:00:00+00:00,3.1,CVSS:3.1/AV:N/AC:L/PR:L/UI:R/S:U/C:L/I:N/A:L,NETWORK,LOW,LOW,REQUIRED,UNCHANGED,LOW,NONE,LOW,6.7,MEDIUM,0,0.017445142521278104,0.0166,apache,http_server,['CWE-119'],['cpe:2.3:a:apache:http_server:*:*:*:*:*:*:*:*'],1,5
CVE-2025-10844,Remote code execution via unsafe deserialization in spring spring_framework component.,2025-10-25T00:00:00+00:00,2025-12-05T00:00:00+00:00,3.1,CVSS:3.1/AV:L/AC:H/PR:H/UI:N/S:U/C:N/I:N/A:L,LOCAL,HIGH,HIGH,NONE,UNCHANGED,NONE,NONE,LOW,4.5,MEDIUM,0,0.07481077984033394,0.0711,spring,spring_framework,['CWE-416'],['cpe:2.3:a:spring:spring_framework:*:*:*:*:*:*:*:*'],1,4
CVE-2025-10845,Out-of-bounds memory access in V8 JavaScript engine in google chrome component.,2022-02-20T00:00:00+00:00,2022-04-13T00:00:00+00:00,3.1,CVSS:3.1/AV:A/AC:L/PR:L/UI:R/S:U/C:H/I:L/A:H,ADJACENT_NETWORK,LOW,LOW,REQUIRED,UNCHANGED,HIGH,LOW,HIGH,8.0,HIGH,0,0.038646701386720876,0.0367,google,chrome,['CWE-79'],['cpe:2.3:a:google:chrome:*:*:*:*:*:*:*:*'],1,2
CVE-2021-10846,Integer overflow in HTTP request header processing in nginx nginx component.,2025-03-06T00:00:00+00:00,2025-03-21T00:00:00+00:00,3.1,CVSS:3.1/AV:A/AC:L/PR:L/UI:N/S:C/C:N/I:L/A:H,ADJACENT_NETWORK,LOW,LOW,NONE,CHANGED,NONE,LOW,HIGH,7.8,HIGH,0,0.16881412063428136,0.1604,nginx,nginx,['CWE-787'],['cpe:2.3:a:nginx:nginx:*:*:*:*:*:*:*:*'],1,3
CVE-2021-10847,Use-after-free vulnerability in eBPF subsystem in linux linux_kernel component.,2024-02-02T00:00:00+00:00,2024-02-13T00:00:00+00:00,3.1,CVSS:3.1/AV:L/AC:H/PR:N/UI:N/S:C/C:H/I:L/A:H,LOCAL,HIGH,NONE,NONE,CHANGED,HIGH,LOW,HIGH,7.5,HIGH,0,0.06527214854390001,0.062,linux,linux_kernel,['CWE-269'],['cpe:2.3:a:linux:linux_kernel:*:*:*:*:*:*:*:*'],1,1
CVE-2023-10848,Integer overflow in HTTP request header processing in nginx nginx component.,2023-01-28T00:00:00+00:00,2023-02-10T00:00:00+00:00,3.1,CVSS:3.1/AV:N/AC:H/PR:H/UI:R/S:U/C:L/I:N/A:L,NETWORK,HIGH,HIGH,REQUIRED,UNCHANGED,LOW,NONE,LOW,5.0,MEDIUM,0,0.00023754436553826772,0.0002,nginx,nginx,['CWE-89'],['cpe:2.3:a:nginx:nginx:*:*:*:*:*:*:*:*'],1,5
CVE-2025-10849,Use-after-free vulnerability in eBPF subsystem in linux linux_kernel component.,2024-05-29T00:00:00+00:00,2024-08-01T00:00:00+00:00,3.1,CVSS:3.1/AV:P/AC:L/PR:H/UI:N/S:U/C:N/I:N/A:N,PHYSICAL,LOW,HIGH,NONE,UNCHANGED,NONE,NONE,NONE,4.4,MEDIUM,0,0.08625396393833158,0.0819,linux,linux_kernel,['CWE-20'],['cpe:2.3:a:linux:linux_kernel:*:*:*:*:*:*:*:*'],1,1
CVE-2023-10850,Out-of-bounds memory access in V8 JavaScript engine in google chrome component.,2022-05-04T00:00:00+00:00,2022-05-13T00:00:00+00:00,3.1,CVSS:3.1/AV:N/AC:H/PR:N/UI:R/S:C/C:L/I:N/A:N,NETWORK,HIGH,NONE,REQUIRED,CHANGED,LOW,NONE,NONE,7.4,HIGH,0,0.08670977784210446,0.0824,google,chrome,['CWE-200'],['cpe:2.3:a:google:chrome:*:*:*:*:*:*:*:*'],1,4
CVE-2022-10851,Privilege escalation via authenticated extension loading in postgresql postgresql component.,2025-05-29T00:00:00+00:00,2025-06-25T00:00:00+00:00,3.1,CVSS:3.1/AV:L/AC:H/PR:H/UI:R/S:U/C:N/I:N/A:H,LOCAL,HIGH,HIGH,REQUIRED,UNCHANGED,NONE,NONE,HIGH,4.9,MEDIUM,0,0.0025684350609444058,0.0024,postgresql,postgresql,['CWE-787'],['cpe:2.3:a:postgresql:postgresql:*:*:*:*:*:*:*:*'],1,3
CVE-2022-10852,Privilege escalation via authenticated extension loading in postgresql postgresql component.,2022-10-08T00:00:00+00:00,2023-01-04T00:00:00+00:00,3.1,CVSS:3.1/AV:N/AC:L/PR:N/UI:R/S:C/C:N/I:N/A:H,NETWORK,LOW,NONE,REQUIRED,CHANGED,NONE,NONE,HIGH,9.6,CRITICAL,0,0.08698781263809462,0.0826,postgresql,postgresql,['CWE-269'],['cpe:2.3:a:postgresql:postgresql:*:*:*:*:*:*:*:*'],1,1
CVE-2023-10853,Command injection in management web interface in paloalto pan-os component.,2021-06-07T00:00:00+00:00,2021-06-29T00:00:00+00:00,3.1,CVSS:3.1/AV:N/AC:H/PR:L/UI:N/S:C/C:N/I:L/A:N,NETWORK,HIGH,LOW,NONE,CHANGED,NONE,LOW,NONE,6.7,MEDIUM,0,0.16639078973514257,0.1581,paloalto,pan-os,['CWE-20'],['cpe:2.3:a:paloalto:pan-os:*:*:*:*:*:*:*:*'],1,1
CVE-2026-10854,Out-of-bounds memory access in V8 JavaScript engine in google chrome component.,2022-08-19T00:00:00+00:00,2022-09-18T00:00:00+00:00,3.1,CVSS:3.1/AV:A/AC:L/PR:N/UI:N/S:C/C:H/I:L/A:L,ADJACENT_NETWORK,LOW,NONE,NONE,CHANGED,HIGH,LOW,LOW,8.6,HIGH,0,0.18599344058399556,0.1767,google,chrome,['CWE-787'],['cpe:2.3:a:google:chrome:*:*:*:*:*:*:*:*'],1,3
CVE-2023-10855,Remote code execution via unsafe deserialization in spring spring_framework component.,2024-09-20T00:00:00+00:00,2024-11-22T00:00:00+00:00,3.1,CVSS:3.1/AV:L/AC:H/PR:L/UI:N/S:C/C:L/I:H/A:L,LOCAL,HIGH,LOW,NONE,CHANGED,LOW,HIGH,LOW,6.3,MEDIUM,0,0.00022897233824994905,0.0002,spring,spring_framework,['CWE-787'],['cpe:2.3:a:spring:spring_framework:*:*:*:*:*:*:*:*'],1,1
CVE-2026-10856,Use-after-free vulnerability in eBPF subsystem in linux linux_kernel component.,2023-11-30T00:00:00+00:00,2024-02-20T00:00:00+00:00,3.1,CVSS:3.1/AV:N/AC:L/PR:L/UI:N/S:U/C:L/I:L/A:N,NETWORK,LOW,LOW,NONE,UNCHANGED,LOW,LOW,NONE,7.4,HIGH,0,0.033768754502047284,0.0321,linux,linux_kernel,['CWE-119'],['cpe:2.3:a:linux:linux_kernel:*:*:*:*:*:*:*:*'],1,5
CVE-2023-10857,Remote code execution in Kerberos authentication service in microsoft windows_server component.,2022-02-27T00:00:00+00:00,2022-03-11T00:00:00+00:00,3.1,CVSS:3.1/AV:A/AC:H/PR:H/UI:N/S:C/C:H/I:H/A:H,ADJACENT_NETWORK,HIGH,HIGH,NONE,CHANGED,HIGH,HIGH,HIGH,8.9,HIGH,0,0.10667513442931467,0.1013,microsoft,windows_server,['CWE-787'],['cpe:2.3:a:microsoft:windows_server:*:*:*:*:*:*:*:*'],1,5
CVE-2023-10858,Command injection in management web interface in paloalto pan-os component.,2024-10-22T00:00:00+00:00,2024-12-06T00:00:00+00:00,3.1,CVSS:3.1/AV:L/AC:H/PR:H/UI:R/S:C/C:L/I:N/A:N,LOCAL,HIGH,HIGH,REQUIRED,CHANGED,LOW,NONE,NONE,3.7,LOW,0,0.041875542884835484,0.0398,paloalto,pan-os,['CWE-269'],['cpe:2.3:a:paloalto:pan-os:*:*:*:*:*:*:*:*'],1,5
CVE-2024-10859,Denial of service via HTTP/2 frame flooding in apache http_server component.,2025-06-17T00:00:00+00:00,2025-08-15T00:00:00+00:00,3.1,CVSS:3.1/AV:L/AC:H/PR:N/UI:N/S:C/C:H/I:N/A:L,LOCAL,HIGH,NONE,NONE,CHANGED,HIGH,NONE,LOW,6.9,MEDIUM,0,0.09947408709274425,0.0945,apache,http_server,['CWE-89'],['cpe:2.3:a:apache:http_server:*:*:*:*:*:*:*:*'],1,5
CVE-2025-10860,Use-after-free vulnerability in eBPF subsystem in linux linux_kernel component.,2024-02-18T00:00:00+00:00,2024-05-14T00:00:00+00:00,3.1,CVSS:3.1/AV:A/AC:H/PR:L/UI:R/S:U/C:L/I:N/A:L,ADJACENT_NETWORK,HIGH,LOW,REQUIRED,UNCHANGED,LOW,NONE,LOW,4.9,MEDIUM,0,0.1063851214725908,0.1011,linux,linux_kernel,['CWE-20'],['cpe:2.3:a:linux:linux_kernel:*:*:*:*:*:*:*:*'],1,2
CVE-2025-10861,Use-after-free vulnerability in eBPF subsystem in linux linux_kernel component.,2021-09-10T00:00:00+00:00,2021-09-17T00:00:00+00:00,3.1,CVSS:3.1/AV:P/AC:H/PR:N/UI:R/S:C/C:H/I:N/A:N,PHYSICAL,HIGH,NONE,REQUIRED,CHANGED,HIGH,NONE,NONE,6.5,MEDIUM,0,0.018401671253767477,0.0175,linux,linux_kernel,['CWE-200'],['cpe:2.3:a:linux:linux_kernel:*:*:*:*:*:*:*:*'],1,2
CVE-2023-10862,Unauthenticated remote code execution in query optimizer in oracle mysql component.,2025-05-28T00:00:00+00:00,2025-08-01T00:00:00+00:00,3.1,CVSS:3.1/AV:A/AC:L/PR:H/UI:R/S:U/C:H/I:N/A:L,ADJACENT_NETWORK,LOW,HIGH,REQUIRED,UNCHANGED,HIGH,NONE,LOW,6.3,MEDIUM,0,0.0022443683054776784,0.0021,oracle,mysql,['CWE-79'],['cpe:2.3:a:oracle:mysql:*:*:*:*:*:*:*:*'],1,3
CVE-2021-10863,Privilege escalation via authenticated extension loading in postgresql postgresql component.,2023-08-28T00:00:00+00:00,2023-10-13T00:00:00+00:00,3.1,CVSS:3.1/AV:A/AC:H/PR:L/UI:R/S:U/C:L/I:L/A:H,ADJACENT_NETWORK,HIGH,LOW,REQUIRED,UNCHANGED,LOW,LOW,HIGH,6.1,MEDIUM,0,0.17617542931871186,0.1674,postgresql,postgresql,['CWE-200'],['cpe:2.3:a:postgresql:postgresql:*:*:*:*:*:*:*:*'],1,2
CVE-2024-10864,Out-of-bounds memory access in V8 JavaScript engine in google chrome component.,2024-10-22T00:00:00+00:00,2024-12-03T00:00:00+00:00,3.1,CVSS:3.1/AV:A/AC:L/PR:L/UI:N/S:C/C:H/I:N/A:L,ADJACENT_NETWORK,LOW,LOW,NONE,CHANGED,HIGH,NONE,LOW,7.8,HIGH,0,0.000221692347829678,0.0002,google,chrome,['CWE-200'],['cpe:2.3:a:google:chrome:*:*:*:*:*:*:*:*'],1,1
CVE-2025-10865,Use-after-free vulnerability in eBPF subsystem in linux linux_kernel component.,2024-07-10T00:00:00+00:00,2024-09-08T00:00:00+00:00,3.1,CVSS:3.1/AV:A/AC:H/PR:L/UI:N/S:U/C:H/I:L/A:H,ADJACENT_NETWORK,HIGH,LOW,NONE,UNCHANGED,HIGH,LOW,HIGH,7.2,HIGH,0,0.09228109291487531,0.0877,linux,linux_kernel,['CWE-269'],['cpe:2.3:a:linux:linux_kernel:*:*:*:*:*:*:*:*'],1,5
CVE-2024-10866,Unauthenticated remote code execution in query optimizer in oracle mysql component.,2022-12-27T00:00:00+00:00,2023-02-20T00:00:00+00:00,3.1,CVSS:3.1/AV:P/AC:H/PR:L/UI:R/S:U/C:H/I:N/A:L,PHYSICAL,HIGH,LOW,REQUIRED,UNCHANGED,HIGH,NONE,LOW,4.0,MEDIUM,0,0.056891022293090024,0.054,oracle,mysql,['CWE-79'],['cpe:2.3:a:oracle:mysql:*:*:*:*:*:*:*:*'],1,2
CVE-2023-10867,Out-of-bounds memory access in V8 JavaScript engine in google chrome component.,2025-05-31T00:00:00+00:00,2025-07-02T00:00:00+00:00,3.1,CVSS:3.1/AV:L/AC:L/PR:H/UI:R/S:U/C:L/I:N/A:L,LOCAL,LOW,HIGH,REQUIRED,UNCHANGED,LOW,NONE,LOW,4.3,MEDIUM,0,0.001518119071655955,0.0014,google,chrome,['CWE-20'],['cpe:2.3:a:google:chrome:*:*:*:*:*:*:*:*'],1,4
CVE-2024-10868,Remote code execution via unsafe deserialization in spring spring_framework component.,2025-09-15T00:00:00+00:00,2025-09-22T00:00:00+00:00,3.1,CVSS:3.1/AV:N/AC:L/PR:L/UI:N/S:C/C:H/I:N/A:L,NETWORK,LOW,LOW,NONE,CHANGED,HIGH,NONE,LOW,9.0,CRITICAL,0,0.16406434815412504,0.1559,spring,spring_framework,['CWE-269'],['cpe:2.3:a:spring:spring_framework:*:*:*:*:*:*:*:*'],1,1
CVE-2026-10869,Denial of service via HTTP/2 frame flooding in apache http_server component.,2024-04-12T00:00:00+00:00,2024-07-08T00:00:00+00:00,3.1,CVSS:3.1/AV:N/AC:L/PR:H/UI:N/S:C/C:N/I:N/A:H,NETWORK,LOW,HIGH,NONE,CHANGED,NONE,NONE,HIGH,8.6,HIGH,0,0.0012256445279650466,0.0012,apache,http_server,['CWE-89'],['cpe:2.3:a:apache:http_server:*:*:*:*:*:*:*:*'],1,3
CVE-2026-10870,Use-after-free vulnerability in eBPF subsystem in linux linux_kernel component.,2021-01-14T00:00:00+00:00,2021-03-18T00:00:00+00:00,3.1,CVSS:3.1/AV:A/AC:L/PR:N/UI:N/S:U/C:H/I:N/A:H,ADJACENT_NETWORK,LOW,NONE,NONE,UNCHANGED,HIGH,NONE,HIGH,9.3,CRITICAL,0,0.014953657503405144,0.0142,linux,linux_kernel,['CWE-79'],['cpe:2.3:a:linux:linux_kernel:*:*:*:*:*:*:*:*'],1,2
CVE-2021-10871,Privilege escalation via authenticated extension loading in postgresql postgresql component.,2023-08-29T00:00:00+00:00,2023-09-02T00:00:00+00:00,3.1,CVSS:3.1/AV:P/AC:H/PR:N/UI:N/S:C/C:L/I:L/A:N,PHYSICAL,HIGH,NONE,NONE,CHANGED,LOW,LOW,NONE,5.3,MEDIUM,0,0.09027575669329903,0.0858,postgresql,postgresql,['CWE-119'],['cpe:2.3:a:postgresql:postgresql:*:*:*:*:*:*:*:*'],1,5
CVE-2025-10872,Use-after-free vulnerability in eBPF subsystem in linux linux_kernel component.,2024-10-27T00:00:00+00:00,2024-12-23T00:00:00+00:00,3.1,CVSS:3.1/AV:N/AC:H/PR:N/UI:N/S:U/C:N/I:H/A:H,NETWORK,HIGH,NONE,NONE,UNCHANGED,NONE,HIGH,HIGH,9.4,CRITICAL,1,0.006570700601821897,0.0062,linux,linux_kernel,['CWE-119'],['cpe:2.3:a:linux:linux_kernel:*:*:*:*:*:*:*:*'],1,4
CVE-2023-10873,Integer overflow in HTTP request header processing in nginx nginx component.,2022-08-16T00:00:00+00:00,2022-11-10T00:00:00+00:00,3.1,CVSS:3.1/AV:N/AC:H/PR:L/UI:R/S:C/C:L/I:H/A:N,NETWORK,HIGH,LOW,REQUIRED,CHANGED,LOW,HIGH,NONE,7.3,HIGH,0,0.030387937203836504,0.0289,nginx,nginx,['CWE-787'],['cpe:2.3:a:nginx:nginx:*:*:*:*:*:*:*:*'],1,4
CVE-2022-10874,Remote code execution in Kerberos authentication service in microsoft windows_server component.,2021-02-27T00:00:00+00:00,2021-04-05T00:00:00+00:00,3.1,CVSS:3.1/AV:P/AC:L/PR:H/UI:R/S:U/C:H/I:L/A:N,PHYSICAL,LOW,HIGH,REQUIRED,UNCHANGED,HIGH,LOW,NONE,4.1,MEDIUM,0,0.011519816048124352,0.0109,microsoft,windows_server,['CWE-787'],['cpe:2.3:a:microsoft:windows_server:*:*:*:*:*:*:*:*'],1,1
CVE-2022-10875,Unauthenticated remote code execution in query optimizer in oracle mysql component.,2023-08-17T00:00:00+00:00,2023-10-15T00:00:00+00:00,3.1,CVSS:3.1/AV:L/AC:L/PR:N/UI:R/S:U/C:L/I:H/A:H,LOCAL,LOW,NONE,REQUIRED,UNCHANGED,LOW,HIGH,HIGH,8.0,HIGH,0,0.04132400052516983,0.0393,oracle,mysql,['CWE-416'],['cpe:2.3:a:oracle:mysql:*:*:*:*:*:*:*:*'],1,5
CVE-2022-10876,Denial of service via HTTP/2 frame flooding in apache http_server component.,2024-09-05T00:00:00+00:00,2024-09-25T00:00:00+00:00,3.1,CVSS:3.1/AV:L/AC:H/PR:L/UI:N/S:C/C:H/I:L/A:L,LOCAL,HIGH,LOW,NONE,CHANGED,HIGH,LOW,LOW,6.0,MEDIUM,0,0.0001,0.0001,apache,http_server,['CWE-79'],['cpe:2.3:a:apache:http_server:*:*:*:*:*:*:*:*'],1,4
CVE-2024-10877,Remote code execution in Kerberos authentication service in microsoft windows_server component.,2024-05-25T00:00:00+00:00,2024-08-18T00:00:00+00:00,3.1,CVSS:3.1/AV:A/AC:H/PR:N/UI:R/S:C/C:H/I:H/A:L,ADJACENT_NETWORK,HIGH,NONE,REQUIRED,CHANGED,HIGH,HIGH,LOW,7.7,HIGH,0,0.15953689237942867,0.1516,microsoft,windows_server,['CWE-79'],['cpe:2.3:a:microsoft:windows_server:*:*:*:*:*:*:*:*'],1,1
CVE-2026-10878,Buffer overflow in TLS handshake parser in openssl openssl component.,2021-11-22T00:00:00+00:00,2021-12-22T00:00:00+00:00,3.1,CVSS:3.1/AV:N/AC:L/PR:L/UI:R/S:C/C:N/I:H/A:N,NETWORK,LOW,LOW,REQUIRED,CHANGED,NONE,HIGH,NONE,8.1,HIGH,1,0.33203646452717855,0.3154,openssl,openssl,['CWE-89'],['cpe:2.3:a:openssl:openssl:*:*:*:*:*:*:*:*'],1,4
CVE-2021-10879,Remote code execution in Kerberos authentication service in microsoft windows_server component.,2021-05-07T00:00:00+00:00,2021-07-25T00:00:00+00:00,3.1,CVSS:3.1/AV:L/AC:L/PR:N/UI:N/S:C/C:L/I:H/A:H,LOCAL,LOW,NONE,NONE,CHANGED,LOW,HIGH,HIGH,9.6,CRITICAL,0,0.1268615537868232,0.1205,microsoft,windows_server,['CWE-20'],['cpe:2.3:a:microsoft:windows_server:*:*:*:*:*:*:*:*'],1,2
CVE-2021-10880,Unauthenticated remote code execution in query optimizer in oracle mysql component.,2024-12-01T00:00:00+00:00,2025-01-28T00:00:00+00:00,3.1,CVSS:3.1/AV:P/AC:L/PR:H/UI:N/S:U/C:L/I:L/A:L,PHYSICAL,LOW,HIGH,NONE,UNCHANGED,LOW,LOW,LOW,4.6,MEDIUM,0,0.20298151104410053,0.1928,oracle,mysql,['CWE-200'],['cpe:2.3:a:oracle:mysql:*:*:*:*:*:*:*:*'],1,2
CVE-2026-10881,Privilege escalation via authenticated extension loading in postgresql postgresql component.,2021-11-28T00:00:00+00:00,2022-01-23T00:00:00+00:00,3.1,CVSS:3.1/AV:A/AC:L/PR:H/UI:N/S:U/C:N/I:N/A:N,ADJACENT_NETWORK,LOW,HIGH,NONE,UNCHANGED,NONE,NONE,NONE,6.1,MEDIUM,0,0.056306213389586246,0.0535,postgresql,postgresql,['CWE-20'],['cpe:2.3:a:postgresql:postgresql:*:*:*:*:*:*:*:*'],1,3
CVE-2025-10882,Remote code execution in Kerberos authentication service in microsoft windows_server component.,2024-01-25T00:00:00+00:00,2024-02-04T00:00:00+00:00,3.1,CVSS:3.1/AV:L/AC:L/PR:H/UI:R/S:U/C:N/I:H/A:L,LOCAL,LOW,HIGH,REQUIRED,UNCHANGED,NONE,HIGH,LOW,5.8,MEDIUM,0,0.004404595541772924,0.0042,microsoft,windows_server,['CWE-269'],['cpe:2.3:a:microsoft:windows_server:*:*:*:*:*:*:*:*'],1,3
CVE-2025-10883,Out-of-bounds memory access in V8 JavaScript engine in google chrome component.,2025-10-14T00:00:00+00:00,2025-11-01T00:00:00+00:00,3.1,CVSS:3.1/AV:N/AC:H/PR:L/UI:R/S:U/C:H/I:N/A:N,NETWORK,HIGH,LOW,REQUIRED,UNCHANGED,HIGH,NONE,NONE,6.9,MEDIUM,0,0.0001,0.0001,google,chrome,['CWE-200'],['cpe:2.3:a:google:chrome:*:*:*:*:*:*:*:*'],1,1
CVE-2024-10884,Denial of service via HTTP/2 frame flooding in apache http_server component.,2022-04-18T00:00:00+00:00,2022-04-25T00:00:00+00:00,3.1,CVSS:3.1/AV:L/AC:L/PR:N/UI:R/S:C/C:L/I:H/A:L,LOCAL,LOW,NONE,REQUIRED,CHANGED,LOW,HIGH,LOW,7.4,HIGH,0,0.0017719009320196274,0.0017,apache,http_server,['CWE-79'],['cpe:2.3:a:apache:http_server:*:*:*:*:*:*:*:*'],1,2
CVE-2021-10885,Use-after-free vulnerability in eBPF subsystem in linux linux_kernel component.,2023-12-31T00:00:00+00:00,2024-03-14T00:00:00+00:00,3.1,CVSS:3.1/AV:A/AC:H/PR:L/UI:N/S:U/C:H/I:L/A:L,ADJACENT_NETWORK,HIGH,LOW,NONE,UNCHANGED,HIGH,LOW,LOW,6.5,MEDIUM,0,0.006642736312334604,0.0063,linux,linux_kernel,['CWE-20'],['cpe:2.3:a:linux:linux_kernel:*:*:*:*:*:*:*:*'],1,1
CVE-2024-10886,Unauthenticated remote code execution in query optimizer in oracle mysql component.,2022-06-19T00:00:00+00:00,2022-07-15T00:00:00+00:00,3.1,CVSS:3.1/AV:L/AC:L/PR:N/UI:N/S:C/C:H/I:N/A:N,LOCAL,LOW,NONE,NONE,CHANGED,HIGH,NONE,NONE,8.7,HIGH,0,0.010396130633572968,0.0099,oracle,mysql,['CWE-787'],['cpe:2.3:a:oracle:mysql:*:*:*:*:*:*:*:*'],1,1
CVE-2025-10887,Out-of-bounds memory access in V8 JavaScript engine in google chrome component.,2024-12-10T00:00:00+00:00,2024-12-15T00:00:00+00:00,3.1,CVSS:3.1/AV:L/AC:L/PR:L/UI:N/S:C/C:N/I:L/A:H,LOCAL,LOW,LOW,NONE,CHANGED,NONE,LOW,HIGH,7.3,HIGH,0,0.0094705814123017,0.009,google,chrome,['CWE-20'],['cpe:2.3:a:google:chrome:*:*:*:*:*:*:*:*'],1,1
CVE-2024-10888,Buffer overflow in TLS handshake parser in openssl openssl component.,2023-11-06T00:00:00+00:00,2023-12-05T00:00:00+00:00,3.1,CVSS:3.1/AV:L/AC:H/PR:L/UI:R/S:U/C:N/I:N/A:N,LOCAL,HIGH,LOW,REQUIRED,UNCHANGED,NONE,NONE,NONE,3.8,LOW,0,0.010139665491147821,0.0096,openssl,openssl,['CWE-119'],['cpe:2.3:a:openssl:openssl:*:*:*:*:*:*:*:*'],1,5
CVE-2024-10889,Out-of-bounds memory access in V8 JavaScript engine in google chrome component.,2024-10-28T00:00:00+00:00,2025-01-24T00:00:00+00:00,3.1,CVSS:3.1/AV:N/AC:H/PR:N/UI:R/S:C/C:H/I:N/A:L,NETWORK,HIGH,NONE,REQUIRED,CHANGED,HIGH,NONE,LOW,8.1,HIGH,0,0.32177555866087826,0.3057,google,chrome,['CWE-89'],['cpe:2.3:a:google:chrome:*:*:*:*:*:*:*:*'],1,1
CVE-2021-10890,Integer overflow in HTTP request header processing in nginx nginx component.,2024-06-14T00:00:00+00:00,2024-08-01T00:00:00+00:00,3.1,CVSS:3.1/AV:L/AC:L/PR:L/UI:R/S:U/C:N/I:N/A:N,LOCAL,LOW,LOW,REQUIRED,UNCHANGED,NONE,NONE,NONE,4.6,MEDIUM,0,0.1117014749575362,0.1061,nginx,nginx,['CWE-20'],['cpe:2.3:a:nginx:nginx:*:*:*:*:*:*:*:*'],1,2
CVE-2026-10891,Remote code execution in Kerberos authentication service in microsoft windows_server component.,2025-03-22T00:00:00+00:00,2025-05-30T00:00:00+00:00,3.1,CVSS:3.1/AV:N/AC:L/PR:H/UI:N/S:U/C:N/I:N/A:N,NETWORK,LOW,HIGH,NONE,UNCHANGED,NONE,NONE,NONE,7.5,HIGH,0,0.02341739104987384,0.0222,microsoft,windows_server,['CWE-787'],['cpe:2.3:a:microsoft:windows_server:*:*:*:*:*:*:*:*'],1,2
CVE-2021-10892,Use-after-free vulnerability in eBPF subsystem in linux linux_kernel component.,2022-10-06T00:00:00+00:00,2022-11-20T00:00:00+00:00,3.1,CVSS:3.1/AV:A/AC:H/PR:N/UI:R/S:C/C:H/I:N/A:H,ADJACENT_NETWORK,HIGH,NONE,REQUIRED,CHANGED,HIGH,NONE,HIGH,7.9,HIGH,0,0.00035280234037843685,0.0003,linux,linux_kernel,['CWE-79'],['cpe:2.3:a:linux:linux_kernel:*:*:*:*:*:*:*:*'],1,1
CVE-2025-10893,Use-after-free vulnerability in eBPF subsystem in linux linux_kernel component.,2022-02-26T00:00:00+00:00,2022-05-01T00:00:00+00:00,3.1,CVSS:3.1/AV:L/AC:L/PR:L/UI:R/S:C/C:H/I:L/A:H,LOCAL,LOW,LOW,REQUIRED,CHANGED,HIGH,LOW,HIGH,7.6,HIGH,0,0.12111634375465288,0.1151,linux,linux_kernel,['CWE-119'],['cpe:2.3:a:linux:linux_kernel:*:*:*:*:*:*:*:*'],1,5
CVE-2023-10894,Use-after-free vulnerability in eBPF subsystem in linux linux_kernel component.,2024-11-30T00:00:00+00:00,2025-02-08T00:00:00+00:00,3.1,CVSS:3.1/AV:N/AC:L/PR:L/UI:R/S:C/C:L/I:N/A:N,NETWORK,LOW,LOW,REQUIRED,CHANGED,LOW,NONE,NONE,7.0,HIGH,0,0.027408793216131783,0.026,linux,linux_kernel,['CWE-89'],['cpe:2.3:a:linux:linux_kernel:*:*:*:*:*:*:*:*'],1,5
CVE-2023-10895,Privilege escalation via authenticated extension loading in postgresql postgresql component.,2025-02-28T00:00:00+00:00,2025-05-10T00:00:00+00:00,3.1,CVSS:3.1/AV:A/AC:L/PR:L/UI:N/S:U/C:N/I:H/A:L,ADJACENT_NETWORK,LOW,LOW,NONE,UNCHANGED,NONE,HIGH,LOW,6.5,MEDIUM,0,0.1001110084788198,0.0951,postgresql,postgresql,['CWE-787'],['cpe:2.3:a:postgresql:postgresql:*:*:*:*:*:*:*:*'],1,1
CVE-2024-10896,Buffer overflow in TLS handshake parser in openssl openssl component.,2025-09-09T00:00:00+00:00,2025-09-14T00:00:00+00:00,3.1,CVSS:3.1/AV:L/AC:H/PR:H/UI:R/S:C/C:N/I:N/A:L,LOCAL,HIGH,HIGH,REQUIRED,CHANGED,NONE,NONE,LOW,4.4,MEDIUM,0,0.06588973251869934,0.0626,openssl,openssl,['CWE-416'],['cpe:2.3:a:openssl:openssl:*:*:*:*:*:*:*:*'],1,4
CVE-2024-10897,Buffer overflow in TLS handshake parser in openssl openssl component.,2023-02-27T00:00:00+00:00,2023-04-25T00:00:00+00:00,3.1,CVSS:3.1/AV:N/AC:L/PR:N/UI:R/S:U/C:H/I:L/A:H,NETWORK,LOW,NONE,REQUIRED,UNCHANGED,HIGH,LOW,HIGH,9.7,CRITICAL,1,0.08671660042750537,0.0824,openssl,openssl,['CWE-200'],['cpe:2.3:a:openssl:openssl:*:*:*:*:*:*:*:*'],1,1
CVE-2023-10898,Remote code execution via unsafe deserialization in spring spring_framework component.,2021-02-23T00:00:00+00:00,2021-05-12T00:00:00+00:00,3.1,CVSS:3.1/AV:L/AC:H/PR:H/UI:N/S:U/C:L/I:H/A:H,LOCAL,HIGH,HIGH,NONE,UNCHANGED,LOW,HIGH,HIGH,6.5,MEDIUM,0,0.0017622418624023426,0.0017,spring,spring_framework,['CWE-416'],['cpe:2.3:a:spring:spring_framework:*:*:*:*:*:*:*:*'],1,4
CVE-2021-10899,Buffer overflow in TLS handshake parser in openssl openssl component.,2024-02-08T00:00:00+00:00,2024-03-29T00:00:00+00:00,3.1,CVSS:3.1/AV:L/AC:H/PR:L/UI:R/S:U/C:L/I:L/A:H,LOCAL,HIGH,LOW,REQUIRED,UNCHANGED,LOW,LOW,HIGH,4.8,MEDIUM,0,0.23920216725153548,0.2272,openssl,openssl,['CWE-119'],['cpe:2.3:a:openssl:openssl:*:*:*:*:*:*:*:*'],1,2
CVE-2023-10900,Buffer overflow in TLS handshake parser in openssl openssl component.,2025-06-26T00:00:00+00:00,2025-09-22T00:00:00+00:00,3.1,CVSS:3.1/AV:L/AC:L/PR:N/UI:R/S:C/C:H/I:L/A:N,LOCAL,LOW,NONE,REQUIRED,CHANGED,HIGH,LOW,NONE,7.4,HIGH,0,0.19191156085087718,0.1823,openssl,openssl,['CWE-200'],['cpe:2.3:a:openssl:openssl:*:*:*:*:*:*:*:*'],1,3
CVE-2026-10901,Use-after-free vulnerability in eBPF subsystem in linux linux_kernel component.,2022-05-29T00:00:00+00:00,2022-08-21T00:00:00+00:00,3.1,CVSS:3.1/AV:N/AC:L/PR:L/UI:R/S:C/C:N/I:L/A:L,NETWORK,LOW,LOW,REQUIRED,CHANGED,NONE,LOW,LOW,6.9,MEDIUM,0,0.34357360830212685,0.3264,linux,linux_kernel,['CWE-20'],['cpe:2.3:a:linux:linux_kernel:*:*:*:*:*:*:*:*'],1,4
CVE-2024-10902,Buffer overflow in TLS handshake parser in openssl openssl component.,2021-03-17T00:00:00+00:00,2021-05-02T00:00:00+00:00,3.1,CVSS:3.1/AV:P/AC:L/PR:L/UI:N/S:U/C:L/I:H/A:H,PHYSICAL,LOW,LOW,NONE,UNCHANGED,LOW,HIGH,HIGH,6.9,MEDIUM,0,0.357314898990418,0.3394,openssl,openssl,['CWE-269'],['cpe:2.3:a:openssl:openssl:*:*:*:*:*:*:*:*'],1,1
CVE-2022-10903,Integer overflow in HTTP request header processing in nginx nginx component.,2022-06-13T00:00:00+00:00,2022-07-19T00:00:00+00:00,3.1,CVSS:3.1/AV:L/AC:H/PR:N/UI:N/S:U/C:N/I:H/A:H,LOCAL,HIGH,NONE,NONE,UNCHANGED,NONE,HIGH,HIGH,8.1,HIGH,0,0.00041778538502420365,0.0004,nginx,nginx,['CWE-20'],['cpe:2.3:a:nginx:nginx:*:*:*:*:*:*:*:*'],1,2
CVE-2026-10904,Denial of service via HTTP/2 frame flooding in apache http_server component.,2021-03-20T00:00:00+00:00,2021-04-13T00:00:00+00:00,3.1,CVSS:3.1/AV:P/AC:H/PR:N/UI:N/S:U/C:H/I:L/A:L,PHYSICAL,HIGH,NONE,NONE,UNCHANGED,HIGH,LOW,LOW,6.1,MEDIUM,0,0.08130122389554517,0.0772,apache,http_server,['CWE-20'],['cpe:2.3:a:apache:http_server:*:*:*:*:*:*:*:*'],1,3
CVE-2026-10905,Remote code execution via unsafe deserialization in spring spring_framework component.,2021-04-02T00:00:00+00:00,2021-06-18T00:00:00+00:00,3.1,CVSS:3.1/AV:A/AC:H/PR:N/UI:N/S:C/C:N/I:H/A:N,ADJACENT_NETWORK,HIGH,NONE,NONE,CHANGED,NONE,HIGH,NONE,8.3,HIGH,0,0.02959086859089967,0.0281,spring,spring_framework,['CWE-119'],['cpe:2.3:a:spring:spring_framework:*:*:*:*:*:*:*:*'],1,2
CVE-2025-10906,Unauthenticated remote code execution in query optimizer in oracle mysql component.,2023-01-31T00:00:00+00:00,2023-04-29T00:00:00+00:00,3.1,CVSS:3.1/AV:P/AC:L/PR:H/UI:R/S:C/C:N/I:N/A:L,PHYSICAL,LOW,HIGH,REQUIRED,CHANGED,NONE,NONE,LOW,4.0,MEDIUM,0,0.636958069136931,0.6051,oracle,mysql,['CWE-269'],['cpe:2.3:a:oracle:mysql:*:*:*:*:*:*:*:*'],1,3
CVE-2026-10907,Remote code execution in Kerberos authentication service in microsoft windows_server component.,2023-02-07T00:00:00+00:00,2023-04-09T00:00:00+00:00,3.1,CVSS:3.1/AV:L/AC:L/PR:N/UI:R/S:U/C:L/I:N/A:H,LOCAL,LOW,NONE,REQUIRED,UNCHANGED,LOW,NONE,HIGH,6.9,MEDIUM,0,0.007117991152464337,0.0068,microsoft,windows_server,['CWE-20'],['cpe:2.3:a:microsoft:windows_server:*:*:*:*:*:*:*:*'],1,1
CVE-2022-10908,Out-of-bounds memory access in V8 JavaScript engine in google chrome component.,2025-07-13T00:00:00+00:00,2025-08-23T00:00:00+00:00,3.1,CVSS:3.1/AV:L/AC:L/PR:L/UI:N/S:U/C:L/I:H/A:N,LOCAL,LOW,LOW,NONE,UNCHANGED,LOW,HIGH,NONE,6.3,MEDIUM,0,0.012623102779202628,0.012,google,chrome,['CWE-79'],['cpe:2.3:a:google:chrome:*:*:*:*:*:*:*:*'],1,2
CVE-2025-10909,Out-of-bounds memory access in V8 JavaScript engine in google chrome component.,2024-03-22T00:00:00+00:00,2024-06-11T00:00:00+00:00,3.1,CVSS:3.1/AV:P/AC:L/PR:H/UI:N/S:C/C:H/I:H/A:H,PHYSICAL,LOW,HIGH,NONE,CHANGED,HIGH,HIGH,HIGH,8.3,HIGH,0,0.0011427178046959367,0.0011,google,chrome,['CWE-787'],['cpe:2.3:a:google:chrome:*:*:*:*:*:*:*:*'],1,3
CVE-2022-10910,Use-after-free vulnerability in eBPF subsystem in linux linux_kernel component.,2025-09-09T00:00:00+00:00,2025-11-22T00:00:00+00:00,3.1,CVSS:3.1/AV:L/AC:L/PR:L/UI:N/S:C/C:N/I:L/A:L,LOCAL,LOW,LOW,NONE,CHANGED,NONE,LOW,LOW,5.5,MEDIUM,0,0.0001,0.0001,linux,linux_kernel,['CWE-79'],['cpe:2.3:a:linux:linux_kernel:*:*:*:*:*:*:*:*'],1,2
CVE-2026-10911,Integer overflow in HTTP request header processing in nginx nginx component.,2023-04-20T00:00:00+00:00,2023-06-06T00:00:00+00:00,3.1,CVSS:3.1/AV:N/AC:H/PR:H/UI:N/S:C/C:H/I:L/A:H,NETWORK,HIGH,HIGH,NONE,CHANGED,HIGH,LOW,HIGH,8.8,HIGH,1,0.11530096073604738,0.1095,nginx,nginx,['CWE-416'],['cpe:2.3:a:nginx:nginx:*:*:*:*:*:*:*:*'],1,2
CVE-2022-10912,Out-of-bounds memory access in V8 JavaScript engine in google chrome component.,2024-01-07T00:00:00+00:00,2024-02-08T00:00:00+00:00,3.1,CVSS:3.1/AV:P/AC:L/PR:H/UI:R/S:C/C:L/I:L/A:N,PHYSICAL,LOW,HIGH,REQUIRED,CHANGED,LOW,LOW,NONE,4.0,MEDIUM,0,0.01302733503037306,0.0124,google,chrome,['CWE-79'],['cpe:2.3:a:google:chrome:*:*:*:*:*:*:*:*'],1,4
CVE-2025-10913,Remote code execution in Kerberos authentication service in microsoft windows_server component.,2021-10-31T00:00:00+00:00,2022-01-13T00:00:00+00:00,3.1,CVSS:3.1/AV:P/AC:L/PR:N/UI:R/S:U/C:N/I:N/A:L,PHYSICAL,LOW,NONE,REQUIRED,UNCHANGED,NONE,NONE,LOW,5.2,MEDIUM,0,0.05331557708935991,0.0506,microsoft,windows_server,['CWE-200'],['cpe:2.3:a:microsoft:windows_server:*:*:*:*:*:*:*:*'],1,5
CVE-2026-10914,Integer overflow in HTTP request header processing in nginx nginx component.,2021-07-26T00:00:00+00:00,2021-08-12T00:00:00+00:00,3.1,CVSS:3.1/AV:N/AC:H/PR:N/UI:N/S:U/C:N/I:H/A:H,NETWORK,HIGH,NONE,NONE,UNCHANGED,NONE,HIGH,HIGH,9.5,CRITICAL,0,0.1485489571044136,0.1411,nginx,nginx,['CWE-416'],['cpe:2.3:a:nginx:nginx:*:*:*:*:*:*:*:*'],1,3
CVE-2024-10915,Command injection in management web interface in paloalto pan-os component.,2024-11-28T00:00:00+00:00,2025-02-08T00:00:00+00:00,3.1,CVSS:3.1/AV:A/AC:H/PR:N/UI:R/S:C/C:H/I:H/A:H,ADJACENT_NETWORK,HIGH,NONE,REQUIRED,CHANGED,HIGH,HIGH,HIGH,8.9,HIGH,0,0.021311400347195676,0.0202,paloalto,pan-os,['CWE-79'],['cpe:2.3:a:paloalto:pan-os:*:*:*:*:*:*:*:*'],1,1
CVE-2026-10916,Denial of service via HTTP/2 frame flooding in apache http_server component.,2022-12-28T00:00:00+00:00,2023-02-24T00:00:00+00:00,3.1,CVSS:3.1/AV:P/AC:H/PR:H/UI:R/S:C/C:L/I:H/A:N,PHYSICAL,HIGH,HIGH,REQUIRED,CHANGED,LOW,HIGH,NONE,4.5,MEDIUM,0,0.035162576776277654,0.0334,apache,http_server,['CWE-89'],['cpe:2.3:a:apache:http_server:*:*:*:*:*:*:*:*'],1,5
CVE-2021-10917,Remote code execution via unsafe deserialization in spring spring_framework component.,2021-11-08T00:00:00+00:00,2021-11-09T00:00:00+00:00,3.1,CVSS:3.1/AV:L/AC:H/PR:L/UI:R/S:C/C:N/I:H/A:H,LOCAL,HIGH,LOW,REQUIRED,CHANGED,NONE,HIGH,HIGH,6.1,MEDIUM,0,0.07284566316087339,0.0692,spring,spring_framework,['CWE-200'],['cpe:2.3:a:spring:spring_framework:*:*:*:*:*:*:*:*'],1,1
CVE-2023-10918,Privilege escalation via authenticated extension loading in postgresql postgresql component.,2023-10-08T00:00:00+00:00,2023-11-21T00:00:00+00:00,3.1,CVSS:3.1/AV:N/AC:H/PR:L/UI:R/S:C/C:L/I:N/A:N,NETWORK,HIGH,LOW,REQUIRED,CHANGED,LOW,NONE,NONE,6.0,MEDIUM,0,0.15237160518967063,0.1448,postgresql,postgresql,['CWE-20'],['cpe:2.3:a:postgresql:postgresql:*:*:*:*:*:*:*:*'],1,2
CVE-2025-10919,Remote code execution in Kerberos authentication service in microsoft windows_server component.,2022-07-24T00:00:00+00:00,2022-10-06T00:00:00+00:00,3.1,CVSS:3.1/AV:L/AC:L/PR:L/UI:R/S:U/C:N/I:L/A:L,LOCAL,LOW,LOW,REQUIRED,UNCHANGED,NONE,LOW,LOW,4.9,MEDIUM,0,0.12149681106457315,0.1154,microsoft,windows_server,['CWE-787'],['cpe:2.3:a:microsoft:windows_server:*:*:*:*:*:*:*:*'],1,4
CVE-2022-10920,Privilege escalation via authenticated extension loading in postgresql postgresql component.,2022-08-14T00:00:00+00:00,2022-09-17T00:00:00+00:00,3.1,CVSS:3.1/AV:N/AC:L/PR:H/UI:R/S:U/C:N/I:N/A:H,NETWORK,LOW,HIGH,REQUIRED,UNCHANGED,NONE,NONE,HIGH,7.2,HIGH,0,0.29517349297530315,0.2804,postgresql,postgresql,['CWE-89'],['cpe:2.3:a:postgresql:postgresql:*:*:*:*:*:*:*:*'],1,1
CVE-2021-10921,Out-of-bounds memory access in V8 JavaScript engine in google chrome component.,2024-01-11T00:00:00+00:00,2024-03-20T00:00:00+00:00,3.1,CVSS:3.1/AV:A/AC:L/PR:L/UI:N/S:C/C:N/I:L/A:H,ADJACENT_NETWORK,LOW,LOW,NONE,CHANGED,NONE,LOW,HIGH,7.4,HIGH,0,0.0375720894843517,0.0357,google,chrome,['CWE-416'],['cpe:2.3:a:google:chrome:*:*:*:*:*:*:*:*'],1,4
CVE-2022-10922,Remote code execution via unsafe deserialization in spring spring_framework component.,2025-08-29T00:00:00+00:00,2025-10-27T00:00:00+00:00,3.1,CVSS:3.1/AV:L/AC:L/PR:H/UI:N/S:C/C:L/I:L/A:L,LOCAL,LOW,HIGH,NONE,CHANGED,LOW,LOW,LOW,6.4,MEDIUM,0,0.0013153292693850556,0.0012,spring,spring_framework,['CWE-79'],['cpe:2.3:a:spring:spring_framework:*:*:*:*:*:*:*:*'],1,2
CVE-2026-10923,Use-after-free vulnerability in eBPF subsystem in linux linux_kernel component.,2024-10-01T00:00:00+00:00,2024-10-16T00:00:00+00:00,3.1,CVSS:3.1/AV:L/AC:L/PR:H/UI:N/S:U/C:L/I:N/A:H,LOCAL,LOW,HIGH,NONE,UNCHANGED,LOW,NONE,HIGH,6.2,MEDIUM,0,0.06462612749326904,0.0614,linux,linux_kernel,['CWE-269'],['cpe:2.3:a:linux:linux_kernel:*:*:*:*:*:*:*:*'],1,3
CVE-2026-10924,Integer overflow in HTTP request header processing in nginx nginx component.,2025-02-15T00:00:00+00:00,2025-04-22T00:00:00+00:00,3.1,CVSS:3.1/AV:N/AC:H/PR:N/UI:R/S:U/C:H/I:H/A:L,NETWORK,HIGH,NONE,REQUIRED,UNCHANGED,HIGH,HIGH,LOW,8.4,HIGH,1,0.10076311415796321,0.0957,nginx,nginx,['CWE-20'],['cpe:2.3:a:nginx:nginx:*:*:*:*:*:*:*:*'],1,1
CVE-2022-10925,Privilege escalation via authenticated extension loading in postgresql postgresql component.,2024-04-15T00:00:00+00:00,2024-06-03T00:00:00+00:00,3.1,CVSS:3.1/AV:A/AC:L/PR:L/UI:R/S:U/C:L/I:N/A:H,ADJACENT_NETWORK,LOW,LOW,REQUIRED,UNCHANGED,LOW,NONE,HIGH,6.5,MEDIUM,0,0.1419780212422895,0.1349,postgresql,postgresql,['CWE-787'],['cpe:2.3:a:postgresql:postgresql:*:*:*:*:*:*:*:*'],1,3
CVE-2022-10926,Command injection in management web interface in paloalto pan-os component.,2024-07-24T00:00:00+00:00,2024-08-05T00:00:00+00:00,3.1,CVSS:3.1/AV:A/AC:L/PR:L/UI:N/S:C/C:H/I:H/A:N,ADJACENT_NETWORK,LOW,LOW,NONE,CHANGED,HIGH,HIGH,NONE,8.9,HIGH,0,0.0013222191036295651,0.0013,paloalto,pan-os,['CWE-89'],['cpe:2.3:a:paloalto:pan-os:*:*:*:*:*:*:*:*'],1,1
CVE-2026-10927,Remote code execution in Kerberos authentication service in microsoft windows_server component.,2022-06-23T00:00:00+00:00,2022-09-10T00:00:00+00:00,3.1,CVSS:3.1/AV:P/AC:L/PR:H/UI:R/S:C/C:H/I:H/A:N,PHYSICAL,LOW,HIGH,REQUIRED,CHANGED,HIGH,HIGH,NONE,6.7,MEDIUM,0,0.00043058683262049057,0.0004,microsoft,windows_server,['CWE-200'],['cpe:2.3:a:microsoft:windows_server:*:*:*:*:*:*:*:*'],1,2
CVE-2026-10928,Use-after-free vulnerability in eBPF subsystem in linux linux_kernel component.,2023-09-21T00:00:00+00:00,2023-11-23T00:00:00+00:00,3.1,CVSS:3.1/AV:P/AC:H/PR:H/UI:R/S:C/C:N/I:N/A:N,PHYSICAL,HIGH,HIGH,REQUIRED,CHANGED,NONE,NONE,NONE,3.4,LOW,0,0.005919663057874635,0.0056,linux,linux_kernel,['CWE-200'],['cpe:2.3:a:linux:linux_kernel:*:*:*:*:*:*:*:*'],1,4
CVE-2023-10929,Integer overflow in HTTP request header processing in nginx nginx component.,2022-05-22T00:00:00+00:00,2022-08-15T00:00:00+00:00,3.1,CVSS:3.1/AV:P/AC:L/PR:N/UI:R/S:C/C:H/I:N/A:L,PHYSICAL,LOW,NONE,REQUIRED,CHANGED,HIGH,NONE,LOW,7.4,HIGH,0,0.021556609585001045,0.0205,nginx,nginx,['CWE-416'],['cpe:2.3:a:nginx:nginx:*:*:*:*:*:*:*:*'],1,2
CVE-2024-10930,Integer overflow in HTTP request header processing in nginx nginx component.,2024-05-15T00:00:00+00:00,2024-07-07T00:00:00+00:00,3.1,CVSS:3.1/AV:A/AC:L/PR:L/UI:R/S:U/C:L/I:N/A:H,ADJACENT_NETWORK,LOW,LOW,REQUIRED,UNCHANGED,LOW,NONE,HIGH,6.1,MEDIUM,0,0.008793290880603996,0.0084,nginx,nginx,['CWE-269'],['cpe:2.3:a:nginx:nginx:*:*:*:*:*:*:*:*'],1,3
CVE-2024-10931,Unauthenticated remote code execution in query optimizer in oracle mysql component.,2023-03-13T00:00:00+00:00,2023-05-09T00:00:00+00:00,3.1,CVSS:3.1/AV:P/AC:H/PR:L/UI:N/S:C/C:L/I:H/A:N,PHYSICAL,HIGH,LOW,NONE,CHANGED,LOW,HIGH,NONE,5.3,MEDIUM,0,0.17760369352889502,0.1687,oracle,mysql,['CWE-269'],['cpe:2.3:a:oracle:mysql:*:*:*:*:*:*:*:*'],1,1
CVE-2024-10932,Use-after-free vulnerability in eBPF subsystem in linux linux_kernel component.,2023-04-20T00:00:00+00:00,2023-05-19T00:00:00+00:00,3.1,CVSS:3.1/AV:A/AC:L/PR:H/UI:N/S:C/C:N/I:H/A:H,ADJACENT_NETWORK,LOW,HIGH,NONE,CHANGED,NONE,HIGH,HIGH,8.7,HIGH,0,0.049748736489193805,0.0473,linux,linux_kernel,['CWE-20'],['cpe:2.3:a:linux:linux_kernel:*:*:*:*:*:*:*:*'],1,1
CVE-2021-10933,Remote code execution in Kerberos authentication service in microsoft windows_server component.,2025-05-18T00:00:00+00:00,2025-06-30T00:00:00+00:00,3.1,CVSS:3.1/AV:L/AC:L/PR:H/UI:N/S:U/C:L/I:H/A:N,LOCAL,LOW,HIGH,NONE,UNCHANGED,LOW,HIGH,NONE,6.6,MEDIUM,0,0.09726027516085177,0.0924,microsoft,windows_server,['CWE-89'],['cpe:2.3:a:microsoft:windows_server:*:*:*:*:*:*:*:*'],1,5
CVE-2026-10934,Remote code execution in Kerberos authentication service in microsoft windows_server component.,2022-04-15T00:00:00+00:00,2022-05-23T00:00:00+00:00,3.1,CVSS:3.1/AV:A/AC:H/PR:L/UI:R/S:U/C:H/I:H/A:N,ADJACENT_NETWORK,HIGH,LOW,REQUIRED,UNCHANGED,HIGH,HIGH,NONE,6.4,MEDIUM,0,0.022383716593247883,0.0213,microsoft,windows_server,['CWE-20'],['cpe:2.3:a:microsoft:windows_server:*:*:*:*:*:*:*:*'],1,1
CVE-2025-10935,Buffer overflow in TLS handshake parser in openssl openssl component.,2021-07-29T00:00:00+00:00,2021-10-02T00:00:00+00:00,3.1,CVSS:3.1/AV:P/AC:H/PR:N/UI:N/S:C/C:L/I:N/A:N,PHYSICAL,HIGH,NONE,NONE,CHANGED,LOW,NONE,NONE,5.7,MEDIUM,0,0.09423052463958072,0.0895,openssl,openssl,['CWE-119'],['cpe:2.3:a:openssl:openssl:*:*:*:*:*:*:*:*'],1,1
CVE-2026-10936,Use-after-free vulnerability in eBPF subsystem in linux linux_kernel component.,2021-09-11T00:00:00+00:00,2021-10-30T00:00:00+00:00,3.1,CVSS:3.1/AV:P/AC:L/PR:H/UI:R/S:U/C:N/I:N/A:H,PHYSICAL,LOW,HIGH,REQUIRED,UNCHANGED,NONE,NONE,HIGH,4.9,MEDIUM,0,0.07915879053241406,0.0752,linux,linux_kernel,['CWE-416'],['cpe:2.3:a:linux:linux_kernel:*:*:*:*:*:*:*:*'],1,1
CVE-2026-10937,Buffer overflow in TLS handshake parser in openssl openssl component.,2025-08-28T00:00:00+00:00,2025-11-06T00:00:00+00:00,3.1,CVSS:3.1/AV:A/AC:L/PR:H/UI:R/S:U/C:H/I:L/A:L,ADJACENT_NETWORK,LOW,HIGH,REQUIRED,UNCHANGED,HIGH,LOW,LOW,7.0,HIGH,0,0.031113168055945724,0.0296,openssl,openssl,['CWE-416'],['cpe:2.3:a:openssl:openssl:*:*:*:*:*:*:*:*'],1,5
CVE-2023-10938,Buffer overflow in TLS handshake parser in openssl openssl component.,2022-07-16T00:00:00+00:00,2022-09-13T00:00:00+00:00,3.1,CVSS:3.1/AV:A/AC:L/PR:L/UI:R/S:C/C:L/I:L/A:N,ADJACENT_NETWORK,LOW,LOW,REQUIRED,CHANGED,LOW,LOW,NONE,6.1,MEDIUM,0,0.21269812365064564,0.2021,openssl,openssl,['CWE-119'],['cpe:2.3:a:openssl:openssl:*:*:*:*:*:*:*:*'],1,4
CVE-2023-10939,Remote code execution via unsafe deserialization in spring spring_framework component.,2023-09-17T00:00:00+00:00,2023-10-24T00:00:00+00:00,3.1,CVSS:3.1/AV:A/AC:H/PR:N/UI:R/S:C/C:L/I:H/A:H,ADJACENT_NETWORK,HIGH,NONE,REQUIRED,CHANGED,LOW,HIGH,HIGH,8.2,HIGH,0,0.05772341600808169,0.0548,spring,spring_framework,['CWE-79'],['cpe:2.3:a:spring:spring_framework:*:*:*:*:*:*:*:*'],1,4
CVE-2025-10940,Privilege escalation via authenticated extension loading in postgresql postgresql component.,2021-02-20T00:00:00+00:00,2021-04-12T00:00:00+00:00,3.1,CVSS:3.1/AV:A/AC:H/PR:L/UI:R/S:U/C:H/I:L/A:L,ADJACENT_NETWORK,HIGH,LOW,REQUIRED,UNCHANGED,HIGH,LOW,LOW,5.0,MEDIUM,0,0.38207436642296405,0.363,postgresql,postgresql,['CWE-89'],['cpe:2.3:a:postgresql:postgresql:*:*:*:*:*:*:*:*'],1,1
CVE-2025-10941,Denial of service via HTTP/2 frame flooding in apache http_server component.,2021-12-13T00:00:00+00:00,2022-01-09T00:00:00+00:00,3.1,CVSS:3.1/AV:P/AC:L/PR:N/UI:N/S:C/C:H/I:L/A:H,PHYSICAL,LOW,NONE,NONE,CHANGED,HIGH,LOW,HIGH,8.6,HIGH,0,0.15147816782130952,0.1439,apache,http_server,['CWE-119'],['cpe:2.3:a:apache:http_server:*:*:*:*:*:*:*:*'],1,1
CVE-2023-10942,Integer overflow in HTTP request header processing in nginx nginx component.,2023-04-24T00:00:00+00:00,2023-06-03T00:00:00+00:00,3.1,CVSS:3.1/AV:L/AC:L/PR:N/UI:R/S:C/C:N/I:L/A:H,LOCAL,LOW,NONE,REQUIRED,CHANGED,NONE,LOW,HIGH,7.3,HIGH,0,0.03483699741225473,0.0331,nginx,nginx,['CWE-119'],['cpe:2.3:a:nginx:nginx:*:*:*:*:*:*:*:*'],1,5
CVE-2025-10943,Integer overflow in HTTP request header processing in nginx nginx component.,2023-10-21T00:00:00+00:00,2023-12-01T00:00:00+00:00,3.1,CVSS:3.1/AV:A/AC:H/PR:L/UI:R/S:U/C:N/I:L/A:H,ADJACENT_NETWORK,HIGH,LOW,REQUIRED,UNCHANGED,NONE,LOW,HIGH,4.8,MEDIUM,0,0.06589294339984002,0.0626,nginx,nginx,['CWE-79'],['cpe:2.3:a:nginx:nginx:*:*:*:*:*:*:*:*'],1,4
CVE-2021-10944,Command injection in management web interface in paloalto pan-os component.,2021-11-28T00:00:00+00:00,2022-02-03T00:00:00+00:00,3.1,CVSS:3.1/AV:N/AC:L/PR:N/UI:R/S:U/C:N/I:L/A:L,NETWORK,LOW,NONE,REQUIRED,UNCHANGED,NONE,LOW,LOW,7.7,HIGH,0,0.15602811528963498,0.1482,paloalto,pan-os,['CWE-89'],['cpe:2.3:a:paloalto:pan-os:*:*:*:*:*:*:*:*'],1,5
CVE-2022-10945,Integer overflow in HTTP request header processing in nginx nginx component.,2025-03-14T00:00:00+00:00,2025-05-24T00:00:00+00:00,3.1,CVSS:3.1/AV:P/AC:H/PR:N/UI:R/S:U/C:L/I:L/A:H,PHYSICAL,HIGH,NONE,REQUIRED,UNCHANGED,LOW,LOW,HIGH,5.5,MEDIUM,0,0.0022657975600697054,0.0022,nginx,nginx,['CWE-200'],['cpe:2.3:a:nginx:nginx:*:*:*:*:*:*:*:*'],1,5
CVE-2025-10946,Unauthenticated remote code execution in query optimizer in oracle mysql component.,2023-02-01T00:00:00+00:00,2023-04-15T00:00:00+00:00,3.1,CVSS:3.1/AV:A/AC:L/PR:L/UI:N/S:C/C:H/I:H/A:L,ADJACENT_NETWORK,LOW,LOW,NONE,CHANGED,HIGH,HIGH,LOW,8.9,HIGH,0,0.0014724494232906842,0.0014,oracle,mysql,['CWE-787'],['cpe:2.3:a:oracle:mysql:*:*:*:*:*:*:*:*'],1,4
CVE-2023-10947,Privilege escalation via authenticated extension loading in postgresql postgresql component.,2025-03-10T00:00:00+00:00,2025-03-28T00:00:00+00:00,3.1,CVSS:3.1/AV:A/AC:H/PR:N/UI:R/S:C/C:N/I:N/A:L,ADJACENT_NETWORK,HIGH,NONE,REQUIRED,CHANGED,NONE,NONE,LOW,6.0,MEDIUM,0,0.2998872515779273,0.2849,postgresql,postgresql,['CWE-79'],['cpe:2.3:a:postgresql:postgresql:*:*:*:*:*:*:*:*'],1,1
CVE-2026-10948,Use-after-free vulnerability in eBPF subsystem in linux linux_kernel component.,2022-01-20T00:00:00+00:00,2022-02-15T00:00:00+00:00,3.1,CVSS:3.1/AV:N/AC:H/PR:L/UI:N/S:U/C:H/I:L/A:H,NETWORK,HIGH,LOW,NONE,UNCHANGED,HIGH,LOW,HIGH,8.5,HIGH,1,0.18048310735857329,0.1715,linux,linux_kernel,['CWE-269'],['cpe:2.3:a:linux:linux_kernel:*:*:*:*:*:*:*:*'],1,5
CVE-2023-10949,Privilege escalation via authenticated extension loading in postgresql postgresql component.,2024-07-11T00:00:00+00:00,2024-07-13T00:00:00+00:00,3.1,CVSS:3.1/AV:A/AC:H/PR:L/UI:R/S:C/C:L/I:H/A:L,ADJACENT_NETWORK,HIGH,LOW,REQUIRED,CHANGED,LOW,HIGH,LOW,6.1,MEDIUM,0,0.0001405656893230258,0.0001,postgresql,postgresql,['CWE-200'],['cpe:2.3:a:postgresql:postgresql:*:*:*:*:*:*:*:*'],1,5
CVE-2026-10950,Remote code execution via unsafe deserialization in spring spring_framework component.,2024-09-12T00:00:00+00:00,2024-10-08T00:00:00+00:00,3.1,CVSS:3.1/AV:N/AC:L/PR:N/UI:N/S:C/C:N/I:L/A:H,NETWORK,LOW,NONE,NONE,CHANGED,NONE,LOW,HIGH,10.0,CRITICAL,1,0.14198420547658297,0.1349,spring,spring_framework,['CWE-416'],['cpe:2.3:a:spring:spring_framework:*:*:*:*:*:*:*:*'],1,3
CVE-2025-10951,Out-of-bounds memory access in V8 JavaScript engine in google chrome component.,2024-05-23T00:00:00+00:00,2024-06-28T00:00:00+00:00,3.1,CVSS:3.1/AV:P/AC:L/PR:N/UI:N/S:U/C:N/I:N/A:H,PHYSICAL,LOW,NONE,NONE,UNCHANGED,NONE,NONE,HIGH,6.8,MEDIUM,0,0.02825849840939089,0.0268,google,chrome,['CWE-89'],['cpe:2.3:a:google:chrome:*:*:*:*:*:*:*:*'],1,2
CVE-2024-10952,Command injection in management web interface in paloalto pan-os component.,2025-11-27T00:00:00+00:00,2025-11-28T00:00:00+00:00,3.1,CVSS:3.1/AV:L/AC:L/PR:N/UI:N/S:C/C:L/I:H/A:L,LOCAL,LOW,NONE,NONE,CHANGED,LOW,HIGH,LOW,8.1,HIGH,0,0.03862465513214803,0.0367,paloalto,pan-os,['CWE-269'],['cpe:2.3:a:paloalto:pan-os:*:*:*:*:*:*:*:*'],1,3
CVE-2021-10953,Remote code execution via unsafe deserialization in spring spring_framework component.,2022-05-09T00:00:00+00:00,2022-07-20T00:00:00+00:00,3.1,CVSS:3.1/AV:P/AC:H/PR:L/UI:R/S:C/C:L/I:H/A:L,PHYSICAL,HIGH,LOW,REQUIRED,CHANGED,LOW,HIGH,LOW,4.1,MEDIUM,0,0.030349864242123336,0.0288,spring,spring_framework,['CWE-79'],['cpe:2.3:a:spring:spring_framework:*:*:*:*:*:*:*:*'],1,5
CVE-2022-10954,Privilege escalation via authenticated extension loading in postgresql postgresql component.,2024-07-21T00:00:00+00:00,2024-08-26T00:00:00+00:00,3.1,CVSS:3.1/AV:A/AC:H/PR:H/UI:R/S:C/C:H/I:L/A:H,ADJACENT_NETWORK,HIGH,HIGH,REQUIRED,CHANGED,HIGH,LOW,HIGH,7.4,HIGH,0,0.010134564058613803,0.0096,postgresql,postgresql,['CWE-79'],['cpe:2.3:a:postgresql:postgresql:*:*:*:*:*:*:*:*'],1,5
CVE-2026-10955,Remote code execution in Kerberos authentication service in microsoft windows_server component.,2022-12-15T00:00:00+00:00,2023-01-07T00:00:00+00:00,3.1,CVSS:3.1/AV:N/AC:H/PR:L/UI:R/S:C/C:N/I:H/A:H,NETWORK,HIGH,LOW,REQUIRED,CHANGED,NONE,HIGH,HIGH,7.9,HIGH,0,0.07022041895502326,0.0667,microsoft,windows_server,['CWE-119'],['cpe:2.3:a:microsoft:windows_server:*:*:*:*:*:*:*:*'],1,4
CVE-2022-10956,Unauthenticated remote code execution in query optimizer in oracle mysql component.,2025-03-12T00:00:00+00:00,2025-03-14T00:00:00+00:00,3.1,CVSS:3.1/AV:A/AC:H/PR:L/UI:N/S:U/C:H/I:L/A:L,ADJACENT_NETWORK,HIGH,LOW,NONE,UNCHANGED,HIGH,LOW,LOW,5.8,MEDIUM,0,0.00448023110077681,0.0043,oracle,mysql,['CWE-79'],['cpe:2.3:a:oracle:mysql:*:*:*:*:*:*:*:*'],1,3
CVE-2025-10957,Use-after-free vulnerability in eBPF subsystem in linux linux_kernel component.,2021-01-27T00:00:00+00:00,2021-04-15T00:00:00+00:00,3.1,CVSS:3.1/AV:L/AC:L/PR:H/UI:R/S:C/C:L/I:N/A:H,LOCAL,LOW,HIGH,REQUIRED,CHANGED,LOW,NONE,HIGH,6.2,MEDIUM,0,0.35095547007084954,0.3334,linux,linux_kernel,['CWE-200'],['cpe:2.3:a:linux:linux_kernel:*:*:*:*:*:*:*:*'],1,3
CVE-2025-10958,Buffer overflow in TLS handshake parser in openssl openssl component.,2025-08-14T00:00:00+00:00,2025-08-18T00:00:00+00:00,3.1,CVSS:3.1/AV:P/AC:H/PR:L/UI:N/S:C/C:H/I:H/A:H,PHYSICAL,HIGH,LOW,NONE,CHANGED,HIGH,HIGH,HIGH,6.9,MEDIUM,0,0.002005309232581491,0.0019,openssl,openssl,['CWE-79'],['cpe:2.3:a:openssl:openssl:*:*:*:*:*:*:*:*'],1,1
CVE-2021-10959,Unauthenticated remote code execution in query optimizer in oracle mysql component.,2024-06-09T00:00:00+00:00,2024-06-29T00:00:00+00:00,3.1,CVSS:3.1/AV:A/AC:L/PR:N/UI:R/S:U/C:N/I:L/A:H,ADJACENT_NETWORK,LOW,NONE,REQUIRED,UNCHANGED,NONE,LOW,HIGH,7.6,HIGH,0,0.014987548083586731,0.0142,oracle,mysql,['CWE-20'],['cpe:2.3:a:oracle:mysql:*:*:*:*:*:*:*:*'],1,3
CVE-2025-10960,Denial of service via HTTP/2 frame flooding in apache http_server component.,2022-07-23T00:00:00+00:00,2022-08-17T00:00:00+00:00,3.1,CVSS:3.1/AV:N/AC:H/PR:H/UI:R/S:U/C:H/I:H/A:L,NETWORK,HIGH,HIGH,REQUIRED,UNCHANGED,HIGH,HIGH,LOW,7.6,HIGH,0,0.003983989648116666,0.0038,apache,http_server,['CWE-20'],['cpe:2.3:a:apache:http_server:*:*:*:*:*:*:*:*'],1,4
CVE-2026-10961,Remote code execution in Kerberos authentication service in microsoft windows_server component.,2024-10-03T00:00:00+00:00,2024-10-11T00:00:00+00:00,3.1,CVSS:3.1/AV:N/AC:L/PR:H/UI:N/S:C/C:N/I:N/A:L,NETWORK,LOW,HIGH,NONE,CHANGED,NONE,NONE,LOW,7.8,HIGH,0,0.24994026121870214,0.2374,microsoft,windows_server,['CWE-20'],['cpe:2.3:a:microsoft:windows_server:*:*:*:*:*:*:*:*'],1,3
CVE-2022-10962,Out-of-bounds memory access in V8 JavaScript engine in google chrome component.,2024-11-11T00:00:00+00:00,2025-01-15T00:00:00+00:00,3.1,CVSS:3.1/AV:P/AC:L/PR:H/UI:N/S:C/C:L/I:H/A:L,PHYSICAL,LOW,HIGH,NONE,CHANGED,LOW,HIGH,LOW,6.7,MEDIUM,0,0.019677682573790583,0.0187,google,chrome,['CWE-79'],['cpe:2.3:a:google:chrome:*:*:*:*:*:*:*:*'],1,3
CVE-2025-10963,Integer overflow in HTTP request header processing in nginx nginx component.,2025-09-09T00:00:00+00:00,2025-12-08T00:00:00+00:00,3.1,CVSS:3.1/AV:N/AC:H/PR:N/UI:N/S:U/C:N/I:H/A:N,NETWORK,HIGH,NONE,NONE,UNCHANGED,NONE,HIGH,NONE,8.7,HIGH,1,0.09175832041210386,0.0872,nginx,nginx,['CWE-20'],['cpe:2.3:a:nginx:nginx:*:*:*:*:*:*:*:*'],1,2
CVE-2022-10964,Buffer overflow in TLS handshake parser in openssl openssl component.,2024-07-30T00:00:00+00:00,2024-09-16T00:00:00+00:00,3.1,CVSS:3.1/AV:P/AC:L/PR:H/UI:N/S:C/C:H/I:H/A:N,PHYSICAL,LOW,HIGH,NONE,CHANGED,HIGH,HIGH,NONE,7.1,HIGH,0,0.0061081915850745554,0.0058,openssl,openssl,['CWE-89'],['cpe:2.3:a:openssl:openssl:*:*:*:*:*:*:*:*'],1,3
CVE-2024-10965,Buffer overflow in TLS handshake parser in openssl openssl component.,2024-12-16T00:00:00+00:00,2025-01-22T00:00:00+00:00,3.1,CVSS:3.1/AV:A/AC:H/PR:N/UI:R/S:C/C:N/I:N/A:L,ADJACENT_NETWORK,HIGH,NONE,REQUIRED,CHANGED,NONE,NONE,LOW,5.9,MEDIUM,0,0.0019384988688183782,0.0018,openssl,openssl,['CWE-119'],['cpe:2.3:a:openssl:openssl:*:*:*:*:*:*:*:*'],1,2
CVE-2023-10966,Use-after-free vulnerability in eBPF subsystem in linux linux_kernel component.,2024-11-29T00:00:00+00:00,2025-01-25T00:00:00+00:00,3.1,CVSS:3.1/AV:L/AC:L/PR:L/UI:R/S:C/C:L/I:H/A:H,LOCAL,LOW,LOW,REQUIRED,CHANGED,LOW,HIGH,HIGH,7.7,HIGH,0,0.08876216945885296,0.0843,linux,linux_kernel,['CWE-787'],['cpe:2.3:a:linux:linux_kernel:*:*:*:*:*:*:*:*'],1,2
CVE-2025-10967,Buffer overflow in TLS handshake parser in openssl openssl component.,2023-03-01T00:00:00+00:00,2023-03-21T00:00:00+00:00,3.1,CVSS:3.1/AV:A/AC:H/PR:L/UI:R/S:U/C:L/I:H/A:H,ADJACENT_NETWORK,HIGH,LOW,REQUIRED,UNCHANGED,LOW,HIGH,HIGH,6.7,MEDIUM,0,0.014141762015384609,0.0134,openssl,openssl,['CWE-200'],['cpe:2.3:a:openssl:openssl:*:*:*:*:*:*:*:*'],1,1
CVE-2022-10968,Remote code execution via unsafe deserialization in spring spring_framework component.,2022-06-13T00:00:00+00:00,2022-07-11T00:00:00+00:00,3.1,CVSS:3.1/AV:P/AC:H/PR:N/UI:N/S:U/C:L/I:N/A:L,PHYSICAL,HIGH,NONE,NONE,UNCHANGED,LOW,NONE,LOW,4.6,MEDIUM,0,0.10187286544033641,0.0968,spring,spring_framework,['CWE-269'],['cpe:2.3:a:spring:spring_framework:*:*:*:*:*:*:*:*'],1,3
CVE-2024-10969,Out-of-bounds memory access in V8 JavaScript engine in google chrome component.,2024-09-10T00:00:00+00:00,2024-11-25T00:00:00+00:00,3.1,CVSS:3.1/AV:N/AC:H/PR:H/UI:N/S:C/C:N/I:N/A:L,NETWORK,HIGH,HIGH,NONE,CHANGED,NONE,NONE,LOW,7.1,HIGH,0,0.009564867474511473,0.0091,google,chrome,['CWE-787'],['cpe:2.3:a:google:chrome:*:*:*:*:*:*:*:*'],1,3
CVE-2026-10970,Unauthenticated remote code execution in query optimizer in oracle mysql component.,2021-07-25T00:00:00+00:00,2021-08-18T00:00:00+00:00,3.1,CVSS:3.1/AV:L/AC:H/PR:N/UI:R/S:U/C:N/I:L/A:H,LOCAL,HIGH,NONE,REQUIRED,UNCHANGED,NONE,LOW,HIGH,6.3,MEDIUM,0,0.0045823289544744935,0.0044,oracle,mysql,['CWE-787'],['cpe:2.3:a:oracle:mysql:*:*:*:*:*:*:*:*'],1,5
CVE-2026-10971,Out-of-bounds memory access in V8 JavaScript engine in google chrome component.,2023-06-10T00:00:00+00:00,2023-08-01T00:00:00+00:00,3.1,CVSS:3.1/AV:P/AC:L/PR:L/UI:R/S:C/C:L/I:H/A:L,PHYSICAL,LOW,LOW,REQUIRED,CHANGED,LOW,HIGH,LOW,5.6,MEDIUM,0,0.10810222455871832,0.1027,google,chrome,['CWE-200'],['cpe:2.3:a:google:chrome:*:*:*:*:*:*:*:*'],1,1
CVE-2025-10972,Privilege escalation via authenticated extension loading in postgresql postgresql component.,2021-08-09T00:00:00+00:00,2021-10-02T00:00:00+00:00,3.1,CVSS:3.1/AV:P/AC:H/PR:H/UI:R/S:U/C:N/I:H/A:N,PHYSICAL,HIGH,HIGH,REQUIRED,UNCHANGED,NONE,HIGH,NONE,3.3,LOW,0,0.03317444537822513,0.0315,postgresql,postgresql,['CWE-200'],['cpe:2.3:a:postgresql:postgresql:*:*:*:*:*:*:*:*'],1,5
CVE-2022-10973,Remote code execution via unsafe deserialization in spring spring_framework component.,2024-03-09T00:00:00+00:00,2024-03-27T00:00:00+00:00,3.1,CVSS:3.1/AV:A/AC:H/PR:N/UI:N/S:C/C:N/I:L/A:L,ADJACENT_NETWORK,HIGH,NONE,NONE,CHANGED,NONE,LOW,LOW,7.1,HIGH,0,0.016249940270216565,0.0154,spring,spring_framework,['CWE-416'],['cpe:2.3:a:spring:spring_framework:*:*:*:*:*:*:*:*'],1,2
CVE-2021-10974,Integer overflow in HTTP request header processing in nginx nginx component.,2024-09-10T00:00:00+00:00,2024-09-29T00:00:00+00:00,3.1,CVSS:3.1/AV:A/AC:L/PR:L/UI:R/S:U/C:N/I:N/A:N,ADJACENT_NETWORK,LOW,LOW,REQUIRED,UNCHANGED,NONE,NONE,NONE,5.7,MEDIUM,0,0.005380229771063887,0.0051,nginx,nginx,['CWE-416'],['cpe:2.3:a:nginx:nginx:*:*:*:*:*:*:*:*'],1,1
CVE-2022-10975,Privilege escalation via authenticated extension loading in postgresql postgresql component.,2024-11-03T00:00:00+00:00,2025-01-14T00:00:00+00:00,3.1,CVSS:3.1/AV:L/AC:L/PR:L/UI:N/S:C/C:N/I:L/A:H,LOCAL,LOW,LOW,NONE,CHANGED,NONE,LOW,HIGH,7.1,HIGH,0,0.01616014086013927,0.0154,postgresql,postgresql,['CWE-416'],['cpe:2.3:a:postgresql:postgresql:*:*:*:*:*:*:*:*'],1,2
CVE-2026-10976,Integer overflow in HTTP request header processing in nginx nginx component.,2023-02-10T00:00:00+00:00,2023-04-11T00:00:00+00:00,3.1,CVSS:3.1/AV:A/AC:L/PR:L/UI:N/S:C/C:N/I:L/A:L,ADJACENT_NETWORK,LOW,LOW,NONE,CHANGED,NONE,LOW,LOW,6.7,MEDIUM,0,0.23263786530866662,0.221,nginx,nginx,['CWE-200'],['cpe:2.3:a:nginx:nginx:*:*:*:*:*:*:*:*'],1,4
CVE-2024-10977,Out-of-bounds memory access in V8 JavaScript engine in google chrome component.,2023-12-30T00:00:00+00:00,2024-01-09T00:00:00+00:00,3.1,CVSS:3.1/AV:L/AC:H/PR:H/UI:N/S:U/C:H/I:N/A:N,LOCAL,HIGH,HIGH,NONE,UNCHANGED,HIGH,NONE,NONE,5.3,MEDIUM,0,0.0016021589043839102,0.0015,google,chrome,['CWE-269'],['cpe:2.3:a:google:chrome:*:*:*:*:*:*:*:*'],1,3
CVE-2025-10978,Unauthenticated remote code execution in query optimizer in oracle mysql component.,2025-08-13T00:00:00+00:00,2025-08-14T00:00:00+00:00,3.1,CVSS:3.1/AV:P/AC:L/PR:H/UI:N/S:U/C:L/I:N/A:N,PHYSICAL,LOW,HIGH,NONE,UNCHANGED,LOW,NONE,NONE,4.7,MEDIUM,0,0.05995982488908592,0.057,oracle,mysql,['CWE-119'],['cpe:2.3:a:oracle:mysql:*:*:*:*:*:*:*:*'],1,3
CVE-2021-10979,Remote code execution in Kerberos authentication service in microsoft windows_server component.,2022-11-27T00:00:00+00:00,2023-01-16T00:00:00+00:00,3.1,CVSS:3.1/AV:A/AC:H/PR:N/UI:R/S:C/C:L/I:H/A:L,ADJACENT_NETWORK,HIGH,NONE,REQUIRED,CHANGED,LOW,HIGH,LOW,7.5,HIGH,0,0.023544046141356238,0.0224,microsoft,windows_server,['CWE-20'],['cpe:2.3:a:microsoft:windows_server:*:*:*:*:*:*:*:*'],1,3
CVE-2022-10980,Remote code execution in Kerberos authentication service in microsoft windows_server component.,2021-12-01T00:00:00+00:00,2022-01-21T00:00:00+00:00,3.1,CVSS:3.1/AV:N/AC:H/PR:N/UI:R/S:U/C:H/I:L/A:N,NETWORK,HIGH,NONE,REQUIRED,UNCHANGED,HIGH,LOW,NONE,7.9,HIGH,0,0.14475532102568076,0.1375,microsoft,windows_server,['CWE-89'],['cpe:2.3:a:microsoft:windows_server:*:*:*:*:*:*:*:*'],1,3
CVE-2025-10981,Command injection in management web interface in paloalto pan-os component.,2023-11-05T00:00:00+00:00,2023-12-25T00:00:00+00:00,3.1,CVSS:3.1/AV:P/AC:L/PR:L/UI:R/S:C/C:N/I:L/A:L,PHYSICAL,LOW,LOW,REQUIRED,CHANGED,NONE,LOW,LOW,4.2,MEDIUM,0,0.12128428875160646,0.1152,paloalto,pan-os,['CWE-200'],['cpe:2.3:a:paloalto:pan-os:*:*:*:*:*:*:*:*'],1,1
CVE-2024-10982,Out-of-bounds memory access in V8 JavaScript engine in google chrome component.,2023-10-26T00:00:00+00:00,2023-12-13T00:00:00+00:00,3.1,CVSS:3.1/AV:P/AC:H/PR:H/UI:R/S:U/C:N/I:L/A:H,PHYSICAL,HIGH,HIGH,REQUIRED,UNCHANGED,NONE,LOW,HIGH,3.9,LOW,0,0.06105836011930312,0.058,google,chrome,['CWE-416'],['cpe:2.3:a:google:chrome:*:*:*:*:*:*:*:*'],1,1
CVE-2021-10983,Command injection in management web interface in paloalto pan-os component.,2022-11-22T00:00:00+00:00,2023-02-06T00:00:00+00:00,3.1,CVSS:3.1/AV:L/AC:L/PR:H/UI:R/S:C/C:N/I:L/A:L,LOCAL,LOW,HIGH,REQUIRED,CHANGED,NONE,LOW,LOW,5.6,MEDIUM,0,0.423204147896147,0.402,paloalto,pan-os,['CWE-20'],['cpe:2.3:a:paloalto:pan-os:*:*:*:*:*:*:*:*'],1,1
CVE-2024-10984,Integer overflow in HTTP request header processing in nginx nginx component.,2023-01-22T00:00:00+00:00,2023-01-29T00:00:00+00:00,3.1,CVSS:3.1/AV:L/AC:H/PR:L/UI:R/S:C/C:N/I:H/A:L,LOCAL,HIGH,LOW,REQUIRED,CHANGED,NONE,HIGH,LOW,5.4,MEDIUM,0,0.010462499002538568,0.0099,nginx,nginx,['CWE-89'],['cpe:2.3:a:nginx:nginx:*:*:*:*:*:*:*:*'],1,3
CVE-2024-10985,Unauthenticated remote code execution in query optimizer in oracle mysql component.,2021-02-05T00:00:00+00:00,2021-04-04T00:00:00+00:00,3.1,CVSS:3.1/AV:L/AC:H/PR:H/UI:N/S:U/C:L/I:H/A:N,LOCAL,HIGH,HIGH,NONE,UNCHANGED,LOW,HIGH,NONE,5.7,MEDIUM,0,0.08917771503532095,0.0847,oracle,mysql,['CWE-416'],['cpe:2.3:a:oracle:mysql:*:*:*:*:*:*:*:*'],1,2
CVE-2021-10986,Command injection in management web interface in paloalto pan-os component.,2024-01-01T00:00:00+00:00,2024-01-14T00:00:00+00:00,3.1,CVSS:3.1/AV:A/AC:L/PR:H/UI:R/S:C/C:L/I:L/A:L,ADJACENT_NETWORK,LOW,HIGH,REQUIRED,CHANGED,LOW,LOW,LOW,6.0,MEDIUM,0,0.09352202267542002,0.0888,paloalto,pan-os,['CWE-119'],['cpe:2.3:a:paloalto:pan-os:*:*:*:*:*:*:*:*'],1,5
CVE-2024-10987,Out-of-bounds memory access in V8 JavaScript engine in google chrome component.,2021-03-25T00:00:00+00:00,2021-04-04T00:00:00+00:00,3.1,CVSS:3.1/AV:L/AC:H/PR:N/UI:N/S:U/C:L/I:H/A:H,LOCAL,HIGH,NONE,NONE,UNCHANGED,LOW,HIGH,HIGH,8.0,HIGH,0,0.06160524171704121,0.0585,google,chrome,['CWE-79'],['cpe:2.3:a:google:chrome:*:*:*:*:*:*:*:*'],1,3
CVE-2024-10988,Use-after-free vulnerability in eBPF subsystem in linux linux_kernel component.,2023-04-01T00:00:00+00:00,2023-04-04T00:00:00+00:00,3.1,CVSS:3.1/AV:A/AC:H/PR:H/UI:N/S:C/C:N/I:N/A:H,ADJACENT_NETWORK,HIGH,HIGH,NONE,CHANGED,NONE,NONE,HIGH,7.0,HIGH,0,0.019480057909428618,0.0185,linux,linux_kernel,['CWE-200'],['cpe:2.3:a:linux:linux_kernel:*:*:*:*:*:*:*:*'],1,3
CVE-2025-10989,Out-of-bounds memory access in V8 JavaScript engine in google chrome component.,2024-01-10T00:00:00+00:00,2024-02-11T00:00:00+00:00,3.1,CVSS:3.1/AV:N/AC:H/PR:H/UI:R/S:U/C:L/I:L/A:H,NETWORK,HIGH,HIGH,REQUIRED,UNCHANGED,LOW,LOW,HIGH,6.5,MEDIUM,0,0.11664363612276653,0.1108,google,chrome,['CWE-89'],['cpe:2.3:a:google:chrome:*:*:*:*:*:*:*:*'],1,3
CVE-2026-10990,Remote code execution via unsafe deserialization in spring spring_framework component.,2021-04-04T00:00:00+00:00,2021-06-21T00:00:00+00:00,3.1,CVSS:3.1/AV:P/AC:L/PR:H/UI:R/S:C/C:N/I:L/A:N,PHYSICAL,LOW,HIGH,REQUIRED,CHANGED,NONE,LOW,NONE,4.3,MEDIUM,0,0.0179045070476661,0.017,spring,spring_framework,['CWE-20'],['cpe:2.3:a:spring:spring_framework:*:*:*:*:*:*:*:*'],1,4
CVE-2023-10991,Command injection in management web interface in paloalto pan-os component.,2022-07-01T00:00:00+00:00,2022-08-30T00:00:00+00:00,3.1,CVSS:3.1/AV:L/AC:L/PR:N/UI:N/S:U/C:H/I:L/A:N,LOCAL,LOW,NONE,NONE,UNCHANGED,HIGH,LOW,NONE,7.7,HIGH,0,0.048795493728592036,0.0464,paloalto,pan-os,['CWE-79'],['cpe:2.3:a:paloalto:pan-os:*:*:*:*:*:*:*:*'],1,5
CVE-2026-10992,Use-after-free vulnerability in eBPF subsystem in linux linux_kernel component.,2024-12-29T00:00:00+00:00,2025-03-17T00:00:00+00:00,3.1,CVSS:3.1/AV:P/AC:H/PR:H/UI:R/S:C/C:L/I:H/A:N,PHYSICAL,HIGH,HIGH,REQUIRED,CHANGED,LOW,HIGH,NONE,4.3,MEDIUM,0,0.0007318549589934995,0.0007,linux,linux_kernel,['CWE-269'],['cpe:2.3:a:linux:linux_kernel:*:*:*:*:*:*:*:*'],1,3
CVE-2023-10993,Unauthenticated remote code execution in query optimizer in oracle mysql component.,2025-08-12T00:00:00+00:00,2025-10-08T00:00:00+00:00,3.1,CVSS:3.1/AV:A/AC:H/PR:H/UI:R/S:U/C:H/I:H/A:N,ADJACENT_NETWORK,HIGH,HIGH,REQUIRED,UNCHANGED,HIGH,HIGH,NONE,6.7,MEDIUM,0,0.04731679163687288,0.045,oracle,mysql,['CWE-416'],['cpe:2.3:a:oracle:mysql:*:*:*:*:*:*:*:*'],1,3
CVE-2021-10994,Remote code execution in Kerberos authentication service in microsoft windows_server component.,2024-09-15T00:00:00+00:00,2024-11-28T00:00:00+00:00,3.1,CVSS:3.1/AV:N/AC:H/PR:H/UI:R/S:U/C:N/I:H/A:H,NETWORK,HIGH,HIGH,REQUIRED,UNCHANGED,NONE,HIGH,HIGH,7.8,HIGH,0,0.004337724804800919,0.0041,microsoft,windows_server,['CWE-269'],['cpe:2.3:a:microsoft:windows_server:*:*:*:*:*:*:*:*'],1,3
CVE-2023-10995,Use-after-free vulnerability in eBPF subsystem in linux linux_kernel component.,2023-07-14T00:00:00+00:00,2023-10-09T00:00:00+00:00,3.1,CVSS:3.1/AV:P/AC:L/PR:N/UI:N/S:C/C:H/I:L/A:L,PHYSICAL,LOW,NONE,NONE,CHANGED,HIGH,LOW,LOW,7.4,HIGH,0,0.07652930200648876,0.0727,linux,linux_kernel,['CWE-20'],['cpe:2.3:a:linux:linux_kernel:*:*:*:*:*:*:*:*'],1,3
CVE-2026-10996,Remote code execution via unsafe deserialization in spring spring_framework component.,2023-10-03T00:00:00+00:00,2023-11-03T00:00:00+00:00,3.1,CVSS:3.1/AV:P/AC:L/PR:L/UI:N/S:U/C:L/I:N/A:N,PHYSICAL,LOW,LOW,NONE,UNCHANGED,LOW,NONE,NONE,4.7,MEDIUM,0,0.10067067009945778,0.0956,spring,spring_framework,['CWE-79'],['cpe:2.3:a:spring:spring_framework:*:*:*:*:*:*:*:*'],1,5
CVE-2022-10997,Use-after-free vulnerability in eBPF subsystem in linux linux_kernel component.,2025-11-07T00:00:00+00:00,2025-11-28T00:00:00+00:00,3.1,CVSS:3.1/AV:P/AC:H/PR:L/UI:N/S:C/C:H/I:L/A:L,PHYSICAL,HIGH,LOW,NONE,CHANGED,HIGH,LOW,LOW,5.8,MEDIUM,0,0.16461575078379828,0.1564,linux,linux_kernel,['CWE-269'],['cpe:2.3:a:linux:linux_kernel:*:*:*:*:*:*:*:*'],1,1
CVE-2025-10998,Unauthenticated remote code execution in query optimizer in oracle mysql component.,2024-01-02T00:00:00+00:00,2024-03-11T00:00:00+00:00,3.1,CVSS:3.1/AV:P/AC:L/PR:L/UI:R/S:C/C:L/I:L/A:N,PHYSICAL,LOW,LOW,REQUIRED,CHANGED,LOW,LOW,NONE,4.4,MEDIUM,0,0.007646882389639131,0.0073,oracle,mysql,['CWE-89'],['cpe:2.3:a:oracle:mysql:*:*:*:*:*:*:*:*'],1,4
CVE-2021-10999,Use-after-free vulnerability in eBPF subsystem in linux linux_kernel component.,2023-12-27T00:00:00+00:00,2024-02-08T00:00:00+00:00,3.1,CVSS:3.1/AV:P/AC:L/PR:H/UI:N/S:C/C:H/I:H/A:L,PHYSICAL,LOW,HIGH,NONE,CHANGED,HIGH,HIGH,LOW,6.9,MEDIUM,0,0.3963881185407731,0.3766,linux,linux_kernel,['CWE-416'],['cpe:2.3:a:linux:linux_kernel:*:*:*:*:*:*:*:*'],1,4
CVE-2026-11000,Privilege escalation via authenticated extension loading in postgresql postgresql component.,2021-03-01T00:00:00+00:00,2021-05-20T00:00:00+00:00,3.1,CVSS:3.1/AV:A/AC:L/PR:H/UI:N/S:C/C:N/I:L/A:H,ADJACENT_NETWORK,LOW,HIGH,NONE,CHANGED,NONE,LOW,HIGH,8.2,HIGH,0,0.00010943011514370165,0.0001,postgresql,postgresql,['CWE-119'],['cpe:2.3:a:postgresql:postgresql:*:*:*:*:*:*:*:*'],1,2
CVE-2026-11001,Out-of-bounds memory access in V8 JavaScript engine in google chrome component.,2023-08-25T00:00:00+00:00,2023-11-21T00:00:00+00:00,3.1,CVSS:3.1/AV:N/AC:H/PR:N/UI:R/S:U/C:N/I:L/A:L,NETWORK,HIGH,NONE,REQUIRED,UNCHANGED,NONE,LOW,LOW,6.6,MEDIUM,0,0.0367297320937359,0.0349,google,chrome,['CWE-119'],['cpe:2.3:a:google:chrome:*:*:*:*:*:*:*:*'],1,2
CVE-2026-11002,Integer overflow in HTTP request header processing in nginx nginx component.,2022-02-14T00:00:00+00:00,2022-03-28T00:00:00+00:00,3.1,CVSS:3.1/AV:A/AC:H/PR:N/UI:N/S:U/C:H/I:L/A:L,ADJACENT_NETWORK,HIGH,NONE,NONE,UNCHANGED,HIGH,LOW,LOW,7.2,HIGH,0,0.1308120646029085,0.1243,nginx,nginx,['CWE-119'],['cpe:2.3:a:nginx:nginx:*:*:*:*:*:*:*:*'],1,5
CVE-2022-11003,Integer overflow in HTTP request header processing in nginx nginx component.,2025-06-20T00:00:00+00:00,2025-07-13T00:00:00+00:00,3.1,CVSS:3.1/AV:P/AC:L/PR:H/UI:R/S:U/C:N/I:L/A:H,PHYSICAL,LOW,HIGH,REQUIRED,UNCHANGED,NONE,LOW,HIGH,5.2,MEDIUM,0,0.3137561448727125,0.2981,nginx,nginx,['CWE-79'],['cpe:2.3:a:nginx:nginx:*:*:*:*:*:*:*:*'],1,1
CVE-2026-11004,Buffer overflow in TLS handshake parser in openssl openssl component.,2024-10-18T00:00:00+00:00,2024-12-10T00:00:00+00:00,3.1,CVSS:3.1/AV:P/AC:H/PR:N/UI:R/S:C/C:H/I:H/A:N,PHYSICAL,HIGH,NONE,REQUIRED,CHANGED,HIGH,HIGH,NONE,6.8,MEDIUM,0,0.029009275641615248,0.0276,openssl,openssl,['CWE-20'],['cpe:2.3:a:openssl:openssl:*:*:*:*:*:*:*:*'],1,4
CVE-2026-11005,Integer overflow in HTTP request header processing in nginx nginx component.,2021-05-03T00:00:00+00:00,2021-06-10T00:00:00+00:00,3.1,CVSS:3.1/AV:P/AC:L/PR:L/UI:R/S:C/C:L/I:N/A:N,PHYSICAL,LOW,LOW,REQUIRED,CHANGED,LOW,NONE,NONE,4.1,MEDIUM,0,0.02824558458495629,0.0268,nginx,nginx,['CWE-89'],['cpe:2.3:a:nginx:nginx:*:*:*:*:*:*:*:*'],1,3
CVE-2021-11006,Out-of-bounds memory access in V8 JavaScript engine in google chrome component.,2025-01-18T00:00:00+00:00,2025-02-09T00:00:00+00:00,3.1,CVSS:3.1/AV:L/AC:H/PR:H/UI:R/S:U/C:N/I:L/A:N,LOCAL,HIGH,HIGH,REQUIRED,UNCHANGED,NONE,LOW,NONE,3.7,LOW,0,0.06910137787039979,0.0656,google,chrome,['CWE-200'],['cpe:2.3:a:google:chrome:*:*:*:*:*:*:*:*'],1,1
CVE-2026-11007,Unauthenticated remote code execution in query optimizer in oracle mysql component.,2024-11-21T00:00:00+00:00,2024-12-01T00:00:00+00:00,3.1,CVSS:3.1/AV:P/AC:H/PR:N/UI:R/S:C/C:L/I:H/A:L,PHYSICAL,HIGH,NONE,REQUIRED,CHANGED,LOW,HIGH,LOW,5.7,MEDIUM,0,0.02578775380832045,0.0245,oracle,mysql,['CWE-269'],['cpe:2.3:a:oracle:mysql:*:*:*:*:*:*:*:*'],1,4
CVE-2025-11008,Use-after-free vulnerability in eBPF subsystem in linux linux_kernel component.,2022-07-18T00:00:00+00:00,2022-10-03T00:00:00+00:00,3.1,CVSS:3.1/AV:N/AC:L/PR:N/UI:R/S:U/C:N/I:L/A:H,NETWORK,LOW,NONE,REQUIRED,UNCHANGED,NONE,LOW,HIGH,8.7,HIGH,0,0.17719462324185284,0.1683,linux,linux_kernel,['CWE-200'],['cpe:2.3:a:linux:linux_kernel:*:*:*:*:*:*:*:*'],1,3
CVE-2025-11009,Command injection in management web interface in paloalto pan-os component.,2024-07-22T00:00:00+00:00,2024-08-31T00:00:00+00:00,3.1,CVSS:3.1/AV:P/AC:H/PR:H/UI:R/S:U/C:H/I:H/A:N,PHYSICAL,HIGH,HIGH,REQUIRED,UNCHANGED,HIGH,HIGH,NONE,4.8,MEDIUM,0,0.09008459284142918,0.0856,paloalto,pan-os,['CWE-89'],['cpe:2.3:a:paloalto:pan-os:*:*:*:*:*:*:*:*'],1,5
CVE-2024-11010,Use-after-free vulnerability in eBPF subsystem in linux linux_kernel component.,2022-06-11T00:00:00+00:00,2022-09-01T00:00:00+00:00,3.1,CVSS:3.1/AV:A/AC:L/PR:N/UI:R/S:U/C:H/I:N/A:L,ADJACENT_NETWORK,LOW,NONE,REQUIRED,UNCHANGED,HIGH,NONE,LOW,7.5,HIGH,0,0.04248883220488085,0.0404,linux,linux_kernel,['CWE-269'],['cpe:2.3:a:linux:linux_kernel:*:*:*:*:*:*:*:*'],1,5
CVE-2024-11011,Remote code execution via unsafe deserialization in spring spring_framework component.,2023-09-04T00:00:00+00:00,2023-11-23T00:00:00+00:00,3.1,CVSS:3.1/AV:A/AC:H/PR:H/UI:N/S:C/C:H/I:L/A:L,ADJACENT_NETWORK,HIGH,HIGH,NONE,CHANGED,HIGH,LOW,LOW,7.0,HIGH,0,0.00714902516721028,0.0068,spring,spring_framework,['CWE-787'],['cpe:2.3:a:spring:spring_framework:*:*:*:*:*:*:*:*'],1,2
CVE-2024-11012,Remote code execution via unsafe deserialization in spring spring_framework component.,2021-12-26T00:00:00+00:00,2022-02-26T00:00:00+00:00,3.1,CVSS:3.1/AV:P/AC:L/PR:H/UI:N/S:C/C:N/I:L/A:N,PHYSICAL,LOW,HIGH,NONE,CHANGED,NONE,LOW,NONE,5.5,MEDIUM,0,0.0060930634357402366,0.0058,spring,spring_framework,['CWE-119'],['cpe:2.3:a:spring:spring_framework:*:*:*:*:*:*:*:*'],1,2
CVE-2025-11013,Use-after-free vulnerability in eBPF subsystem in linux linux_kernel component.,2025-05-13T00:00:00+00:00,2025-05-29T00:00:00+00:00,3.1,CVSS:3.1/AV:A/AC:H/PR:L/UI:R/S:U/C:H/I:H/A:N,ADJACENT_NETWORK,HIGH,LOW,REQUIRED,UNCHANGED,HIGH,HIGH,NONE,6.1,MEDIUM,0,0.08754351601826924,0.0832,linux,linux_kernel,['CWE-119'],['cpe:2.3:a:linux:linux_kernel:*:*:*:*:*:*:*:*'],1,3
CVE-2024-11014,Buffer overflow in TLS handshake parser in openssl openssl component.,2024-07-06T00:00:00+00:00,2024-07-19T00:00:00+00:00,3.1,CVSS:3.1/AV:L/AC:L/PR:L/UI:N/S:U/C:L/I:H/A:H,LOCAL,LOW,LOW,NONE,UNCHANGED,LOW,HIGH,HIGH,7.9,HIGH,0,0.001180459204270225,0.0011,openssl,openssl,['CWE-119'],['cpe:2.3:a:openssl:openssl:*:*:*:*:*:*:*:*'],1,2
CVE-2026-11015,Use-after-free vulnerability in eBPF subsystem in linux linux_kernel component.,2022-01-10T00:00:00+00:00,2022-04-09T00:00:00+00:00,3.1,CVSS:3.1/AV:A/AC:L/PR:H/UI:R/S:U/C:N/I:H/A:L,ADJACENT_NETWORK,LOW,HIGH,REQUIRED,UNCHANGED,NONE,HIGH,LOW,6.8,MEDIUM,0,0.005915298209287631,0.0056,linux,linux_kernel,['CWE-200'],['cpe:2.3:a:linux:linux_kernel:*:*:*:*:*:*:*:*'],1,1
CVE-2026-11016,Privilege escalation via authenticated extension loading in postgresql postgresql component.,2025-08-29T00:00:00+00:00,2025-09-07T00:00:00+00:00,3.1,CVSS:3.1/AV:A/AC:H/PR:N/UI:N/S:U/C:N/I:H/A:H,ADJACENT_NETWORK,HIGH,NONE,NONE,UNCHANGED,NONE,HIGH,HIGH,8.1,HIGH,0,0.00010438301217752816,0.0001,postgresql,postgresql,['CWE-787'],['cpe:2.3:a:postgresql:postgresql:*:*:*:*:*:*:*:*'],1,4
CVE-2025-11017,Denial of service via HTTP/2 frame flooding in apache http_server component.,2025-05-20T00:00:00+00:00,2025-05-27T00:00:00+00:00,3.1,CVSS:3.1/AV:L/AC:L/PR:N/UI:R/S:U/C:L/I:N/A:L,LOCAL,LOW,NONE,REQUIRED,UNCHANGED,LOW,NONE,LOW,5.6,MEDIUM,0,0.0001,0.0001,apache,http_server,['CWE-119'],['cpe:2.3:a:apache:http_server:*:*:*:*:*:*:*:*'],1,1
CVE-2025-11018,Remote code execution via unsafe deserialization in spring spring_framework component.,2022-03-17T00:00:00+00:00,2022-06-02T00:00:00+00:00,3.1,CVSS:3.1/AV:P/AC:H/PR:H/UI:N/S:C/C:N/I:H/A:L,PHYSICAL,HIGH,HIGH,NONE,CHANGED,NONE,HIGH,LOW,5.2,MEDIUM,0,0.17023905777644605,0.1617,spring,spring_framework,['CWE-119'],['cpe:2.3:a:spring:spring_framework:*:*:*:*:*:*:*:*'],1,5
CVE-2024-11019,Out-of-bounds memory access in V8 JavaScript engine in google chrome component.,2021-01-02T00:00:00+00:00,2021-02-04T00:00:00+00:00,3.1,CVSS:3.1/AV:P/AC:H/PR:L/UI:N/S:C/C:H/I:L/A:H,PHYSICAL,HIGH,LOW,NONE,CHANGED,HIGH,LOW,HIGH,5.9,MEDIUM,0,0.018890336733600275,0.0179,google,chrome,['CWE-200'],['cpe:2.3:a:google:chrome:*:*:*:*:*:*:*:*'],1,3
CVE-2025-11020,Use-after-free vulnerability in eBPF subsystem in linux linux_kernel component.,2022-05-25T00:00:00+00:00,2022-07-08T00:00:00+00:00,3.1,CVSS:3.1/AV:L/AC:H/PR:H/UI:R/S:U/C:N/I:L/A:N,LOCAL,HIGH,HIGH,REQUIRED,UNCHANGED,NONE,LOW,NONE,4.0,MEDIUM,0,0.036235268504675386,0.0344,linux,linux_kernel,['CWE-269'],['cpe:2.3:a:linux:linux_kernel:*:*:*:*:*:*:*:*'],1,5
CVE-2024-11021,Integer overflow in HTTP request header processing in nginx nginx component.,2021-12-01T00:00:00+00:00,2021-12-24T00:00:00+00:00,3.1,CVSS:3.1/AV:N/AC:H/PR:H/UI:R/S:U/C:L/I:L/A:H,NETWORK,HIGH,HIGH,REQUIRED,UNCHANGED,LOW,LOW,HIGH,6.6,MEDIUM,0,0.006735536526196224,0.0064,nginx,nginx,['CWE-89'],['cpe:2.3:a:nginx:nginx:*:*:*:*:*:*:*:*'],1,2
CVE-2022-11022,Denial of service via HTTP/2 frame flooding in apache http_server component.,2022-03-13T00:00:00+00:00,2022-04-22T00:00:00+00:00,3.1,CVSS:3.1/AV:L/AC:H/PR:H/UI:R/S:U/C:H/I:L/A:H,LOCAL,HIGH,HIGH,REQUIRED,UNCHANGED,HIGH,LOW,HIGH,5.8,MEDIUM,0,0.0005418826845513065,0.0005,apache,http_server,['CWE-119'],['cpe:2.3:a:apache:http_server:*:*:*:*:*:*:*:*'],1,5
CVE-2023-11023,Command injection in management web interface in paloalto pan-os component.,2021-11-17T00:00:00+00:00,2021-12-12T00:00:00+00:00,3.1,CVSS:3.1/AV:P/AC:L/PR:N/UI:N/S:C/C:H/I:L/A:H,PHYSICAL,LOW,NONE,NONE,CHANGED,HIGH,LOW,HIGH,9.1,CRITICAL,0,0.0001,0.0001,paloalto,pan-os,['CWE-416'],['cpe:2.3:a:paloalto:pan-os:*:*:*:*:*:*:*:*'],1,3
CVE-2023-11024,Privilege escalation via authenticated extension loading in postgresql postgresql component.,2023-08-25T00:00:00+00:00,2023-10-03T00:00:00+00:00,3.1,CVSS:3.1/AV:L/AC:L/PR:L/UI:R/S:C/C:H/I:L/A:L,LOCAL,LOW,LOW,REQUIRED,CHANGED,HIGH,LOW,LOW,6.5,MEDIUM,0,0.09109107327570004,0.0865,postgresql,postgresql,['CWE-200'],['cpe:2.3:a:postgresql:postgresql:*:*:*:*:*:*:*:*'],1,4
CVE-2024-11025,Out-of-bounds memory access in V8 JavaScript engine in google chrome component.,2025-04-11T00:00:00+00:00,2025-06-04T00:00:00+00:00,3.1,CVSS:3.1/AV:N/AC:H/PR:N/UI:R/S:C/C:H/I:N/A:L,NETWORK,HIGH,NONE,REQUIRED,CHANGED,HIGH,NONE,LOW,7.6,HIGH,0,0.046712602691519424,0.0444,google,chrome,['CWE-200'],['cpe:2.3:a:google:chrome:*:*:*:*:*:*:*:*'],1,1
CVE-2022-11026,Privilege escalation via authenticated extension loading in postgresql postgresql component.,2024-09-17T00:00:00+00:00,2024-10-20T00:00:00+00:00,3.1,CVSS:3.1/AV:L/AC:H/PR:N/UI:R/S:C/C:L/I:L/A:H,LOCAL,HIGH,NONE,REQUIRED,CHANGED,LOW,LOW,HIGH,6.1,MEDIUM,0,0.09105479621557903,0.0865,postgresql,postgresql,['CWE-119'],['cpe:2.3:a:postgresql:postgresql:*:*:*:*:*:*:*:*'],1,2
CVE-2025-11027,Out-of-bounds memory access in V8 JavaScript engine in google chrome component.,2023-06-21T00:00:00+00:00,2023-07-27T00:00:00+00:00,3.1,CVSS:3.1/AV:N/AC:L/PR:N/UI:N/S:C/C:H/I:L/A:H,NETWORK,LOW,NONE,NONE,CHANGED,HIGH,LOW,HIGH,10.0,CRITICAL,0,0.6680673978754231,0.6347,google,chrome,['CWE-20'],['cpe:2.3:a:google:chrome:*:*:*:*:*:*:*:*'],1,4
CVE-2022-11028,Integer overflow in HTTP request header processing in nginx nginx component.,2022-07-28T00:00:00+00:00,2022-10-14T00:00:00+00:00,3.1,CVSS:3.1/AV:P/AC:L/PR:N/UI:N/S:C/C:L/I:H/A:L,PHYSICAL,LOW,NONE,NONE,CHANGED,LOW,HIGH,LOW,7.1,HIGH,0,0.128428669399045,0.122,nginx,nginx,['CWE-787'],['cpe:2.3:a:nginx:nginx:*:*:*:*:*:*:*:*'],1,3
CVE-2024-11029,Denial of service via HTTP/2 frame flooding in apache http_server component.,2021-10-03T00:00:00+00:00,2021-10-13T00:00:00+00:00,3.1,CVSS:3.1/AV:L/AC:H/PR:N/UI:N/S:C/C:H/I:N/A:H,LOCAL,HIGH,NONE,NONE,CHANGED,HIGH,NONE,HIGH,7.4,HIGH,0,0.12830118712115127,0.1219,apache,http_server,['CWE-79'],['cpe:2.3:a:apache:http_server:*:*:*:*:*:*:*:*'],1,4
CVE-2023-11030,Privilege escalation via authenticated extension loading in postgresql postgresql component.,2024-03-18T00:00:00+00:00,2024-05-27T00:00:00+00:00,3.1,CVSS:3.1/AV:L/AC:H/PR:H/UI:N/S:U/C:N/I:H/A:H,LOCAL,HIGH,HIGH,NONE,UNCHANGED,NONE,HIGH,HIGH,6.3,MEDIUM,0,0.03455591858704469,0.0328,postgresql,postgresql,['CWE-269'],['cpe:2.3:a:postgresql:postgresql:*:*:*:*:*:*:*:*'],1,3
CVE-2026-11031,Integer overflow in HTTP request header processing in nginx nginx component.,2022-03-16T00:00:00+00:00,2022-04-09T00:00:00+00:00,3.1,CVSS:3.1/AV:L/AC:H/PR:N/UI:R/S:C/C:L/I:N/A:H,LOCAL,HIGH,NONE,REQUIRED,CHANGED,LOW,NONE,HIGH,6.7,MEDIUM,0,0.0042297634822782105,0.004,nginx,nginx,['CWE-200'],['cpe:2.3:a:nginx:nginx:*:*:*:*:*:*:*:*'],1,3
CVE-2026-11032,Out-of-bounds memory access in V8 JavaScript engine in google chrome component.,2021-02-17T00:00:00+00:00,2021-03-07T00:00:00+00:00,3.1,CVSS:3.1/AV:N/AC:H/PR:L/UI:R/S:C/C:N/I:H/A:N,NETWORK,HIGH,LOW,REQUIRED,CHANGED,NONE,HIGH,NONE,6.6,MEDIUM,0,0.0976016621021521,0.0927,google,chrome,['CWE-269'],['cpe:2.3:a:google:chrome:*:*:*:*:*:*:*:*'],1,1
CVE-2024-11033,Out-of-bounds memory access in V8 JavaScript engine in google chrome component.,2021-03-07T00:00:00+00:00,2021-05-11T00:00:00+00:00,3.1,CVSS:3.1/AV:L/AC:H/PR:L/UI:R/S:U/C:H/I:N/A:H,LOCAL,HIGH,LOW,REQUIRED,UNCHANGED,HIGH,NONE,HIGH,6.0,MEDIUM,0,0.329233638346109,0.3128,google,chrome,['CWE-79'],['cpe:2.3:a:google:chrome:*:*:*:*:*:*:*:*'],1,5
CVE-2025-11034,Denial of service via HTTP/2 frame flooding in apache http_server component.,2021-11-21T00:00:00+00:00,2022-01-26T00:00:00+00:00,3.1,CVSS:3.1/AV:N/AC:H/PR:H/UI:N/S:U/C:H/I:L/A:L,NETWORK,HIGH,HIGH,NONE,UNCHANGED,HIGH,LOW,LOW,7.0,HIGH,0,0.09856770722002589,0.0936,apache,http_server,['CWE-787'],['cpe:2.3:a:apache:http_server:*:*:*:*:*:*:*:*'],1,4
CVE-2026-11035,Command injection in management web interface in paloalto pan-os component.,2022-11-08T00:00:00+00:00,2022-11-18T00:00:00+00:00,3.1,CVSS:3.1/AV:A/AC:H/PR:L/UI:R/S:U/C:L/I:H/A:L,ADJACENT_NETWORK,HIGH,LOW,REQUIRED,UNCHANGED,LOW,HIGH,LOW,5.9,MEDIUM,0,0.33108020142097383,0.3145,paloalto,pan-os,['CWE-20'],['cpe:2.3:a:paloalto:pan-os:*:*:*:*:*:*:*:*'],1,5
CVE-2021-11036,Remote code execution in Kerberos authentication service in microsoft windows_server component.,2021-01-18T00:00:00+00:00,2021-02-16T00:00:00+00:00,3.1,CVSS:3.1/AV:L/AC:H/PR:N/UI:R/S:U/C:H/I:H/A:L,LOCAL,HIGH,NONE,REQUIRED,UNCHANGED,HIGH,HIGH,LOW,6.3,MEDIUM,0,0.15458558919569362,0.1469,microsoft,windows_server,['CWE-787'],['cpe:2.3:a:microsoft:windows_server:*:*:*:*:*:*:*:*'],1,2
CVE-2023-11037,Out-of-bounds memory access in V8 JavaScript engine in google chrome component.,2025-01-04T00:00:00+00:00,2025-03-19T00:00:00+00:00,3.1,CVSS:3.1/AV:A/AC:L/PR:N/UI:N/S:C/C:N/I:N/A:N,ADJACENT_NETWORK,LOW,NONE,NONE,CHANGED,NONE,NONE,NONE,8.4,HIGH,0,0.1920946149149253,0.1825,google,chrome,['CWE-20'],['cpe:2.3:a:google:chrome:*:*:*:*:*:*:*:*'],1,2
CVE-2023-11038,Remote code execution via unsafe deserialization in spring spring_framework component.,2021-05-22T00:00:00+00:00,2021-07-03T00:00:00+00:00,3.1,CVSS:3.1/AV:L/AC:L/PR:H/UI:N/S:U/C:L/I:N/A:L,LOCAL,LOW,HIGH,NONE,UNCHANGED,LOW,NONE,LOW,6.4,MEDIUM,0,0.013875362441605199,0.0132,spring,spring_framework,['CWE-200'],['cpe:2.3:a:spring:spring_framework:*:*:*:*:*:*:*:*'],1,2
CVE-2023-11039,Privilege escalation via authenticated extension loading in postgresql postgresql component.,2021-02-25T00:00:00+00:00,2021-03-15T00:00:00+00:00,3.1,CVSS:3.1/AV:P/AC:L/PR:L/UI:N/S:C/C:H/I:H/A:N,PHYSICAL,LOW,LOW,NONE,CHANGED,HIGH,HIGH,NONE,7.1,HIGH,0,0.01395974215996221,0.0133,postgresql,postgresql,['CWE-416'],['cpe:2.3:a:postgresql:postgresql:*:*:*:*:*:*:*:*'],1,1
CVE-2024-11040,Integer overflow in HTTP request header processing in nginx nginx component.,2023-03-29T00:00:00+00:00,2023-04-24T00:00:00+00:00,3.1,CVSS:3.1/AV:A/AC:H/PR:H/UI:N/S:U/C:N/I:H/A:H,ADJACENT_NETWORK,HIGH,HIGH,NONE,UNCHANGED,NONE,HIGH,HIGH,7.3,HIGH,0,0.04113612382228683,0.0391,nginx,nginx,['CWE-79'],['cpe:2.3:a:nginx:nginx:*:*:*:*:*:*:*:*'],1,2
CVE-2021-11041,Privilege escalation via authenticated extension loading in postgresql postgresql component.,2023-09-29T00:00:00+00:00,2023-12-16T00:00:00+00:00,3.1,CVSS:3.1/AV:L/AC:H/PR:L/UI:N/S:U/C:N/I:H/A:L,LOCAL,HIGH,LOW,NONE,UNCHANGED,NONE,HIGH,LOW,5.4,MEDIUM,0,0.04263221554204036,0.0405,postgresql,postgresql,['CWE-787'],['cpe:2.3:a:postgresql:postgresql:*:*:*:*:*:*:*:*'],1,3
CVE-2021-11042,Remote code execution via unsafe deserialization in spring spring_framework component.,2023-07-25T00:00:00+00:00,2023-07-28T00:00:00+00:00,3.1,CVSS:3.1/AV:N/AC:H/PR:L/UI:R/S:U/C:L/I:L/A:L,NETWORK,HIGH,LOW,REQUIRED,UNCHANGED,LOW,LOW,LOW,5.3,MEDIUM,0,0.02743133096763846,0.0261,spring,spring_framework,['CWE-79'],['cpe:2.3:a:spring:spring_framework:*:*:*:*:*:*:*:*'],1,4
CVE-2022-11043,Use-after-free vulnerability in eBPF subsystem in linux linux_kernel component.,2024-12-07T00:00:00+00:00,2024-12-18T00:00:00+00:00,3.1,CVSS:3.1/AV:P/AC:H/PR:N/UI:R/S:C/C:N/I:N/A:N,PHYSICAL,HIGH,NONE,REQUIRED,CHANGED,NONE,NONE,NONE,4.3,MEDIUM,0,0.11436394117095913,0.1086,linux,linux_kernel,['CWE-89'],['cpe:2.3:a:linux:linux_kernel:*:*:*:*:*:*:*:*'],1,5
CVE-2022-11044,Buffer overflow in TLS handshake parser in openssl openssl component.,2023-11-29T00:00:00+00:00,2023-12-19T00:00:00+00:00,3.1,CVSS:3.1/AV:A/AC:H/PR:N/UI:N/S:U/C:H/I:H/A:L,ADJACENT_NETWORK,HIGH,NONE,NONE,UNCHANGED,HIGH,HIGH,LOW,8.6,HIGH,0,0.029064242725811887,0.0276,openssl,openssl,['CWE-269'],['cpe:2.3:a:openssl:openssl:*:*:*:*:*:*:*:*'],1,5
CVE-2022-11045,Remote code execution in Kerberos authentication service in microsoft windows_server component.,2023-05-09T00:00:00+00:00,2023-06-01T00:00:00+00:00,3.1,CVSS:3.1/AV:A/AC:L/PR:H/UI:N/S:C/C:N/I:N/A:N,ADJACENT_NETWORK,LOW,HIGH,NONE,CHANGED,NONE,NONE,NONE,6.8,MEDIUM,0,0.002855045481800994,0.0027,microsoft,windows_server,['CWE-787'],['cpe:2.3:a:microsoft:windows_server:*:*:*:*:*:*:*:*'],1,2
CVE-2024-11046,Use-after-free vulnerability in eBPF subsystem in linux linux_kernel component.,2024-07-04T00:00:00+00:00,2024-08-21T00:00:00+00:00,3.1,CVSS:3.1/AV:L/AC:H/PR:N/UI:N/S:C/C:N/I:L/A:N,LOCAL,HIGH,NONE,NONE,CHANGED,NONE,LOW,NONE,6.3,MEDIUM,0,0.28401963643114503,0.2698,linux,linux_kernel,['CWE-89'],['cpe:2.3:a:linux:linux_kernel:*:*:*:*:*:*:*:*'],1,4
CVE-2025-11047,Buffer overflow in TLS handshake parser in openssl openssl component.,2023-02-12T00:00:00+00:00,2023-04-30T00:00:00+00:00,3.1,CVSS:3.1/AV:A/AC:L/PR:N/UI:N/S:C/C:N/I:N/A:L,ADJACENT_NETWORK,LOW,NONE,NONE,CHANGED,NONE,NONE,LOW,8.3,HIGH,0,0.09658628609703605,0.0918,openssl,openssl,['CWE-79'],['cpe:2.3:a:openssl:openssl:*:*:*:*:*:*:*:*'],1,1
CVE-2024-11048,Integer overflow in HTTP request header processing in nginx nginx component.,2023-05-01T00:00:00+00:00,2023-07-09T00:00:00+00:00,3.1,CVSS:3.1/AV:P/AC:L/PR:H/UI:N/S:C/C:L/I:L/A:L,PHYSICAL,LOW,HIGH,NONE,CHANGED,LOW,LOW,LOW,5.2,MEDIUM,0,0.04215356237445722,0.04,nginx,nginx,['CWE-89'],['cpe:2.3:a:nginx:nginx:*:*:*:*:*:*:*:*'],1,3
CVE-2023-11049,Remote code execution via unsafe deserialization in spring spring_framework component.,2024-06-10T00:00:00+00:00,2024-09-04T00:00:00+00:00,3.1,CVSS:3.1/AV:N/AC:H/PR:L/UI:N/S:U/C:N/I:H/A:N,NETWORK,HIGH,LOW,NONE,UNCHANGED,NONE,HIGH,NONE,7.2,HIGH,0,0.4299202906295366,0.4084,spring,spring_framework,['CWE-89'],['cpe:2.3:a:spring:spring_framework:*:*:*:*:*:*:*:*'],1,2
CVE-2026-11050,Denial of service via HTTP/2 frame flooding in apache http_server component.,2021-07-14T00:00:00+00:00,2021-09-04T00:00:00+00:00,3.1,CVSS:3.1/AV:L/AC:L/PR:N/UI:N/S:C/C:N/I:H/A:H,LOCAL,LOW,NONE,NONE,CHANGED,NONE,HIGH,HIGH,8.6,HIGH,0,0.003241074836561584,0.0031,apache,http_server,['CWE-200'],['cpe:2.3:a:apache:http_server:*:*:*:*:*:*:*:*'],1,3
CVE-2026-11051,Integer overflow in HTTP request header processing in nginx nginx component.,2024-04-24T00:00:00+00:00,2024-06-30T00:00:00+00:00,3.1,CVSS:3.1/AV:L/AC:L/PR:L/UI:R/S:C/C:H/I:N/A:H,LOCAL,LOW,LOW,REQUIRED,CHANGED,HIGH,NONE,HIGH,7.3,HIGH,0,0.08958613301745266,0.0851,nginx,nginx,['CWE-20'],['cpe:2.3:a:nginx:nginx:*:*:*:*:*:*:*:*'],1,4
CVE-2022-11052,Buffer overflow in TLS handshake parser in openssl openssl component.,2022-01-09T00:00:00+00:00,2022-01-11T00:00:00+00:00,3.1,CVSS:3.1/AV:A/AC:L/PR:N/UI:N/S:C/C:L/I:N/A:H,ADJACENT_NETWORK,LOW,NONE,NONE,CHANGED,LOW,NONE,HIGH,9.4,CRITICAL,0,0.0002149071765259872,0.0002,openssl,openssl,['CWE-787'],['cpe:2.3:a:openssl:openssl:*:*:*:*:*:*:*:*'],1,4
CVE-2022-11053,Unauthenticated remote code execution in query optimizer in oracle mysql component.,2024-07-11T00:00:00+00:00,2024-09-23T00:00:00+00:00,3.1,CVSS:3.1/AV:P/AC:H/PR:N/UI:R/S:C/C:H/I:L/A:N,PHYSICAL,HIGH,NONE,REQUIRED,CHANGED,HIGH,LOW,NONE,5.5,MEDIUM,0,0.16591413251994253,0.1576,oracle,mysql,['CWE-200'],['cpe:2.3:a:oracle:mysql:*:*:*:*:*:*:*:*'],1,5
CVE-2023-11054,Unauthenticated remote code execution in query optimizer in oracle mysql component.,2022-01-17T00:00:00+00:00,2022-02-19T00:00:00+00:00,3.1,CVSS:3.1/AV:L/AC:H/PR:H/UI:R/S:U/C:H/I:L/A:H,LOCAL,HIGH,HIGH,REQUIRED,UNCHANGED,HIGH,LOW,HIGH,5.6,MEDIUM,0,0.02725226997538664,0.0259,oracle,mysql,['CWE-200'],['cpe:2.3:a:oracle:mysql:*:*:*:*:*:*:*:*'],1,1
CVE-2024-11055,Unauthenticated remote code execution in query optimizer in oracle mysql component.,2024-08-08T00:00:00+00:00,2024-08-12T00:00:00+00:00,3.1,CVSS:3.1/AV:A/AC:L/PR:N/UI:R/S:U/C:N/I:H/A:H,ADJACENT_NETWORK,LOW,NONE,REQUIRED,UNCHANGED,NONE,HIGH,HIGH,8.5,HIGH,0,0.183113544106995,0.174,oracle,mysql,['CWE-200'],['cpe:2.3:a:oracle:mysql:*:*:*:*:*:*:*:*'],1,2
CVE-2023-11056,Unauthenticated remote code execution in query optimizer in oracle mysql component.,2023-07-16T00:00:00+00:00,2023-09-10T00:00:00+00:00,3.1,CVSS:3.1/AV:N/AC:L/PR:L/UI:N/S:U/C:H/I:N/A:N,NETWORK,LOW,LOW,NONE,UNCHANGED,HIGH,NONE,NONE,7.9,HIGH,0,0.007476709456735678,0.0071,oracle,mysql,['CWE-119'],['cpe:2.3:a:oracle:mysql:*:*:*:*:*:*:*:*'],1,3
CVE-2025-11057,Remote code execution via unsafe deserialization in spring spring_framework component.,2025-05-17T00:00:00+00:00,2025-06-06T00:00:00+00:00,3.1,CVSS:3.1/AV:N/AC:H/PR:H/UI:N/S:U/C:L/I:N/A:N,NETWORK,HIGH,HIGH,NONE,UNCHANGED,LOW,NONE,NONE,6.2,MEDIUM,0,0.1824979340998676,0.1734,spring,spring_framework,['CWE-89'],['cpe:2.3:a:spring:spring_framework:*:*:*:*:*:*:*:*'],1,5
CVE-2026-11058,Privilege escalation via authenticated extension loading in postgresql postgresql component.,2021-11-08T00:00:00+00:00,2022-01-17T00:00:00+00:00,3.1,CVSS:3.1/AV:P/AC:L/PR:L/UI:N/S:C/C:L/I:L/A:H,PHYSICAL,LOW,LOW,NONE,CHANGED,LOW,LOW,HIGH,6.6,MEDIUM,0,0.09186627658861468,0.0873,postgresql,postgresql,['CWE-416'],['cpe:2.3:a:postgresql:postgresql:*:*:*:*:*:*:*:*'],1,4
CVE-2023-11059,Integer overflow in HTTP request header processing in nginx nginx component.,2021-10-06T00:00:00+00:00,2021-11-14T00:00:00+00:00,3.1,CVSS:3.1/AV:N/AC:L/PR:L/UI:R/S:U/C:H/I:H/A:H,NETWORK,LOW,LOW,REQUIRED,UNCHANGED,HIGH,HIGH,HIGH,9.4,CRITICAL,0,0.6542627086565488,0.6215,nginx,nginx,['CWE-20'],['cpe:2.3:a:nginx:nginx:*:*:*:*:*:*:*:*'],1,4
CVE-2022-11060,Command injection in management web interface in paloalto pan-os component.,2023-09-12T00:00:00+00:00,2023-10-03T00:00:00+00:00,3.1,CVSS:3.1/AV:A/AC:H/PR:N/UI:R/S:C/C:H/I:N/A:N,ADJACENT_NETWORK,HIGH,NONE,REQUIRED,CHANGED,HIGH,NONE,NONE,7.0,HIGH,0,0.18101474561421563,0.172,paloalto,pan-os,['CWE-269'],['cpe:2.3:a:paloalto:pan-os:*:*:*:*:*:*:*:*'],1,1
CVE-2023-11061,Privilege escalation via authenticated extension loading in postgresql postgresql component.,2021-10-15T00:00:00+00:00,2021-12-06T00:00:00+00:00,3.1,CVSS:3.1/AV:N/AC:L/PR:N/UI:R/S:U/C:H/I:L/A:L,NETWORK,LOW,NONE,REQUIRED,UNCHANGED,HIGH,LOW,LOW,8.4,HIGH,1,0.020015706653598253,0.019,postgresql,postgresql,['CWE-79'],['cpe:2.3:a:postgresql:postgresql:*:*:*:*:*:*:*:*'],1,5
CVE-2025-11062,Use-after-free vulnerability in eBPF subsystem in linux linux_kernel component.,2021-07-30T00:00:00+00:00,2021-10-19T00:00:00+00:00,3.1,CVSS:3.1/AV:P/AC:L/PR:H/UI:R/S:C/C:N/I:H/A:H,PHYSICAL,LOW,HIGH,REQUIRED,CHANGED,NONE,HIGH,HIGH,6.0,MEDIUM,0,0.23249917347253166,0.2209,linux,linux_kernel,['CWE-787'],['cpe:2.3:a:linux:linux_kernel:*:*:*:*:*:*:*:*'],1,2
CVE-2026-11063,Denial of service via HTTP/2 frame flooding in apache http_server component.,2022-12-01T00:00:00+00:00,2023-01-05T00:00:00+00:00,3.1,CVSS:3.1/AV:N/AC:H/PR:L/UI:N/S:C/C:L/I:H/A:N,NETWORK,HIGH,LOW,NONE,CHANGED,LOW,HIGH,NONE,7.4,HIGH,0,0.01039648760600838,0.0099,apache,http_server,['CWE-787'],['cpe:2.3:a:apache:http_server:*:*:*:*:*:*:*:*'],1,3
CVE-2025-11064,Privilege escalation via authenticated extension loading in postgresql postgresql component.,2021-07-31T00:00:00+00:00,2021-08-12T00:00:00+00:00,3.1,CVSS:3.1/AV:L/AC:L/PR:H/UI:R/S:C/C:L/I:N/A:H,LOCAL,LOW,HIGH,REQUIRED,CHANGED,LOW,NONE,HIGH,6.2,MEDIUM,0,0.004300305444377644,0.0041,postgresql,postgresql,['CWE-79'],['cpe:2.3:a:postgresql:postgresql:*:*:*:*:*:*:*:*'],1,3
CVE-2023-11065,Use-after-free vulnerability in eBPF subsystem in linux linux_kernel component.,2024-08-04T00:00:00+00:00,2024-10-09T00:00:00+00:00,3.1,CVSS:3.1/AV:L/AC:H/PR:H/UI:R/S:C/C:N/I:N/A:N,LOCAL,HIGH,HIGH,REQUIRED,CHANGED,NONE,NONE,NONE,4.7,MEDIUM,0,0.5242924558737678,0.4981,linux,linux_kernel,['CWE-787'],['cpe:2.3:a:linux:linux_kernel:*:*:*:*:*:*:*:*'],1,2
CVE-2024-11066,Out-of-bounds memory access in V8 JavaScript engine in google chrome component.,2022-03-30T00:00:00+00:00,2022-06-14T00:00:00+00:00,3.1,CVSS:3.1/AV:P/AC:H/PR:N/UI:R/S:C/C:H/I:H/A:H,PHYSICAL,HIGH,NONE,REQUIRED,CHANGED,HIGH,HIGH,HIGH,8.0,HIGH,0,0.1032280562943211,0.0981,google,chrome,['CWE-416'],['cpe:2.3:a:google:chrome:*:*:*:*:*:*:*:*'],1,1
CVE-2021-11067,Out-of-bounds memory access in V8 JavaScript engine in google chrome component.,2024-04-24T00:00:00+00:00,2024-07-16T00:00:00+00:00,3.1,CVSS:3.1/AV:N/AC:L/PR:N/UI:N/S:C/C:H/I:H/A:H,NETWORK,LOW,NONE,NONE,CHANGED,HIGH,HIGH,HIGH,10.0,CRITICAL,0,0.6089973900645484,0.5785,google,chrome,['CWE-416'],['cpe:2.3:a:google:chrome:*:*:*:*:*:*:*:*'],1,4
CVE-2023-11068,Buffer overflow in TLS handshake parser in openssl openssl component.,2024-08-18T00:00:00+00:00,2024-10-14T00:00:00+00:00,3.1,CVSS:3.1/AV:P/AC:L/PR:L/UI:R/S:U/C:N/I:H/A:N,PHYSICAL,LOW,LOW,REQUIRED,UNCHANGED,NONE,HIGH,NONE,5.1,MEDIUM,0,0.14552668519514053,0.1383,openssl,openssl,['CWE-20'],['cpe:2.3:a:openssl:openssl:*:*:*:*:*:*:*:*'],1,3
CVE-2023-11069,Denial of service via HTTP/2 frame flooding in apache http_server component.,2023-04-25T00:00:00+00:00,2023-04-29T00:00:00+00:00,3.1,CVSS:3.1/AV:P/AC:H/PR:L/UI:R/S:C/C:N/I:L/A:L,PHYSICAL,HIGH,LOW,REQUIRED,CHANGED,NONE,LOW,LOW,3.3,LOW,0,0.00011627137025649872,0.0001,apache,http_server,['CWE-20'],['cpe:2.3:a:apache:http_server:*:*:*:*:*:*:*:*'],1,3
CVE-2026-11070,Integer overflow in HTTP request header processing in nginx nginx component.,2024-07-24T00:00:00+00:00,2024-08-27T00:00:00+00:00,3.1,CVSS:3.1/AV:A/AC:L/PR:H/UI:R/S:C/C:L/I:N/A:L,ADJACENT_NETWORK,LOW,HIGH,REQUIRED,CHANGED,LOW,NONE,LOW,6.5,MEDIUM,0,0.1293900015983052,0.1229,nginx,nginx,['CWE-79'],['cpe:2.3:a:nginx:nginx:*:*:*:*:*:*:*:*'],1,3
CVE-2025-11071,Unauthenticated remote code execution in query optimizer in oracle mysql component.,2024-01-08T00:00:00+00:00,2024-02-07T00:00:00+00:00,3.1,CVSS:3.1/AV:L/AC:H/PR:N/UI:N/S:C/C:L/I:H/A:L,LOCAL,HIGH,NONE,NONE,CHANGED,LOW,HIGH,LOW,7.2,HIGH,0,0.43857050008121606,0.4166,oracle,mysql,['CWE-89'],['cpe:2.3:a:oracle:mysql:*:*:*:*:*:*:*:*'],1,4
CVE-2023-11072,Privilege escalation via authenticated extension loading in postgresql postgresql component.,2025-10-20T00:00:00+00:00,2025-12-22T00:00:00+00:00,3.1,CVSS:3.1/AV:L/AC:H/PR:L/UI:R/S:U/C:N/I:L/A:N,LOCAL,HIGH,LOW,REQUIRED,UNCHANGED,NONE,LOW,NONE,4.1,MEDIUM,0,0.05166755851214338,0.0491,postgresql,postgresql,['CWE-79'],['cpe:2.3:a:postgresql:postgresql:*:*:*:*:*:*:*:*'],1,2
CVE-2023-11073,Out-of-bounds memory access in V8 JavaScript engine in google chrome component.,2023-11-03T00:00:00+00:00,2024-02-01T00:00:00+00:00,3.1,CVSS:3.1/AV:L/AC:L/PR:L/UI:N/S:U/C:N/I:N/A:H,LOCAL,LOW,LOW,NONE,UNCHANGED,NONE,NONE,HIGH,7.3,HIGH,0,0.05654309578036446,0.0537,google,chrome,['CWE-416'],['cpe:2.3:a:google:chrome:*:*:*:*:*:*:*:*'],1,3
CVE-2026-11074,Command injection in management web interface in paloalto pan-os component.,2022-11-28T00:00:00+00:00,2023-02-05T00:00:00+00:00,3.1,CVSS:3.1/AV:L/AC:H/PR:N/UI:R/S:U/C:H/I:L/A:H,LOCAL,HIGH,NONE,REQUIRED,UNCHANGED,HIGH,LOW,HIGH,6.9,MEDIUM,0,0.15769614882996427,0.1498,paloalto,pan-os,['CWE-79'],['cpe:2.3:a:paloalto:pan-os:*:*:*:*:*:*:*:*'],1,3
CVE-2024-11075,Privilege escalation via authenticated extension loading in postgresql postgresql component.,2025-08-19T00:00:00+00:00,2025-08-25T00:00:00+00:00,3.1,CVSS:3.1/AV:A/AC:L/PR:H/UI:R/S:U/C:L/I:N/A:H,ADJACENT_NETWORK,LOW,HIGH,REQUIRED,UNCHANGED,LOW,NONE,HIGH,6.2,MEDIUM,0,0.0499427264306797,0.0474,postgresql,postgresql,['CWE-119'],['cpe:2.3:a:postgresql:postgresql:*:*:*:*:*:*:*:*'],1,2
CVE-2024-11076,Privilege escalation via authenticated extension loading in postgresql postgresql component.,2024-08-19T00:00:00+00:00,2024-09-16T00:00:00+00:00,3.1,CVSS:3.1/AV:A/AC:L/PR:L/UI:N/S:U/C:H/I:L/A:L,ADJACENT_NETWORK,LOW,LOW,NONE,UNCHANGED,HIGH,LOW,LOW,7.3,HIGH,0,0.0034788966154975388,0.0033,postgresql,postgresql,['CWE-416'],['cpe:2.3:a:postgresql:postgresql:*:*:*:*:*:*:*:*'],1,5
CVE-2025-11077,Remote code execution via unsafe deserialization in spring spring_framework component.,2022-01-29T00:00:00+00:00,2022-03-23T00:00:00+00:00,3.1,CVSS:3.1/AV:A/AC:H/PR:H/UI:R/S:C/C:H/I:L/A:L,ADJACENT_NETWORK,HIGH,HIGH,REQUIRED,CHANGED,HIGH,LOW,LOW,6.2,MEDIUM,0,0.27738966466702514,0.2635,spring,spring_framework,['CWE-416'],['cpe:2.3:a:spring:spring_framework:*:*:*:*:*:*:*:*'],1,3
CVE-2022-11078,Unauthenticated remote code execution in query optimizer in oracle mysql component.,2022-10-18T00:00:00+00:00,2022-12-27T00:00:00+00:00,3.1,CVSS:3.1/AV:L/AC:L/PR:H/UI:N/S:C/C:H/I:N/A:H,LOCAL,LOW,HIGH,NONE,CHANGED,HIGH,NONE,HIGH,7.8,HIGH,0,0.10053591892335786,0.0955,oracle,mysql,['CWE-89'],['cpe:2.3:a:oracle:mysql:*:*:*:*:*:*:*:*'],1,1
CVE-2026-11079,Remote code execution via unsafe deserialization in spring spring_framework component.,2023-09-02T00:00:00+00:00,2023-11-10T00:00:00+00:00,3.1,CVSS:3.1/AV:L/AC:L/PR:H/UI:N/S:C/C:H/I:H/A:H,LOCAL,LOW,HIGH,NONE,CHANGED,HIGH,HIGH,HIGH,8.9,HIGH,0,0.02365941402091755,0.0225,spring,spring_framework,['CWE-119'],['cpe:2.3:a:spring:spring_framework:*:*:*:*:*:*:*:*'],1,4
CVE-2025-11080,Use-after-free vulnerability in eBPF subsystem in linux linux_kernel component.,2025-09-10T00:00:00+00:00,2025-09-17T00:00:00+00:00,3.1,CVSS:3.1/AV:P/AC:H/PR:L/UI:R/S:U/C:N/I:N/A:H,PHYSICAL,HIGH,LOW,REQUIRED,UNCHANGED,NONE,NONE,HIGH,4.4,MEDIUM,0,0.02590455400351642,0.0246,linux,linux_kernel,['CWE-787'],['cpe:2.3:a:linux:linux_kernel:*:*:*:*:*:*:*:*'],1,5
CVE-2023-11081,Buffer overflow in TLS handshake parser in openssl openssl component.,2023-09-04T00:00:00+00:00,2023-09-23T00:00:00+00:00,3.1,CVSS:3.1/AV:N/AC:H/PR:N/UI:R/S:C/C:H/I:N/A:H,NETWORK,HIGH,NONE,REQUIRED,CHANGED,HIGH,NONE,HIGH,8.9,HIGH,0,0.8483480972447383,0.8059,openssl,openssl,['CWE-416'],['cpe:2.3:a:openssl:openssl:*:*:*:*:*:*:*:*'],1,2
CVE-2022-11082,Remote code execution in Kerberos authentication service in microsoft windows_server component.,2024-09-17T00:00:00+00:00,2024-11-14T00:00:00+00:00,3.1,CVSS:3.1/AV:L/AC:H/PR:L/UI:N/S:C/C:N/I:H/A:H,LOCAL,HIGH,LOW,NONE,CHANGED,NONE,HIGH,HIGH,7.0,HIGH,0,0.07716516680485257,0.0733,microsoft,windows_server,['CWE-269'],['cpe:2.3:a:microsoft:windows_server:*:*:*:*:*:*:*:*'],1,1
CVE-2021-11083,Out-of-bounds memory access in V8 JavaScript engine in google chrome component.,2024-12-29T00:00:00+00:00,2025-02-13T00:00:00+00:00,3.1,CVSS:3.1/AV:N/AC:L/PR:H/UI:N/S:C/C:H/I:N/A:H,NETWORK,LOW,HIGH,NONE,CHANGED,HIGH,NONE,HIGH,9.6,CRITICAL,1,0.038226543833947295,0.0363,google,chrome,['CWE-89'],['cpe:2.3:a:google:chrome:*:*:*:*:*:*:*:*'],1,2
CVE-2026-11084,Buffer overflow in TLS handshake parser in openssl openssl component.,2023-10-11T00:00:00+00:00,2023-10-27T00:00:00+00:00,3.1,CVSS:3.1/AV:L/AC:L/PR:N/UI:R/S:C/C:L/I:L/A:H,LOCAL,LOW,NONE,REQUIRED,CHANGED,LOW,LOW,HIGH,7.3,HIGH,0,0.00030926827435351925,0.0003,openssl,openssl,['CWE-787'],['cpe:2.3:a:openssl:openssl:*:*:*:*:*:*:*:*'],1,2
CVE-2022-11085,Unauthenticated remote code execution in query optimizer in oracle mysql component.,2021-07-16T00:00:00+00:00,2021-08-25T00:00:00+00:00,3.1,CVSS:3.1/AV:L/AC:L/PR:H/UI:R/S:C/C:L/I:N/A:N,LOCAL,LOW,HIGH,REQUIRED,CHANGED,LOW,NONE,NONE,4.8,MEDIUM,0,0.1274459802021327,0.1211,oracle,mysql,['CWE-200'],['cpe:2.3:a:oracle:mysql:*:*:*:*:*:*:*:*'],1,4
CVE-2022-11086,Privilege escalation via authenticated extension loading in postgresql postgresql component.,2022-12-21T00:00:00+00:00,2023-03-14T00:00:00+00:00,3.1,CVSS:3.1/AV:N/AC:H/PR:L/UI:N/S:C/C:N/I:H/A:N,NETWORK,HIGH,LOW,NONE,CHANGED,NONE,HIGH,NONE,7.3,HIGH,0,0.01511849180270201,0.0144,postgresql,postgresql,['CWE-20'],['cpe:2.3:a:postgresql:postgresql:*:*:*:*:*:*:*:*'],1,3
CVE-2022-11087,Denial of service via HTTP/2 frame flooding in apache http_server component.,2021-01-04T00:00:00+00:00,2021-03-13T00:00:00+00:00,3.1,CVSS:3.1/AV:N/AC:L/PR:L/UI:R/S:C/C:N/I:H/A:H,NETWORK,LOW,LOW,REQUIRED,CHANGED,NONE,HIGH,HIGH,8.9,HIGH,0,0.0017431985392741317,0.0017,apache,http_server,['CWE-79'],['cpe:2.3:a:apache:http_server:*:*:*:*:*:*:*:*'],1,2
CVE-2026-11088,Privilege escalation via authenticated extension loading in postgresql postgresql component.,2024-06-25T00:00:00+00:00,2024-08-28T00:00:00+00:00,3.1,CVSS:3.1/AV:A/AC:L/PR:L/UI:N/S:U/C:H/I:L/A:H,ADJACENT_NETWORK,LOW,LOW,NONE,UNCHANGED,HIGH,LOW,HIGH,8.8,HIGH,0,0.0001,0.0001,postgresql,postgresql,['CWE-89'],['cpe:2.3:a:postgresql:postgresql:*:*:*:*:*:*:*:*'],1,4
CVE-2025-11089,Command injection in management web interface in paloalto pan-os component.,2021-11-01T00:00:00+00:00,2021-12-28T00:00:00+00:00,3.1,CVSS:3.1/AV:N/AC:L/PR:H/UI:N/S:C/C:L/I:N/A:L,NETWORK,LOW,HIGH,NONE,CHANGED,LOW,NONE,LOW,8.0,HIGH,0,0.7294613218306859,0.693,paloalto,pan-os,['CWE-89'],['cpe:2.3:a:paloalto:pan-os:*:*:*:*:*:*:*:*'],1,1
CVE-2022-11090,Integer overflow in HTTP request header processing in nginx nginx component.,2024-05-20T00:00:00+00:00,2024-06-09T00:00:00+00:00,3.1,CVSS:3.1/AV:L/AC:H/PR:H/UI:R/S:C/C:N/I:H/A:H,LOCAL,HIGH,HIGH,REQUIRED,CHANGED,NONE,HIGH,HIGH,6.3,MEDIUM,0,0.0007541618259076328,0.0007,nginx,nginx,['CWE-79'],['cpe:2.3:a:nginx:nginx:*:*:*:*:*:*:*:*'],1,3
CVE-2023-11091,Privilege escalation via authenticated extension loading in postgresql postgresql component.,2021-10-17T00:00:00+00:00,2021-11-17T00:00:00+00:00,3.1,CVSS:3.1/AV:P/AC:L/PR:L/UI:N/S:C/C:N/I:L/A:H,PHYSICAL,LOW,LOW,NONE,CHANGED,NONE,LOW,HIGH,5.6,MEDIUM,0,0.15459088353830994,0.1469,postgresql,postgresql,['CWE-79'],['cpe:2.3:a:postgresql:postgresql:*:*:*:*:*:*:*:*'],1,5
CVE-2026-11092,Denial of service via HTTP/2 frame flooding in apache http_server component.,2024-09-03T00:00:00+00:00,2024-10-15T00:00:00+00:00,3.1,CVSS:3.1/AV:P/AC:L/PR:L/UI:R/S:U/C:L/I:N/A:L,PHYSICAL,LOW,LOW,REQUIRED,UNCHANGED,LOW,NONE,LOW,4.4,MEDIUM,0,0.09414605746914814,0.0894,apache,http_server,['CWE-416'],['cpe:2.3:a:apache:http_server:*:*:*:*:*:*:*:*'],1,4
CVE-2024-11093,Remote code execution in Kerberos authentication service in microsoft windows_server component.,2021-06-18T00:00:00+00:00,2021-08-20T00:00:00+00:00,3.1,CVSS:3.1/AV:N/AC:H/PR:N/UI:R/S:C/C:H/I:L/A:L,NETWORK,HIGH,NONE,REQUIRED,CHANGED,HIGH,LOW,LOW,8.3,HIGH,0,0.024362517699558623,0.0231,microsoft,windows_server,['CWE-200'],['cpe:2.3:a:microsoft:windows_server:*:*:*:*:*:*:*:*'],1,1
CVE-2021-11094,Remote code execution via unsafe deserialization in spring spring_framework component.,2022-01-21T00:00:00+00:00,2022-02-02T00:00:00+00:00,3.1,CVSS:3.1/AV:L/AC:L/PR:H/UI:R/S:U/C:H/I:N/A:N,LOCAL,LOW,HIGH,REQUIRED,UNCHANGED,HIGH,NONE,NONE,6.3,MEDIUM,0,0.013920578295825754,0.0132,spring,spring_framework,['CWE-200'],['cpe:2.3:a:spring:spring_framework:*:*:*:*:*:*:*:*'],1,4
CVE-2023-11095,Privilege escalation via authenticated extension loading in postgresql postgresql component.,2024-01-07T00:00:00+00:00,2024-01-14T00:00:00+00:00,3.1,CVSS:3.1/AV:P/AC:L/PR:H/UI:R/S:U/C:N/I:N/A:L,PHYSICAL,LOW,HIGH,REQUIRED,UNCHANGED,NONE,NONE,LOW,4.5,MEDIUM,0,0.13246942434107634,0.1258,postgresql,postgresql,['CWE-89'],['cpe:2.3:a:postgresql:postgresql:*:*:*:*:*:*:*:*'],1,2
CVE-2021-11096,Unauthenticated remote code execution in query optimizer in oracle mysql component.,2025-01-02T00:00:00+00:00,2025-01-29T00:00:00+00:00,3.1,CVSS:3.1/AV:P/AC:L/PR:H/UI:N/S:U/C:L/I:N/A:H,PHYSICAL,LOW,HIGH,NONE,UNCHANGED,LOW,NONE,HIGH,5.2,MEDIUM,0,0.04033173440653086,0.0383,oracle,mysql,['CWE-79'],['cpe:2.3:a:oracle:mysql:*:*:*:*:*:*:*:*'],1,3
CVE-2022-11097,Buffer overflow in TLS handshake parser in openssl openssl component.,2024-09-12T00:00:00+00:00,2024-10-25T00:00:00+00:00,3.1,CVSS:3.1/AV:A/AC:H/PR:N/UI:R/S:C/C:N/I:N/A:N,ADJACENT_NETWORK,HIGH,NONE,REQUIRED,CHANGED,NONE,NONE,NONE,6.1,MEDIUM,0,0.20953886924471124,0.1991,openssl,openssl,['CWE-119'],['cpe:2.3:a:openssl:openssl:*:*:*:*:*:*:*:*'],1,5
CVE-2024-11098,Use-after-free vulnerability in eBPF subsystem in linux linux_kernel component.,2024-10-25T00:00:00+00:00,2025-01-07T00:00:00+00:00,3.1,CVSS:3.1/AV:L/AC:L/PR:H/UI:R/S:C/C:H/I:N/A:L,LOCAL,LOW,HIGH,REQUIRED,CHANGED,HIGH,NONE,LOW,5.9,MEDIUM,0,0.09043575168418569,0.0859,linux,linux_kernel,['CWE-416'],['cpe:2.3:a:linux:linux_kernel:*:*:*:*:*:*:*:*'],1,4
CVE-2022-11099,Use-after-free vulnerability in eBPF subsystem in linux linux_kernel component.,2025-07-31T00:00:00+00:00,2025-10-02T00:00:00+00:00,3.1,CVSS:3.1/AV:L/AC:L/PR:H/UI:R/S:U/C:H/I:L/A:N,LOCAL,LOW,HIGH,REQUIRED,UNCHANGED,HIGH,LOW,NONE,6.1,MEDIUM,0,0.03890756384092118,0.037,linux,linux_kernel,['CWE-119'],['cpe:2.3:a:linux:linux_kernel:*:*:*:*:*:*:*:*'],1,1
CVE-2021-11100,Denial of service via HTTP/2 frame flooding in apache http_server component.,2021-11-22T00:00:00+00:00,2022-01-24T00:00:00+00:00,3.1,CVSS:3.1/AV:N/AC:L/PR:H/UI:R/S:U/C:H/I:L/A:H,NETWORK,LOW,HIGH,REQUIRED,UNCHANGED,HIGH,LOW,HIGH,8.7,HIGH,0,0.4416752861270245,0.4196,apache,http_server,['CWE-416'],['cpe:2.3:a:apache:http_server:*:*:*:*:*:*:*:*'],1,3
CVE-2023-11101,Remote code execution via unsafe deserialization in spring spring_framework component.,2022-08-07T00:00:00+00:00,2022-10-19T00:00:00+00:00,3.1,CVSS:3.1/AV:L/AC:L/PR:N/UI:R/S:U/C:N/I:H/A:L,LOCAL,LOW,NONE,REQUIRED,UNCHANGED,NONE,HIGH,LOW,6.8,MEDIUM,0,0.014893022520894923,0.0141,spring,spring_framework,['CWE-119'],['cpe:2.3:a:spring:spring_framework:*:*:*:*:*:*:*:*'],1,2
CVE-2021-11102,Remote code execution via unsafe deserialization in spring spring_framework component.,2023-08-19T00:00:00+00:00,2023-10-20T00:00:00+00:00,3.1,CVSS:3.1/AV:N/AC:L/PR:N/UI:N/S:C/C:N/I:N/A:H,NETWORK,LOW,NONE,NONE,CHANGED,NONE,NONE,HIGH,10.0,CRITICAL,0,0.7929016602926252,0.7533,spring,spring_framework,['CWE-119'],['cpe:2.3:a:spring:spring_framework:*:*:*:*:*:*:*:*'],1,4
CVE-2023-11103,Out-of-bounds memory access in V8 JavaScript engine in google chrome component.,2023-06-17T00:00:00+00:00,2023-07-06T00:00:00+00:00,3.1,CVSS:3.1/AV:P/AC:L/PR:H/UI:N/S:U/C:H/I:L/A:N,PHYSICAL,LOW,HIGH,NONE,UNCHANGED,HIGH,LOW,NONE,6.3,MEDIUM,0,0.06199128976074562,0.0589,google,chrome,['CWE-20'],['cpe:2.3:a:google:chrome:*:*:*:*:*:*:*:*'],1,2
CVE-2023-11104,Unauthenticated remote code execution in query optimizer in oracle mysql component.,2021-12-26T00:00:00+00:00,2022-02-09T00:00:00+00:00,3.1,CVSS:3.1/AV:P/AC:L/PR:H/UI:N/S:C/C:L/I:N/A:L,PHYSICAL,LOW,HIGH,NONE,CHANGED,LOW,NONE,LOW,5.3,MEDIUM,0,0.11896742451658911,0.113,oracle,mysql,['CWE-79'],['cpe:2.3:a:oracle:mysql:*:*:*:*:*:*:*:*'],1,2
CVE-2026-11105,Command injection in management web interface in paloalto pan-os component.,2022-02-03T00:00:00+00:00,2022-03-18T00:00:00+00:00,3.1,CVSS:3.1/AV:P/AC:L/PR:L/UI:N/S:U/C:H/I:H/A:L,PHYSICAL,LOW,LOW,NONE,UNCHANGED,HIGH,HIGH,LOW,6.6,MEDIUM,0,0.06254590780544468,0.0594,paloalto,pan-os,['CWE-89'],['cpe:2.3:a:paloalto:pan-os:*:*:*:*:*:*:*:*'],1,2
CVE-2023-11106,Remote code execution via unsafe deserialization in spring spring_framework component.,2021-04-27T00:00:00+00:00,2021-05-12T00:00:00+00:00,3.1,CVSS:3.1/AV:N/AC:H/PR:H/UI:N/S:U/C:H/I:L/A:L,NETWORK,HIGH,HIGH,NONE,UNCHANGED,HIGH,LOW,LOW,6.8,MEDIUM,0,0.35195028550388713,0.3344,spring,spring_framework,['CWE-20'],['cpe:2.3:a:spring:spring_framework:*:*:*:*:*:*:*:*'],1,2
CVE-2026-11107,Denial of service via HTTP/2 frame flooding in apache http_server component.,2022-04-24T00:00:00+00:00,2022-04-25T00:00:00+00:00,3.1,CVSS:3.1/AV:P/AC:L/PR:H/UI:N/S:C/C:H/I:N/A:N,PHYSICAL,LOW,HIGH,NONE,CHANGED,HIGH,NONE,NONE,6.2,MEDIUM,0,0.026397411597424557,0.0251,apache,http_server,['CWE-20'],['cpe:2.3:a:apache:http_server:*:*:*:*:*:*:*:*'],1,5
CVE-2021-11108,Remote code execution via unsafe deserialization in spring spring_framework component.,2021-02-10T00:00:00+00:00,2021-05-05T00:00:00+00:00,3.1,CVSS:3.1/AV:P/AC:H/PR:L/UI:R/S:C/C:H/I:N/A:H,PHYSICAL,HIGH,LOW,REQUIRED,CHANGED,HIGH,NONE,HIGH,5.3,MEDIUM,0,0.3221378255073124,0.306,spring,spring_framework,['CWE-787'],['cpe:2.3:a:spring:spring_framework:*:*:*:*:*:*:*:*'],1,5
CVE-2023-11109,Use-after-free vulnerability in eBPF subsystem in linux linux_kernel component.,2024-07-27T00:00:00+00:00,2024-09-24T00:00:00+00:00,3.1,CVSS:3.1/AV:P/AC:L/PR:L/UI:R/S:U/C:N/I:L/A:H,PHYSICAL,LOW,LOW,REQUIRED,UNCHANGED,NONE,LOW,HIGH,5.1,MEDIUM,0,0.3267672352318526,0.3104,linux,linux_kernel,['CWE-89'],['cpe:2.3:a:linux:linux_kernel:*:*:*:*:*:*:*:*'],1,4
CVE-2022-11110,Use-after-free vulnerability in eBPF subsystem in linux linux_kernel component.,2023-01-24T00:00:00+00:00,2023-01-27T00:00:00+00:00,3.1,CVSS:3.1/AV:P/AC:H/PR:N/UI:N/S:C/C:L/I:H/A:H,PHYSICAL,HIGH,NONE,NONE,CHANGED,LOW,HIGH,HIGH,7.2,HIGH,0,0.07071351060938581,0.0672,linux,linux_kernel,['CWE-119'],['cpe:2.3:a:linux:linux_kernel:*:*:*:*:*:*:*:*'],1,4
CVE-2026-11111,Command injection in management web interface in paloalto pan-os component.,2022-12-24T00:00:00+00:00,2023-01-20T00:00:00+00:00,3.1,CVSS:3.1/AV:P/AC:H/PR:L/UI:R/S:C/C:L/I:L/A:L,PHYSICAL,HIGH,LOW,REQUIRED,CHANGED,LOW,LOW,LOW,3.7,LOW,0,0.03074036024587905,0.0292,paloalto,pan-os,['CWE-269'],['cpe:2.3:a:paloalto:pan-os:*:*:*:*:*:*:*:*'],1,3
CVE-2026-11112,Unauthenticated remote code execution in query optimizer in oracle mysql component.,2023-03-28T00:00:00+00:00,2023-04-15T00:00:00+00:00,3.1,CVSS:3.1/AV:A/AC:L/PR:N/UI:N/S:U/C:H/I:H/A:H,ADJACENT_NETWORK,LOW,NONE,NONE,UNCHANGED,HIGH,HIGH,HIGH,10.0,CRITICAL,0,0.02470375976084666,0.0235,oracle,mysql,['CWE-269'],['cpe:2.3:a:oracle:mysql:*:*:*:*:*:*:*:*'],1,4
CVE-2024-11113,Remote code execution via unsafe deserialization in spring spring_framework component.,2023-02-07T00:00:00+00:00,2023-05-01T00:00:00+00:00,3.1,CVSS:3.1/AV:L/AC:L/PR:L/UI:N/S:C/C:N/I:H/A:H,LOCAL,LOW,LOW,NONE,CHANGED,NONE,HIGH,HIGH,8.0,HIGH,0,0.00022852680509433498,0.0002,spring,spring_framework,['CWE-787'],['cpe:2.3:a:spring:spring_framework:*:*:*:*:*:*:*:*'],1,3
CVE-2024-11114,Out-of-bounds memory access in V8 JavaScript engine in google chrome component.,2021-04-15T00:00:00+00:00,2021-05-11T00:00:00+00:00,3.1,CVSS:3.1/AV:A/AC:H/PR:H/UI:N/S:C/C:H/I:L/A:N,ADJACENT_NETWORK,HIGH,HIGH,NONE,CHANGED,HIGH,LOW,NONE,6.7,MEDIUM,0,0.0015475248932749059,0.0015,google,chrome,['CWE-787'],['cpe:2.3:a:google:chrome:*:*:*:*:*:*:*:*'],1,1
CVE-2024-11115,Privilege escalation via authenticated extension loading in postgresql postgresql component.,2024-03-08T00:00:00+00:00,2024-06-02T00:00:00+00:00,3.1,CVSS:3.1/AV:A/AC:H/PR:H/UI:N/S:C/C:H/I:N/A:N,ADJACENT_NETWORK,HIGH,HIGH,NONE,CHANGED,HIGH,NONE,NONE,6.7,MEDIUM,0,0.14468644518641013,0.1375,postgresql,postgresql,['CWE-416'],['cpe:2.3:a:postgresql:postgresql:*:*:*:*:*:*:*:*'],1,3
CVE-2022-11116,Integer overflow in HTTP request header processing in nginx nginx component.,2025-11-13T00:00:00+00:00,2025-11-30T00:00:00+00:00,3.1,CVSS:3.1/AV:P/AC:H/PR:H/UI:N/S:U/C:N/I:N/A:N,PHYSICAL,HIGH,HIGH,NONE,UNCHANGED,NONE,NONE,NONE,3.3,LOW,0,0.19822994267287597,0.1883,nginx,nginx,['CWE-20'],['cpe:2.3:a:nginx:nginx:*:*:*:*:*:*:*:*'],1,1
CVE-2021-11117,Unauthenticated remote code execution in query optimizer in oracle mysql component.,2022-10-04T00:00:00+00:00,2022-11-19T00:00:00+00:00,3.1,CVSS:3.1/AV:A/AC:L/PR:N/UI:R/S:U/C:L/I:H/A:L,ADJACENT_NETWORK,LOW,NONE,REQUIRED,UNCHANGED,LOW,HIGH,LOW,7.6,HIGH,0,0.012437325015696792,0.0118,oracle,mysql,['CWE-787'],['cpe:2.3:a:oracle:mysql:*:*:*:*:*:*:*:*'],1,4
CVE-2026-11118,Unauthenticated remote code execution in query optimizer in oracle mysql component.,2021-12-25T00:00:00+00:00,2022-02-01T00:00:00+00:00,3.1,CVSS:3.1/AV:L/AC:L/PR:H/UI:N/S:U/C:N/I:L/A:N,LOCAL,LOW,HIGH,NONE,UNCHANGED,NONE,LOW,NONE,5.9,MEDIUM,0,0.07495176279702823,0.0712,oracle,mysql,['CWE-416'],['cpe:2.3:a:oracle:mysql:*:*:*:*:*:*:*:*'],1,2
CVE-2025-11119,Remote code execution via unsafe deserialization in spring spring_framework component.,2024-07-11T00:00:00+00:00,2024-09-10T00:00:00+00:00,3.1,CVSS:3.1/AV:L/AC:L/PR:N/UI:N/S:C/C:N/I:N/A:N,LOCAL,LOW,NONE,NONE,CHANGED,NONE,NONE,NONE,7.5,HIGH,0,0.3788946409508789,0.3599,spring,spring_framework,['CWE-416'],['cpe:2.3:a:spring:spring_framework:*:*:*:*:*:*:*:*'],1,4
CVE-2024-11120,Remote code execution in Kerberos authentication service in microsoft windows_server component.,2021-12-16T00:00:00+00:00,2021-12-19T00:00:00+00:00,3.1,CVSS:3.1/AV:L/AC:H/PR:H/UI:N/S:C/C:N/I:L/A:H,LOCAL,HIGH,HIGH,NONE,CHANGED,NONE,LOW,HIGH,6.3,MEDIUM,0,0.08061152554162737,0.0766,microsoft,windows_server,['CWE-269'],['cpe:2.3:a:microsoft:windows_server:*:*:*:*:*:*:*:*'],1,3
CVE-2023-11121,Denial of service via HTTP/2 frame flooding in apache http_server component.,2021-05-22T00:00:00+00:00,2021-06-14T00:00:00+00:00,3.1,CVSS:3.1/AV:A/AC:H/PR:H/UI:R/S:U/C:N/I:H/A:N,ADJACENT_NETWORK,HIGH,HIGH,REQUIRED,UNCHANGED,NONE,HIGH,NONE,4.9,MEDIUM,0,0.0751745885552817,0.0714,apache,http_server,['CWE-269'],['cpe:2.3:a:apache:http_server:*:*:*:*:*:*:*:*'],1,3
CVE-2023-11122,Denial of service via HTTP/2 frame flooding in apache http_server component.,2024-05-19T00:00:00+00:00,2024-07-22T00:00:00+00:00,3.1,CVSS:3.1/AV:N/AC:H/PR:N/UI:R/S:C/C:N/I:H/A:L,NETWORK,HIGH,NONE,REQUIRED,CHANGED,NONE,HIGH,LOW,8.4,HIGH,0,0.2223481865261958,0.2112,apache,http_server,['CWE-20'],['cpe:2.3:a:apache:http_server:*:*:*:*:*:*:*:*'],1,4
CVE-2022-11123,Unauthenticated remote code execution in query optimizer in oracle mysql component.,2021-04-17T00:00:00+00:00,2021-07-10T00:00:00+00:00,3.1,CVSS:3.1/AV:A/AC:H/PR:L/UI:R/S:C/C:L/I:N/A:L,ADJACENT_NETWORK,HIGH,LOW,REQUIRED,CHANGED,LOW,NONE,LOW,4.7,MEDIUM,0,0.034320868462905704,0.0326,oracle,mysql,['CWE-787'],['cpe:2.3:a:oracle:mysql:*:*:*:*:*:*:*:*'],1,1
CVE-2025-11124,Unauthenticated remote code execution in query optimizer in oracle mysql component.,2021-03-06T00:00:00+00:00,2021-03-23T00:00:00+00:00,3.1,CVSS:3.1/AV:N/AC:L/PR:L/UI:R/S:U/C:L/I:L/A:L,NETWORK,LOW,LOW,REQUIRED,UNCHANGED,LOW,LOW,LOW,6.1,MEDIUM,0,0.0036144417668278832,0.0034,oracle,mysql,['CWE-20'],['cpe:2.3:a:oracle:mysql:*:*:*:*:*:*:*:*'],1,3
CVE-2023-11125,Remote code execution in Kerberos authentication service in microsoft windows_server component.,2023-01-22T00:00:00+00:00,2023-03-29T00:00:00+00:00,3.1,CVSS:3.1/AV:P/AC:H/PR:H/UI:R/S:U/C:L/I:H/A:L,PHYSICAL,HIGH,HIGH,REQUIRED,UNCHANGED,LOW,HIGH,LOW,4.1,MEDIUM,0,0.01396530855872416,0.0133,microsoft,windows_server,['CWE-119'],['cpe:2.3:a:microsoft:windows_server:*:*:*:*:*:*:*:*'],1,4
CVE-2023-11126,Use-after-free vulnerability in eBPF subsystem in linux linux_kernel component.,2021-06-20T00:00:00+00:00,2021-08-17T00:00:00+00:00,3.1,CVSS:3.1/AV:N/AC:H/PR:H/UI:N/S:U/C:N/I:N/A:N,NETWORK,HIGH,HIGH,NONE,UNCHANGED,NONE,NONE,NONE,6.2,MEDIUM,0,0.0884467987029119,0.084,linux,linux_kernel,['CWE-79'],['cpe:2.3:a:linux:linux_kernel:*:*:*:*:*:*:*:*'],1,2
CVE-2021-11127,Unauthenticated remote code execution in query optimizer in oracle mysql component.,2021-11-12T00:00:00+00:00,2022-01-25T00:00:00+00:00,3.1,CVSS:3.1/AV:A/AC:L/PR:N/UI:N/S:U/C:H/I:L/A:H,ADJACENT_NETWORK,LOW,NONE,NONE,UNCHANGED,HIGH,LOW,HIGH,9.4,CRITICAL,0,0.01057276545915833,0.01,oracle,mysql,['CWE-79'],['cpe:2.3:a:oracle:mysql:*:*:*:*:*:*:*:*'],1,2
CVE-2026-11128,Out-of-bounds memory access in V8 JavaScript engine in google chrome component.,2025-11-20T00:00:00+00:00,2026-01-18T00:00:00+00:00,3.1,CVSS:3.1/AV:L/AC:L/PR:H/UI:N/S:U/C:H/I:N/A:N,LOCAL,LOW,HIGH,NONE,UNCHANGED,HIGH,NONE,NONE,6.3,MEDIUM,0,0.001978211639130304,0.0019,google,chrome,['CWE-79'],['cpe:2.3:a:google:chrome:*:*:*:*:*:*:*:*'],1,2
CVE-2026-11129,Denial of service via HTTP/2 frame flooding in apache http_server component.,2021-07-07T00:00:00+00:00,2021-07-08T00:00:00+00:00,3.1,CVSS:3.1/AV:P/AC:L/PR:N/UI:N/S:U/C:L/I:L/A:H,PHYSICAL,LOW,NONE,NONE,UNCHANGED,LOW,LOW,HIGH,7.3,HIGH,0,0.02941693646372707,0.0279,apache,http_server,['CWE-119'],['cpe:2.3:a:apache:http_server:*:*:*:*:*:*:*:*'],1,4
CVE-2026-11130,Privilege escalation via authenticated extension loading in postgresql postgresql component.,2023-10-12T00:00:00+00:00,2023-12-29T00:00:00+00:00,3.1,CVSS:3.1/AV:A/AC:H/PR:L/UI:N/S:C/C:N/I:H/A:N,ADJACENT_NETWORK,HIGH,LOW,NONE,CHANGED,NONE,HIGH,NONE,6.5,MEDIUM,0,0.0034564964966450683,0.0033,postgresql,postgresql,['CWE-79'],['cpe:2.3:a:postgresql:postgresql:*:*:*:*:*:*:*:*'],1,2
CVE-2023-11131,Privilege escalation via authenticated extension loading in postgresql postgresql component.,2021-10-22T00:00:00+00:00,2021-12-31T00:00:00+00:00,3.1,CVSS:3.1/AV:A/AC:L/PR:H/UI:N/S:U/C:N/I:L/A:N,ADJACENT_NETWORK,LOW,HIGH,NONE,UNCHANGED,NONE,LOW,NONE,6.5,MEDIUM,0,0.16549259714058986,0.1572,postgresql,postgresql,['CWE-89'],['cpe:2.3:a:postgresql:postgresql:*:*:*:*:*:*:*:*'],1,4
CVE-2023-11132,Out-of-bounds memory access in V8 JavaScript engine in google chrome component.,2024-05-16T00:00:00+00:00,2024-07-08T00:00:00+00:00,3.1,CVSS:3.1/AV:L/AC:L/PR:L/UI:R/S:C/C:H/I:N/A:H,LOCAL,LOW,LOW,REQUIRED,CHANGED,HIGH,NONE,HIGH,7.4,HIGH,0,0.010790528193278666,0.0103,google,chrome,['CWE-20'],['cpe:2.3:a:google:chrome:*:*:*:*:*:*:*:*'],1,3
CVE-2022-11133,Use-after-free vulnerability in eBPF subsystem in linux linux_kernel component.,2021-05-13T00:00:00+00:00,2021-05-21T00:00:00+00:00,3.1,CVSS:3.1/AV:N/AC:H/PR:L/UI:N/S:C/C:N/I:H/A:H,NETWORK,HIGH,LOW,NONE,CHANGED,NONE,HIGH,HIGH,8.6,HIGH,0,0.09533580077477148,0.0906,linux,linux_kernel,['CWE-79'],['cpe:2.3:a:linux:linux_kernel:*:*:*:*:*:*:*:*'],1,3
CVE-2023-11134,Out-of-bounds memory access in V8 JavaScript engine in google chrome component.,2024-11-30T00:00:00+00:00,2025-02-26T00:00:00+00:00,3.1,CVSS:3.1/AV:N/AC:H/PR:H/UI:R/S:C/C:L/I:H/A:L,NETWORK,HIGH,HIGH,REQUIRED,CHANGED,LOW,HIGH,LOW,6.9,MEDIUM,0,0.14538481914185797,0.1381,google,chrome,['CWE-269'],['cpe:2.3:a:google:chrome:*:*:*:*:*:*:*:*'],1,4
CVE-2024-11135,Use-after-free vulnerability in eBPF subsystem in linux linux_kernel component.,2022-10-04T00:00:00+00:00,2022-12-13T00:00:00+00:00,3.1,CVSS:3.1/AV:A/AC:L/PR:H/UI:N/S:U/C:H/I:L/A:L,ADJACENT_NETWORK,LOW,HIGH,NONE,UNCHANGED,HIGH,LOW,LOW,7.1,HIGH,0,0.0020611731450648494,0.002,linux,linux_kernel,['CWE-787'],['cpe:2.3:a:linux:linux_kernel:*:*:*:*:*:*:*:*'],1,4
CVE-2024-11136,Unauthenticated remote code execution in query optimizer in oracle mysql component.,2023-08-08T00:00:00+00:00,2023-10-07T00:00:00+00:00,3.1,CVSS:3.1/AV:P/AC:L/PR:N/UI:R/S:C/C:N/I:N/A:L,PHYSICAL,LOW,NONE,REQUIRED,CHANGED,NONE,NONE,LOW,5.3,MEDIUM,0,0.1876540046555499,0.1783,oracle,mysql,['CWE-416'],['cpe:2.3:a:oracle:mysql:*:*:*:*:*:*:*:*'],1,2
CVE-2023-11137,Remote code execution in Kerberos authentication service in microsoft windows_server component.,2021-01-29T00:00:00+00:00,2021-03-26T00:00:00+00:00,3.1,CVSS:3.1/AV:A/AC:L/PR:H/UI:N/S:U/C:N/I:N/A:L,ADJACENT_NETWORK,LOW,HIGH,NONE,UNCHANGED,NONE,NONE,LOW,6.8,MEDIUM,0,0.18101704523345039,0.172,microsoft,windows_server,['CWE-787'],['cpe:2.3:a:microsoft:windows_server:*:*:*:*:*:*:*:*'],1,2
CVE-2023-11138,Use-after-free vulnerability in eBPF subsystem in linux linux_kernel component.,2022-02-10T00:00:00+00:00,2022-02-13T00:00:00+00:00,3.1,CVSS:3.1/AV:P/AC:H/PR:N/UI:R/S:C/C:N/I:N/A:L,PHYSICAL,HIGH,NONE,REQUIRED,CHANGED,NONE,NONE,LOW,4.5,MEDIUM,0,0.4517036105955838,0.4291,linux,linux_kernel,['CWE-787'],['cpe:2.3:a:linux:linux_kernel:*:*:*:*:*:*:*:*'],1,4
CVE-2022-11139,Remote code execution in Kerberos authentication service in microsoft windows_server component.,2023-09-26T00:00:00+00:00,2023-12-21T00:00:00+00:00,3.1,CVSS:3.1/AV:N/AC:H/PR:N/UI:N/S:C/C:H/I:L/A:H,NETWORK,HIGH,NONE,NONE,CHANGED,HIGH,LOW,HIGH,9.9,CRITICAL,1,0.013707607465222224,0.013,microsoft,windows_server,['CWE-119'],['cpe:2.3:a:microsoft:windows_server:*:*:*:*:*:*:*:*'],1,5
CVE-2022-11140,Integer overflow in HTTP request header processing in nginx nginx component.,2023-05-03T00:00:00+00:00,2023-07-05T00:00:00+00:00,3.1,CVSS:3.1/AV:N/AC:H/PR:H/UI:N/S:C/C:H/I:L/A:H,NETWORK,HIGH,HIGH,NONE,CHANGED,HIGH,LOW,HIGH,8.6,HIGH,0,0.05378333534965551,0.0511,nginx,nginx,['CWE-79'],['cpe:2.3:a:nginx:nginx:*:*:*:*:*:*:*:*'],1,5
CVE-2025-11141,Command injection in management web interface in paloalto pan-os component.,2022-08-01T00:00:00+00:00,2022-09-14T00:00:00+00:00,3.1,CVSS:3.1/AV:L/AC:L/PR:L/UI:R/S:U/C:N/I:L/A:L,LOCAL,LOW,LOW,REQUIRED,UNCHANGED,NONE,LOW,LOW,4.2,MEDIUM,0,0.17919830211982826,0.1702,paloalto,pan-os,['CWE-416'],['cpe:2.3:a:paloalto:pan-os:*:*:*:*:*:*:*:*'],1,2
CVE-2023-11142,Privilege escalation via authenticated extension loading in postgresql postgresql component.,2024-11-10T00:00:00+00:00,2024-12-10T00:00:00+00:00,3.1,CVSS:3.1/AV:L/AC:H/PR:L/UI:R/S:C/C:H/I:N/A:N,LOCAL,HIGH,LOW,REQUIRED,CHANGED,HIGH,NONE,NONE,5.7,MEDIUM,0,0.007366971426152979,0.007,postgresql,postgresql,['CWE-269'],['cpe:2.3:a:postgresql:postgresql:*:*:*:*:*:*:*:*'],1,5
CVE-2026-11143,Privilege escalation via authenticated extension loading in postgresql postgresql component.,2024-04-29T00:00:00+00:00,2024-07-17T00:00:00+00:00,3.1,CVSS:3.1/AV:A/AC:L/PR:L/UI:R/S:U/C:L/I:H/A:N,ADJACENT_NETWORK,LOW,LOW,REQUIRED,UNCHANGED,LOW,HIGH,NONE,6.3,MEDIUM,0,0.0006210162840019662,0.0006,postgresql,postgresql,['CWE-416'],['cpe:2.3:a:postgresql:postgresql:*:*:*:*:*:*:*:*'],1,2
CVE-2023-11144,Out-of-bounds memory access in V8 JavaScript engine in google chrome component.,2021-06-16T00:00:00+00:00,2021-08-23T00:00:00+00:00,3.1,CVSS:3.1/AV:P/AC:H/PR:H/UI:R/S:U/C:L/I:L/A:N,PHYSICAL,HIGH,HIGH,REQUIRED,UNCHANGED,LOW,LOW,NONE,2.6,LOW,0,0.046403728728422175,0.0441,google,chrome,['CWE-200'],['cpe:2.3:a:google:chrome:*:*:*:*:*:*:*:*'],1,2
CVE-2021-11145,Unauthenticated remote code execution in query optimizer in oracle mysql component.,2023-08-29T00:00:00+00:00,2023-09-30T00:00:00+00:00,3.1,CVSS:3.1/AV:A/AC:L/PR:L/UI:R/S:C/C:H/I:N/A:L,ADJACENT_NETWORK,LOW,LOW,REQUIRED,CHANGED,HIGH,NONE,LOW,7.2,HIGH,0,0.02395878523860779,0.0228,oracle,mysql,['CWE-269'],['cpe:2.3:a:oracle:mysql:*:*:*:*:*:*:*:*'],1,4
CVE-2025-11146,Unauthenticated remote code execution in query optimizer in oracle mysql component.,2024-01-04T00:00:00+00:00,2024-01-30T00:00:00+00:00,3.1,CVSS:3.1/AV:A/AC:L/PR:L/UI:N/S:U/C:H/I:H/A:L,ADJACENT_NETWORK,LOW,LOW,NONE,UNCHANGED,HIGH,HIGH,LOW,7.9,HIGH,0,0.2637265409043042,0.2505,oracle,mysql,['CWE-119'],['cpe:2.3:a:oracle:mysql:*:*:*:*:*:*:*:*'],1,4
CVE-2026-11147,Remote code execution in Kerberos authentication service in microsoft windows_server component.,2025-08-04T00:00:00+00:00,2025-08-06T00:00:00+00:00,3.1,CVSS:3.1/AV:L/AC:H/PR:N/UI:N/S:C/C:N/I:N/A:H,LOCAL,HIGH,NONE,NONE,CHANGED,NONE,NONE,HIGH,7.4,HIGH,0,0.07678857826870318,0.0729,microsoft,windows_server,['CWE-416'],['cpe:2.3:a:microsoft:windows_server:*:*:*:*:*:*:*:*'],1,1
CVE-2024-11148,Unauthenticated remote code execution in query optimizer in oracle mysql component.,2025-05-08T00:00:00+00:00,2025-05-27T00:00:00+00:00,3.1,CVSS:3.1/AV:P/AC:H/PR:H/UI:N/S:C/C:L/I:N/A:L,PHYSICAL,HIGH,HIGH,NONE,CHANGED,LOW,NONE,LOW,4.1,MEDIUM,0,0.04585938446833628,0.0436,oracle,mysql,['CWE-787'],['cpe:2.3:a:oracle:mysql:*:*:*:*:*:*:*:*'],1,3
CVE-2026-11149,Privilege escalation via authenticated extension loading in postgresql postgresql component.,2024-05-27T00:00:00+00:00,2024-07-25T00:00:00+00:00,3.1,CVSS:3.1/AV:L/AC:L/PR:H/UI:N/S:C/C:N/I:N/A:N,LOCAL,LOW,HIGH,NONE,CHANGED,NONE,NONE,NONE,6.0,MEDIUM,0,0.375186009392219,0.3564,postgresql,postgresql,['CWE-269'],['cpe:2.3:a:postgresql:postgresql:*:*:*:*:*:*:*:*'],1,5
CVE-2023-11150,Integer overflow in HTTP request header processing in nginx nginx component.,2021-10-18T00:00:00+00:00,2021-11-28T00:00:00+00:00,3.1,CVSS:3.1/AV:P/AC:L/PR:H/UI:R/S:C/C:L/I:N/A:L,PHYSICAL,LOW,HIGH,REQUIRED,CHANGED,LOW,NONE,LOW,4.7,MEDIUM,0,0.0018306501914435126,0.0017,nginx,nginx,['CWE-20'],['cpe:2.3:a:nginx:nginx:*:*:*:*:*:*:*:*'],1,3
CVE-2025-11151,Unauthenticated remote code execution in query optimizer in oracle mysql component.,2025-03-30T00:00:00+00:00,2025-06-11T00:00:00+00:00,3.1,CVSS:3.1/AV:N/AC:L/PR:H/UI:N/S:C/C:N/I:N/A:N,NETWORK,LOW,HIGH,NONE,CHANGED,NONE,NONE,NONE,7.9,HIGH,0,0.03524871018503502,0.0335,oracle,mysql,['CWE-89'],['cpe:2.3:a:oracle:mysql:*:*:*:*:*:*:*:*'],1,1
CVE-2022-11152,Remote code execution via unsafe deserialization in spring spring_framework component.,2025-01-01T00:00:00+00:00,2025-02-01T00:00:00+00:00,3.1,CVSS:3.1/AV:N/AC:H/PR:L/UI:R/S:U/C:L/I:L/A:N,NETWORK,HIGH,LOW,REQUIRED,UNCHANGED,LOW,LOW,NONE,5.4,MEDIUM,0,0.2875834026059767,0.2732,spring,spring_framework,['CWE-787'],['cpe:2.3:a:spring:spring_framework:*:*:*:*:*:*:*:*'],1,4
CVE-2021-11153,Remote code execution via unsafe deserialization in spring spring_framework component.,2023-12-11T00:00:00+00:00,2024-02-03T00:00:00+00:00,3.1,CVSS:3.1/AV:P/AC:L/PR:H/UI:N/S:U/C:L/I:N/A:N,PHYSICAL,LOW,HIGH,NONE,UNCHANGED,LOW,NONE,NONE,4.5,MEDIUM,0,0.07893855629733162,0.075,spring,spring_framework,['CWE-200'],['cpe:2.3:a:spring:spring_framework:*:*:*:*:*:*:*:*'],1,2
CVE-2021-11154,Privilege escalation via authenticated extension loading in postgresql postgresql component.,2024-08-13T00:00:00+00:00,2024-11-09T00:00:00+00:00,3.1,CVSS:3.1/AV:N/AC:L/PR:H/UI:N/S:C/C:N/I:N/A:N,NETWORK,LOW,HIGH,NONE,CHANGED,NONE,NONE,NONE,8.1,HIGH,0,0.13909665789795966,0.1321,postgresql,postgresql,['CWE-89'],['cpe:2.3:a:postgresql:postgresql:*:*:*:*:*:*:*:*'],1,2
CVE-2023-11155,Remote code execution via unsafe deserialization in spring spring_framework component.,2022-10-24T00:00:00+00:00,2022-12-13T00:00:00+00:00,3.1,CVSS:3.1/AV:P/AC:L/PR:H/UI:R/S:C/C:N/I:H/A:H,PHYSICAL,LOW,HIGH,REQUIRED,CHANGED,NONE,HIGH,HIGH,6.0,MEDIUM,0,0.08681374876010269,0.0825,spring,spring_framework,['CWE-416'],['cpe:2.3:a:spring:spring_framework:*:*:*:*:*:*:*:*'],1,5
CVE-2021-11156,Denial of service via HTTP/2 frame flooding in apache http_server component.,2022-02-14T00:00:00+00:00,2022-05-01T00:00:00+00:00,3.1,CVSS:3.1/AV:N/AC:L/PR:N/UI:R/S:U/C:L/I:H/A:N,NETWORK,LOW,NONE,REQUIRED,UNCHANGED,LOW,HIGH,NONE,8.8,HIGH,0,0.025644126387824994,0.0244,apache,http_server,['CWE-269'],['cpe:2.3:a:apache:http_server:*:*:*:*:*:*:*:*'],1,5
CVE-2024-11157,Command injection in management web interface in paloalto pan-os component.,2022-03-12T00:00:00+00:00,2022-04-01T00:00:00+00:00,3.1,CVSS:3.1/AV:N/AC:H/PR:L/UI:R/S:C/C:N/I:N/A:H,NETWORK,HIGH,LOW,REQUIRED,CHANGED,NONE,NONE,HIGH,7.3,HIGH,0,0.3459850932989792,0.3287,paloalto,pan-os,['CWE-200'],['cpe:2.3:a:paloalto:pan-os:*:*:*:*:*:*:*:*'],1,3
CVE-2023-11158,Privilege escalation via authenticated extension loading in postgresql postgresql component.,2022-06-18T00:00:00+00:00,2022-08-08T00:00:00+00:00,3.1,CVSS:3.1/AV:N/AC:H/PR:L/UI:N/S:C/C:H/I:H/A:H,NETWORK,HIGH,LOW,NONE,CHANGED,HIGH,HIGH,HIGH,9.7,CRITICAL,0,0.005720866201424317,0.0054,postgresql,postgresql,['CWE-416'],['cpe:2.3:a:postgresql:postgresql:*:*:*:*:*:*:*:*'],1,2
CVE-2021-11159,Command injection in management web interface in paloalto pan-os component.,2021-03-27T00:00:00+00:00,2021-05-16T00:00:00+00:00,3.1,CVSS:3.1/AV:N/AC:L/PR:N/UI:R/S:U/C:H/I:L/A:L,NETWORK,LOW,NONE,REQUIRED,UNCHANGED,HIGH,LOW,LOW,8.6,HIGH,0,0.22176038110144353,0.2107,paloalto,pan-os,['CWE-119'],['cpe:2.3:a:paloalto:pan-os:*:*:*:*:*:*:*:*'],1,5
CVE-2022-11160,Use-after-free vulnerability in eBPF subsystem in linux linux_kernel component.,2023-11-13T00:00:00+00:00,2023-11-17T00:00:00+00:00,3.1,CVSS:3.1/AV:L/AC:L/PR:N/UI:N/S:C/C:N/I:L/A:H,LOCAL,LOW,NONE,NONE,CHANGED,NONE,LOW,HIGH,8.2,HIGH,0,0.15852989906835813,0.1506,linux,linux_kernel,['CWE-416'],['cpe:2.3:a:linux:linux_kernel:*:*:*:*:*:*:*:*'],1,3
CVE-2024-11161,Integer overflow in HTTP request header processing in nginx nginx component.,2024-05-17T00:00:00+00:00,2024-06-08T00:00:00+00:00,3.1,CVSS:3.1/AV:P/AC:H/PR:H/UI:R/S:U/C:N/I:H/A:N,PHYSICAL,HIGH,HIGH,REQUIRED,UNCHANGED,NONE,HIGH,NONE,4.1,MEDIUM,0,0.05293991447953169,0.0503,nginx,nginx,['CWE-20'],['cpe:2.3:a:nginx:nginx:*:*:*:*:*:*:*:*'],1,1
CVE-2021-11162,Out-of-bounds memory access in V8 JavaScript engine in google chrome component.,2025-10-22T00:00:00+00:00,2025-10-24T00:00:00+00:00,3.1,CVSS:3.1/AV:L/AC:L/PR:L/UI:R/S:C/C:H/I:H/A:N,LOCAL,LOW,LOW,REQUIRED,CHANGED,HIGH,HIGH,NONE,6.8,MEDIUM,0,0.06846965604038603,0.065,google,chrome,['CWE-79'],['cpe:2.3:a:google:chrome:*:*:*:*:*:*:*:*'],1,1
CVE-2022-11163,Unauthenticated remote code execution in query optimizer in oracle mysql component.,2024-08-15T00:00:00+00:00,2024-09-09T00:00:00+00:00,3.1,CVSS:3.1/AV:P/AC:H/PR:N/UI:R/S:C/C:H/I:N/A:L,PHYSICAL,HIGH,NONE,REQUIRED,CHANGED,HIGH,NONE,LOW,5.5,MEDIUM,0,0.0029988347085997623,0.0028,oracle,mysql,['CWE-20'],['cpe:2.3:a:oracle:mysql:*:*:*:*:*:*:*:*'],1,1
CVE-2022-11164,Use-after-free vulnerability in eBPF subsystem in linux linux_kernel component.,2022-06-23T00:00:00+00:00,2022-08-21T00:00:00+00:00,3.1,CVSS:3.1/AV:A/AC:L/PR:H/UI:N/S:C/C:N/I:N/A:N,ADJACENT_NETWORK,LOW,HIGH,NONE,CHANGED,NONE,NONE,NONE,7.2,HIGH,0,0.14443569132952744,0.1372,linux,linux_kernel,['CWE-79'],['cpe:2.3:a:linux:linux_kernel:*:*:*:*:*:*:*:*'],1,2
CVE-2025-11165,Integer overflow in HTTP request header processing in nginx nginx component.,2024-11-24T00:00:00+00:00,2025-02-04T00:00:00+00:00,3.1,CVSS:3.1/AV:L/AC:H/PR:N/UI:R/S:U/C:H/I:H/A:N,LOCAL,HIGH,NONE,REQUIRED,UNCHANGED,HIGH,HIGH,NONE,7.3,HIGH,0,0.0008257436139231979,0.0008,nginx,nginx,['CWE-119'],['cpe:2.3:a:nginx:nginx:*:*:*:*:*:*:*:*'],1,1
CVE-2026-11166,Remote code execution in Kerberos authentication service in microsoft windows_server component.,2023-02-12T00:00:00+00:00,2023-02-16T00:00:00+00:00,3.1,CVSS:3.1/AV:N/AC:H/PR:L/UI:R/S:C/C:N/I:N/A:H,NETWORK,HIGH,LOW,REQUIRED,CHANGED,NONE,NONE,HIGH,6.7,MEDIUM,0,0.012123764647909239,0.0115,microsoft,windows_server,['CWE-20'],['cpe:2.3:a:microsoft:windows_server:*:*:*:*:*:*:*:*'],1,1
CVE-2026-11167,Use-after-free vulnerability in eBPF subsystem in linux linux_kernel component.,2022-07-31T00:00:00+00:00,2022-10-01T00:00:00+00:00,3.1,CVSS:3.1/AV:A/AC:H/PR:N/UI:R/S:U/C:N/I:H/A:L,ADJACENT_NETWORK,HIGH,NONE,REQUIRED,UNCHANGED,NONE,HIGH,LOW,6.7,MEDIUM,0,0.026596916573818255,0.0253,linux,linux_kernel,['CWE-20'],['cpe:2.3:a:linux:linux_kernel:*:*:*:*:*:*:*:*'],1,1
CVE-2024-11168,Out-of-bounds memory access in V8 JavaScript engine in google chrome component.,2024-02-19T00:00:00+00:00,2024-05-19T00:00:00+00:00,3.1,CVSS:3.1/AV:P/AC:L/PR:H/UI:N/S:C/C:L/I:N/A:H,PHYSICAL,LOW,HIGH,NONE,CHANGED,LOW,NONE,HIGH,6.5,MEDIUM,0,0.010799257986304035,0.0103,google,chrome,['CWE-269'],['cpe:2.3:a:google:chrome:*:*:*:*:*:*:*:*'],1,4
CVE-2025-11169,Integer overflow in HTTP request header processing in nginx nginx component.,2021-12-02T00:00:00+00:00,2022-01-19T00:00:00+00:00,3.1,CVSS:3.1/AV:L/AC:L/PR:L/UI:R/S:C/C:N/I:H/A:L,LOCAL,LOW,LOW,REQUIRED,CHANGED,NONE,HIGH,LOW,6.5,MEDIUM,0,0.0018189680516641875,0.0017,nginx,nginx,['CWE-269'],['cpe:2.3:a:nginx:nginx:*:*:*:*:*:*:*:*'],1,4
CVE-2023-11170,Unauthenticated remote code execution in query optimizer in oracle mysql component.,2021-10-30T00:00:00+00:00,2022-01-25T00:00:00+00:00,3.1,CVSS:3.1/AV:P/AC:H/PR:L/UI:R/S:U/C:H/I:L/A:N,PHYSICAL,HIGH,LOW,REQUIRED,UNCHANGED,HIGH,LOW,NONE,4.4,MEDIUM,0,0.011939853789563065,0.0113,oracle,mysql,['CWE-269'],['cpe:2.3:a:oracle:mysql:*:*:*:*:*:*:*:*'],1,3
CVE-2024-11171,Integer overflow in HTTP request header processing in nginx nginx component.,2025-03-24T00:00:00+00:00,2025-06-02T00:00:00+00:00,3.1,CVSS:3.1/AV:A/AC:L/PR:L/UI:N/S:C/C:H/I:H/A:H,ADJACENT_NETWORK,LOW,LOW,NONE,CHANGED,HIGH,HIGH,HIGH,9.7,CRITICAL,0,0.07790763103092228,0.074,nginx,nginx,['CWE-89'],['cpe:2.3:a:nginx:nginx:*:*:*:*:*:*:*:*'],1,5
CVE-2022-11172,Command injection in management web interface in paloalto pan-os component.,2025-08-16T00:00:00+00:00,2025-11-13T00:00:00+00:00,3.1,CVSS:3.1/AV:P/AC:L/PR:L/UI:N/S:U/C:H/I:N/A:H,PHYSICAL,LOW,LOW,NONE,UNCHANGED,HIGH,NONE,HIGH,6.8,MEDIUM,0,0.0001,0.0001,paloalto,pan-os,['CWE-20'],['cpe:2.3:a:paloalto:pan-os:*:*:*:*:*:*:*:*'],1,3
CVE-2026-11173,Remote code execution via unsafe deserialization in spring spring_framework component.,2021-12-04T00:00:00+00:00,2022-01-03T00:00:00+00:00,3.1,CVSS:3.1/AV:L/AC:H/PR:N/UI:R/S:C/C:H/I:L/A:H,LOCAL,HIGH,NONE,REQUIRED,CHANGED,HIGH,LOW,HIGH,7.6,HIGH,0,0.3059490003062889,0.2907,spring,spring_framework,['CWE-416'],['cpe:2.3:a:spring:spring_framework:*:*:*:*:*:*:*:*'],1,2
CVE-2023-11174,Out-of-bounds memory access in V8 JavaScript engine in google chrome component.,2025-03-16T00:00:00+00:00,2025-05-08T00:00:00+00:00,3.1,CVSS:3.1/AV:N/AC:L/PR:H/UI:R/S:U/C:H/I:N/A:H,NETWORK,LOW,HIGH,REQUIRED,UNCHANGED,HIGH,NONE,HIGH,7.9,HIGH,0,0.027922853686626125,0.0265,google,chrome,['CWE-20'],['cpe:2.3:a:google:chrome:*:*:*:*:*:*:*:*'],1,5
CVE-2024-11175,Denial of service via HTTP/2 frame flooding in apache http_server component.,2021-10-23T00:00:00+00:00,2021-11-02T00:00:00+00:00,3.1,CVSS:3.1/AV:L/AC:L/PR:L/UI:R/S:U/C:H/I:H/A:N,LOCAL,LOW,LOW,REQUIRED,UNCHANGED,HIGH,HIGH,NONE,6.8,MEDIUM,0,0.0011318422260845871,0.0011,apache,http_server,['CWE-119'],['cpe:2.3:a:apache:http_server:*:*:*:*:*:*:*:*'],1,1
CVE-2021-11176,Buffer overflow in TLS handshake parser in openssl openssl component.,2022-08-29T00:00:00+00:00,2022-09-14T00:00:00+00:00,3.1,CVSS:3.1/AV:A/AC:L/PR:H/UI:N/S:U/C:L/I:L/A:N,ADJACENT_NETWORK,LOW,HIGH,NONE,UNCHANGED,LOW,LOW,NONE,6.2,MEDIUM,0,0.00491812192844354,0.0047,openssl,openssl,['CWE-416'],['cpe:2.3:a:openssl:openssl:*:*:*:*:*:*:*:*'],1,3
CVE-2021-11177,Remote code execution in Kerberos authentication service in microsoft windows_server component.,2024-11-30T00:00:00+00:00,2025-02-15T00:00:00+00:00,3.1,CVSS:3.1/AV:L/AC:H/PR:L/UI:R/S:U/C:L/I:L/A:H,LOCAL,HIGH,LOW,REQUIRED,UNCHANGED,LOW,LOW,HIGH,5.1,MEDIUM,0,0.013103728742509606,0.0124,microsoft,windows_server,['CWE-787'],['cpe:2.3:a:microsoft:windows_server:*:*:*:*:*:*:*:*'],1,5
CVE-2021-11178,Out-of-bounds memory access in V8 JavaScript engine in google chrome component.,2024-10-22T00:00:00+00:00,2024-12-24T00:00:00+00:00,3.1,CVSS:3.1/AV:N/AC:H/PR:L/UI:R/S:U/C:L/I:H/A:L,NETWORK,HIGH,LOW,REQUIRED,UNCHANGED,LOW,HIGH,LOW,6.3,MEDIUM,0,0.008660804116560401,0.0082,google,chrome,['CWE-416'],['cpe:2.3:a:google:chrome:*:*:*:*:*:*:*:*'],1,5
CVE-2024-11179,Denial of service via HTTP/2 frame flooding in apache http_server component.,2024-11-11T00:00:00+00:00,2025-01-26T00:00:00+00:00,3.1,CVSS:3.1/AV:L/AC:H/PR:N/UI:R/S:U/C:L/I:N/A:L,LOCAL,HIGH,NONE,REQUIRED,UNCHANGED,LOW,NONE,LOW,4.9,MEDIUM,0,0.5878946462904467,0.5585,apache,http_server,['CWE-200'],['cpe:2.3:a:apache:http_server:*:*:*:*:*:*:*:*'],1,5
CVE-2021-11180,Denial of service via HTTP/2 frame flooding in apache http_server component.,2022-05-18T00:00:00+00:00,2022-08-07T00:00:00+00:00,3.1,CVSS:3.1/AV:N/AC:H/PR:L/UI:R/S:U/C:H/I:L/A:N,NETWORK,HIGH,LOW,REQUIRED,UNCHANGED,HIGH,LOW,NONE,6.3,MEDIUM,0,0.02867132081179628,0.0272,apache,http_server,['CWE-269'],['cpe:2.3:a:apache:http_server:*:*:*:*:*:*:*:*'],1,3
CVE-2026-11181,Remote code execution via unsafe deserialization in spring spring_framework component.,2025-10-17T00:00:00+00:00,2025-12-14T00:00:00+00:00,3.1,CVSS:3.1/AV:A/AC:H/PR:N/UI:N/S:U/C:H/I:H/A:N,ADJACENT_NETWORK,HIGH,NONE,NONE,UNCHANGED,HIGH,HIGH,NONE,8.1,HIGH,0,0.000415085334045347,0.0004,spring,spring_framework,['CWE-787'],['cpe:2.3:a:spring:spring_framework:*:*:*:*:*:*:*:*'],1,1
CVE-2022-11182,Remote code execution via unsafe deserialization in spring spring_framework component.,2023-08-07T00:00:00+00:00,2023-09-12T00:00:00+00:00,3.1,CVSS:3.1/AV:P/AC:L/PR:L/UI:N/S:C/C:N/I:L/A:L,PHYSICAL,LOW,LOW,NONE,CHANGED,NONE,LOW,LOW,5.3,MEDIUM,0,0.0219320941465887,0.0208,spring,spring_framework,['CWE-89'],['cpe:2.3:a:spring:spring_framework:*:*:*:*:*:*:*:*'],1,1
CVE-2025-11183,Use-after-free vulnerability in eBPF subsystem in linux linux_kernel component.,2022-11-10T00:00:00+00:00,2023-01-04T00:00:00+00:00,3.1,CVSS:3.1/AV:N/AC:L/PR:N/UI:N/S:C/C:L/I:N/A:N,NETWORK,LOW,NONE,NONE,CHANGED,LOW,NONE,NONE,8.8,HIGH,0,0.06788456787900761,0.0645,linux,linux_kernel,['CWE-89'],['cpe:2.3:a:linux:linux_kernel:*:*:*:*:*:*:*:*'],1,4
CVE-2023-11184,Buffer overflow in TLS handshake parser in openssl openssl component.,2022-01-10T00:00:00+00:00,2022-02-08T00:00:00+00:00,3.1,CVSS:3.1/AV:L/AC:H/PR:N/UI:R/S:U/C:N/I:N/A:N,LOCAL,HIGH,NONE,REQUIRED,UNCHANGED,NONE,NONE,NONE,4.6,MEDIUM,0,0.004573689991989858,0.0043,openssl,openssl,['CWE-89'],['cpe:2.3:a:openssl:openssl:*:*:*:*:*:*:*:*'],1,5
CVE-2021-11185,Out-of-bounds memory access in V8 JavaScript engine in google chrome component.,2023-06-17T00:00:00+00:00,2023-08-20T00:00:00+00:00,3.1,CVSS:3.1/AV:L/AC:H/PR:N/UI:R/S:U/C:L/I:L/A:N,LOCAL,HIGH,NONE,REQUIRED,UNCHANGED,LOW,LOW,NONE,5.0,MEDIUM,0,0.11024546344556675,0.1047,google,chrome,['CWE-200'],['cpe:2.3:a:google:chrome:*:*:*:*:*:*:*:*'],1,4
CVE-2026-11186,Remote code execution via unsafe deserialization in spring spring_framework component.,2023-05-15T00:00:00+00:00,2023-05-24T00:00:00+00:00,3.1,CVSS:3.1/AV:N/AC:L/PR:L/UI:R/S:C/C:L/I:H/A:N,NETWORK,LOW,LOW,REQUIRED,CHANGED,LOW,HIGH,NONE,7.8,HIGH,0,0.3930878343578212,0.3734,spring,spring_framework,['CWE-89'],['cpe:2.3:a:spring:spring_framework:*:*:*:*:*:*:*:*'],1,1
CVE-2022-11187,Buffer overflow in TLS handshake parser in openssl openssl component.,2021-06-26T00:00:00+00:00,2021-09-08T00:00:00+00:00,3.1,CVSS:3.1/AV:A/AC:L/PR:L/UI:R/S:C/C:L/I:N/A:H,ADJACENT_NETWORK,LOW,LOW,REQUIRED,CHANGED,LOW,NONE,HIGH,7.0,HIGH,0,0.010562471280977924,0.01,openssl,openssl,['CWE-89'],['cpe:2.3:a:openssl:openssl:*:*:*:*:*:*:*:*'],1,5
CVE-2021-11188,Remote code execution in Kerberos authentication service in microsoft windows_server component.,2024-02-21T00:00:00+00:00,2024-02-27T00:00:00+00:00,3.1,CVSS:3.1/AV:A/AC:L/PR:N/UI:R/S:U/C:H/I:H/A:L,ADJACENT_NETWORK,LOW,NONE,REQUIRED,UNCHANGED,HIGH,HIGH,LOW,8.6,HIGH,0,0.0619289229771745,0.0588,microsoft,windows_server,['CWE-20'],['cpe:2.3:a:microsoft:windows_server:*:*:*:*:*:*:*:*'],1,3
CVE-2025-11189,Buffer overflow in TLS handshake parser in openssl openssl component.,2025-06-03T00:00:00+00:00,2025-06-05T00:00:00+00:00,3.1,CVSS:3.1/AV:N/AC:H/PR:H/UI:N/S:C/C:N/I:L/A:N,NETWORK,HIGH,HIGH,NONE,CHANGED,NONE,LOW,NONE,6.9,MEDIUM,0,0.0001,0.0001,openssl,openssl,['CWE-787'],['cpe:2.3:a:openssl:openssl:*:*:*:*:*:*:*:*'],1,2
CVE-2026-11190,Privilege escalation via authenticated extension loading in postgresql postgresql component.,2023-08-31T00:00:00+00:00,2023-11-01T00:00:00+00:00,3.1,CVSS:3.1/AV:P/AC:L/PR:N/UI:N/S:C/C:H/I:H/A:H,PHYSICAL,LOW,NONE,NONE,CHANGED,HIGH,HIGH,HIGH,9.4,CRITICAL,0,0.18048904316964479,0.1715,postgresql,postgresql,['CWE-79'],['cpe:2.3:a:postgresql:postgresql:*:*:*:*:*:*:*:*'],1,2
CVE-2025-11191,Command injection in management web interface in paloalto pan-os component.,2021-10-25T00:00:00+00:00,2021-11-03T00:00:00+00:00,3.1,CVSS:3.1/AV:P/AC:L/PR:H/UI:N/S:U/C:H/I:L/A:H,PHYSICAL,LOW,HIGH,NONE,UNCHANGED,HIGH,LOW,HIGH,7.2,HIGH,0,0.28769705038376425,0.2733,paloalto,pan-os,['CWE-269'],['cpe:2.3:a:paloalto:pan-os:*:*:*:*:*:*:*:*'],1,2
CVE-2024-11192,Use-after-free vulnerability in eBPF subsystem in linux linux_kernel component.,2021-05-03T00:00:00+00:00,2021-06-28T00:00:00+00:00,3.1,CVSS:3.1/AV:N/AC:H/PR:L/UI:N/S:U/C:H/I:H/A:L,NETWORK,HIGH,LOW,NONE,UNCHANGED,HIGH,HIGH,LOW,8.3,HIGH,0,0.049882055584701476,0.0474,linux,linux_kernel,['CWE-119'],['cpe:2.3:a:linux:linux_kernel:*:*:*:*:*:*:*:*'],1,2
CVE-2025-11193,Integer overflow in HTTP request header processing in nginx nginx component.,2025-06-07T00:00:00+00:00,2025-08-12T00:00:00+00:00,3.1,CVSS:3.1/AV:P/AC:L/PR:N/UI:R/S:C/C:N/I:L/A:H,PHYSICAL,LOW,NONE,REQUIRED,CHANGED,NONE,LOW,HIGH,7.1,HIGH,0,0.08107502527701387,0.077,nginx,nginx,['CWE-20'],['cpe:2.3:a:nginx:nginx:*:*:*:*:*:*:*:*'],1,4
CVE-2025-11194,Denial of service via HTTP/2 frame flooding in apache http_server component.,2021-06-23T00:00:00+00:00,2021-07-12T00:00:00+00:00,3.1,CVSS:3.1/AV:N/AC:H/PR:L/UI:R/S:C/C:L/I:H/A:L,NETWORK,HIGH,LOW,REQUIRED,CHANGED,LOW,HIGH,LOW,7.0,HIGH,0,0.0815053106257696,0.0774,apache,http_server,['CWE-200'],['cpe:2.3:a:apache:http_server:*:*:*:*:*:*:*:*'],1,5
CVE-2023-11195,Out-of-bounds memory access in V8 JavaScript engine in google chrome component.,2022-09-24T00:00:00+00:00,2022-11-24T00:00:00+00:00,3.1,CVSS:3.1/AV:P/AC:H/PR:H/UI:N/S:C/C:L/I:N/A:H,PHYSICAL,HIGH,HIGH,NONE,CHANGED,LOW,NONE,HIGH,5.5,MEDIUM,0,0.00024549159811349035,0.0002,google,chrome,['CWE-787'],['cpe:2.3:a:google:chrome:*:*:*:*:*:*:*:*'],1,3
CVE-2025-11196,Remote code execution via unsafe deserialization in spring spring_framework component.,2024-06-16T00:00:00+00:00,2024-09-05T00:00:00+00:00,3.1,CVSS:3.1/AV:N/AC:H/PR:H/UI:R/S:C/C:L/I:H/A:H,NETWORK,HIGH,HIGH,REQUIRED,CHANGED,LOW,HIGH,HIGH,7.9,HIGH,0,0.026666607989430942,0.0253,spring,spring_framework,['CWE-119'],['cpe:2.3:a:spring:spring_framework:*:*:*:*:*:*:*:*'],1,3
CVE-2022-11197,Unauthenticated remote code execution in query optimizer in oracle mysql component.,2024-03-05T00:00:00+00:00,2024-03-30T00:00:00+00:00,3.1,CVSS:3.1/AV:L/AC:H/PR:N/UI:R/S:C/C:L/I:L/A:H,LOCAL,HIGH,NONE,REQUIRED,CHANGED,LOW,LOW,HIGH,6.3,MEDIUM,0,0.0021890890673045894,0.0021,oracle,mysql,['CWE-416'],['cpe:2.3:a:oracle:mysql:*:*:*:*:*:*:*:*'],1,2
CVE-2022-11198,Out-of-bounds memory access in V8 JavaScript engine in google chrome component.,2025-07-01T00:00:00+00:00,2025-09-28T00:00:00+00:00,3.1,CVSS:3.1/AV:L/AC:L/PR:H/UI:R/S:C/C:N/I:L/A:H,LOCAL,LOW,HIGH,REQUIRED,CHANGED,NONE,LOW,HIGH,6.5,MEDIUM,0,0.022253910394610322,0.0211,google,chrome,['CWE-89'],['cpe:2.3:a:google:chrome:*:*:*:*:*:*:*:*'],1,1
CVE-2026-11199,Use-after-free vulnerability in eBPF subsystem in linux linux_kernel component.,2022-05-21T00:00:00+00:00,2022-06-17T00:00:00+00:00,3.1,CVSS:3.1/AV:L/AC:L/PR:H/UI:R/S:C/C:N/I:L/A:L,LOCAL,LOW,HIGH,REQUIRED,CHANGED,NONE,LOW,LOW,5.4,MEDIUM,0,0.16891125615384975,0.1605,linux,linux_kernel,['CWE-200'],['cpe:2.3:a:linux:linux_kernel:*:*:*:*:*:*:*:*'],1,5
CVE-2025-11200,Integer overflow in HTTP request header processing in nginx nginx component.,2022-12-01T00:00:00+00:00,2022-12-20T00:00:00+00:00,3.1,CVSS:3.1/AV:L/AC:L/PR:L/UI:N/S:C/C:H/I:L/A:N,LOCAL,LOW,LOW,NONE,CHANGED,HIGH,LOW,NONE,6.9,MEDIUM,0,0.0182323444817618,0.0173,nginx,nginx,['CWE-79'],['cpe:2.3:a:nginx:nginx:*:*:*:*:*:*:*:*'],1,2
CVE-2024-11201,Use-after-free vulnerability in eBPF subsystem in linux linux_kernel component.,2023-07-21T00:00:00+00:00,2023-09-30T00:00:00+00:00,3.1,CVSS:3.1/AV:L/AC:H/PR:N/UI:R/S:U/C:L/I:H/A:L,LOCAL,HIGH,NONE,REQUIRED,UNCHANGED,LOW,HIGH,LOW,6.0,MEDIUM,0,0.37176279264717776,0.3532,linux,linux_kernel,['CWE-79'],['cpe:2.3:a:linux:linux_kernel:*:*:*:*:*:*:*:*'],1,4
CVE-2024-11202,Remote code execution in Kerberos authentication service in microsoft windows_server component.,2022-10-04T00:00:00+00:00,2022-10-20T00:00:00+00:00,3.1,CVSS:3.1/AV:A/AC:L/PR:N/UI:R/S:U/C:N/I:N/A:L,ADJACENT_NETWORK,LOW,NONE,REQUIRED,UNCHANGED,NONE,NONE,LOW,7.1,HIGH,0,0.0866625899496925,0.0823,microsoft,windows_server,['CWE-79'],['cpe:2.3:a:microsoft:windows_server:*:*:*:*:*:*:*:*'],1,5
CVE-2023-11203,Remote code execution via unsafe deserialization in spring spring_framework component.,2021-09-18T00:00:00+00:00,2021-10-01T00:00:00+00:00,3.1,CVSS:3.1/AV:P/AC:L/PR:N/UI:N/S:U/C:N/I:L/A:H,PHYSICAL,LOW,NONE,NONE,UNCHANGED,NONE,LOW,HIGH,7.1,HIGH,0,0.0028601778945566946,0.0027,spring,spring_framework,['CWE-200'],['cpe:2.3:a:spring:spring_framework:*:*:*:*:*:*:*:*'],1,3
CVE-2022-11204,Remote code execution in Kerberos authentication service in microsoft windows_server component.,2022-04-18T00:00:00+00:00,2022-05-17T00:00:00+00:00,3.1,CVSS:3.1/AV:L/AC:H/PR:N/UI:N/S:U/C:H/I:H/A:L,LOCAL,HIGH,NONE,NONE,UNCHANGED,HIGH,HIGH,LOW,8.3,HIGH,0,0.02095247931663533,0.0199,microsoft,windows_server,['CWE-119'],['cpe:2.3:a:microsoft:windows_server:*:*:*:*:*:*:*:*'],1,2
CVE-2022-11205,Remote code execution in Kerberos authentication service in microsoft windows_server component.,2024-01-15T00:00:00+00:00,2024-04-03T00:00:00+00:00,3.1,CVSS:3.1/AV:N/AC:L/PR:N/UI:R/S:C/C:N/I:N/A:N,NETWORK,LOW,NONE,REQUIRED,CHANGED,NONE,NONE,NONE,8.7,HIGH,0,0.9471152627896835,0.8998,microsoft,windows_server,['CWE-119'],['cpe:2.3:a:microsoft:windows_server:*:*:*:*:*:*:*:*'],1,2
CVE-2025-11206,Integer overflow in HTTP request header processing in nginx nginx component.,2021-12-06T00:00:00+00:00,2021-12-29T00:00:00+00:00,3.1,CVSS:3.1/AV:A/AC:H/PR:N/UI:N/S:U/C:H/I:L/A:L,ADJACENT_NETWORK,HIGH,NONE,NONE,UNCHANGED,HIGH,LOW,LOW,7.2,HIGH,0,0.28721279004086475,0.2729,nginx,nginx,['CWE-416'],['cpe:2.3:a:nginx:nginx:*:*:*:*:*:*:*:*'],1,4
CVE-2022-11207,Privilege escalation via authenticated extension loading in postgresql postgresql component.,2021-07-25T00:00:00+00:00,2021-08-05T00:00:00+00:00,3.1,CVSS:3.1/AV:P/AC:H/PR:L/UI:N/S:C/C:H/I:L/A:N,PHYSICAL,HIGH,LOW,NONE,CHANGED,HIGH,LOW,NONE,5.6,MEDIUM,0,0.05727323930562669,0.0544,postgresql,postgresql,['CWE-200'],['cpe:2.3:a:postgresql:postgresql:*:*:*:*:*:*:*:*'],1,2
CVE-2024-11208,Integer overflow in HTTP request header processing in nginx nginx component.,2025-06-06T00:00:00+00:00,2025-08-13T00:00:00+00:00,3.1,CVSS:3.1/AV:L/AC:H/PR:N/UI:R/S:C/C:L/I:H/A:N,LOCAL,HIGH,NONE,REQUIRED,CHANGED,LOW,HIGH,NONE,6.2,MEDIUM,0,0.1679998259747901,0.1596,nginx,nginx,['CWE-269'],['cpe:2.3:a:nginx:nginx:*:*:*:*:*:*:*:*'],1,2
CVE-2025-11209,Denial of service via HTTP/2 frame flooding in apache http_server component.,2025-09-11T00:00:00+00:00,2025-12-10T00:00:00+00:00,3.1,CVSS:3.1/AV:P/AC:L/PR:L/UI:N/S:U/C:L/I:L/A:L,PHYSICAL,LOW,LOW,NONE,UNCHANGED,LOW,LOW,LOW,5.4,MEDIUM,0,0.13702163115124671,0.1302,apache,http_server,['CWE-200'],['cpe:2.3:a:apache:http_server:*:*:*:*:*:*:*:*'],1,2
CVE-2022-11210,Use-after-free vulnerability in eBPF subsystem in linux linux_kernel component.,2023-02-17T00:00:00+00:00,2023-05-05T00:00:00+00:00,3.1,CVSS:3.1/AV:P/AC:L/PR:H/UI:N/S:U/C:L/I:H/A:N,PHYSICAL,LOW,HIGH,NONE,UNCHANGED,LOW,HIGH,NONE,5.8,MEDIUM,0,0.006602906255607396,0.0063,linux,linux_kernel,['CWE-416'],['cpe:2.3:a:linux:linux_kernel:*:*:*:*:*:*:*:*'],1,5
CVE-2023-11211,Unauthenticated remote code execution in query optimizer in oracle mysql component.,2023-02-20T00:00:00+00:00,2023-02-23T00:00:00+00:00,3.1,CVSS:3.1/AV:P/AC:H/PR:H/UI:R/S:C/C:N/I:L/A:L,PHYSICAL,HIGH,HIGH,REQUIRED,CHANGED,NONE,LOW,LOW,4.1,MEDIUM,0,0.0020511361239361047,0.0019,oracle,mysql,['CWE-269'],['cpe:2.3:a:oracle:mysql:*:*:*:*:*:*:*:*'],1,2
CVE-2023-11212,Use-after-free vulnerability in eBPF subsystem in linux linux_kernel component.,2022-06-17T00:00:00+00:00,2022-08-18T00:00:00+00:00,3.1,CVSS:3.1/AV:A/AC:L/PR:N/UI:N/S:U/C:L/I:L/A:N,ADJACENT_NETWORK,LOW,NONE,NONE,UNCHANGED,LOW,LOW,NONE,8.1,HIGH,0,0.041522018742165226,0.0394,linux,linux_kernel,['CWE-119'],['cpe:2.3:a:linux:linux_kernel:*:*:*:*:*:*:*:*'],1,1
CVE-2021-11213,Command injection in management web interface in paloalto pan-os component.,2024-06-14T00:00:00+00:00,2024-09-12T00:00:00+00:00,3.1,CVSS:3.1/AV:N/AC:H/PR:N/UI:R/S:C/C:N/I:L/A:N,NETWORK,HIGH,NONE,REQUIRED,CHANGED,NONE,LOW,NONE,7.1,HIGH,0,0.026140303781358665,0.0248,paloalto,pan-os,['CWE-416'],['cpe:2.3:a:paloalto:pan-os:*:*:*:*:*:*:*:*'],1,3
CVE-2022-11214,Command injection in management web interface in paloalto pan-os component.,2023-04-19T00:00:00+00:00,2023-05-29T00:00:00+00:00,3.1,CVSS:3.1/AV:A/AC:L/PR:N/UI:N/S:U/C:H/I:H/A:H,ADJACENT_NETWORK,LOW,NONE,NONE,UNCHANGED,HIGH,HIGH,HIGH,10.0,CRITICAL,0,0.0009337526049013095,0.0009,paloalto,pan-os,['CWE-89'],['cpe:2.3:a:paloalto:pan-os:*:*:*:*:*:*:*:*'],1,3
CVE-2024-11215,Remote code execution via unsafe deserialization in spring spring_framework component.,2023-05-17T00:00:00+00:00,2023-06-08T00:00:00+00:00,3.1,CVSS:3.1/AV:A/AC:L/PR:N/UI:N/S:U/C:N/I:L/A:N,ADJACENT_NETWORK,LOW,NONE,NONE,UNCHANGED,NONE,LOW,NONE,7.4,HIGH,0,0.10770962025916991,0.1023,spring,spring_framework,['CWE-79'],['cpe:2.3:a:spring:spring_framework:*:*:*:*:*:*:*:*'],1,4
CVE-2023-11216,Remote code execution via unsafe deserialization in spring spring_framework component.,2025-01-21T00:00:00+00:00,2025-02-13T00:00:00+00:00,3.1,CVSS:3.1/AV:A/AC:L/PR:N/UI:N/S:C/C:N/I:L/A:H,ADJACENT_NETWORK,LOW,NONE,NONE,CHANGED,NONE,LOW,HIGH,9.1,CRITICAL,0,0.0001,0.0001,spring,spring_framework,['CWE-20'],['cpe:2.3:a:spring:spring_framework:*:*:*:*:*:*:*:*'],1,5
CVE-2021-11217,Remote code execution via unsafe deserialization in spring spring_framework component.,2023-03-18T00:00:00+00:00,2023-04-05T00:00:00+00:00,3.1,CVSS:3.1/AV:A/AC:L/PR:L/UI:N/S:U/C:N/I:H/A:L,ADJACENT_NETWORK,LOW,LOW,NONE,UNCHANGED,NONE,HIGH,LOW,6.9,MEDIUM,0,0.0007103436712645939,0.0007,spring,spring_framework,['CWE-200'],['cpe:2.3:a:spring:spring_framework:*:*:*:*:*:*:*:*'],1,4
CVE-2024-11218,Privilege escalation via authenticated extension loading in postgresql postgresql component.,2021-12-25T00:00:00+00:00,2022-01-09T00:00:00+00:00,3.1,CVSS:3.1/AV:A/AC:L/PR:H/UI:N/S:U/C:L/I:N/A:N,ADJACENT_NETWORK,LOW,HIGH,NONE,UNCHANGED,LOW,NONE,NONE,6.2,MEDIUM,0,0.08097483226833925,0.0769,postgresql,postgresql,['CWE-200'],['cpe:2.3:a:postgresql:postgresql:*:*:*:*:*:*:*:*'],1,4
CVE-2024-11219,Remote code execution via unsafe deserialization in spring spring_framework component.,2024-10-19T00:00:00+00:00,2024-12-09T00:00:00+00:00,3.1,CVSS:3.1/AV:P/AC:H/PR:H/UI:R/S:C/C:L/I:H/A:L,PHYSICAL,HIGH,HIGH,REQUIRED,CHANGED,LOW,HIGH,LOW,4.5,MEDIUM,0,0.4442487190278717,0.422,spring,spring_framework,['CWE-89'],['cpe:2.3:a:spring:spring_framework:*:*:*:*:*:*:*:*'],1,5
CVE-2022-11220,Integer overflow in HTTP request header processing in nginx nginx component.,2025-07-07T00:00:00+00:00,2025-07-12T00:00:00+00:00,3.1,CVSS:3.1/AV:A/AC:L/PR:H/UI:R/S:C/C:N/I:H/A:L,ADJACENT_NETWORK,LOW,HIGH,REQUIRED,CHANGED,NONE,HIGH,LOW,7.2,HIGH,0,0.15802147240758474,0.1501,nginx,nginx,['CWE-416'],['cpe:2.3:a:nginx:nginx:*:*:*:*:*:*:*:*'],1,4
CVE-2023-11221,Use-after-free vulnerability in eBPF subsystem in linux linux_kernel component.,2021-02-18T00:00:00+00:00,2021-03-31T00:00:00+00:00,3.1,CVSS:3.1/AV:P/AC:L/PR:N/UI:N/S:C/C:H/I:N/A:L,PHYSICAL,LOW,NONE,NONE,CHANGED,HIGH,NONE,LOW,7.4,HIGH,0,0.010791387484528223,0.0103,linux,linux_kernel,['CWE-89'],['cpe:2.3:a:linux:linux_kernel:*:*:*:*:*:*:*:*'],1,3
CVE-2022-11222,Remote code execution in Kerberos authentication service in microsoft windows_server component.,2021-10-19T00:00:00+00:00,2021-10-22T00:00:00+00:00,3.1,CVSS:3.1/AV:A/AC:H/PR:L/UI:R/S:C/C:L/I:H/A:L,ADJACENT_NETWORK,HIGH,LOW,REQUIRED,CHANGED,LOW,HIGH,LOW,5.9,MEDIUM,0,0.22042298222305204,0.2094,microsoft,windows_server,['CWE-269'],['cpe:2.3:a:microsoft:windows_server:*:*:*:*:*:*:*:*'],1,2
CVE-2022-11223,Integer overflow in HTTP request header processing in nginx nginx component.,2023-05-02T00:00:00+00:00,2023-05-09T00:00:00+00:00,3.1,CVSS:3.1/AV:A/AC:L/PR:H/UI:N/S:C/C:L/I:N/A:L,ADJACENT_NETWORK,LOW,HIGH,NONE,CHANGED,LOW,NONE,LOW,7.0,HIGH,0,0.06948172527982238,0.066,nginx,nginx,['CWE-787'],['cpe:2.3:a:nginx:nginx:*:*:*:*:*:*:*:*'],1,4
CVE-2021-11224,Remote code execution in Kerberos authentication service in microsoft windows_server component.,2024-05-10T00:00:00+00:00,2024-06-17T00:00:00+00:00,3.1,CVSS:3.1/AV:L/AC:H/PR:N/UI:R/S:U/C:L/I:L/A:N,LOCAL,HIGH,NONE,REQUIRED,UNCHANGED,LOW,LOW,NONE,4.8,MEDIUM,0,0.25109115071339905,0.2385,microsoft,windows_server,['CWE-200'],['cpe:2.3:a:microsoft:windows_server:*:*:*:*:*:*:*:*'],1,5
CVE-2021-11225,Command injection in management web interface in paloalto pan-os component.,2021-07-27T00:00:00+00:00,2021-08-15T00:00:00+00:00,3.1,CVSS:3.1/AV:L/AC:L/PR:N/UI:N/S:C/C:N/I:L/A:L,LOCAL,LOW,NONE,NONE,CHANGED,NONE,LOW,LOW,7.2,HIGH,0,0.1565939264836563,0.1488,paloalto,pan-os,['CWE-269'],['cpe:2.3:a:paloalto:pan-os:*:*:*:*:*:*:*:*'],1,5
CVE-2023-11226,Integer overflow in HTTP request header processing in nginx nginx component.,2024-06-27T00:00:00+00:00,2024-08-08T00:00:00+00:00,3.1,CVSS:3.1/AV:L/AC:H/PR:N/UI:N/S:C/C:L/I:L/A:H,LOCAL,HIGH,NONE,NONE,CHANGED,LOW,LOW,HIGH,7.5,HIGH,0,0.07027078250633619,0.0668,nginx,nginx,['CWE-20'],['cpe:2.3:a:nginx:nginx:*:*:*:*:*:*:*:*'],1,5
CVE-2025-11227,Out-of-bounds memory access in V8 JavaScript engine in google chrome component.,2021-05-18T00:00:00+00:00,2021-06-07T00:00:00+00:00,3.1,CVSS:3.1/AV:P/AC:H/PR:H/UI:R/S:C/C:N/I:N/A:N,PHYSICAL,HIGH,HIGH,REQUIRED,CHANGED,NONE,NONE,NONE,4.0,MEDIUM,0,0.027408955120832693,0.026,google,chrome,['CWE-79'],['cpe:2.3:a:google:chrome:*:*:*:*:*:*:*:*'],1,5
CVE-2023-11228,Remote code execution in Kerberos authentication service in microsoft windows_server component.,2023-03-19T00:00:00+00:00,2023-04-17T00:00:00+00:00,3.1,CVSS:3.1/AV:N/AC:L/PR:L/UI:N/S:U/C:N/I:L/A:H,NETWORK,LOW,LOW,NONE,UNCHANGED,NONE,LOW,HIGH,8.2,HIGH,1,0.5060690851412675,0.4808,microsoft,windows_server,['CWE-89'],['cpe:2.3:a:microsoft:windows_server:*:*:*:*:*:*:*:*'],1,4
CVE-2025-11229,Remote code execution via unsafe deserialization in spring spring_framework component.,2022-06-07T00:00:00+00:00,2022-07-04T00:00:00+00:00,3.1,CVSS:3.1/AV:N/AC:L/PR:N/UI:N/S:C/C:H/I:L/A:N,NETWORK,LOW,NONE,NONE,CHANGED,HIGH,LOW,NONE,10.0,CRITICAL,1,0.9136441810514759,0.868,spring,spring_framework,['CWE-89'],['cpe:2.3:a:spring:spring_framework:*:*:*:*:*:*:*:*'],1,4
CVE-2021-11230,Denial of service via HTTP/2 frame flooding in apache http_server component.,2024-10-02T00:00:00+00:00,2024-11-30T00:00:00+00:00,3.1,CVSS:3.1/AV:L/AC:H/PR:L/UI:R/S:C/C:H/I:H/A:L,LOCAL,HIGH,LOW,REQUIRED,CHANGED,HIGH,HIGH,LOW,6.3,MEDIUM,0,0.014830890848947932,0.0141,apache,http_server,['CWE-89'],['cpe:2.3:a:apache:http_server:*:*:*:*:*:*:*:*'],1,5
CVE-2026-11231,Remote code execution via unsafe deserialization in spring spring_framework component.,2022-07-26T00:00:00+00:00,2022-10-11T00:00:00+00:00,3.1,CVSS:3.1/AV:A/AC:L/PR:N/UI:R/S:C/C:L/I:L/A:H,ADJACENT_NETWORK,LOW,NONE,REQUIRED,CHANGED,LOW,LOW,HIGH,8.6,HIGH,0,0.17410256119952064,0.1654,spring,spring_framework,['CWE-200'],['cpe:2.3:a:spring:spring_framework:*:*:*:*:*:*:*:*'],1,4
CVE-2021-11232,Remote code execution in Kerberos authentication service in microsoft windows_server component.,2024-04-26T00:00:00+00:00,2024-06-04T00:00:00+00:00,3.1,CVSS:3.1/AV:L/AC:L/PR:N/UI:N/S:U/C:N/I:L/A:N,LOCAL,LOW,NONE,NONE,UNCHANGED,NONE,LOW,NONE,6.3,MEDIUM,0,0.029872646660485832,0.0284,microsoft,windows_server,['CWE-79'],['cpe:2.3:a:microsoft:windows_server:*:*:*:*:*:*:*:*'],1,5
CVE-2023-11233,Remote code execution via unsafe deserialization in spring spring_framework component.,2023-04-26T00:00:00+00:00,2023-06-17T00:00:00+00:00,3.1,CVSS:3.1/AV:P/AC:H/PR:L/UI:N/S:U/C:N/I:H/A:L,PHYSICAL,HIGH,LOW,NONE,UNCHANGED,NONE,HIGH,LOW,5.2,MEDIUM,0,0.06654853858035852,0.0632,spring,spring_framework,['CWE-79'],['cpe:2.3:a:spring:spring_framework:*:*:*:*:*:*:*:*'],1,3
CVE-2024-11234,Buffer overflow in TLS handshake parser in openssl openssl component.,2023-04-12T00:00:00+00:00,2023-06-07T00:00:00+00:00,3.1,CVSS:3.1/AV:A/AC:H/PR:L/UI:N/S:C/C:L/I:N/A:L,ADJACENT_NETWORK,HIGH,LOW,NONE,CHANGED,LOW,NONE,LOW,5.9,MEDIUM,0,0.3803109657339184,0.3613,openssl,openssl,['CWE-119'],['cpe:2.3:a:openssl:openssl:*:*:*:*:*:*:*:*'],1,4
CVE-2024-11235,Integer overflow in HTTP request header processing in nginx nginx component.,2024-04-20T00:00:00+00:00,2024-05-18T00:00:00+00:00,3.1,CVSS:3.1/AV:P/AC:H/PR:N/UI:R/S:U/C:H/I:N/A:L,PHYSICAL,HIGH,NONE,REQUIRED,UNCHANGED,HIGH,NONE,LOW,5.2,MEDIUM,0,0.0047803211137261445,0.0045,nginx,nginx,['CWE-89'],['cpe:2.3:a:nginx:nginx:*:*:*:*:*:*:*:*'],1,5
CVE-2025-11236,Unauthenticated remote code execution in query optimizer in oracle mysql component.,2023-02-11T00:00:00+00:00,2023-02-22T00:00:00+00:00,3.1,CVSS:3.1/AV:N/AC:L/PR:N/UI:N/S:U/C:H/I:L/A:L,NETWORK,LOW,NONE,NONE,UNCHANGED,HIGH,LOW,LOW,9.3,CRITICAL,0,0.4456596178947705,0.4234,oracle,mysql,['CWE-89'],['cpe:2.3:a:oracle:mysql:*:*:*:*:*:*:*:*'],1,1
CVE-2024-11237,Buffer overflow in TLS handshake parser in openssl openssl component.,2021-12-30T00:00:00+00:00,2022-01-04T00:00:00+00:00,3.1,CVSS:3.1/AV:A/AC:H/PR:L/UI:R/S:U/C:N/I:N/A:L,ADJACENT_NETWORK,HIGH,LOW,REQUIRED,UNCHANGED,NONE,NONE,LOW,4.3,MEDIUM,0,0.10878140503593738,0.1033,openssl,openssl,['CWE-269'],['cpe:2.3:a:openssl:openssl:*:*:*:*:*:*:*:*'],1,1
CVE-2025-11238,Buffer overflow in TLS handshake parser in openssl openssl component.,2021-06-18T00:00:00+00:00,2021-06-24T00:00:00+00:00,3.1,CVSS:3.1/AV:N/AC:L/PR:N/UI:R/S:C/C:N/I:L/A:H,NETWORK,LOW,NONE,REQUIRED,CHANGED,NONE,LOW,HIGH,9.1,CRITICAL,1,0.7548525033598896,0.7171,openssl,openssl,['CWE-79'],['cpe:2.3:a:openssl:openssl:*:*:*:*:*:*:*:*'],1,5
CVE-2022-11239,Use-after-free vulnerability in eBPF subsystem in linux linux_kernel component.,2021-05-14T00:00:00+00:00,2021-07-13T00:00:00+00:00,3.1,CVSS:3.1/AV:L/AC:L/PR:H/UI:N/S:C/C:H/I:N/A:H,LOCAL,LOW,HIGH,NONE,CHANGED,HIGH,NONE,HIGH,8.1,HIGH,0,0.060697204012647,0.0577,linux,linux_kernel,['CWE-200'],['cpe:2.3:a:linux:linux_kernel:*:*:*:*:*:*:*:*'],1,1
CVE-2023-11240,Remote code execution in Kerberos authentication service in microsoft windows_server component.,2024-09-23T00:00:00+00:00,2024-10-14T00:00:00+00:00,3.1,CVSS:3.1/AV:P/AC:H/PR:L/UI:R/S:C/C:H/I:H/A:L,PHYSICAL,HIGH,LOW,REQUIRED,CHANGED,HIGH,HIGH,LOW,5.8,MEDIUM,0,0.08305636339838779,0.0789,microsoft,windows_server,['CWE-416'],['cpe:2.3:a:microsoft:windows_server:*:*:*:*:*:*:*:*'],1,2
CVE-2026-11241,Use-after-free vulnerability in eBPF subsystem in linux linux_kernel component.,2022-10-31T00:00:00+00:00,2022-11-27T00:00:00+00:00,3.1,CVSS:3.1/AV:A/AC:H/PR:N/UI:N/S:U/C:N/I:N/A:H,ADJACENT_NETWORK,HIGH,NONE,NONE,UNCHANGED,NONE,NONE,HIGH,7.0,HIGH,0,0.0004202334560583855,0.0004,linux,linux_kernel,['CWE-79'],['cpe:2.3:a:linux:linux_kernel:*:*:*:*:*:*:*:*'],1,2
CVE-2024-11242,Denial of service via HTTP/2 frame flooding in apache http_server component.,2021-09-16T00:00:00+00:00,2021-10-06T00:00:00+00:00,3.1,CVSS:3.1/AV:N/AC:H/PR:L/UI:R/S:U/C:H/I:L/A:L,NETWORK,HIGH,LOW,REQUIRED,UNCHANGED,HIGH,LOW,LOW,6.6,MEDIUM,0,0.24569875364255872,0.2334,apache,http_server,['CWE-416'],['cpe:2.3:a:apache:http_server:*:*:*:*:*:*:*:*'],1,1
CVE-2026-11243,Remote code execution via unsafe deserialization in spring spring_framework component.,2024-04-18T00:00:00+00:00,2024-05-27T00:00:00+00:00,3.1,CVSS:3.1/AV:A/AC:H/PR:H/UI:N/S:C/C:N/I:L/A:N,ADJACENT_NETWORK,HIGH,HIGH,NONE,CHANGED,NONE,LOW,NONE,5.7,MEDIUM,0,0.000310699756174831,0.0003,spring,spring_framework,['CWE-269'],['cpe:2.3:a:spring:spring_framework:*:*:*:*:*:*:*:*'],1,1
CVE-2021-11244,Buffer overflow in TLS handshake parser in openssl openssl component.,2025-09-19T00:00:00+00:00,2025-10-22T00:00:00+00:00,3.1,CVSS:3.1/AV:P/AC:L/PR:L/UI:R/S:C/C:H/I:L/A:L,PHYSICAL,LOW,LOW,REQUIRED,CHANGED,HIGH,LOW,LOW,5.3,MEDIUM,0,0.21389954220722462,0.2032,openssl,openssl,['CWE-89'],['cpe:2.3:a:openssl:openssl:*:*:*:*:*:*:*:*'],1,3
CVE-2026-11245,Remote code execution in Kerberos authentication service in microsoft windows_server component.,2022-10-07T00:00:00+00:00,2022-12-19T00:00:00+00:00,3.1,CVSS:3.1/AV:A/AC:L/PR:N/UI:R/S:C/C:N/I:L/A:L,ADJACENT_NETWORK,LOW,NONE,REQUIRED,CHANGED,NONE,LOW,LOW,7.1,HIGH,0,0.02808805543684997,0.0267,microsoft,windows_server,['CWE-89'],['cpe:2.3:a:microsoft:windows_server:*:*:*:*:*:*:*:*'],1,1
CVE-2022-11246,Command injection in management web interface in paloalto pan-os component.,2023-11-17T00:00:00+00:00,2024-02-03T00:00:00+00:00,3.1,CVSS:3.1/AV:P/AC:H/PR:N/UI:N/S:C/C:N/I:N/A:H,PHYSICAL,HIGH,NONE,NONE,CHANGED,NONE,NONE,HIGH,6.5,MEDIUM,0,0.21684783537120342,0.206,paloalto,pan-os,['CWE-269'],['cpe:2.3:a:paloalto:pan-os:*:*:*:*:*:*:*:*'],1,3
CVE-2023-11247,Out-of-bounds memory access in V8 JavaScript engine in google chrome component.,2022-11-22T00:00:00+00:00,2022-11-23T00:00:00+00:00,3.1,CVSS:3.1/AV:N/AC:H/PR:H/UI:N/S:U/C:N/I:L/A:H,NETWORK,HIGH,HIGH,NONE,UNCHANGED,NONE,LOW,HIGH,7.2,HIGH,0,0.004172780482979792,0.004,google,chrome,['CWE-200'],['cpe:2.3:a:google:chrome:*:*:*:*:*:*:*:*'],1,5
CVE-2025-11248,Remote code execution in Kerberos authentication service in microsoft windows_server component.,2024-04-24T00:00:00+00:00,2024-07-12T00:00:00+00:00,3.1,CVSS:3.1/AV:A/AC:H/PR:H/UI:N/S:C/C:H/I:H/A:H,ADJACENT_NETWORK,HIGH,HIGH,NONE,CHANGED,HIGH,HIGH,HIGH,8.4,HIGH,0,0.013650712976347455,0.013,microsoft,windows_server,['CWE-200'],['cpe:2.3:a:microsoft:windows_server:*:*:*:*:*:*:*:*'],1,5
CVE-2021-11249,Integer overflow in HTTP request header processing in nginx nginx component.,2022-08-06T00:00:00+00:00,2022-09-18T00:00:00+00:00,3.1,CVSS:3.1/AV:N/AC:H/PR:H/UI:N/S:C/C:L/I:L/A:H,NETWORK,HIGH,HIGH,NONE,CHANGED,LOW,LOW,HIGH,8.0,HIGH,0,0.009970157566081283,0.0095,nginx,nginx,['CWE-269'],['cpe:2.3:a:nginx:nginx:*:*:*:*:*:*:*:*'],1,5
CVE-2024-11250,Privilege escalation via authenticated extension loading in postgresql postgresql component.,2022-06-27T00:00:00+00:00,2022-08-05T00:00:00+00:00,3.1,CVSS:3.1/AV:N/AC:L/PR:H/UI:R/S:C/C:L/I:N/A:H,NETWORK,LOW,HIGH,REQUIRED,CHANGED,LOW,NONE,HIGH,7.6,HIGH,0,0.18607361244142126,0.1768,postgresql,postgresql,['CWE-119'],['cpe:2.3:a:postgresql:postgresql:*:*:*:*:*:*:*:*'],1,1
CVE-2024-11251,Privilege escalation via authenticated extension loading in postgresql postgresql component.,2022-05-05T00:00:00+00:00,2022-06-25T00:00:00+00:00,3.1,CVSS:3.1/AV:N/AC:H/PR:N/UI:N/S:C/C:H/I:H/A:L,NETWORK,HIGH,NONE,NONE,CHANGED,HIGH,HIGH,LOW,9.8,CRITICAL,1,0.0023769905778771297,0.0023,postgresql,postgresql,['CWE-200'],['cpe:2.3:a:postgresql:postgresql:*:*:*:*:*:*:*:*'],1,5
CVE-2024-11252,Buffer overflow in TLS handshake parser in openssl openssl component.,2024-04-03T00:00:00+00:00,2024-05-01T00:00:00+00:00,3.1,CVSS:3.1/AV:L/AC:L/PR:N/UI:R/S:C/C:N/I:H/A:H,LOCAL,LOW,NONE,REQUIRED,CHANGED,NONE,HIGH,HIGH,8.8,HIGH,0,0.0005927802855293411,0.0006,openssl,openssl,['CWE-119'],['cpe:2.3:a:openssl:openssl:*:*:*:*:*:*:*:*'],1,1
CVE-2021-11253,Remote code execution in Kerberos authentication service in microsoft windows_server component.,2022-11-05T00:00:00+00:00,2023-01-27T00:00:00+00:00,3.1,CVSS:3.1/AV:A/AC:H/PR:N/UI:N/S:U/C:H/I:H/A:L,ADJACENT_NETWORK,HIGH,NONE,NONE,UNCHANGED,HIGH,HIGH,LOW,8.6,HIGH,0,0.0008987361901235367,0.0009,microsoft,windows_server,['CWE-89'],['cpe:2.3:a:microsoft:windows_server:*:*:*:*:*:*:*:*'],1,3
CVE-2024-11254,Use-after-free vulnerability in eBPF subsystem in linux linux_kernel component.,2021-11-28T00:00:00+00:00,2022-01-22T00:00:00+00:00,3.1,CVSS:3.1/AV:A/AC:L/PR:L/UI:N/S:C/C:L/I:H/A:H,ADJACENT_NETWORK,LOW,LOW,NONE,CHANGED,LOW,HIGH,HIGH,8.7,HIGH,0,0.06838325170256644,0.065,linux,linux_kernel,['CWE-79'],['cpe:2.3:a:linux:linux_kernel:*:*:*:*:*:*:*:*'],1,1
CVE-2021-11255,Command injection in management web interface in paloalto pan-os component.,2025-10-14T00:00:00+00:00,2025-10-15T00:00:00+00:00,3.1,CVSS:3.1/AV:A/AC:L/PR:L/UI:N/S:U/C:L/I:L/A:N,ADJACENT_NETWORK,LOW,LOW,NONE,UNCHANGED,LOW,LOW,NONE,6.4,MEDIUM,0,0.008509483299610236,0.0081,paloalto,pan-os,['CWE-787'],['cpe:2.3:a:paloalto:pan-os:*:*:*:*:*:*:*:*'],1,5
CVE-2024-11256,Denial of service via HTTP/2 frame flooding in apache http_server component.,2024-09-30T00:00:00+00:00,2024-12-18T00:00:00+00:00,3.1,CVSS:3.1/AV:L/AC:L/PR:L/UI:N/S:C/C:N/I:L/A:N,LOCAL,LOW,LOW,NONE,CHANGED,NONE,LOW,NONE,5.7,MEDIUM,0,0.4897404474462311,0.4653,apache,http_server,['CWE-200'],['cpe:2.3:a:apache:http_server:*:*:*:*:*:*:*:*'],1,1
CVE-2021-11257,Out-of-bounds memory access in V8 JavaScript engine in google chrome component.,2021-05-10T00:00:00+00:00,2021-05-31T00:00:00+00:00,3.1,CVSS:3.1/AV:A/AC:H/PR:N/UI:N/S:C/C:H/I:L/A:N,ADJACENT_NETWORK,HIGH,NONE,NONE,CHANGED,HIGH,LOW,NONE,8.1,HIGH,0,0.0004326048724885887,0.0004,google,chrome,['CWE-269'],['cpe:2.3:a:google:chrome:*:*:*:*:*:*:*:*'],1,4
CVE-2021-11258,Remote code execution in Kerberos authentication service in microsoft windows_server component.,2025-07-12T00:00:00+00:00,2025-09-16T00:00:00+00:00,3.1,CVSS:3.1/AV:P/AC:L/PR:N/UI:N/S:C/C:H/I:H/A:H,PHYSICAL,LOW,NONE,NONE,CHANGED,HIGH,HIGH,HIGH,10.0,CRITICAL,0,0.011270746160017203,0.0107,microsoft,windows_server,['CWE-79'],['cpe:2.3:a:microsoft:windows_server:*:*:*:*:*:*:*:*'],1,2
CVE-2025-11259,Integer overflow in HTTP request header processing in nginx nginx component.,2025-04-28T00:00:00+00:00,2025-06-26T00:00:00+00:00,3.1,CVSS:3.1/AV:P/AC:H/PR:H/UI:R/S:U/C:N/I:N/A:L,PHYSICAL,HIGH,HIGH,REQUIRED,UNCHANGED,NONE,NONE,LOW,2.3,LOW,0,0.037319389857092086,0.0355,nginx,nginx,['CWE-119'],['cpe:2.3:a:nginx:nginx:*:*:*:*:*:*:*:*'],1,1
CVE-2023-11260,Out-of-bounds memory access in V8 JavaScript engine in google chrome component.,2021-02-05T00:00:00+00:00,2021-05-02T00:00:00+00:00,3.1,CVSS:3.1/AV:L/AC:H/PR:L/UI:N/S:C/C:L/I:N/A:N,LOCAL,HIGH,LOW,NONE,CHANGED,LOW,NONE,NONE,5.1,MEDIUM,0,0.0007280355616577165,0.0007,google,chrome,['CWE-79'],['cpe:2.3:a:google:chrome:*:*:*:*:*:*:*:*'],1,5
CVE-2025-11261,Remote code execution via unsafe deserialization in spring spring_framework component.,2025-04-19T00:00:00+00:00,2025-05-04T00:00:00+00:00,3.1,CVSS:3.1/AV:A/AC:H/PR:L/UI:R/S:U/C:H/I:N/A:H,ADJACENT_NETWORK,HIGH,LOW,REQUIRED,UNCHANGED,HIGH,NONE,HIGH,6.6,MEDIUM,0,0.487150252676096,0.4628,spring,spring_framework,['CWE-269'],['cpe:2.3:a:spring:spring_framework:*:*:*:*:*:*:*:*'],1,2
CVE-2025-11262,Use-after-free vulnerability in eBPF subsystem in linux linux_kernel component.,2025-08-11T00:00:00+00:00,2025-10-05T00:00:00+00:00,3.1,CVSS:3.1/AV:L/AC:L/PR:N/UI:N/S:C/C:H/I:N/A:H,LOCAL,LOW,NONE,NONE,CHANGED,HIGH,NONE,HIGH,9.2,CRITICAL,0,0.043566391723449525,0.0414,linux,linux_kernel,['CWE-200'],['cpe:2.3:a:linux:linux_kernel:*:*:*:*:*:*:*:*'],1,4
CVE-2023-11263,Command injection in management web interface in paloalto pan-os component.,2022-11-28T00:00:00+00:00,2023-01-20T00:00:00+00:00,3.1,CVSS:3.1/AV:N/AC:H/PR:N/UI:R/S:C/C:H/I:L/A:L,NETWORK,HIGH,NONE,REQUIRED,CHANGED,HIGH,LOW,LOW,8.6,HIGH,1,0.07968179262314506,0.0757,paloalto,pan-os,['CWE-200'],['cpe:2.3:a:paloalto:pan-os:*:*:*:*:*:*:*:*'],1,3
CVE-2026-11264,Command injection in management web interface in paloalto pan-os component.,2021-07-10T00:00:00+00:00,2021-07-28T00:00:00+00:00,3.1,CVSS:3.1/AV:N/AC:H/PR:N/UI:N/S:C/C:L/I:L/A:N,NETWORK,HIGH,NONE,NONE,CHANGED,LOW,LOW,NONE,8.4,HIGH,1,0.0016320011600478902,0.0016,paloalto,pan-os,['CWE-119'],['cpe:2.3:a:paloalto:pan-os:*:*:*:*:*:*:*:*'],1,5
CVE-2022-11265,Denial of service via HTTP/2 frame flooding in apache http_server component.,2021-04-11T00:00:00+00:00,2021-05-17T00:00:00+00:00,3.1,CVSS:3.1/AV:L/AC:L/PR:H/UI:R/S:C/C:N/I:L/A:N,LOCAL,LOW,HIGH,REQUIRED,CHANGED,NONE,LOW,NONE,4.8,MEDIUM,0,0.03771014917623404,0.0358,apache,http_server,['CWE-200'],['cpe:2.3:a:apache:http_server:*:*:*:*:*:*:*:*'],1,4
CVE-2026-11266,Denial of service via HTTP/2 frame flooding in apache http_server component.,2022-11-14T00:00:00+00:00,2022-12-19T00:00:00+00:00,3.1,CVSS:3.1/AV:N/AC:L/PR:N/UI:N/S:U/C:N/I:L/A:N,NETWORK,LOW,NONE,NONE,UNCHANGED,NONE,LOW,NONE,8.6,HIGH,0,0.6196621725798914,0.5887,apache,http_server,['CWE-269'],['cpe:2.3:a:apache:http_server:*:*:*:*:*:*:*:*'],1,4
CVE-2021-11267,Remote code execution via unsafe deserialization in spring spring_framework component.,2022-06-26T00:00:00+00:00,2022-07-17T00:00:00+00:00,3.1,CVSS:3.1/AV:A/AC:L/PR:L/UI:N/S:U/C:H/I:H/A:H,ADJACENT_NETWORK,LOW,LOW,NONE,UNCHANGED,HIGH,HIGH,HIGH,9.4,CRITICAL,0,0.009806870096990895,0.0093,spring,spring_framework,['CWE-79'],['cpe:2.3:a:spring:spring_framework:*:*:*:*:*:*:*:*'],1,1
CVE-2022-11268,Integer overflow in HTTP request header processing in nginx nginx component.,2025-02-01T00:00:00+00:00,2025-02-18T00:00:00+00:00,3.1,CVSS:3.1/AV:A/AC:L/PR:L/UI:N/S:C/C:H/I:H/A:N,ADJACENT_NETWORK,LOW,LOW,NONE,CHANGED,HIGH,HIGH,NONE,9.0,CRITICAL,0,0.22819992773578934,0.2168,nginx,nginx,['CWE-787'],['cpe:2.3:a:nginx:nginx:*:*:*:*:*:*:*:*'],1,5
CVE-2021-11269,Privilege escalation via authenticated extension loading in postgresql postgresql component.,2023-05-31T00:00:00+00:00,2023-06-28T00:00:00+00:00,3.1,CVSS:3.1/AV:P/AC:L/PR:H/UI:R/S:C/C:N/I:L/A:H,PHYSICAL,LOW,HIGH,REQUIRED,CHANGED,NONE,LOW,HIGH,5.1,MEDIUM,0,0.08356444748709548,0.0794,postgresql,postgresql,['CWE-416'],['cpe:2.3:a:postgresql:postgresql:*:*:*:*:*:*:*:*'],1,5
CVE-2023-11270,Use-after-free vulnerability in eBPF subsystem in linux linux_kernel component.,2022-05-26T00:00:00+00:00,2022-08-13T00:00:00+00:00,3.1,CVSS:3.1/AV:N/AC:H/PR:L/UI:R/S:U/C:N/I:L/A:H,NETWORK,HIGH,LOW,REQUIRED,UNCHANGED,NONE,LOW,HIGH,6.1,MEDIUM,0,0.04210292173555278,0.04,linux,linux_kernel,['CWE-119'],['cpe:2.3:a:linux:linux_kernel:*:*:*:*:*:*:*:*'],1,3
CVE-2025-11271,Command injection in management web interface in paloalto pan-os component.,2022-01-13T00:00:00+00:00,2022-04-06T00:00:00+00:00,3.1,CVSS:3.1/AV:N/AC:L/PR:N/UI:N/S:U/C:N/I:H/A:N,NETWORK,LOW,NONE,NONE,UNCHANGED,NONE,HIGH,NONE,9.9,CRITICAL,0,0.060218934209322006,0.0572,paloalto,pan-os,['CWE-416'],['cpe:2.3:a:paloalto:pan-os:*:*:*:*:*:*:*:*'],1,2
CVE-2023-11272,Privilege escalation via authenticated extension loading in postgresql postgresql component.,2021-08-19T00:00:00+00:00,2021-11-01T00:00:00+00:00,3.1,CVSS:3.1/AV:N/AC:L/PR:H/UI:N/S:U/C:L/I:N/A:L,NETWORK,LOW,HIGH,NONE,UNCHANGED,LOW,NONE,LOW,7.2,HIGH,0,0.1549987586690548,0.1472,postgresql,postgresql,['CWE-119'],['cpe:2.3:a:postgresql:postgresql:*:*:*:*:*:*:*:*'],1,4
CVE-2022-11273,Command injection in management web interface in paloalto pan-os component.,2025-01-23T00:00:00+00:00,2025-04-16T00:00:00+00:00,3.1,CVSS:3.1/AV:N/AC:H/PR:L/UI:R/S:C/C:H/I:H/A:H,NETWORK,HIGH,LOW,REQUIRED,CHANGED,HIGH,HIGH,HIGH,8.3,HIGH,1,0.0032647777888739037,0.0031,paloalto,pan-os,['CWE-119'],['cpe:2.3:a:paloalto:pan-os:*:*:*:*:*:*:*:*'],1,2
CVE-2024-11274,Privilege escalation via authenticated extension loading in postgresql postgresql component.,2022-12-25T00:00:00+00:00,2023-01-19T00:00:00+00:00,3.1,CVSS:3.1/AV:A/AC:H/PR:L/UI:R/S:C/C:N/I:L/A:N,ADJACENT_NETWORK,HIGH,LOW,REQUIRED,CHANGED,NONE,LOW,NONE,5.4,MEDIUM,0,0.04658812317962785,0.0443,postgresql,postgresql,['CWE-416'],['cpe:2.3:a:postgresql:postgresql:*:*:*:*:*:*:*:*'],1,4
CVE-2021-11275,Command injection in management web interface in paloalto pan-os component.,2025-05-20T00:00:00+00:00,2025-05-28T00:00:00+00:00,3.1,CVSS:3.1/AV:P/AC:H/PR:N/UI:R/S:U/C:L/I:N/A:L,PHYSICAL,HIGH,NONE,REQUIRED,UNCHANGED,LOW,NONE,LOW,4.3,MEDIUM,0,0.022322534707500247,0.0212,paloalto,pan-os,['CWE-200'],['cpe:2.3:a:paloalto:pan-os:*:*:*:*:*:*:*:*'],1,2
CVE-2021-11276,Remote code execution in Kerberos authentication service in microsoft windows_server component.,2023-08-28T00:00:00+00:00,2023-11-04T00:00:00+00:00,3.1,CVSS:3.1/AV:N/AC:H/PR:L/UI:R/S:U/C:L/I:N/A:H,NETWORK,HIGH,LOW,REQUIRED,UNCHANGED,LOW,NONE,HIGH,6.6,MEDIUM,0,0.0719878283223386,0.0684,microsoft,windows_server,['CWE-200'],['cpe:2.3:a:microsoft:windows_server:*:*:*:*:*:*:*:*'],1,4
CVE-2023-11277,Remote code execution in Kerberos authentication service in microsoft windows_server component.,2021-11-25T00:00:00+00:00,2022-01-26T00:00:00+00:00,3.1,CVSS:3.1/AV:A/AC:H/PR:N/UI:N/S:U/C:H/I:L/A:L,ADJACENT_NETWORK,HIGH,NONE,NONE,UNCHANGED,HIGH,LOW,LOW,8.0,HIGH,0,0.2843856272879484,0.2702,microsoft,windows_server,['CWE-119'],['cpe:2.3:a:microsoft:windows_server:*:*:*:*:*:*:*:*'],1,5
CVE-2026-11278,Remote code execution via unsafe deserialization in spring spring_framework component.,2021-10-24T00:00:00+00:00,2021-11-08T00:00:00+00:00,3.1,CVSS:3.1/AV:L/AC:H/PR:H/UI:R/S:U/C:L/I:H/A:H,LOCAL,HIGH,HIGH,REQUIRED,UNCHANGED,LOW,HIGH,HIGH,6.2,MEDIUM,0,0.14396480331212438,0.1368,spring,spring_framework,['CWE-200'],['cpe:2.3:a:spring:spring_framework:*:*:*:*:*:*:*:*'],1,4
CVE-2021-11279,Buffer overflow in TLS handshake parser in openssl openssl component.,2024-03-07T00:00:00+00:00,2024-03-21T00:00:00+00:00,3.1,CVSS:3.1/AV:A/AC:H/PR:L/UI:N/S:U/C:H/I:L/A:H,ADJACENT_NETWORK,HIGH,LOW,NONE,UNCHANGED,HIGH,LOW,HIGH,7.2,HIGH,0,0.0519884385604181,0.0494,openssl,openssl,['CWE-20'],['cpe:2.3:a:openssl:openssl:*:*:*:*:*:*:*:*'],1,2
CVE-2023-11280,Buffer overflow in TLS handshake parser in openssl openssl component.,2025-04-23T00:00:00+00:00,2025-07-21T00:00:00+00:00,3.1,CVSS:3.1/AV:P/AC:H/PR:N/UI:R/S:U/C:N/I:N/A:H,PHYSICAL,HIGH,NONE,REQUIRED,UNCHANGED,NONE,NONE,HIGH,5.4,MEDIUM,0,0.01865208397184805,0.0177,openssl,openssl,['CWE-200'],['cpe:2.3:a:openssl:openssl:*:*:*:*:*:*:*:*'],1,4
CVE-2026-11281,Use-after-free vulnerability in eBPF subsystem in linux linux_kernel component.,2025-07-06T00:00:00+00:00,2025-08-10T00:00:00+00:00,3.1,CVSS:3.1/AV:A/AC:H/PR:H/UI:R/S:U/C:L/I:L/A:H,ADJACENT_NETWORK,HIGH,HIGH,REQUIRED,UNCHANGED,LOW,LOW,HIGH,6.0,MEDIUM,0,0.17541528881812457,0.1666,linux,linux_kernel,['CWE-119'],['cpe:2.3:a:linux:linux_kernel:*:*:*:*:*:*:*:*'],1,2
CVE-2021-11282,Unauthenticated remote code execution in query optimizer in oracle mysql component.,2025-10-23T00:00:00+00:00,2025-12-06T00:00:00+00:00,3.1,CVSS:3.1/AV:L/AC:H/PR:N/UI:R/S:C/C:N/I:L/A:H,LOCAL,HIGH,NONE,REQUIRED,CHANGED,NONE,LOW,HIGH,6.8,MEDIUM,0,0.13731473816217182,0.1304,oracle,mysql,['CWE-20'],['cpe:2.3:a:oracle:mysql:*:*:*:*:*:*:*:*'],1,1
CVE-2025-11283,Denial of service via HTTP/2 frame flooding in apache http_server component.,2021-10-08T00:00:00+00:00,2021-11-07T00:00:00+00:00,3.1,CVSS:3.1/AV:P/AC:L/PR:N/UI:R/S:C/C:H/I:H/A:N,PHYSICAL,LOW,NONE,REQUIRED,CHANGED,HIGH,HIGH,NONE,7.5,HIGH,0,0.02036912267985855,0.0194,apache,http_server,['CWE-79'],['cpe:2.3:a:apache:http_server:*:*:*:*:*:*:*:*'],1,5
CVE-2026-11284,Integer overflow in HTTP request header processing in nginx nginx component.,2021-10-05T00:00:00+00:00,2021-11-03T00:00:00+00:00,3.1,CVSS:3.1/AV:A/AC:L/PR:L/UI:N/S:U/C:L/I:N/A:H,ADJACENT_NETWORK,LOW,LOW,NONE,UNCHANGED,LOW,NONE,HIGH,7.0,HIGH,0,0.4181038777619577,0.3972,nginx,nginx,['CWE-416'],['cpe:2.3:a:nginx:nginx:*:*:*:*:*:*:*:*'],1,1
CVE-2026-11285,Use-after-free vulnerability in eBPF subsystem in linux linux_kernel component.,2024-04-20T00:00:00+00:00,2024-06-17T00:00:00+00:00,3.1,CVSS:3.1/AV:A/AC:L/PR:L/UI:N/S:U/C:N/I:L/A:H,ADJACENT_NETWORK,LOW,LOW,NONE,UNCHANGED,NONE,LOW,HIGH,7.3,HIGH,0,0.017956115363020345,0.0171,linux,linux_kernel,['CWE-119'],['cpe:2.3:a:linux:linux_kernel:*:*:*:*:*:*:*:*'],1,1
CVE-2026-11286,Integer overflow in HTTP request header processing in nginx nginx component.,2022-07-22T00:00:00+00:00,2022-09-30T00:00:00+00:00,3.1,CVSS:3.1/AV:A/AC:L/PR:L/UI:N/S:C/C:L/I:N/A:N,ADJACENT_NETWORK,LOW,LOW,NONE,CHANGED,LOW,NONE,NONE,6.5,MEDIUM,0,0.17927744810000878,0.1703,nginx,nginx,['CWE-119'],['cpe:2.3:a:nginx:nginx:*:*:*:*:*:*:*:*'],1,5
CVE-2021-11287,Use-after-free vulnerability in eBPF subsystem in linux linux_kernel component.,2023-05-25T00:00:00+00:00,2023-08-23T00:00:00+00:00,3.1,CVSS:3.1/AV:L/AC:H/PR:L/UI:N/S:U/C:H/I:N/A:H,LOCAL,HIGH,LOW,NONE,UNCHANGED,HIGH,NONE,HIGH,6.3,MEDIUM,0,0.026712314813924772,0.0254,linux,linux_kernel,['CWE-20'],['cpe:2.3:a:linux:linux_kernel:*:*:*:*:*:*:*:*'],1,3
CVE-2022-11288,Privilege escalation via authenticated extension loading in postgresql postgresql component.,2025-08-12T00:00:00+00:00,2025-09-02T00:00:00+00:00,3.1,CVSS:3.1/AV:A/AC:L/PR:H/UI:N/S:U/C:N/I:N/A:N,ADJACENT_NETWORK,LOW,HIGH,NONE,UNCHANGED,NONE,NONE,NONE,6.3,MEDIUM,0,0.003578558394884547,0.0034,postgresql,postgresql,['CWE-200'],['cpe:2.3:a:postgresql:postgresql:*:*:*:*:*:*:*:*'],1,4
CVE-2026-11289,Buffer overflow in TLS handshake parser in openssl openssl component.,2023-07-10T00:00:00+00:00,2023-08-08T00:00:00+00:00,3.1,CVSS:3.1/AV:A/AC:L/PR:N/UI:N/S:C/C:H/I:L/A:H,ADJACENT_NETWORK,LOW,NONE,NONE,CHANGED,HIGH,LOW,HIGH,10.0,CRITICAL,0,0.1492905406737376,0.1418,openssl,openssl,['CWE-416'],['cpe:2.3:a:openssl:openssl:*:*:*:*:*:*:*:*'],1,2
CVE-2022-11290,Denial of service via HTTP/2 frame flooding in apache http_server component.,2023-08-29T00:00:00+00:00,2023-10-17T00:00:00+00:00,3.1,CVSS:3.1/AV:N/AC:L/PR:L/UI:N/S:U/C:H/I:L/A:N,NETWORK,LOW,LOW,NONE,UNCHANGED,HIGH,LOW,NONE,7.6,HIGH,0,0.0728666696784213,0.0692,apache,http_server,['CWE-79'],['cpe:2.3:a:apache:http_server:*:*:*:*:*:*:*:*'],1,2
CVE-2021-11291,Privilege escalation via authenticated extension loading in postgresql postgresql component.,2021-11-11T00:00:00+00:00,2022-01-04T00:00:00+00:00,3.1,CVSS:3.1/AV:N/AC:H/PR:N/UI:N/S:C/C:H/I:H/A:H,NETWORK,HIGH,NONE,NONE,CHANGED,HIGH,HIGH,HIGH,10.0,CRITICAL,0,0.2746126952724994,0.2609,postgresql,postgresql,['CWE-269'],['cpe:2.3:a:postgresql:postgresql:*:*:*:*:*:*:*:*'],1,4
CVE-2025-11292,Command injection in management web interface in paloalto pan-os component.,2023-12-28T00:00:00+00:00,2024-03-22T00:00:00+00:00,3.1,CVSS:3.1/AV:A/AC:H/PR:L/UI:N/S:C/C:L/I:L/A:L,ADJACENT_NETWORK,HIGH,LOW,NONE,CHANGED,LOW,LOW,LOW,5.3,MEDIUM,0,0.17676228334622685,0.1679,paloalto,pan-os,['CWE-119'],['cpe:2.3:a:paloalto:pan-os:*:*:*:*:*:*:*:*'],1,1
CVE-2024-11293,Privilege escalation via authenticated extension loading in postgresql postgresql component.,2022-08-29T00:00:00+00:00,2022-10-17T00:00:00+00:00,3.1,CVSS:3.1/AV:P/AC:L/PR:H/UI:N/S:U/C:N/I:N/A:H,PHYSICAL,LOW,HIGH,NONE,UNCHANGED,NONE,NONE,HIGH,5.3,MEDIUM,0,0.007355958805404732,0.007,postgresql,postgresql,['CWE-79'],['cpe:2.3:a:postgresql:postgresql:*:*:*:*:*:*:*:*'],1,5
CVE-2024-11294,Integer overflow in HTTP request header processing in nginx nginx component.,2024-08-23T00:00:00+00:00,2024-11-06T00:00:00+00:00,3.1,CVSS:3.1/AV:A/AC:L/PR:H/UI:N/S:U/C:N/I:N/A:N,ADJACENT_NETWORK,LOW,HIGH,NONE,UNCHANGED,NONE,NONE,NONE,6.3,MEDIUM,0,0.0003427724286679022,0.0003,nginx,nginx,['CWE-79'],['cpe:2.3:a:nginx:nginx:*:*:*:*:*:*:*:*'],1,2
CVE-2025-11295,Remote code execution via unsafe deserialization in spring spring_framework component.,2021-06-21T00:00:00+00:00,2021-08-04T00:00:00+00:00,3.1,CVSS:3.1/AV:N/AC:H/PR:L/UI:R/S:U/C:N/I:N/A:L,NETWORK,HIGH,LOW,REQUIRED,UNCHANGED,NONE,NONE,LOW,5.3,MEDIUM,0,0.407455246264477,0.3871,spring,spring_framework,['CWE-787'],['cpe:2.3:a:spring:spring_framework:*:*:*:*:*:*:*:*'],1,2
CVE-2022-11296,Command injection in management web interface in paloalto pan-os component.,2024-12-02T00:00:00+00:00,2025-02-22T00:00:00+00:00,3.1,CVSS:3.1/AV:N/AC:L/PR:H/UI:R/S:U/C:L/I:H/A:H,NETWORK,LOW,HIGH,REQUIRED,UNCHANGED,LOW,HIGH,HIGH,9.1,CRITICAL,0,0.07693305226088858,0.0731,paloalto,pan-os,['CWE-269'],['cpe:2.3:a:paloalto:pan-os:*:*:*:*:*:*:*:*'],1,4
CVE-2026-11297,Command injection in management web interface in paloalto pan-os component.,2022-07-20T00:00:00+00:00,2022-09-02T00:00:00+00:00,3.1,CVSS:3.1/AV:N/AC:L/PR:N/UI:N/S:U/C:H/I:N/A:N,NETWORK,LOW,NONE,NONE,UNCHANGED,HIGH,NONE,NONE,9.3,CRITICAL,1,0.2868653944652736,0.2725,paloalto,pan-os,['CWE-79'],['cpe:2.3:a:paloalto:pan-os:*:*:*:*:*:*:*:*'],1,1
CVE-2024-11298,Privilege escalation via authenticated extension loading in postgresql postgresql component.,2025-07-08T00:00:00+00:00,2025-07-21T00:00:00+00:00,3.1,CVSS:3.1/AV:P/AC:H/PR:N/UI:N/S:U/C:L/I:L/A:L,PHYSICAL,HIGH,NONE,NONE,UNCHANGED,LOW,LOW,LOW,5.2,MEDIUM,0,0.015545823306901446,0.0148,postgresql,postgresql,['CWE-79'],['cpe:2.3:a:postgresql:postgresql:*:*:*:*:*:*:*:*'],1,5
CVE-2023-11299,Use-after-free vulnerability in eBPF subsystem in linux linux_kernel component.,2022-06-19T00:00:00+00:00,2022-07-10T00:00:00+00:00,3.1,CVSS:3.1/AV:N/AC:L/PR:H/UI:R/S:C/C:L/I:H/A:N,NETWORK,LOW,HIGH,REQUIRED,CHANGED,LOW,HIGH,NONE,8.1,HIGH,1,0.6767544053714216,0.6429,linux,linux_kernel,['CWE-200'],['cpe:2.3:a:linux:linux_kernel:*:*:*:*:*:*:*:*'],1,5
CVE-2021-11300,Out-of-bounds memory access in V8 JavaScript engine in google chrome component.,2022-10-06T00:00:00+00:00,2022-11-24T00:00:00+00:00,3.1,CVSS:3.1/AV:P/AC:L/PR:H/UI:R/S:C/C:N/I:N/A:H,PHYSICAL,LOW,HIGH,REQUIRED,CHANGED,NONE,NONE,HIGH,5.2,MEDIUM,0,0.0001,0.0001,google,chrome,['CWE-20'],['cpe:2.3:a:google:chrome:*:*:*:*:*:*:*:*'],1,1
CVE-2022-11301,Use-after-free vulnerability in eBPF subsystem in linux linux_kernel component.,2023-02-13T00:00:00+00:00,2023-03-30T00:00:00+00:00,3.1,CVSS:3.1/AV:L/AC:L/PR:L/UI:R/S:U/C:L/I:L/A:H,LOCAL,LOW,LOW,REQUIRED,UNCHANGED,LOW,LOW,HIGH,5.6,MEDIUM,0,0.06386260540465859,0.0607,linux,linux_kernel,['CWE-79'],['cpe:2.3:a:linux:linux_kernel:*:*:*:*:*:*:*:*'],1,2
CVE-2022-11302,Remote code execution in Kerberos authentication service in microsoft windows_server component.,2025-06-22T00:00:00+00:00,2025-07-27T00:00:00+00:00,3.1,CVSS:3.1/AV:A/AC:H/PR:L/UI:N/S:C/C:L/I:N/A:H,ADJACENT_NETWORK,HIGH,LOW,NONE,CHANGED,LOW,NONE,HIGH,6.9,MEDIUM,0,0.14164726300294572,0.1346,microsoft,windows_server,['CWE-416'],['cpe:2.3:a:microsoft:windows_server:*:*:*:*:*:*:*:*'],1,1
CVE-2026-11303,Remote code execution via unsafe deserialization in spring spring_framework component.,2021-03-22T00:00:00+00:00,2021-06-11T00:00:00+00:00,3.1,CVSS:3.1/AV:P/AC:L/PR:L/UI:N/S:U/C:L/I:H/A:H,PHYSICAL,LOW,LOW,NONE,UNCHANGED,LOW,HIGH,HIGH,7.1,HIGH,0,0.012373229654719951,0.0118,spring,spring_framework,['CWE-787'],['cpe:2.3:a:spring:spring_framework:*:*:*:*:*:*:*:*'],1,5
CVE-2021-11304,Unauthenticated remote code execution in query optimizer in oracle mysql component.,2025-05-01T00:00:00+00:00,2025-07-20T00:00:00+00:00,3.1,CVSS:3.1/AV:A/AC:L/PR:N/UI:N/S:C/C:N/I:N/A:L,ADJACENT_NETWORK,LOW,NONE,NONE,CHANGED,NONE,NONE,LOW,8.3,HIGH,0,0.013927167156598823,0.0132,oracle,mysql,['CWE-200'],['cpe:2.3:a:oracle:mysql:*:*:*:*:*:*:*:*'],1,5
CVE-2025-11305,Denial of service via HTTP/2 frame flooding in apache http_server component.,2023-12-20T00:00:00+00:00,2023-12-21T00:00:00+00:00,3.1,CVSS:3.1/AV:L/AC:H/PR:H/UI:N/S:C/C:L/I:N/A:H,LOCAL,HIGH,HIGH,NONE,CHANGED,LOW,NONE,HIGH,5.9,MEDIUM,0,0.01137050688823698,0.0108,apache,http_server,['CWE-119'],['cpe:2.3:a:apache:http_server:*:*:*:*:*:*:*:*'],1,4
CVE-2025-11306,Privilege escalation via authenticated extension loading in postgresql postgresql component.,2024-08-19T00:00:00+00:00,2024-08-28T00:00:00+00:00,3.1,CVSS:3.1/AV:P/AC:H/PR:N/UI:N/S:U/C:N/I:H/A:L,PHYSICAL,HIGH,NONE,NONE,UNCHANGED,NONE,HIGH,LOW,5.9,MEDIUM,0,0.04860632618997417,0.0462,postgresql,postgresql,['CWE-200'],['cpe:2.3:a:postgresql:postgresql:*:*:*:*:*:*:*:*'],1,2
CVE-2025-11307,Remote code execution via unsafe deserialization in spring spring_framework component.,2024-08-14T00:00:00+00:00,2024-11-08T00:00:00+00:00,3.1,CVSS:3.1/AV:L/AC:H/PR:L/UI:N/S:U/C:N/I:L/A:H,LOCAL,HIGH,LOW,NONE,UNCHANGED,NONE,LOW,HIGH,5.9,MEDIUM,0,0.11365501559019503,0.108,spring,spring_framework,['CWE-89'],['cpe:2.3:a:spring:spring_framework:*:*:*:*:*:*:*:*'],1,3
CVE-2024-11308,Remote code execution via unsafe deserialization in spring spring_framework component.,2022-03-15T00:00:00+00:00,2022-03-29T00:00:00+00:00,3.1,CVSS:3.1/AV:L/AC:H/PR:N/UI:R/S:U/C:L/I:L/A:H,LOCAL,HIGH,NONE,REQUIRED,UNCHANGED,LOW,LOW,HIGH,6.0,MEDIUM,0,0.19538375378417425,0.1856,spring,spring_framework,['CWE-416'],['cpe:2.3:a:spring:spring_framework:*:*:*:*:*:*:*:*'],1,2
CVE-2023-11309,Unauthenticated remote code execution in query optimizer in oracle mysql component.,2025-04-01T00:00:00+00:00,2025-05-09T00:00:00+00:00,3.1,CVSS:3.1/AV:N/AC:L/PR:L/UI:N/S:C/C:L/I:H/A:H,NETWORK,LOW,LOW,NONE,CHANGED,LOW,HIGH,HIGH,9.3,CRITICAL,1,0.0007517309360732437,0.0007,oracle,mysql,['CWE-119'],['cpe:2.3:a:oracle:mysql:*:*:*:*:*:*:*:*'],1,1
CVE-2024-11310,Denial of service via HTTP/2 frame flooding in apache http_server component.,2023-02-12T00:00:00+00:00,2023-03-24T00:00:00+00:00,3.1,CVSS:3.1/AV:P/AC:H/PR:L/UI:N/S:U/C:H/I:N/A:L,PHYSICAL,HIGH,LOW,NONE,UNCHANGED,HIGH,NONE,LOW,4.2,MEDIUM,0,0.05189394257915282,0.0493,apache,http_server,['CWE-119'],['cpe:2.3:a:apache:http_server:*:*:*:*:*:*:*:*'],1,5
CVE-2025-11311,Remote code execution via unsafe deserialization in spring spring_framework component.,2022-01-01T00:00:00+00:00,2022-02-06T00:00:00+00:00,3.1,CVSS:3.1/AV:L/AC:L/PR:L/UI:N/S:C/C:N/I:L/A:H,LOCAL,LOW,LOW,NONE,CHANGED,NONE,LOW,HIGH,7.1,HIGH,0,0.003866306973261363,0.0037,spring,spring_framework,['CWE-20'],['cpe:2.3:a:spring:spring_framework:*:*:*:*:*:*:*:*'],1,3
CVE-2022-11312,Privilege escalation via authenticated extension loading in postgresql postgresql component.,2022-03-19T00:00:00+00:00,2022-04-15T00:00:00+00:00,3.1,CVSS:3.1/AV:L/AC:L/PR:H/UI:R/S:C/C:H/I:N/A:L,LOCAL,LOW,HIGH,REQUIRED,CHANGED,HIGH,NONE,LOW,6.5,MEDIUM,0,0.08432292159785869,0.0801,postgresql,postgresql,['CWE-119'],['cpe:2.3:a:postgresql:postgresql:*:*:*:*:*:*:*:*'],1,2
CVE-2021-11313,Denial of service via HTTP/2 frame flooding in apache http_server component.,2021-07-13T00:00:00+00:00,2021-09-28T00:00:00+00:00,3.1,CVSS:3.1/AV:P/AC:H/PR:H/UI:N/S:U/C:H/I:N/A:N,PHYSICAL,HIGH,HIGH,NONE,UNCHANGED,HIGH,NONE,NONE,4.7,MEDIUM,0,0.07685449164130878,0.073,apache,http_server,['CWE-79'],['cpe:2.3:a:apache:http_server:*:*:*:*:*:*:*:*'],1,2
CVE-2022-11314,Integer overflow in HTTP request header processing in nginx nginx component.,2021-10-03T00:00:00+00:00,2021-11-24T00:00:00+00:00,3.1,CVSS:3.1/AV:L/AC:L/PR:N/UI:R/S:U/C:H/I:N/A:N,LOCAL,LOW,NONE,REQUIRED,UNCHANGED,HIGH,NONE,NONE,6.6,MEDIUM,0,0.12794757818795555,0.1216,nginx,nginx,['CWE-787'],['cpe:2.3:a:nginx:nginx:*:*:*:*:*:*:*:*'],1,3
CVE-2021-11315,Remote code execution in Kerberos authentication service in microsoft windows_server component.,2023-08-04T00:00:00+00:00,2023-10-08T00:00:00+00:00,3.1,CVSS:3.1/AV:P/AC:L/PR:N/UI:N/S:U/C:N/I:N/A:H,PHYSICAL,LOW,NONE,NONE,UNCHANGED,NONE,NONE,HIGH,7.4,HIGH,0,0.087707538941621,0.0833,microsoft,windows_server,['CWE-79'],['cpe:2.3:a:microsoft:windows_server:*:*:*:*:*:*:*:*'],1,3
CVE-2021-11316,Remote code execution in Kerberos authentication service in microsoft windows_server component.,2024-01-31T00:00:00+00:00,2024-02-17T00:00:00+00:00,3.1,CVSS:3.1/AV:N/AC:L/PR:H/UI:R/S:C/C:L/I:H/A:H,NETWORK,LOW,HIGH,REQUIRED,CHANGED,LOW,HIGH,HIGH,9.8,CRITICAL,0,0.26920529004851584,0.2557,microsoft,windows_server,['CWE-200'],['cpe:2.3:a:microsoft:windows_server:*:*:*:*:*:*:*:*'],1,5
CVE-2026-11317,Denial of service via HTTP/2 frame flooding in apache http_server component.,2023-05-01T00:00:00+00:00,2023-05-02T00:00:00+00:00,3.1,CVSS:3.1/AV:A/AC:H/PR:L/UI:R/S:U/C:N/I:N/A:L,ADJACENT_NETWORK,HIGH,LOW,REQUIRED,UNCHANGED,NONE,NONE,LOW,5.2,MEDIUM,0,0.11366331253290465,0.108,apache,http_server,['CWE-79'],['cpe:2.3:a:apache:http_server:*:*:*:*:*:*:*:*'],1,1
CVE-2026-11318,Remote code execution via unsafe deserialization in spring spring_framework component.,2025-04-30T00:00:00+00:00,2025-07-13T00:00:00+00:00,3.1,CVSS:3.1/AV:L/AC:L/PR:H/UI:R/S:U/C:N/I:L/A:H,LOCAL,LOW,HIGH,REQUIRED,UNCHANGED,NONE,LOW,HIGH,6.1,MEDIUM,0,0.0014235461148336438,0.0014,spring,spring_framework,['CWE-787'],['cpe:2.3:a:spring:spring_framework:*:*:*:*:*:*:*:*'],1,3
CVE-2025-11319,Buffer overflow in TLS handshake parser in openssl openssl component.,2021-10-13T00:00:00+00:00,2021-12-05T00:00:00+00:00,3.1,CVSS:3.1/AV:A/AC:L/PR:H/UI:N/S:U/C:H/I:H/A:H,ADJACENT_NETWORK,LOW,HIGH,NONE,UNCHANGED,HIGH,HIGH,HIGH,9.5,CRITICAL,0,0.09435741412090834,0.0896,openssl,openssl,['CWE-89'],['cpe:2.3:a:openssl:openssl:*:*:*:*:*:*:*:*'],1,1
CVE-2024-11320,Privilege escalation via authenticated extension loading in postgresql postgresql component.,2022-07-18T00:00:00+00:00,2022-08-30T00:00:00+00:00,3.1,CVSS:3.1/AV:L/AC:H/PR:N/UI:N/S:C/C:N/I:H/A:H,LOCAL,HIGH,NONE,NONE,CHANGED,NONE,HIGH,HIGH,7.9,HIGH,0,0.130927979328134,0.1244,postgresql,postgresql,['CWE-200'],['cpe:2.3:a:postgresql:postgresql:*:*:*:*:*:*:*:*'],1,2
CVE-2025-11321,Remote code execution via unsafe deserialization in spring spring_framework component.,2023-04-15T00:00:00+00:00,2023-04-21T00:00:00+00:00,3.1,CVSS:3.1/AV:L/AC:L/PR:L/UI:N/S:C/C:L/I:L/A:L,LOCAL,LOW,LOW,NONE,CHANGED,LOW,LOW,LOW,6.1,MEDIUM,0,0.16979636786217964,0.1613,spring,spring_framework,['CWE-20'],['cpe:2.3:a:spring:spring_framework:*:*:*:*:*:*:*:*'],1,5
CVE-2021-11322,Denial of service via HTTP/2 frame flooding in apache http_server component.,2025-03-09T00:00:00+00:00,2025-03-26T00:00:00+00:00,3.1,CVSS:3.1/AV:P/AC:L/PR:N/UI:N/S:U/C:H/I:N/A:L,PHYSICAL,LOW,NONE,NONE,UNCHANGED,HIGH,NONE,LOW,7.0,HIGH,0,0.013912291889545457,0.0132,apache,http_server,['CWE-416'],['cpe:2.3:a:apache:http_server:*:*:*:*:*:*:*:*'],1,4
CVE-2021-11323,Out-of-bounds memory access in V8 JavaScript engine in google chrome component.,2025-08-03T00:00:00+00:00,2025-08-07T00:00:00+00:00,3.1,CVSS:3.1/AV:P/AC:L/PR:H/UI:R/S:U/C:L/I:H/A:N,PHYSICAL,LOW,HIGH,REQUIRED,UNCHANGED,LOW,HIGH,NONE,5.0,MEDIUM,0,0.09800107494608061,0.0931,google,chrome,['CWE-79'],['cpe:2.3:a:google:chrome:*:*:*:*:*:*:*:*'],1,2
CVE-2023-11324,Privilege escalation via authenticated extension loading in postgresql postgresql component.,2022-11-29T00:00:00+00:00,2023-01-14T00:00:00+00:00,3.1,CVSS:3.1/AV:N/AC:H/PR:H/UI:N/S:C/C:H/I:N/A:L,NETWORK,HIGH,HIGH,NONE,CHANGED,HIGH,NONE,LOW,7.8,HIGH,0,0.42970244114808265,0.4082,postgresql,postgresql,['CWE-787'],['cpe:2.3:a:postgresql:postgresql:*:*:*:*:*:*:*:*'],1,4
CVE-2026-11325,Remote code execution via unsafe deserialization in spring spring_framework component.,2021-10-20T00:00:00+00:00,2022-01-08T00:00:00+00:00,3.1,CVSS:3.1/AV:A/AC:H/PR:L/UI:N/S:U/C:N/I:L/A:H,ADJACENT_NETWORK,HIGH,LOW,NONE,UNCHANGED,NONE,LOW,HIGH,6.5,MEDIUM,0,0.008339758907698036,0.0079,spring,spring_framework,['CWE-20'],['cpe:2.3:a:spring:spring_framework:*:*:*:*:*:*:*:*'],1,5
CVE-2022-11326,Integer overflow in HTTP request header processing in nginx nginx component.,2022-12-03T00:00:00+00:00,2023-01-11T00:00:00+00:00,3.1,CVSS:3.1/AV:A/AC:H/PR:H/UI:N/S:C/C:N/I:N/A:N,ADJACENT_NETWORK,HIGH,HIGH,NONE,CHANGED,NONE,NONE,NONE,5.5,MEDIUM,0,0.1093927356625829,0.1039,nginx,nginx,['CWE-269'],['cpe:2.3:a:nginx:nginx:*:*:*:*:*:*:*:*'],1,5
CVE-2021-11327,Denial of service via HTTP/2 frame flooding in apache http_server component.,2021-07-29T00:00:00+00:00,2021-10-23T00:00:00+00:00,3.1,CVSS:3.1/AV:L/AC:H/PR:H/UI:N/S:U/C:H/I:L/A:H,LOCAL,HIGH,HIGH,NONE,UNCHANGED,HIGH,LOW,HIGH,6.2,MEDIUM,0,0.1117744319770839,0.1062,apache,http_server,['CWE-79'],['cpe:2.3:a:apache:http_server:*:*:*:*:*:*:*:*'],1,3
CVE-2025-11328,Use-after-free vulnerability in eBPF subsystem in linux linux_kernel component.,2022-01-08T00:00:00+00:00,2022-01-11T00:00:00+00:00,3.1,CVSS:3.1/AV:P/AC:H/PR:H/UI:N/S:C/C:H/I:H/A:H,PHYSICAL,HIGH,HIGH,NONE,CHANGED,HIGH,HIGH,HIGH,7.4,HIGH,0,0.00540557723011601,0.0051,linux,linux_kernel,['CWE-416'],['cpe:2.3:a:linux:linux_kernel:*:*:*:*:*:*:*:*'],1,5
CVE-2024-11329,Out-of-bounds memory access in V8 JavaScript engine in google chrome component.,2025-11-16T00:00:00+00:00,2026-02-09T00:00:00+00:00,3.1,CVSS:3.1/AV:L/AC:H/PR:N/UI:R/S:U/C:H/I:L/A:H,LOCAL,HIGH,NONE,REQUIRED,UNCHANGED,HIGH,LOW,HIGH,6.7,MEDIUM,0,0.17875819325033349,0.1698,google,chrome,['CWE-416'],['cpe:2.3:a:google:chrome:*:*:*:*:*:*:*:*'],1,5
CVE-2022-11330,Privilege escalation via authenticated extension loading in postgresql postgresql component.,2022-11-08T00:00:00+00:00,2023-01-20T00:00:00+00:00,3.1,CVSS:3.1/AV:N/AC:H/PR:N/UI:R/S:U/C:N/I:N/A:N,NETWORK,HIGH,NONE,REQUIRED,UNCHANGED,NONE,NONE,NONE,6.5,MEDIUM,0,0.028983155983623343,0.0275,postgresql,postgresql,['CWE-89'],['cpe:2.3:a:postgresql:postgresql:*:*:*:*:*:*:*:*'],1,2
CVE-2022-11331,Use-after-free vulnerability in eBPF subsystem in linux linux_kernel component.,2025-05-09T00:00:00+00:00,2025-07-04T00:00:00+00:00,3.1,CVSS:3.1/AV:P/AC:L/PR:L/UI:N/S:C/C:N/I:L/A:H,PHYSICAL,LOW,LOW,NONE,CHANGED,NONE,LOW,HIGH,5.9,MEDIUM,0,0.08496593432085846,0.0807,linux,linux_kernel,['CWE-79'],['cpe:2.3:a:linux:linux_kernel:*:*:*:*:*:*:*:*'],1,4
CVE-2021-11332,Remote code execution in Kerberos authentication service in microsoft windows_server component.,2024-08-07T00:00:00+00:00,2024-10-03T00:00:00+00:00,3.1,CVSS:3.1/AV:A/AC:L/PR:L/UI:N/S:U/C:L/I:H/A:H,ADJACENT_NETWORK,LOW,LOW,NONE,UNCHANGED,LOW,HIGH,HIGH,8.1,HIGH,0,0.04280000329790032,0.0407,microsoft,windows_server,['CWE-269'],['cpe:2.3:a:microsoft:windows_server:*:*:*:*:*:*:*:*'],1,2
CVE-2022-11333,Remote code execution via unsafe deserialization in spring spring_framework component.,2024-09-08T00:00:00+00:00,2024-11-19T00:00:00+00:00,3.1,CVSS:3.1/AV:N/AC:H/PR:N/UI:R/S:C/C:H/I:N/A:N,NETWORK,HIGH,NONE,REQUIRED,CHANGED,HIGH,NONE,NONE,7.4,HIGH,0,0.00012424275613933045,0.0001,spring,spring_framework,['CWE-416'],['cpe:2.3:a:spring:spring_framework:*:*:*:*:*:*:*:*'],1,3
CVE-2025-11334,Buffer overflow in TLS handshake parser in openssl openssl component.,2025-07-06T00:00:00+00:00,2025-07-25T00:00:00+00:00,3.1,CVSS:3.1/AV:P/AC:H/PR:H/UI:N/S:C/C:H/I:L/A:N,PHYSICAL,HIGH,HIGH,NONE,CHANGED,HIGH,LOW,NONE,5.3,MEDIUM,0,0.018209302220863366,0.0173,openssl,openssl,['CWE-416'],['cpe:2.3:a:openssl:openssl:*:*:*:*:*:*:*:*'],1,5
CVE-2023-11335,Remote code execution in Kerberos authentication service in microsoft windows_server component.,2023-04-14T00:00:00+00:00,2023-07-04T00:00:00+00:00,3.1,CVSS:3.1/AV:N/AC:L/PR:N/UI:R/S:C/C:N/I:H/A:H,NETWORK,LOW,NONE,REQUIRED,CHANGED,NONE,HIGH,HIGH,10.0,CRITICAL,0,0.008593381243937378,0.0082,microsoft,windows_server,['CWE-119'],['cpe:2.3:a:microsoft:windows_server:*:*:*:*:*:*:*:*'],1,5
CVE-2025-11336,Unauthenticated remote code execution in query optimizer in oracle mysql component.,2022-11-21T00:00:00+00:00,2022-12-07T00:00:00+00:00,3.1,CVSS:3.1/AV:L/AC:L/PR:L/UI:R/S:U/C:N/I:H/A:L,LOCAL,LOW,LOW,REQUIRED,UNCHANGED,NONE,HIGH,LOW,5.6,MEDIUM,0,0.0004722985244339863,0.0004,oracle,mysql,['CWE-200'],['cpe:2.3:a:oracle:mysql:*:*:*:*:*:*:*:*'],1,1
CVE-2022-11337,Buffer overflow in TLS handshake parser in openssl openssl component.,2023-09-07T00:00:00+00:00,2023-10-06T00:00:00+00:00,3.1,CVSS:3.1/AV:N/AC:L/PR:H/UI:R/S:C/C:L/I:N/A:N,NETWORK,LOW,HIGH,REQUIRED,CHANGED,LOW,NONE,NONE,6.8,MEDIUM,0,0.0028815207206454585,0.0027,openssl,openssl,['CWE-79'],['cpe:2.3:a:openssl:openssl:*:*:*:*:*:*:*:*'],1,4
CVE-2022-11338,Remote code execution via unsafe deserialization in spring spring_framework component.,2021-06-03T00:00:00+00:00,2021-06-14T00:00:00+00:00,3.1,CVSS:3.1/AV:A/AC:H/PR:N/UI:N/S:U/C:L/I:H/A:N,ADJACENT_NETWORK,HIGH,NONE,NONE,UNCHANGED,LOW,HIGH,NONE,7.5,HIGH,0,0.01759714185026347,0.0167,spring,spring_framework,['CWE-200'],['cpe:2.3:a:spring:spring_framework:*:*:*:*:*:*:*:*'],1,1
CVE-2026-11339,Use-after-free vulnerability in eBPF subsystem in linux linux_kernel component.,2024-05-27T00:00:00+00:00,2024-06-06T00:00:00+00:00,3.1,CVSS:3.1/AV:L/AC:L/PR:L/UI:R/S:U/C:H/I:H/A:N,LOCAL,LOW,LOW,REQUIRED,UNCHANGED,HIGH,HIGH,NONE,6.2,MEDIUM,0,0.02072158119387099,0.0197,linux,linux_kernel,['CWE-787'],['cpe:2.3:a:linux:linux_kernel:*:*:*:*:*:*:*:*'],1,4
CVE-2021-11340,Command injection in management web interface in paloalto pan-os component.,2025-02-03T00:00:00+00:00,2025-03-23T00:00:00+00:00,3.1,CVSS:3.1/AV:A/AC:H/PR:L/UI:N/S:C/C:L/I:L/A:H,ADJACENT_NETWORK,HIGH,LOW,NONE,CHANGED,LOW,LOW,HIGH,7.1,HIGH,0,0.3695951387551264,0.3511,paloalto,pan-os,['CWE-200'],['cpe:2.3:a:paloalto:pan-os:*:*:*:*:*:*:*:*'],1,4
CVE-2021-11341,Command injection in management web interface in paloalto pan-os component.,2025-01-02T00:00:00+00:00,2025-03-01T00:00:00+00:00,3.1,CVSS:3.1/AV:A/AC:H/PR:L/UI:N/S:U/C:L/I:N/A:H,ADJACENT_NETWORK,HIGH,LOW,NONE,UNCHANGED,LOW,NONE,HIGH,5.9,MEDIUM,0,0.27134689723720273,0.2578,paloalto,pan-os,['CWE-79'],['cpe:2.3:a:paloalto:pan-os:*:*:*:*:*:*:*:*'],1,4
CVE-2024-11342,Integer overflow in HTTP request header processing in nginx nginx component.,2021-04-08T00:00:00+00:00,2021-04-29T00:00:00+00:00,3.1,CVSS:3.1/AV:N/AC:H/PR:N/UI:R/S:C/C:N/I:N/A:N,NETWORK,HIGH,NONE,REQUIRED,CHANGED,NONE,NONE,NONE,7.7,HIGH,0,0.02103802699436366,0.02,nginx,nginx,['CWE-119'],['cpe:2.3:a:nginx:nginx:*:*:*:*:*:*:*:*'],1,4
CVE-2021-11343,Privilege escalation via authenticated extension loading in postgresql postgresql component.,2021-09-29T00:00:00+00:00,2021-11-09T00:00:00+00:00,3.1,CVSS:3.1/AV:L/AC:L/PR:N/UI:R/S:C/C:N/I:L/A:H,LOCAL,LOW,NONE,REQUIRED,CHANGED,NONE,LOW,HIGH,7.3,HIGH,0,0.046274017572260406,0.044,postgresql,postgresql,['CWE-79'],['cpe:2.3:a:postgresql:postgresql:*:*:*:*:*:*:*:*'],1,4
CVE-2022-11344,Buffer overflow in TLS handshake parser in openssl openssl component.,2025-10-06T00:00:00+00:00,2025-10-28T00:00:00+00:00,3.1,CVSS:3.1/AV:N/AC:L/PR:H/UI:N/S:U/C:L/I:N/A:N,NETWORK,LOW,HIGH,NONE,UNCHANGED,LOW,NONE,NONE,7.3,HIGH,0,0.011348913774137354,0.0108,openssl,openssl,['CWE-416'],['cpe:2.3:a:openssl:openssl:*:*:*:*:*:*:*:*'],1,2
CVE-2026-11345,Remote code execution via unsafe deserialization in spring spring_framework component.,2022-10-13T00:00:00+00:00,2022-10-30T00:00:00+00:00,3.1,CVSS:3.1/AV:P/AC:H/PR:H/UI:R/S:C/C:N/I:N/A:N,PHYSICAL,HIGH,HIGH,REQUIRED,CHANGED,NONE,NONE,NONE,3.5,LOW,0,0.09668401619175417,0.0918,spring,spring_framework,['CWE-787'],['cpe:2.3:a:spring:spring_framework:*:*:*:*:*:*:*:*'],1,1
CVE-2023-11346,Remote code execution via unsafe deserialization in spring spring_framework component.,2022-09-21T00:00:00+00:00,2022-10-25T00:00:00+00:00,3.1,CVSS:3.1/AV:N/AC:L/PR:H/UI:R/S:U/C:N/I:L/A:L,NETWORK,LOW,HIGH,REQUIRED,UNCHANGED,NONE,LOW,LOW,6.4,MEDIUM,0,0.0007775038950465391,0.0007,spring,spring_framework,['CWE-20'],['cpe:2.3:a:spring:spring_framework:*:*:*:*:*:*:*:*'],1,1
CVE-2023-11347,Remote code execution in Kerberos authentication service in microsoft windows_server component.,2022-08-07T00:00:00+00:00,2022-08-14T00:00:00+00:00,3.1,CVSS:3.1/AV:A/AC:H/PR:N/UI:R/S:U/C:L/I:L/A:H,ADJACENT_NETWORK,HIGH,NONE,REQUIRED,UNCHANGED,LOW,LOW,HIGH,6.3,MEDIUM,0,0.016245267636243087,0.0154,microsoft,windows_server,['CWE-79'],['cpe:2.3:a:microsoft:windows_server:*:*:*:*:*:*:*:*'],1,2
CVE-2026-11348,Integer overflow in HTTP request header processing in nginx nginx component.,2025-06-08T00:00:00+00:00,2025-08-11T00:00:00+00:00,3.1,CVSS:3.1/AV:A/AC:L/PR:N/UI:N/S:U/C:H/I:N/A:L,ADJACENT_NETWORK,LOW,NONE,NONE,UNCHANGED,HIGH,NONE,LOW,9.2,CRITICAL,0,0.04477209964724237,0.0425,nginx,nginx,['CWE-89'],['cpe:2.3:a:nginx:nginx:*:*:*:*:*:*:*:*'],1,1
CVE-2023-11349,Privilege escalation via authenticated extension loading in postgresql postgresql component.,2023-11-30T00:00:00+00:00,2024-01-23T00:00:00+00:00,3.1,CVSS:3.1/AV:A/AC:H/PR:H/UI:R/S:C/C:N/I:L/A:N,ADJACENT_NETWORK,HIGH,HIGH,REQUIRED,CHANGED,NONE,LOW,NONE,5.6,MEDIUM,0,0.4793183975132316,0.4554,postgresql,postgresql,['CWE-119'],['cpe:2.3:a:postgresql:postgresql:*:*:*:*:*:*:*:*'],1,1
CVE-2022-11350,Remote code execution via unsafe deserialization in spring spring_framework component.,2024-01-19T00:00:00+00:00,2024-04-16T00:00:00+00:00,3.1,CVSS:3.1/AV:L/AC:H/PR:N/UI:R/S:U/C:H/I:L/A:H,LOCAL,HIGH,NONE,REQUIRED,UNCHANGED,HIGH,LOW,HIGH,6.9,MEDIUM,0,0.040452132805995376,0.0384,spring,spring_framework,['CWE-20'],['cpe:2.3:a:spring:spring_framework:*:*:*:*:*:*:*:*'],1,4
CVE-2025-11351,Out-of-bounds memory access in V8 JavaScript engine in google chrome component.,2025-01-12T00:00:00+00:00,2025-04-04T00:00:00+00:00,3.1,CVSS:3.1/AV:P/AC:H/PR:H/UI:N/S:C/C:L/I:H/A:N,PHYSICAL,HIGH,HIGH,NONE,CHANGED,LOW,HIGH,NONE,5.7,MEDIUM,0,0.03980194091220643,0.0378,google,chrome,['CWE-416'],['cpe:2.3:a:google:chrome:*:*:*:*:*:*:*:*'],1,4
CVE-2024-11352,Privilege escalation via authenticated extension loading in postgresql postgresql component.,2023-11-28T00:00:00+00:00,2023-12-17T00:00:00+00:00,3.1,CVSS:3.1/AV:N/AC:H/PR:N/UI:R/S:U/C:N/I:H/A:N,NETWORK,HIGH,NONE,REQUIRED,UNCHANGED,NONE,HIGH,NONE,7.7,HIGH,0,0.006584119556954807,0.0063,postgresql,postgresql,['CWE-89'],['cpe:2.3:a:postgresql:postgresql:*:*:*:*:*:*:*:*'],1,2
CVE-2023-11353,Unauthenticated remote code execution in query optimizer in oracle mysql component.,2024-10-12T00:00:00+00:00,2024-11-02T00:00:00+00:00,3.1,CVSS:3.1/AV:N/AC:H/PR:H/UI:R/S:U/C:L/I:H/A:L,NETWORK,HIGH,HIGH,REQUIRED,UNCHANGED,LOW,HIGH,LOW,6.3,MEDIUM,0,0.236092823122637,0.2243,oracle,mysql,['CWE-79'],['cpe:2.3:a:oracle:mysql:*:*:*:*:*:*:*:*'],1,3
CVE-2025-11354,Remote code execution in Kerberos authentication service in microsoft windows_server component.,2021-11-04T00:00:00+00:00,2021-11-14T00:00:00+00:00,3.1,CVSS:3.1/AV:A/AC:L/PR:H/UI:N/S:C/C:H/I:L/A:L,ADJACENT_NETWORK,LOW,HIGH,NONE,CHANGED,HIGH,LOW,LOW,7.9,HIGH,0,0.03819470861085036,0.0363,microsoft,windows_server,['CWE-20'],['cpe:2.3:a:microsoft:windows_server:*:*:*:*:*:*:*:*'],1,5
CVE-2025-11355,Out-of-bounds memory access in V8 JavaScript engine in google chrome component.,2025-05-02T00:00:00+00:00,2025-07-29T00:00:00+00:00,3.1,CVSS:3.1/AV:L/AC:L/PR:L/UI:R/S:U/C:N/I:N/A:N,LOCAL,LOW,LOW,REQUIRED,UNCHANGED,NONE,NONE,NONE,5.1,MEDIUM,0,0.047864475145438186,0.0455,google,chrome,['CWE-269'],['cpe:2.3:a:google:chrome:*:*:*:*:*:*:*:*'],1,1
CVE-2026-11356,Out-of-bounds memory access in V8 JavaScript engine in google chrome component.,2025-02-03T00:00:00+00:00,2025-03-05T00:00:00+00:00,3.1,CVSS:3.1/AV:P/AC:H/PR:H/UI:R/S:U/C:L/I:H/A:L,PHYSICAL,HIGH,HIGH,REQUIRED,UNCHANGED,LOW,HIGH,LOW,3.9,LOW,0,0.13516300400586245,0.1284,google,chrome,['CWE-79'],['cpe:2.3:a:google:chrome:*:*:*:*:*:*:*:*'],1,1
CVE-2023-11357,Use-after-free vulnerability in eBPF subsystem in linux linux_kernel component.,2023-07-15T00:00:00+00:00,2023-10-04T00:00:00+00:00,3.1,CVSS:3.1/AV:P/AC:L/PR:H/UI:R/S:U/C:L/I:N/A:N,PHYSICAL,LOW,HIGH,REQUIRED,UNCHANGED,LOW,NONE,NONE,4.2,MEDIUM,0,0.25953284997011716,0.2466,linux,linux_kernel,['CWE-416'],['cpe:2.3:a:linux:linux_kernel:*:*:*:*:*:*:*:*'],1,4
CVE-2024-11358,Remote code execution in Kerberos authentication service in microsoft windows_server component.,2022-02-06T00:00:00+00:00,2022-04-17T00:00:00+00:00,3.1,CVSS:3.1/AV:A/AC:L/PR:H/UI:R/S:C/C:L/I:N/A:H,ADJACENT_NETWORK,LOW,HIGH,REQUIRED,CHANGED,LOW,NONE,HIGH,7.2,HIGH,0,0.05621169210074489,0.0534,microsoft,windows_server,['CWE-79'],['cpe:2.3:a:microsoft:windows_server:*:*:*:*:*:*:*:*'],1,4
CVE-2025-11359,Integer overflow in HTTP request header processing in nginx nginx component.,2023-12-26T00:00:00+00:00,2024-02-28T00:00:00+00:00,3.1,CVSS:3.1/AV:P/AC:L/PR:H/UI:R/S:C/C:H/I:N/A:N,PHYSICAL,LOW,HIGH,REQUIRED,CHANGED,HIGH,NONE,NONE,5.5,MEDIUM,0,0.11402881459779494,0.1083,nginx,nginx,['CWE-269'],['cpe:2.3:a:nginx:nginx:*:*:*:*:*:*:*:*'],1,5
CVE-2022-11360,Out-of-bounds memory access in V8 JavaScript engine in google chrome component.,2023-10-09T00:00:00+00:00,2023-10-14T00:00:00+00:00,3.1,CVSS:3.1/AV:L/AC:L/PR:L/UI:N/S:U/C:L/I:N/A:H,LOCAL,LOW,LOW,NONE,UNCHANGED,LOW,NONE,HIGH,7.0,HIGH,0,0.4253555490123358,0.4041,google,chrome,['CWE-200'],['cpe:2.3:a:google:chrome:*:*:*:*:*:*:*:*'],1,1
CVE-2024-11361,Unauthenticated remote code execution in query optimizer in oracle mysql component.,2023-02-20T00:00:00+00:00,2023-05-11T00:00:00+00:00,3.1,CVSS:3.1/AV:L/AC:H/PR:H/UI:N/S:U/C:H/I:N/A:N,LOCAL,HIGH,HIGH,NONE,UNCHANGED,HIGH,NONE,NONE,5.7,MEDIUM,0,0.186132932220919,0.1768,oracle,mysql,['CWE-200'],['cpe:2.3:a:oracle:mysql:*:*:*:*:*:*:*:*'],1,5
CVE-2026-11362,Command injection in management web interface in paloalto pan-os component.,2022-12-03T00:00:00+00:00,2023-01-20T00:00:00+00:00,3.1,CVSS:3.1/AV:L/AC:H/PR:N/UI:R/S:C/C:H/I:L/A:N,LOCAL,HIGH,NONE,REQUIRED,CHANGED,HIGH,LOW,NONE,6.3,MEDIUM,0,0.24614756760441803,0.2338,paloalto,pan-os,['CWE-89'],['cpe:2.3:a:paloalto:pan-os:*:*:*:*:*:*:*:*'],1,3
CVE-2023-11363,Out-of-bounds memory access in V8 JavaScript engine in google chrome component.,2022-01-16T00:00:00+00:00,2022-04-08T00:00:00+00:00,3.1,CVSS:3.1/AV:A/AC:L/PR:H/UI:R/S:C/C:N/I:N/A:H,ADJACENT_NETWORK,LOW,HIGH,REQUIRED,CHANGED,NONE,NONE,HIGH,6.9,MEDIUM,0,0.0002829963974400269,0.0003,google,chrome,['CWE-79'],['cpe:2.3:a:google:chrome:*:*:*:*:*:*:*:*'],1,3
CVE-2022-11364,Remote code execution in Kerberos authentication service in microsoft windows_server component.,2022-06-18T00:00:00+00:00,2022-06-29T00:00:00+00:00,3.1,CVSS:3.1/AV:L/AC:L/PR:H/UI:R/S:C/C:N/I:L/A:L,LOCAL,LOW,HIGH,REQUIRED,CHANGED,NONE,LOW,LOW,5.3,MEDIUM,0,0.06146281924182574,0.0584,microsoft,windows_server,['CWE-89'],['cpe:2.3:a:microsoft:windows_server:*:*:*:*:*:*:*:*'],1,5
CVE-2024-11365,Command injection in management web interface in paloalto pan-os component.,2024-04-21T00:00:00+00:00,2024-05-20T00:00:00+00:00,3.1,CVSS:3.1/AV:A/AC:H/PR:H/UI:R/S:U/C:N/I:H/A:N,ADJACENT_NETWORK,HIGH,HIGH,REQUIRED,UNCHANGED,NONE,HIGH,NONE,5.2,MEDIUM,0,0.24018757621872364,0.2282,paloalto,pan-os,['CWE-416'],['cpe:2.3:a:paloalto:pan-os:*:*:*:*:*:*:*:*'],1,3
CVE-2021-11366,Unauthenticated remote code execution in query optimizer in oracle mysql component.,2024-08-15T00:00:00+00:00,2024-10-17T00:00:00+00:00,3.1,CVSS:3.1/AV:L/AC:H/PR:H/UI:R/S:U/C:H/I:L/A:L,LOCAL,HIGH,HIGH,REQUIRED,UNCHANGED,HIGH,LOW,LOW,4.8,MEDIUM,0,0.11470150487173361,0.109,oracle,mysql,['CWE-200'],['cpe:2.3:a:oracle:mysql:*:*:*:*:*:*:*:*'],1,3
CVE-2021-11367,Privilege escalation via authenticated extension loading in postgresql postgresql component.,2022-02-02T00:00:00+00:00,2022-03-14T00:00:00+00:00,3.1,CVSS:3.1/AV:N/AC:L/PR:N/UI:R/S:C/C:N/I:N/A:N,NETWORK,LOW,NONE,REQUIRED,CHANGED,NONE,NONE,NONE,8.4,HIGH,0,0.11410789353892634,0.1084,postgresql,postgresql,['CWE-269'],['cpe:2.3:a:postgresql:postgresql:*:*:*:*:*:*:*:*'],1,5
CVE-2023-11368,Privilege escalation via authenticated extension loading in postgresql postgresql component.,2025-06-13T00:00:00+00:00,2025-06-18T00:00:00+00:00,3.1,CVSS:3.1/AV:N/AC:H/PR:N/UI:R/S:C/C:N/I:L/A:L,NETWORK,HIGH,NONE,REQUIRED,CHANGED,NONE,LOW,LOW,7.1,HIGH,0,0.09292615673102306,0.0883,postgresql,postgresql,['CWE-787'],['cpe:2.3:a:postgresql:postgresql:*:*:*:*:*:*:*:*'],1,1
CVE-2023-11369,Unauthenticated remote code execution in query optimizer in oracle mysql component.,2022-02-19T00:00:00+00:00,2022-03-05T00:00:00+00:00,3.1,CVSS:3.1/AV:A/AC:L/PR:L/UI:N/S:C/C:L/I:H/A:H,ADJACENT_NETWORK,LOW,LOW,NONE,CHANGED,LOW,HIGH,HIGH,8.6,HIGH,0,0.032293250270473084,0.0307,oracle,mysql,['CWE-79'],['cpe:2.3:a:oracle:mysql:*:*:*:*:*:*:*:*'],1,2
CVE-2024-11370,Remote code execution in Kerberos authentication service in microsoft windows_server component.,2025-10-10T00:00:00+00:00,2025-11-20T00:00:00+00:00,3.1,CVSS:3.1/AV:N/AC:L/PR:H/UI:R/S:U/C:H/I:H/A:N,NETWORK,LOW,HIGH,REQUIRED,UNCHANGED,HIGH,HIGH,NONE,8.4,HIGH,1,0.7576995300748508,0.7198,microsoft,windows_server,['CWE-79'],['cpe:2.3:a:microsoft:windows_server:*:*:*:*:*:*:*:*'],1,1
CVE-2022-11371,Unauthenticated remote code execution in query optimizer in oracle mysql component.,2023-07-25T00:00:00+00:00,2023-09-13T00:00:00+00:00,3.1,CVSS:3.1/AV:N/AC:H/PR:H/UI:N/S:U/C:L/I:N/A:L,NETWORK,HIGH,HIGH,NONE,UNCHANGED,LOW,NONE,LOW,6.3,MEDIUM,0,0.019776898354286577,0.0188,oracle,mysql,['CWE-269'],['cpe:2.3:a:oracle:mysql:*:*:*:*:*:*:*:*'],1,2
CVE-2025-11372,Privilege escalation via authenticated extension loading in postgresql postgresql component.,2023-12-15T00:00:00+00:00,2024-02-25T00:00:00+00:00,3.1,CVSS:3.1/AV:L/AC:H/PR:N/UI:N/S:C/C:H/I:L/A:L,LOCAL,HIGH,NONE,NONE,CHANGED,HIGH,LOW,LOW,7.3,HIGH,0,0.1942851809528113,0.1846,postgresql,postgresql,['CWE-20'],['cpe:2.3:a:postgresql:postgresql:*:*:*:*:*:*:*:*'],1,3
CVE-2025-11373,Out-of-bounds memory access in V8 JavaScript engine in google chrome component.,2023-05-01T00:00:00+00:00,2023-06-28T00:00:00+00:00,3.1,CVSS:3.1/AV:P/AC:H/PR:L/UI:N/S:U/C:L/I:H/A:L,PHYSICAL,HIGH,LOW,NONE,UNCHANGED,LOW,HIGH,LOW,5.0,MEDIUM,0,0.2287281047063113,0.2173,google,chrome,['CWE-269'],['cpe:2.3:a:google:chrome:*:*:*:*:*:*:*:*'],1,3
CVE-2026-11374,Remote code execution via unsafe deserialization in spring spring_framework component.,2022-11-27T00:00:00+00:00,2023-02-11T00:00:00+00:00,3.1,CVSS:3.1/AV:P/AC:H/PR:L/UI:R/S:U/C:H/I:N/A:L,PHYSICAL,HIGH,LOW,REQUIRED,UNCHANGED,HIGH,NONE,LOW,4.3,MEDIUM,0,0.05286179989655131,0.0502,spring,spring_framework,['CWE-79'],['cpe:2.3:a:spring:spring_framework:*:*:*:*:*:*:*:*'],1,1
CVE-2023-11375,Remote code execution in Kerberos authentication service in microsoft windows_server component.,2021-02-22T00:00:00+00:00,2021-03-12T00:00:00+00:00,3.1,CVSS:3.1/AV:N/AC:L/PR:N/UI:N/S:C/C:L/I:H/A:N,NETWORK,LOW,NONE,NONE,CHANGED,LOW,HIGH,NONE,9.6,CRITICAL,0,0.18492351206874183,0.1757,microsoft,windows_server,['CWE-119'],['cpe:2.3:a:microsoft:windows_server:*:*:*:*:*:*:*:*'],1,1
CVE-2022-11376,Privilege escalation via authenticated extension loading in postgresql postgresql component.,2024-08-09T00:00:00+00:00,2024-08-24T00:00:00+00:00,3.1,CVSS:3.1/AV:L/AC:H/PR:N/UI:N/S:U/C:L/I:L/A:L,LOCAL,HIGH,NONE,NONE,UNCHANGED,LOW,LOW,LOW,6.2,MEDIUM,0,0.02481151543897542,0.0236,postgresql,postgresql,['CWE-20'],['cpe:2.3:a:postgresql:postgresql:*:*:*:*:*:*:*:*'],1,5
CVE-2026-11377,Privilege escalation via authenticated extension loading in postgresql postgresql component.,2024-07-20T00:00:00+00:00,2024-09-13T00:00:00+00:00,3.1,CVSS:3.1/AV:A/AC:L/PR:L/UI:R/S:C/C:H/I:H/A:H,ADJACENT_NETWORK,LOW,LOW,REQUIRED,CHANGED,HIGH,HIGH,HIGH,9.1,CRITICAL,0,0.0023404107183871282,0.0022,postgresql,postgresql,['CWE-416'],['cpe:2.3:a:postgresql:postgresql:*:*:*:*:*:*:*:*'],1,4
CVE-2025-11378,Out-of-bounds memory access in V8 JavaScript engine in google chrome component.,2025-01-07T00:00:00+00:00,2025-03-11T00:00:00+00:00,3.1,CVSS:3.1/AV:A/AC:H/PR:H/UI:N/S:C/C:L/I:H/A:L,ADJACENT_NETWORK,HIGH,HIGH,NONE,CHANGED,LOW,HIGH,LOW,6.8,MEDIUM,0,0.0003673187465855991,0.0003,google,chrome,['CWE-200'],['cpe:2.3:a:google:chrome:*:*:*:*:*:*:*:*'],1,4
CVE-2026-11379,Command injection in management web interface in paloalto pan-os component.,2021-01-14T00:00:00+00:00,2021-01-31T00:00:00+00:00,3.1,CVSS:3.1/AV:L/AC:L/PR:L/UI:R/S:U/C:N/I:H/A:N,LOCAL,LOW,LOW,REQUIRED,UNCHANGED,NONE,HIGH,NONE,5.9,MEDIUM,0,0.0002753044750623311,0.0003,paloalto,pan-os,['CWE-89'],['cpe:2.3:a:paloalto:pan-os:*:*:*:*:*:*:*:*'],1,5
CVE-2026-11380,Denial of service via HTTP/2 frame flooding in apache http_server component.,2021-10-01T00:00:00+00:00,2021-10-26T00:00:00+00:00,3.1,CVSS:3.1/AV:N/AC:L/PR:N/UI:N/S:U/C:H/I:L/A:H,NETWORK,LOW,NONE,NONE,UNCHANGED,HIGH,LOW,HIGH,10.0,CRITICAL,1,0.7577495994613814,0.7199,apache,http_server,['CWE-416'],['cpe:2.3:a:apache:http_server:*:*:*:*:*:*:*:*'],1,1
CVE-2025-11381,Denial of service via HTTP/2 frame flooding in apache http_server component.,2022-05-17T00:00:00+00:00,2022-07-10T00:00:00+00:00,3.1,CVSS:3.1/AV:L/AC:H/PR:N/UI:N/S:C/C:L/I:N/A:H,LOCAL,HIGH,NONE,NONE,CHANGED,LOW,NONE,HIGH,6.8,MEDIUM,0,0.019465217728815317,0.0185,apache,http_server,['CWE-89'],['cpe:2.3:a:apache:http_server:*:*:*:*:*:*:*:*'],1,4
CVE-2025-11382,Remote code execution in Kerberos authentication service in microsoft windows_server component.,2024-12-17T00:00:00+00:00,2024-12-29T00:00:00+00:00,3.1,CVSS:3.1/AV:P/AC:L/PR:N/UI:R/S:C/C:L/I:L/A:L,PHYSICAL,LOW,NONE,REQUIRED,CHANGED,LOW,LOW,LOW,5.3,MEDIUM,0,0.03469759460764502,0.033,microsoft,windows_server,['CWE-269'],['cpe:2.3:a:microsoft:windows_server:*:*:*:*:*:*:*:*'],1,5
CVE-2024-11383,Use-after-free vulnerability in eBPF subsystem in linux linux_kernel component.,2021-10-05T00:00:00+00:00,2021-11-23T00:00:00+00:00,3.1,CVSS:3.1/AV:A/AC:L/PR:L/UI:N/S:U/C:H/I:H/A:H,ADJACENT_NETWORK,LOW,LOW,NONE,UNCHANGED,HIGH,HIGH,HIGH,8.8,HIGH,0,0.01676025963601793,0.0159,linux,linux_kernel,['CWE-787'],['cpe:2.3:a:linux:linux_kernel:*:*:*:*:*:*:*:*'],1,4
CVE-2022-11384,Remote code execution via unsafe deserialization in spring spring_framework component.,2025-02-03T00:00:00+00:00,2025-02-17T00:00:00+00:00,3.1,CVSS:3.1/AV:P/AC:L/PR:H/UI:N/S:C/C:N/I:H/A:L,PHYSICAL,LOW,HIGH,NONE,CHANGED,NONE,HIGH,LOW,6.1,MEDIUM,0,0.05811094313435714,0.0552,spring,spring_framework,['CWE-89'],['cpe:2.3:a:spring:spring_framework:*:*:*:*:*:*:*:*'],1,1
CVE-2026-11385,Integer overflow in HTTP request header processing in nginx nginx component.,2022-03-17T00:00:00+00:00,2022-04-12T00:00:00+00:00,3.1,CVSS:3.1/AV:P/AC:L/PR:H/UI:N/S:U/C:L/I:N/A:N,PHYSICAL,LOW,HIGH,NONE,UNCHANGED,LOW,NONE,NONE,4.2,MEDIUM,0,0.0045999582094536,0.0044,nginx,nginx,['CWE-89'],['cpe:2.3:a:nginx:nginx:*:*:*:*:*:*:*:*'],1,5
CVE-2025-11386,Out-of-bounds memory access in V8 JavaScript engine in google chrome component.,2022-03-15T00:00:00+00:00,2022-05-07T00:00:00+00:00,3.1,CVSS:3.1/AV:A/AC:L/PR:H/UI:R/S:C/C:H/I:H/A:N,ADJACENT_NETWORK,LOW,HIGH,REQUIRED,CHANGED,HIGH,HIGH,NONE,8.3,HIGH,0,0.25568326004074754,0.2429,google,chrome,['CWE-200'],['cpe:2.3:a:google:chrome:*:*:*:*:*:*:*:*'],1,2
CVE-2025-11387,Remote code execution via unsafe deserialization in spring spring_framework component.,2021-10-22T00:00:00+00:00,2021-11-22T00:00:00+00:00,3.1,CVSS:3.1/AV:A/AC:H/PR:H/UI:R/S:U/C:H/I:H/A:N,ADJACENT_NETWORK,HIGH,HIGH,REQUIRED,UNCHANGED,HIGH,HIGH,NONE,7.1,HIGH,0,0.015838671343672582,0.015,spring,spring_framework,['CWE-269'],['cpe:2.3:a:spring:spring_framework:*:*:*:*:*:*:*:*'],1,5
CVE-2023-11388,Use-after-free vulnerability in eBPF subsystem in linux linux_kernel component.,2023-05-06T00:00:00+00:00,2023-05-22T00:00:00+00:00,3.1,CVSS:3.1/AV:P/AC:H/PR:H/UI:R/S:U/C:N/I:L/A:L,PHYSICAL,HIGH,HIGH,REQUIRED,UNCHANGED,NONE,LOW,LOW,2.8,LOW,0,0.17354787356994972,0.1649,linux,linux_kernel,['CWE-119'],['cpe:2.3:a:linux:linux_kernel:*:*:*:*:*:*:*:*'],1,1
CVE-2023-11389,Out-of-bounds memory access in V8 JavaScript engine in google chrome component.,2022-06-19T00:00:00+00:00,2022-07-22T00:00:00+00:00,3.1,CVSS:3.1/AV:P/AC:L/PR:N/UI:R/S:C/C:N/I:N/A:H,PHYSICAL,LOW,NONE,REQUIRED,CHANGED,NONE,NONE,HIGH,7.2,HIGH,0,0.14697303212427748,0.1396,google,chrome,['CWE-89'],['cpe:2.3:a:google:chrome:*:*:*:*:*:*:*:*'],1,4
CVE-2022-11390,Denial of service via HTTP/2 frame flooding in apache http_server component.,2021-04-24T00:00:00+00:00,2021-06-06T00:00:00+00:00,3.1,CVSS:3.1/AV:A/AC:H/PR:H/UI:R/S:U/C:N/I:L/A:H,ADJACENT_NETWORK,HIGH,HIGH,REQUIRED,UNCHANGED,NONE,LOW,HIGH,5.0,MEDIUM,0,0.16288433221609483,0.1547,apache,http_server,['CWE-269'],['cpe:2.3:a:apache:http_server:*:*:*:*:*:*:*:*'],1,2
CVE-2025-11391,Out-of-bounds memory access in V8 JavaScript engine in google chrome component.,2023-11-29T00:00:00+00:00,2023-12-31T00:00:00+00:00,3.1,CVSS:3.1/AV:A/AC:L/PR:N/UI:N/S:U/C:L/I:L/A:H,ADJACENT_NETWORK,LOW,NONE,NONE,UNCHANGED,LOW,LOW,HIGH,7.9,HIGH,0,0.07425639498003474,0.0705,google,chrome,['CWE-20'],['cpe:2.3:a:google:chrome:*:*:*:*:*:*:*:*'],1,5
CVE-2022-11392,Privilege escalation via authenticated extension loading in postgresql postgresql component.,2021-03-19T00:00:00+00:00,2021-03-25T00:00:00+00:00,3.1,CVSS:3.1/AV:L/AC:H/PR:H/UI:R/S:C/C:L/I:H/A:N,LOCAL,HIGH,HIGH,REQUIRED,CHANGED,LOW,HIGH,NONE,5.2,MEDIUM,0,0.12336977679600632,0.1172,postgresql,postgresql,['CWE-269'],['cpe:2.3:a:postgresql:postgresql:*:*:*:*:*:*:*:*'],1,5
CVE-2022-11393,Unauthenticated remote code execution in query optimizer in oracle mysql component.,2022-04-30T00:00:00+00:00,2022-07-21T00:00:00+00:00,3.1,CVSS:3.1/AV:P/AC:L/PR:N/UI:N/S:U/C:L/I:L/A:N,PHYSICAL,LOW,NONE,NONE,UNCHANGED,LOW,LOW,NONE,6.4,MEDIUM,0,0.001453775633620148,0.0014,oracle,mysql,['CWE-416'],['cpe:2.3:a:oracle:mysql:*:*:*:*:*:*:*:*'],1,1
CVE-2025-11394,Out-of-bounds memory access in V8 JavaScript engine in google chrome component.,2022-10-19T00:00:00+00:00,2022-11-03T00:00:00+00:00,3.1,CVSS:3.1/AV:P/AC:L/PR:L/UI:N/S:U/C:H/I:H/A:N,PHYSICAL,LOW,LOW,NONE,UNCHANGED,HIGH,HIGH,NONE,6.3,MEDIUM,0,0.002661747295131767,0.0025,google,chrome,['CWE-20'],['cpe:2.3:a:google:chrome:*:*:*:*:*:*:*:*'],1,2
CVE-2022-11395,Out-of-bounds memory access in V8 JavaScript engine in google chrome component.,2025-05-15T00:00:00+00:00,2025-07-30T00:00:00+00:00,3.1,CVSS:3.1/AV:L/AC:L/PR:N/UI:R/S:U/C:L/I:L/A:H,LOCAL,LOW,NONE,REQUIRED,UNCHANGED,LOW,LOW,HIGH,7.1,HIGH,0,0.00011266675133150312,0.0001,google,chrome,['CWE-119'],['cpe:2.3:a:google:chrome:*:*:*:*:*:*:*:*'],1,1
CVE-2022-11396,Out-of-bounds memory access in V8 JavaScript engine in google chrome component.,2021-01-11T00:00:00+00:00,2021-03-26T00:00:00+00:00,3.1,CVSS:3.1/AV:P/AC:H/PR:N/UI:N/S:C/C:N/I:H/A:N,PHYSICAL,HIGH,NONE,NONE,CHANGED,NONE,HIGH,NONE,6.2,MEDIUM,0,0.08448237122707968,0.0803,google,chrome,['CWE-89'],['cpe:2.3:a:google:chrome:*:*:*:*:*:*:*:*'],1,4
CVE-2026-11397,Buffer overflow in TLS handshake parser in openssl openssl component.,2021-11-06T00:00:00+00:00,2021-11-26T00:00:00+00:00,3.1,CVSS:3.1/AV:N/AC:L/PR:N/UI:N/S:C/C:L/I:L/A:H,NETWORK,LOW,NONE,NONE,CHANGED,LOW,LOW,HIGH,10.0,CRITICAL,1,0.24280242313502506,0.2307,openssl,openssl,['CWE-79'],['cpe:2.3:a:openssl:openssl:*:*:*:*:*:*:*:*'],1,5
CVE-2021-11398,Denial of service via HTTP/2 frame flooding in apache http_server component.,2021-08-19T00:00:00+00:00,2021-10-07T00:00:00+00:00,3.1,CVSS:3.1/AV:P/AC:L/PR:N/UI:N/S:U/C:N/I:H/A:H,PHYSICAL,LOW,NONE,NONE,UNCHANGED,NONE,HIGH,HIGH,7.8,HIGH,0,0.12535784915654055,0.1191,apache,http_server,['CWE-20'],['cpe:2.3:a:apache:http_server:*:*:*:*:*:*:*:*'],1,4
CVE-2026-11399,Command injection in management web interface in paloalto pan-os component.,2022-12-04T00:00:00+00:00,2023-02-27T00:00:00+00:00,3.1,CVSS:3.1/AV:P/AC:L/PR:N/UI:N/S:U/C:L/I:H/A:N,PHYSICAL,LOW,NONE,NONE,UNCHANGED,LOW,HIGH,NONE,6.8,MEDIUM,0,0.0038417725512604273,0.0036,paloalto,pan-os,['CWE-416'],['cpe:2.3:a:paloalto:pan-os:*:*:*:*:*:*:*:*'],1,4
CVE-2022-11400,Unauthenticated remote code execution in query optimizer in oracle mysql component.,2024-01-04T00:00:00+00:00,2024-01-06T00:00:00+00:00,3.1,CVSS:3.1/AV:A/AC:H/PR:H/UI:R/S:U/C:N/I:L/A:N,ADJACENT_NETWORK,HIGH,HIGH,REQUIRED,UNCHANGED,NONE,LOW,NONE,3.9,LOW,0,0.0905750983078229,0.086,oracle,mysql,['CWE-79'],['cpe:2.3:a:oracle:mysql:*:*:*:*:*:*:*:*'],1,1
CVE-2021-11401,Use-after-free vulnerability in eBPF subsystem in linux linux_kernel component.,2025-06-06T00:00:00+00:00,2025-08-17T00:00:00+00:00,3.1,CVSS:3.1/AV:P/AC:L/PR:L/UI:N/S:C/C:N/I:N/A:H,PHYSICAL,LOW,LOW,NONE,CHANGED,NONE,NONE,HIGH,6.2,MEDIUM,0,0.4007602884760322,0.3807,linux,linux_kernel,['CWE-200'],['cpe:2.3:a:linux:linux_kernel:*:*:*:*:*:*:*:*'],1,4
CVE-2021-11402,Command injection in management web interface in paloalto pan-os component.,2025-09-17T00:00:00+00:00,2025-12-02T00:00:00+00:00,3.1,CVSS:3.1/AV:A/AC:H/PR:L/UI:R/S:U/C:H/I:H/A:H,ADJACENT_NETWORK,HIGH,LOW,REQUIRED,UNCHANGED,HIGH,HIGH,HIGH,7.4,HIGH,0,0.015578693393827177,0.0148,paloalto,pan-os,['CWE-20'],['cpe:2.3:a:paloalto:pan-os:*:*:*:*:*:*:*:*'],1,2
CVE-2025-11403,Out-of-bounds memory access in V8 JavaScript engine in google chrome component.,2022-12-09T00:00:00+00:00,2022-12-26T00:00:00+00:00,3.1,CVSS:3.1/AV:P/AC:L/PR:N/UI:N/S:C/C:N/I:N/A:L,PHYSICAL,LOW,NONE,NONE,CHANGED,NONE,NONE,LOW,6.8,MEDIUM,0,0.03178779958737346,0.0302,google,chrome,['CWE-119'],['cpe:2.3:a:google:chrome:*:*:*:*:*:*:*:*'],1,4
CVE-2025-11404,Unauthenticated remote code execution in query optimizer in oracle mysql component.,2022-10-31T00:00:00+00:00,2023-01-09T00:00:00+00:00,3.1,CVSS:3.1/AV:L/AC:H/PR:L/UI:N/S:U/C:N/I:L/A:N,LOCAL,HIGH,LOW,NONE,UNCHANGED,NONE,LOW,NONE,4.5,MEDIUM,0,0.4927708840305657,0.4681,oracle,mysql,['CWE-89'],['cpe:2.3:a:oracle:mysql:*:*:*:*:*:*:*:*'],1,1
CVE-2024-11405,Command injection in management web interface in paloalto pan-os component.,2021-04-21T00:00:00+00:00,2021-06-15T00:00:00+00:00,3.1,CVSS:3.1/AV:N/AC:H/PR:H/UI:N/S:C/C:N/I:H/A:L,NETWORK,HIGH,HIGH,NONE,CHANGED,NONE,HIGH,LOW,7.6,HIGH,0,0.0008752911056695784,0.0008,paloalto,pan-os,['CWE-200'],['cpe:2.3:a:paloalto:pan-os:*:*:*:*:*:*:*:*'],1,1
CVE-2025-11406,Command injection in management web interface in paloalto pan-os component.,2024-06-22T00:00:00+00:00,2024-06-30T00:00:00+00:00,3.1,CVSS:3.1/AV:P/AC:L/PR:L/UI:R/S:U/C:L/I:N/A:N,PHYSICAL,LOW,LOW,REQUIRED,UNCHANGED,LOW,NONE,NONE,4.2,MEDIUM,0,0.0001,0.0001,paloalto,pan-os,['CWE-89'],['cpe:2.3:a:paloalto:pan-os:*:*:*:*:*:*:*:*'],1,3
CVE-2026-11407,Remote code execution via unsafe deserialization in spring spring_framework component.,2021-08-08T00:00:00+00:00,2021-09-21T00:00:00+00:00,3.1,CVSS:3.1/AV:L/AC:H/PR:N/UI:N/S:U/C:H/I:H/A:L,LOCAL,HIGH,NONE,NONE,UNCHANGED,HIGH,HIGH,LOW,8.7,HIGH,0,0.01805361614681521,0.0172,spring,spring_framework,['CWE-20'],['cpe:2.3:a:spring:spring_framework:*:*:*:*:*:*:*:*'],1,2
CVE-2021-11408,Buffer overflow in TLS handshake parser in openssl openssl component.,2021-02-04T00:00:00+00:00,2021-04-24T00:00:00+00:00,3.1,CVSS:3.1/AV:L/AC:H/PR:L/UI:R/S:C/C:L/I:L/A:H,LOCAL,HIGH,LOW,REQUIRED,CHANGED,LOW,LOW,HIGH,5.2,MEDIUM,0,0.0017837829410653073,0.0017,openssl,openssl,['CWE-79'],['cpe:2.3:a:openssl:openssl:*:*:*:*:*:*:*:*'],1,3
CVE-2025-11409,Integer overflow in HTTP request header processing in nginx nginx component.,2024-10-18T00:00:00+00:00,2024-12-02T00:00:00+00:00,3.1,CVSS:3.1/AV:L/AC:H/PR:L/UI:N/S:U/C:L/I:L/A:N,LOCAL,HIGH,LOW,NONE,UNCHANGED,LOW,LOW,NONE,4.0,MEDIUM,0,0.0024316838838386533,0.0023,nginx,nginx,['CWE-89'],['cpe:2.3:a:nginx:nginx:*:*:*:*:*:*:*:*'],1,3
CVE-2024-11410,Integer overflow in HTTP request header processing in nginx nginx component.,2021-01-06T00:00:00+00:00,2021-01-21T00:00:00+00:00,3.1,CVSS:3.1/AV:N/AC:L/PR:N/UI:N/S:U/C:N/I:N/A:H,NETWORK,LOW,NONE,NONE,UNCHANGED,NONE,NONE,HIGH,9.4,CRITICAL,0,0.810463414748387,0.7699,nginx,nginx,['CWE-119'],['cpe:2.3:a:nginx:nginx:*:*:*:*:*:*:*:*'],1,1
CVE-2024-11411,Integer overflow in HTTP request header processing in nginx nginx component.,2022-07-20T00:00:00+00:00,2022-08-01T00:00:00+00:00,3.1,CVSS:3.1/AV:P/AC:L/PR:L/UI:N/S:U/C:H/I:N/A:H,PHYSICAL,LOW,LOW,NONE,UNCHANGED,HIGH,NONE,HIGH,7.3,HIGH,0,0.13505317436510564,0.1283,nginx,nginx,['CWE-269'],['cpe:2.3:a:nginx:nginx:*:*:*:*:*:*:*:*'],1,4
CVE-2022-11412,Denial of service via HTTP/2 frame flooding in apache http_server component.,2024-04-28T00:00:00+00:00,2024-05-02T00:00:00+00:00,3.1,CVSS:3.1/AV:N/AC:H/PR:H/UI:N/S:C/C:N/I:N/A:H,NETWORK,HIGH,HIGH,NONE,CHANGED,NONE,NONE,HIGH,8.1,HIGH,1,0.00020116524668517208,0.0002,apache,http_server,['CWE-787'],['cpe:2.3:a:apache:http_server:*:*:*:*:*:*:*:*'],1,1
CVE-2021-11413,Privilege escalation via authenticated extension loading in postgresql postgresql component.,2023-08-05T00:00:00+00:00,2023-09-04T00:00:00+00:00,3.1,CVSS:3.1/AV:L/AC:L/PR:N/UI:R/S:C/C:H/I:L/A:L,LOCAL,LOW,NONE,REQUIRED,CHANGED,HIGH,LOW,LOW,7.2,HIGH,0,0.05458914599568781,0.0519,postgresql,postgresql,['CWE-200'],['cpe:2.3:a:postgresql:postgresql:*:*:*:*:*:*:*:*'],1,2
CVE-2022-11414,Remote code execution in Kerberos authentication service in microsoft windows_server component.,2021-08-22T00:00:00+00:00,2021-09-17T00:00:00+00:00,3.1,CVSS:3.1/AV:N/AC:L/PR:H/UI:R/S:U/C:L/I:H/A:H,NETWORK,LOW,HIGH,REQUIRED,UNCHANGED,LOW,HIGH,HIGH,8.8,HIGH,0,0.06517272279953233,0.0619,microsoft,windows_server,['CWE-787'],['cpe:2.3:a:microsoft:windows_server:*:*:*:*:*:*:*:*'],1,4
CVE-2025-11415,Remote code execution in Kerberos authentication service in microsoft windows_server component.,2022-06-04T00:00:00+00:00,2022-08-07T00:00:00+00:00,3.1,CVSS:3.1/AV:N/AC:L/PR:N/UI:N/S:C/C:N/I:H/A:N,NETWORK,LOW,NONE,NONE,CHANGED,NONE,HIGH,NONE,10.0,CRITICAL,0,0.0008551612740606322,0.0008,microsoft,windows_server,['CWE-89'],['cpe:2.3:a:microsoft:windows_server:*:*:*:*:*:*:*:*'],1,4
CVE-2024-11416,Use-after-free vulnerability in eBPF subsystem in linux linux_kernel component.,2023-03-18T00:00:00+00:00,2023-05-13T00:00:00+00:00,3.1,CVSS:3.1/AV:A/AC:L/PR:L/UI:N/S:U/C:N/I:H/A:L,ADJACENT_NETWORK,LOW,LOW,NONE,UNCHANGED,NONE,HIGH,LOW,6.9,MEDIUM,0,0.044239267527356164,0.042,linux,linux_kernel,['CWE-20'],['cpe:2.3:a:linux:linux_kernel:*:*:*:*:*:*:*:*'],1,1
CVE-2023-11417,Buffer overflow in TLS handshake parser in openssl openssl component.,2023-04-06T00:00:00+00:00,2023-05-30T00:00:00+00:00,3.1,CVSS:3.1/AV:P/AC:L/PR:L/UI:R/S:U/C:N/I:N/A:N,PHYSICAL,LOW,LOW,REQUIRED,UNCHANGED,NONE,NONE,NONE,4.2,MEDIUM,0,0.05203573526497215,0.0494,openssl,openssl,['CWE-787'],['cpe:2.3:a:openssl:openssl:*:*:*:*:*:*:*:*'],1,5
CVE-2026-11418,Integer overflow in HTTP request header processing in nginx nginx component.,2023-08-16T00:00:00+00:00,2023-09-01T00:00:00+00:00,3.1,CVSS:3.1/AV:L/AC:L/PR:N/UI:R/S:U/C:H/I:H/A:N,LOCAL,LOW,NONE,REQUIRED,UNCHANGED,HIGH,HIGH,NONE,7.9,HIGH,0,0.02437585296934326,0.0232,nginx,nginx,['CWE-200'],['cpe:2.3:a:nginx:nginx:*:*:*:*:*:*:*:*'],1,5
CVE-2023-11419,Buffer overflow in TLS handshake parser in openssl openssl component.,2022-05-26T00:00:00+00:00,2022-08-20T00:00:00+00:00,3.1,CVSS:3.1/AV:N/AC:H/PR:N/UI:N/S:C/C:H/I:H/A:H,NETWORK,HIGH,NONE,NONE,CHANGED,HIGH,HIGH,HIGH,10.0,CRITICAL,1,0.9116915829885336,0.8661,openssl,openssl,['CWE-200'],['cpe:2.3:a:openssl:openssl:*:*:*:*:*:*:*:*'],1,5
CVE-2024-11420,Integer overflow in HTTP request header processing in nginx nginx component.,2025-05-24T00:00:00+00:00,2025-08-10T00:00:00+00:00,3.1,CVSS:3.1/AV:P/AC:L/PR:H/UI:N/S:U/C:L/I:H/A:L,PHYSICAL,LOW,HIGH,NONE,UNCHANGED,LOW,HIGH,LOW,5.8,MEDIUM,0,0.5342257864246139,0.5075,nginx,nginx,['CWE-79'],['cpe:2.3:a:nginx:nginx:*:*:*:*:*:*:*:*'],1,4
CVE-2025-11421,Remote code execution in Kerberos authentication service in microsoft windows_server component.,2024-02-14T00:00:00+00:00,2024-03-23T00:00:00+00:00,3.1,CVSS:3.1/AV:N/AC:H/PR:L/UI:N/S:U/C:N/I:L/A:L,NETWORK,HIGH,LOW,NONE,UNCHANGED,NONE,LOW,LOW,6.5,MEDIUM,0,0.2545404007837797,0.2418,microsoft,windows_server,['CWE-20'],['cpe:2.3:a:microsoft:windows_server:*:*:*:*:*:*:*:*'],1,4
CVE-2025-11422,Integer overflow in HTTP request header processing in nginx nginx component.,2022-06-30T00:00:00+00:00,2022-08-01T00:00:00+00:00,3.1,CVSS:3.1/AV:A/AC:L/PR:L/UI:R/S:U/C:N/I:H/A:H,ADJACENT_NETWORK,LOW,LOW,REQUIRED,UNCHANGED,NONE,HIGH,HIGH,7.3,HIGH,0,0.08162325194106876,0.0775,nginx,nginx,['CWE-200'],['cpe:2.3:a:nginx:nginx:*:*:*:*:*:*:*:*'],1,5
CVE-2021-11423,Out-of-bounds memory access in V8 JavaScript engine in google chrome component.,2024-06-04T00:00:00+00:00,2024-08-01T00:00:00+00:00,3.1,CVSS:3.1/AV:N/AC:L/PR:H/UI:R/S:U/C:L/I:H/A:N,NETWORK,LOW,HIGH,REQUIRED,UNCHANGED,LOW,HIGH,NONE,7.3,HIGH,0,0.03004494477902985,0.0285,google,chrome,['CWE-20'],['cpe:2.3:a:google:chrome:*:*:*:*:*:*:*:*'],1,2
CVE-2021-11424,Integer overflow in HTTP request header processing in nginx nginx component.,2023-11-22T00:00:00+00:00,2024-01-20T00:00:00+00:00,3.1,CVSS:3.1/AV:A/AC:L/PR:N/UI:R/S:U/C:N/I:H/A:H,ADJACENT_NETWORK,LOW,NONE,REQUIRED,UNCHANGED,NONE,HIGH,HIGH,8.2,HIGH,0,0.00019814380879167387,0.0002,nginx,nginx,['CWE-20'],['cpe:2.3:a:nginx:nginx:*:*:*:*:*:*:*:*'],1,3
CVE-2025-11425,Denial of service via HTTP/2 frame flooding in apache http_server component.,2025-06-25T00:00:00+00:00,2025-07-06T00:00:00+00:00,3.1,CVSS:3.1/AV:A/AC:H/PR:H/UI:R/S:U/C:N/I:N/A:L,ADJACENT_NETWORK,HIGH,HIGH,REQUIRED,UNCHANGED,NONE,NONE,LOW,4.7,MEDIUM,0,0.15512260498596514,0.1474,apache,http_server,['CWE-20'],['cpe:2.3:a:apache:http_server:*:*:*:*:*:*:*:*'],1,5
CVE-2026-11426,Remote code execution via unsafe deserialization in spring spring_framework component.,2024-04-18T00:00:00+00:00,2024-05-26T00:00:00+00:00,3.1,CVSS:3.1/AV:N/AC:L/PR:H/UI:R/S:C/C:L/I:H/A:N,NETWORK,LOW,HIGH,REQUIRED,CHANGED,LOW,HIGH,NONE,8.1,HIGH,1,0.07402203691516195,0.0703,spring,spring_framework,['CWE-79'],['cpe:2.3:a:spring:spring_framework:*:*:*:*:*:*:*:*'],1,4
CVE-2025-11427,Unauthenticated remote code execution in query optimizer in oracle mysql component.,2023-11-17T00:00:00+00:00,2023-12-17T00:00:00+00:00,3.1,CVSS:3.1/AV:P/AC:H/PR:L/UI:N/S:U/C:N/I:N/A:L,PHYSICAL,HIGH,LOW,NONE,UNCHANGED,NONE,NONE,LOW,3.8,LOW,0,0.2611005150722898,0.248,oracle,mysql,['CWE-20'],['cpe:2.3:a:oracle:mysql:*:*:*:*:*:*:*:*'],1,4
CVE-2023-11428,Integer overflow in HTTP request header processing in nginx nginx component.,2023-08-28T00:00:00+00:00,2023-11-22T00:00:00+00:00,3.1,CVSS:3.1/AV:N/AC:L/PR:N/UI:R/S:U/C:L/I:H/A:L,NETWORK,LOW,NONE,REQUIRED,UNCHANGED,LOW,HIGH,LOW,8.9,HIGH,1,0.21379986535905746,0.2031,nginx,nginx,['CWE-79'],['cpe:2.3:a:nginx:nginx:*:*:*:*:*:*:*:*'],1,2
CVE-2024-11429,Remote code execution via unsafe deserialization in spring spring_framework component.,2024-10-13T00:00:00+00:00,2024-12-28T00:00:00+00:00,3.1,CVSS:3.1/AV:L/AC:L/PR:H/UI:R/S:U/C:L/I:H/A:L,LOCAL,LOW,HIGH,REQUIRED,UNCHANGED,LOW,HIGH,LOW,6.0,MEDIUM,0,0.04952681683888531,0.0471,spring,spring_framework,['CWE-787'],['cpe:2.3:a:spring:spring_framework:*:*:*:*:*:*:*:*'],1,1
CVE-2021-11430,Use-after-free vulnerability in eBPF subsystem in linux linux_kernel component.,2024-04-20T00:00:00+00:00,2024-06-05T00:00:00+00:00,3.1,CVSS:3.1/AV:A/AC:L/PR:L/UI:N/S:C/C:N/I:L/A:L,ADJACENT_NETWORK,LOW,LOW,NONE,CHANGED,NONE,LOW,LOW,6.9,MEDIUM,0,0.004004025881029027,0.0038,linux,linux_kernel,['CWE-20'],['cpe:2.3:a:linux:linux_kernel:*:*:*:*:*:*:*:*'],1,4
CVE-2026-11431,Remote code execution via unsafe deserialization in spring spring_framework component.,2022-05-24T00:00:00+00:00,2022-06-16T00:00:00+00:00,3.1,CVSS:3.1/AV:P/AC:H/PR:H/UI:N/S:C/C:H/I:L/A:L,PHYSICAL,HIGH,HIGH,NONE,CHANGED,HIGH,LOW,LOW,5.5,MEDIUM,0,0.0001775608452958844,0.0002,spring,spring_framework,['CWE-79'],['cpe:2.3:a:spring:spring_framework:*:*:*:*:*:*:*:*'],1,4
CVE-2026-11432,Out-of-bounds memory access in V8 JavaScript engine in google chrome component.,2024-10-04T00:00:00+00:00,2024-12-26T00:00:00+00:00,3.1,CVSS:3.1/AV:P/AC:L/PR:L/UI:N/S:C/C:H/I:H/A:L,PHYSICAL,LOW,LOW,NONE,CHANGED,HIGH,HIGH,LOW,7.3,HIGH,0,0.005072813003269837,0.0048,google,chrome,['CWE-416'],['cpe:2.3:a:google:chrome:*:*:*:*:*:*:*:*'],1,4
CVE-2022-11433,Remote code execution via unsafe deserialization in spring spring_framework component.,2025-01-15T00:00:00+00:00,2025-02-18T00:00:00+00:00,3.1,CVSS:3.1/AV:P/AC:L/PR:L/UI:R/S:C/C:N/I:N/A:L,PHYSICAL,LOW,LOW,REQUIRED,CHANGED,NONE,NONE,LOW,4.3,MEDIUM,0,0.005247767773648245,0.005,spring,spring_framework,['CWE-20'],['cpe:2.3:a:spring:spring_framework:*:*:*:*:*:*:*:*'],1,2
CVE-2023-11434,Remote code execution via unsafe deserialization in spring spring_framework component.,2021-07-29T00:00:00+00:00,2021-09-17T00:00:00+00:00,3.1,CVSS:3.1/AV:A/AC:L/PR:L/UI:N/S:C/C:L/I:H/A:H,ADJACENT_NETWORK,LOW,LOW,NONE,CHANGED,LOW,HIGH,HIGH,8.7,HIGH,0,0.11484416795790152,0.1091,spring,spring_framework,['CWE-89'],['cpe:2.3:a:spring:spring_framework:*:*:*:*:*:*:*:*'],1,1
CVE-2025-11435,Remote code execution via unsafe deserialization in spring spring_framework component.,2025-06-05T00:00:00+00:00,2025-07-04T00:00:00+00:00,3.1,CVSS:3.1/AV:L/AC:H/PR:H/UI:N/S:U/C:L/I:N/A:L,LOCAL,HIGH,HIGH,NONE,UNCHANGED,LOW,NONE,LOW,4.8,MEDIUM,0,0.0016017496264474993,0.0015,spring,spring_framework,['CWE-416'],['cpe:2.3:a:spring:spring_framework:*:*:*:*:*:*:*:*'],1,4
CVE-2025-11436,Command injection in management web interface in paloalto pan-os component.,2023-07-01T00:00:00+00:00,2023-09-17T00:00:00+00:00,3.1,CVSS:3.1/AV:N/AC:H/PR:N/UI:N/S:U/C:L/I:N/A:N,NETWORK,HIGH,NONE,NONE,UNCHANGED,LOW,NONE,NONE,7.9,HIGH,0,0.09116638064768719,0.0866,paloalto,pan-os,['CWE-79'],['cpe:2.3:a:paloalto:pan-os:*:*:*:*:*:*:*:*'],1,5
CVE-2023-11437,Privilege escalation via authenticated extension loading in postgresql postgresql component.,2024-09-16T00:00:00+00:00,2024-12-02T00:00:00+00:00,3.1,CVSS:3.1/AV:A/AC:L/PR:H/UI:R/S:U/C:N/I:N/A:L,ADJACENT_NETWORK,LOW,HIGH,REQUIRED,UNCHANGED,NONE,NONE,LOW,5.6,MEDIUM,0,0.07600941970511409,0.0722,postgresql,postgresql,['CWE-416'],['cpe:2.3:a:postgresql:postgresql:*:*:*:*:*:*:*:*'],1,1
CVE-2022-11438,Unauthenticated remote code execution in query optimizer in oracle mysql component.,2022-05-25T00:00:00+00:00,2022-05-31T00:00:00+00:00,3.1,CVSS:3.1/AV:L/AC:H/PR:H/UI:N/S:C/C:L/I:H/A:N,LOCAL,HIGH,HIGH,NONE,CHANGED,LOW,HIGH,NONE,6.4,MEDIUM,0,0.011662639427648527,0.0111,oracle,mysql,['CWE-89'],['cpe:2.3:a:oracle:mysql:*:*:*:*:*:*:*:*'],1,3
CVE-2023-11439,Use-after-free vulnerability in eBPF subsystem in linux linux_kernel component.,2023-10-12T00:00:00+00:00,2023-10-31T00:00:00+00:00,3.1,CVSS:3.1/AV:L/AC:L/PR:H/UI:N/S:C/C:L/I:H/A:N,LOCAL,LOW,HIGH,NONE,CHANGED,LOW,HIGH,NONE,7.4,HIGH,0,0.004324332902808415,0.0041,linux,linux_kernel,['CWE-119'],['cpe:2.3:a:linux:linux_kernel:*:*:*:*:*:*:*:*'],1,3
CVE-2021-11440,Use-after-free vulnerability in eBPF subsystem in linux linux_kernel component.,2025-06-02T00:00:00+00:00,2025-08-14T00:00:00+00:00,3.1,CVSS:3.1/AV:P/AC:H/PR:N/UI:R/S:C/C:H/I:N/A:H,PHYSICAL,HIGH,NONE,REQUIRED,CHANGED,HIGH,NONE,HIGH,6.9,MEDIUM,0,0.04828253547637375,0.0459,linux,linux_kernel,['CWE-89'],['cpe:2.3:a:linux:linux_kernel:*:*:*:*:*:*:*:*'],1,3
CVE-2025-11441,Out-of-bounds memory access in V8 JavaScript engine in google chrome component.,2024-03-19T00:00:00+00:00,2024-05-28T00:00:00+00:00,3.1,CVSS:3.1/AV:N/AC:L/PR:L/UI:R/S:U/C:N/I:L/A:N,NETWORK,LOW,LOW,REQUIRED,UNCHANGED,NONE,LOW,NONE,6.5,MEDIUM,0,0.26827974222147827,0.2549,google,chrome,['CWE-787'],['cpe:2.3:a:google:chrome:*:*:*:*:*:*:*:*'],1,3
CVE-2025-11442,Remote code execution in Kerberos authentication service in microsoft windows_server component.,2025-10-03T00:00:00+00:00,2025-10-17T00:00:00+00:00,3.1,CVSS:3.1/AV:A/AC:H/PR:H/UI:N/S:C/C:H/I:L/A:L,ADJACENT_NETWORK,HIGH,HIGH,NONE,CHANGED,HIGH,LOW,LOW,6.4,MEDIUM,0,0.0001,0.0001,microsoft,windows_server,['CWE-416'],['cpe:2.3:a:microsoft:windows_server:*:*:*:*:*:*:*:*'],1,5
CVE-2025-11443,Remote code execution via unsafe deserialization in spring spring_framework component.,2025-07-07T00:00:00+00:00,2025-08-08T00:00:00+00:00,3.1,CVSS:3.1/AV:P/AC:H/PR:L/UI:R/S:C/C:H/I:N/A:L,PHYSICAL,HIGH,LOW,REQUIRED,CHANGED,HIGH,NONE,LOW,4.2,MEDIUM,0,0.001625499376196562,0.0015,spring,spring_framework,['CWE-269'],['cpe:2.3:a:spring:spring_framework:*:*:*:*:*:*:*:*'],1,5
CVE-2023-11444,Use-after-free vulnerability in eBPF subsystem in linux linux_kernel component.,2025-07-04T00:00:00+00:00,2025-09-27T00:00:00+00:00,3.1,CVSS:3.1/AV:N/AC:L/PR:N/UI:N/S:U/C:N/I:H/A:L,NETWORK,LOW,NONE,NONE,UNCHANGED,NONE,HIGH,LOW,9.3,CRITICAL,0,0.16326627412613112,0.1551,linux,linux_kernel,['CWE-119'],['cpe:2.3:a:linux:linux_kernel:*:*:*:*:*:*:*:*'],1,4
CVE-2023-11445,Buffer overflow in TLS handshake parser in openssl openssl component.,2021-08-21T00:00:00+00:00,2021-08-31T00:00:00+00:00,3.1,CVSS:3.1/AV:P/AC:L/PR:L/UI:N/S:U/C:H/I:H/A:H,PHYSICAL,LOW,LOW,NONE,UNCHANGED,HIGH,HIGH,HIGH,7.6,HIGH,0,0.004283896224039834,0.0041,openssl,openssl,['CWE-416'],['cpe:2.3:a:openssl:openssl:*:*:*:*:*:*:*:*'],1,2
CVE-2023-11446,Remote code execution in Kerberos authentication service in microsoft windows_server component.,2022-05-25T00:00:00+00:00,2022-07-17T00:00:00+00:00,3.1,CVSS:3.1/AV:A/AC:L/PR:H/UI:R/S:C/C:L/I:H/A:N,ADJACENT_NETWORK,LOW,HIGH,REQUIRED,CHANGED,LOW,HIGH,NONE,6.9,MEDIUM,0,0.08815268725309161,0.0837,microsoft,windows_server,['CWE-416'],['cpe:2.3:a:microsoft:windows_server:*:*:*:*:*:*:*:*'],1,4
CVE-2021-11447,Buffer overflow in TLS handshake parser in openssl openssl component.,2021-02-20T00:00:00+00:00,2021-05-08T00:00:00+00:00,3.1,CVSS:3.1/AV:L/AC:L/PR:L/UI:R/S:U/C:N/I:L/A:L,LOCAL,LOW,LOW,REQUIRED,UNCHANGED,NONE,LOW,LOW,5.0,MEDIUM,0,0.062086798058446024,0.059,openssl,openssl,['CWE-416'],['cpe:2.3:a:openssl:openssl:*:*:*:*:*:*:*:*'],1,3
CVE-2025-11448,Remote code execution via unsafe deserialization in spring spring_framework component.,2023-06-10T00:00:00+00:00,2023-08-05T00:00:00+00:00,3.1,CVSS:3.1/AV:P/AC:H/PR:N/UI:R/S:C/C:L/I:N/A:N,PHYSICAL,HIGH,NONE,REQUIRED,CHANGED,LOW,NONE,NONE,5.0,MEDIUM,0,0.0026914366153275447,0.0026,spring,spring_framework,['CWE-200'],['cpe:2.3:a:spring:spring_framework:*:*:*:*:*:*:*:*'],1,3
CVE-2023-11449,Remote code execution in Kerberos authentication service in microsoft windows_server component.,2023-10-01T00:00:00+00:00,2023-11-27T00:00:00+00:00,3.1,CVSS:3.1/AV:L/AC:L/PR:H/UI:R/S:C/C:L/I:N/A:N,LOCAL,LOW,HIGH,REQUIRED,CHANGED,LOW,NONE,NONE,5.4,MEDIUM,0,0.05519059057499526,0.0524,microsoft,windows_server,['CWE-20'],['cpe:2.3:a:microsoft:windows_server:*:*:*:*:*:*:*:*'],1,4
CVE-2022-11450,Command injection in management web interface in paloalto pan-os component.,2025-10-22T00:00:00+00:00,2025-12-09T00:00:00+00:00,3.1,CVSS:3.1/AV:L/AC:H/PR:L/UI:N/S:U/C:L/I:L/A:H,LOCAL,HIGH,LOW,NONE,UNCHANGED,LOW,LOW,HIGH,5.2,MEDIUM,0,0.2663759568835254,0.2531,paloalto,pan-os,['CWE-200'],['cpe:2.3:a:paloalto:pan-os:*:*:*:*:*:*:*:*'],1,1
CVE-2024-11451,Denial of service via HTTP/2 frame flooding in apache http_server component.,2024-07-19T00:00:00+00:00,2024-08-31T00:00:00+00:00,3.1,CVSS:3.1/AV:L/AC:L/PR:N/UI:N/S:C/C:N/I:N/A:N,LOCAL,LOW,NONE,NONE,CHANGED,NONE,NONE,NONE,7.2,HIGH,0,0.11895894768226921,0.113,apache,http_server,['CWE-89'],['cpe:2.3:a:apache:http_server:*:*:*:*:*:*:*:*'],1,2
CVE-2022-11452,Use-after-free vulnerability in eBPF subsystem in linux linux_kernel component.,2025-04-10T00:00:00+00:00,2025-06-07T00:00:00+00:00,3.1,CVSS:3.1/AV:P/AC:H/PR:H/UI:R/S:C/C:L/I:N/A:L,PHYSICAL,HIGH,HIGH,REQUIRED,CHANGED,LOW,NONE,LOW,3.3,LOW,0,0.3235707030351421,0.3074,linux,linux_kernel,['CWE-79'],['cpe:2.3:a:linux:linux_kernel:*:*:*:*:*:*:*:*'],1,4
CVE-2021-11453,Buffer overflow in TLS handshake parser in openssl openssl component.,2021-06-11T00:00:00+00:00,2021-07-04T00:00:00+00:00,3.1,CVSS:3.1/AV:L/AC:L/PR:N/UI:R/S:C/C:H/I:H/A:H,LOCAL,LOW,NONE,REQUIRED,CHANGED,HIGH,HIGH,HIGH,9.9,CRITICAL,0,0.007598733625356953,0.0072,openssl,openssl,['CWE-416'],['cpe:2.3:a:openssl:openssl:*:*:*:*:*:*:*:*'],1,1
CVE-2025-11454,Buffer overflow in TLS handshake parser in openssl openssl component.,2021-01-31T00:00:00+00:00,2021-02-14T00:00:00+00:00,3.1,CVSS:3.1/AV:P/AC:H/PR:L/UI:R/S:U/C:N/I:N/A:N,PHYSICAL,HIGH,LOW,REQUIRED,UNCHANGED,NONE,NONE,NONE,3.3,LOW,0,0.0012752648123378631,0.0012,openssl,openssl,['CWE-269'],['cpe:2.3:a:openssl:openssl:*:*:*:*:*:*:*:*'],1,4
CVE-2023-11455,Buffer overflow in TLS handshake parser in openssl openssl component.,2023-07-03T00:00:00+00:00,2023-07-21T00:00:00+00:00,3.1,CVSS:3.1/AV:P/AC:H/PR:N/UI:R/S:U/C:N/I:H/A:N,PHYSICAL,HIGH,NONE,REQUIRED,UNCHANGED,NONE,HIGH,NONE,5.3,MEDIUM,0,0.004922221073355332,0.0047,openssl,openssl,['CWE-89'],['cpe:2.3:a:openssl:openssl:*:*:*:*:*:*:*:*'],1,1
CVE-2025-11456,Privilege escalation via authenticated extension loading in postgresql postgresql component.,2022-05-30T00:00:00+00:00,2022-06-29T00:00:00+00:00,3.1,CVSS:3.1/AV:P/AC:H/PR:N/UI:R/S:C/C:H/I:H/A:H,PHYSICAL,HIGH,NONE,REQUIRED,CHANGED,HIGH,HIGH,HIGH,7.7,HIGH,0,0.005775746680790714,0.0055,postgresql,postgresql,['CWE-416'],['cpe:2.3:a:postgresql:postgresql:*:*:*:*:*:*:*:*'],1,5
CVE-2024-11457,Buffer overflow in TLS handshake parser in openssl openssl component.,2024-02-09T00:00:00+00:00,2024-03-25T00:00:00+00:00,3.1,CVSS:3.1/AV:A/AC:H/PR:L/UI:N/S:C/C:N/I:N/A:H,ADJACENT_NETWORK,HIGH,LOW,NONE,CHANGED,NONE,NONE,HIGH,6.5,MEDIUM,0,0.11354356300403792,0.1079,openssl,openssl,['CWE-119'],['cpe:2.3:a:openssl:openssl:*:*:*:*:*:*:*:*'],1,5
CVE-2023-11458,Unauthenticated remote code execution in query optimizer in oracle mysql component.,2023-01-12T00:00:00+00:00,2023-02-16T00:00:00+00:00,3.1,CVSS:3.1/AV:N/AC:L/PR:H/UI:R/S:C/C:L/I:H/A:L,NETWORK,LOW,HIGH,REQUIRED,CHANGED,LOW,HIGH,LOW,8.2,HIGH,1,0.6356324840448656,0.6039,oracle,mysql,['CWE-787'],['cpe:2.3:a:oracle:mysql:*:*:*:*:*:*:*:*'],1,3
CVE-2022-11459,Command injection in management web interface in paloalto pan-os component.,2025-09-28T00:00:00+00:00,2025-10-08T00:00:00+00:00,3.1,CVSS:3.1/AV:N/AC:L/PR:N/UI:N/S:C/C:L/I:H/A:H,NETWORK,LOW,NONE,NONE,CHANGED,LOW,HIGH,HIGH,10.0,CRITICAL,0,0.34424161932270214,0.327,paloalto,pan-os,['CWE-787'],['cpe:2.3:a:paloalto:pan-os:*:*:*:*:*:*:*:*'],1,5
CVE-2024-11460,Denial of service via HTTP/2 frame flooding in apache http_server component.,2023-06-17T00:00:00+00:00,2023-08-07T00:00:00+00:00,3.1,CVSS:3.1/AV:A/AC:L/PR:H/UI:R/S:U/C:L/I:N/A:N,ADJACENT_NETWORK,LOW,HIGH,REQUIRED,UNCHANGED,LOW,NONE,NONE,5.4,MEDIUM,0,0.07106692781539221,0.0675,apache,http_server,['CWE-119'],['cpe:2.3:a:apache:http_server:*:*:*:*:*:*:*:*'],1,5
CVE-2024-11461,Remote code execution via unsafe deserialization in spring spring_framework component.,2024-11-04T00:00:00+00:00,2024-11-26T00:00:00+00:00,3.1,CVSS:3.1/AV:N/AC:H/PR:L/UI:N/S:U/C:N/I:H/A:L,NETWORK,HIGH,LOW,NONE,UNCHANGED,NONE,HIGH,LOW,7.5,HIGH,0,0.0001,0.0001,spring,spring_framework,['CWE-119'],['cpe:2.3:a:spring:spring_framework:*:*:*:*:*:*:*:*'],1,1
CVE-2023-11462,Use-after-free vulnerability in eBPF subsystem in linux linux_kernel component.,2025-01-03T00:00:00+00:00,2025-03-26T00:00:00+00:00,3.1,CVSS:3.1/AV:A/AC:L/PR:L/UI:N/S:C/C:H/I:H/A:H,ADJACENT_NETWORK,LOW,LOW,NONE,CHANGED,HIGH,HIGH,HIGH,9.2,CRITICAL,0,0.003226768846673841,0.0031,linux,linux_kernel,['CWE-89'],['cpe:2.3:a:linux:linux_kernel:*:*:*:*:*:*:*:*'],1,3
CVE-2022-11463,Out-of-bounds memory access in V8 JavaScript engine in google chrome component.,2022-11-09T00:00:00+00:00,2022-12-09T00:00:00+00:00,3.1,CVSS:3.1/AV:L/AC:L/PR:N/UI:N/S:U/C:H/I:L/A:L,LOCAL,LOW,NONE,NONE,UNCHANGED,HIGH,LOW,LOW,7.9,HIGH,0,0.06675561476278383,0.0634,google,chrome,['CWE-787'],['cpe:2.3:a:google:chrome:*:*:*:*:*:*:*:*'],1,5
CVE-2025-11464,Use-after-free vulnerability in eBPF subsystem in linux linux_kernel component.,2021-05-18T00:00:00+00:00,2021-07-12T00:00:00+00:00,3.1,CVSS:3.1/AV:L/AC:L/PR:L/UI:R/S:C/C:H/I:L/A:L,LOCAL,LOW,LOW,REQUIRED,CHANGED,HIGH,LOW,LOW,6.4,MEDIUM,0,0.4617454237825637,0.4387,linux,linux_kernel,['CWE-200'],['cpe:2.3:a:linux:linux_kernel:*:*:*:*:*:*:*:*'],1,4
CVE-2025-11465,Buffer overflow in TLS handshake parser in openssl openssl component.,2022-03-07T00:00:00+00:00,2022-05-15T00:00:00+00:00,3.1,CVSS:3.1/AV:L/AC:L/PR:L/UI:N/S:C/C:H/I:H/A:N,LOCAL,LOW,LOW,NONE,CHANGED,HIGH,HIGH,NONE,8.2,HIGH,0,0.04906492657718405,0.0466,openssl,openssl,['CWE-20'],['cpe:2.3:a:openssl:openssl:*:*:*:*:*:*:*:*'],1,3
CVE-2026-11466,Privilege escalation via authenticated extension loading in postgresql postgresql component.,2024-05-05T00:00:00+00:00,2024-05-21T00:00:00+00:00,3.1,CVSS:3.1/AV:A/AC:H/PR:H/UI:R/S:C/C:H/I:H/A:H,ADJACENT_NETWORK,HIGH,HIGH,REQUIRED,CHANGED,HIGH,HIGH,HIGH,8.0,HIGH,0,0.19237531468319868,0.1828,postgresql,postgresql,['CWE-416'],['cpe:2.3:a:postgresql:postgresql:*:*:*:*:*:*:*:*'],1,5
CVE-2025-11467,Remote code execution via unsafe deserialization in spring spring_framework component.,2025-05-10T00:00:00+00:00,2025-05-30T00:00:00+00:00,3.1,CVSS:3.1/AV:N/AC:H/PR:L/UI:R/S:U/C:L/I:N/A:L,NETWORK,HIGH,LOW,REQUIRED,UNCHANGED,LOW,NONE,LOW,5.6,MEDIUM,0,0.18774711636090746,0.1784,spring,spring_framework,['CWE-787'],['cpe:2.3:a:spring:spring_framework:*:*:*:*:*:*:*:*'],1,2
CVE-2024-11468,Use-after-free vulnerability in eBPF subsystem in linux linux_kernel component.,2022-04-22T00:00:00+00:00,2022-04-27T00:00:00+00:00,3.1,CVSS:3.1/AV:N/AC:H/PR:H/UI:R/S:U/C:L/I:N/A:N,NETWORK,HIGH,HIGH,REQUIRED,UNCHANGED,LOW,NONE,NONE,5.0,MEDIUM,0,0.038429170220826064,0.0365,linux,linux_kernel,['CWE-119'],['cpe:2.3:a:linux:linux_kernel:*:*:*:*:*:*:*:*'],1,5
CVE-2022-11469,Integer overflow in HTTP request header processing in nginx nginx component.,2023-12-04T00:00:00+00:00,2024-01-04T00:00:00+00:00,3.1,CVSS:3.1/AV:A/AC:L/PR:N/UI:N/S:C/C:N/I:L/A:N,ADJACENT_NETWORK,LOW,NONE,NONE,CHANGED,NONE,LOW,NONE,8.2,HIGH,0,0.0012788427571680586,0.0012,nginx,nginx,['CWE-119'],['cpe:2.3:a:nginx:nginx:*:*:*:*:*:*:*:*'],1,2
CVE-2025-11470,Remote code execution via unsafe deserialization in spring spring_framework component.,2021-04-12T00:00:00+00:00,2021-06-25T00:00:00+00:00,3.1,CVSS:3.1/AV:A/AC:L/PR:N/UI:N/S:U/C:N/I:N/A:N,ADJACENT_NETWORK,LOW,NONE,NONE,UNCHANGED,NONE,NONE,NONE,7.3,HIGH,0,0.016707724358124443,0.0159,spring,spring_framework,['CWE-119'],['cpe:2.3:a:spring:spring_framework:*:*:*:*:*:*:*:*'],1,2
CVE-2021-11471,Buffer overflow in TLS handshake parser in openssl openssl component.,2021-05-10T00:00:00+00:00,2021-08-07T00:00:00+00:00,3.1,CVSS:3.1/AV:P/AC:H/PR:L/UI:R/S:U/C:N/I:N/A:H,PHYSICAL,HIGH,LOW,REQUIRED,UNCHANGED,NONE,NONE,HIGH,3.9,LOW,0,0.09486120299500353,0.0901,openssl,openssl,['CWE-787'],['cpe:2.3:a:openssl:openssl:*:*:*:*:*:*:*:*'],1,4
CVE-2021-11472,Denial of service via HTTP/2 frame flooding in apache http_server component.,2024-01-27T00:00:00+00:00,2024-02-07T00:00:00+00:00,3.1,CVSS:3.1/AV:L/AC:L/PR:L/UI:R/S:U/C:L/I:N/A:H,LOCAL,LOW,LOW,REQUIRED,UNCHANGED,LOW,NONE,HIGH,6.4,MEDIUM,0,0.1924068139174709,0.1828,apache,http_server,['CWE-119'],['cpe:2.3:a:apache:http_server:*:*:*:*:*:*:*:*'],1,5
CVE-2023-11473,Use-after-free vulnerability in eBPF subsystem in linux linux_kernel component.,2024-08-23T00:00:00+00:00,2024-09-24T00:00:00+00:00,3.1,CVSS:3.1/AV:N/AC:L/PR:L/UI:R/S:C/C:H/I:H/A:N,NETWORK,LOW,LOW,REQUIRED,CHANGED,HIGH,HIGH,NONE,9.1,CRITICAL,1,0.15138947876704567,0.1438,linux,linux_kernel,['CWE-200'],['cpe:2.3:a:linux:linux_kernel:*:*:*:*:*:*:*:*'],1,4
CVE-2023-11474,Out-of-bounds memory access in V8 JavaScript engine in google chrome component.,2025-09-01T00:00:00+00:00,2025-11-27T00:00:00+00:00,3.1,CVSS:3.1/AV:N/AC:L/PR:N/UI:N/S:U/C:L/I:L/A:N,NETWORK,LOW,NONE,NONE,UNCHANGED,LOW,LOW,NONE,9.1,CRITICAL,1,0.10458091030981125,0.0994,google,chrome,['CWE-200'],['cpe:2.3:a:google:chrome:*:*:*:*:*:*:*:*'],1,3
CVE-2024-11475,Out-of-bounds memory access in V8 JavaScript engine in google chrome component.,2023-06-16T00:00:00+00:00,2023-06-26T00:00:00+00:00,3.1,CVSS:3.1/AV:L/AC:L/PR:H/UI:N/S:C/C:L/I:H/A:L,LOCAL,LOW,HIGH,NONE,CHANGED,LOW,HIGH,LOW,7.0,HIGH,0,0.061499890906761986,0.0584,google,chrome,['CWE-416'],['cpe:2.3:a:google:chrome:*:*:*:*:*:*:*:*'],1,3
CVE-2021-11476,Denial of service via HTTP/2 frame flooding in apache http_server component.,2021-01-27T00:00:00+00:00,2021-04-20T00:00:00+00:00,3.1,CVSS:3.1/AV:P/AC:H/PR:L/UI:N/S:U/C:H/I:N/A:L,PHYSICAL,HIGH,LOW,NONE,UNCHANGED,HIGH,NONE,LOW,5.1,MEDIUM,0,0.03134865422015007,0.0298,apache,http_server,['CWE-20'],['cpe:2.3:a:apache:http_server:*:*:*:*:*:*:*:*'],1,4
CVE-2023-11477,Remote code execution via unsafe deserialization in spring spring_framework component.,2021-07-25T00:00:00+00:00,2021-09-15T00:00:00+00:00,3.1,CVSS:3.1/AV:L/AC:H/PR:N/UI:N/S:C/C:H/I:N/A:L,LOCAL,HIGH,NONE,NONE,CHANGED,HIGH,NONE,LOW,7.2,HIGH,0,0.41165760194527046,0.3911,spring,spring_framework,['CWE-416'],['cpe:2.3:a:spring:spring_framework:*:*:*:*:*:*:*:*'],1,5
CVE-2023-11478,Privilege escalation via authenticated extension loading in postgresql postgresql component.,2024-02-09T00:00:00+00:00,2024-02-28T00:00:00+00:00,3.1,CVSS:3.1/AV:P/AC:H/PR:N/UI:R/S:C/C:N/I:H/A:N,PHYSICAL,HIGH,NONE,REQUIRED,CHANGED,NONE,HIGH,NONE,6.1,MEDIUM,0,0.0001,0.0001,postgresql,postgresql,['CWE-416'],['cpe:2.3:a:postgresql:postgresql:*:*:*:*:*:*:*:*'],1,5
CVE-2025-11479,Remote code execution via unsafe deserialization in spring spring_framework component.,2024-07-25T00:00:00+00:00,2024-10-06T00:00:00+00:00,3.1,CVSS:3.1/AV:N/AC:H/PR:H/UI:R/S:U/C:L/I:N/A:L,NETWORK,HIGH,HIGH,REQUIRED,UNCHANGED,LOW,NONE,LOW,5.4,MEDIUM,0,0.07799830092775364,0.0741,spring,spring_framework,['CWE-416'],['cpe:2.3:a:spring:spring_framework:*:*:*:*:*:*:*:*'],1,2
CVE-2024-11480,Unauthenticated remote code execution in query optimizer in oracle mysql component.,2025-09-25T00:00:00+00:00,2025-10-05T00:00:00+00:00,3.1,CVSS:3.1/AV:P/AC:H/PR:N/UI:N/S:U/C:N/I:N/A:N,PHYSICAL,HIGH,NONE,NONE,UNCHANGED,NONE,NONE,NONE,5.0,MEDIUM,0,0.02179721786985872,0.0207,oracle,mysql,['CWE-416'],['cpe:2.3:a:oracle:mysql:*:*:*:*:*:*:*:*'],1,3
CVE-2026-11481,Integer overflow in HTTP request header processing in nginx nginx component.,2023-12-06T00:00:00+00:00,2024-02-18T00:00:00+00:00,3.1,CVSS:3.1/AV:A/AC:H/PR:N/UI:R/S:U/C:H/I:N/A:H,ADJACENT_NETWORK,HIGH,NONE,REQUIRED,UNCHANGED,HIGH,NONE,HIGH,8.4,HIGH,0,0.1136663428144297,0.108,nginx,nginx,['CWE-269'],['cpe:2.3:a:nginx:nginx:*:*:*:*:*:*:*:*'],1,2
CVE-2024-11482,Denial of service via HTTP/2 frame flooding in apache http_server component.,2023-01-10T00:00:00+00:00,2023-02-22T00:00:00+00:00,3.1,CVSS:3.1/AV:L/AC:L/PR:L/UI:R/S:C/C:L/I:H/A:N,LOCAL,LOW,LOW,REQUIRED,CHANGED,LOW,HIGH,NONE,6.0,MEDIUM,0,0.08870193096630179,0.0843,apache,http_server,['CWE-89'],['cpe:2.3:a:apache:http_server:*:*:*:*:*:*:*:*'],1,4
CVE-2024-11483,Use-after-free vulnerability in eBPF subsystem in linux linux_kernel component.,2024-05-18T00:00:00+00:00,2024-06-11T00:00:00+00:00,3.1,CVSS:3.1/AV:N/AC:L/PR:H/UI:N/S:C/C:N/I:H/A:H,NETWORK,LOW,HIGH,NONE,CHANGED,NONE,HIGH,HIGH,9.9,CRITICAL,0,0.05985402114405902,0.0569,linux,linux_kernel,['CWE-89'],['cpe:2.3:a:linux:linux_kernel:*:*:*:*:*:*:*:*'],1,4
CVE-2022-11484,Use-after-free vulnerability in eBPF subsystem in linux linux_kernel component.,2021-11-30T00:00:00+00:00,2021-12-19T00:00:00+00:00,3.1,CVSS:3.1/AV:P/AC:H/PR:H/UI:N/S:C/C:N/I:H/A:L,PHYSICAL,HIGH,HIGH,NONE,CHANGED,NONE,HIGH,LOW,5.4,MEDIUM,0,0.05891491975321484,0.056,linux,linux_kernel,['CWE-269'],['cpe:2.3:a:linux:linux_kernel:*:*:*:*:*:*:*:*'],1,3
CVE-2021-11485,Command injection in management web interface in paloalto pan-os component.,2025-08-14T00:00:00+00:00,2025-10-24T00:00:00+00:00,3.1,CVSS:3.1/AV:L/AC:H/PR:L/UI:R/S:U/C:L/I:L/A:H,LOCAL,HIGH,LOW,REQUIRED,UNCHANGED,LOW,LOW,HIGH,4.7,MEDIUM,0,0.2774137139581216,0.2635,paloalto,pan-os,['CWE-89'],['cpe:2.3:a:paloalto:pan-os:*:*:*:*:*:*:*:*'],1,1
CVE-2022-11486,Out-of-bounds memory access in V8 JavaScript engine in google chrome component.,2021-09-16T00:00:00+00:00,2021-11-02T00:00:00+00:00,3.1,CVSS:3.1/AV:P/AC:L/PR:H/UI:N/S:U/C:N/I:H/A:L,PHYSICAL,LOW,HIGH,NONE,UNCHANGED,NONE,HIGH,LOW,5.8,MEDIUM,0,0.07967301445820402,0.0757,google,chrome,['CWE-119'],['cpe:2.3:a:google:chrome:*:*:*:*:*:*:*:*'],1,3
CVE-2023-11487,Remote code execution in Kerberos authentication service in microsoft windows_server component.,2021-04-19T00:00:00+00:00,2021-06-17T00:00:00+00:00,3.1,CVSS:3.1/AV:A/AC:L/PR:N/UI:R/S:C/C:N/I:H/A:N,ADJACENT_NETWORK,LOW,NONE,REQUIRED,CHANGED,NONE,HIGH,NONE,8.0,HIGH,0,0.22872466456065688,0.2173,microsoft,windows_server,['CWE-269'],['cpe:2.3:a:microsoft:windows_server:*:*:*:*:*:*:*:*'],1,3
CVE-2021-11488,Buffer overflow in TLS handshake parser in openssl openssl component.,2021-07-02T00:00:00+00:00,2021-09-03T00:00:00+00:00,3.1,CVSS:3.1/AV:A/AC:L/PR:H/UI:R/S:C/C:N/I:N/A:N,ADJACENT_NETWORK,LOW,HIGH,REQUIRED,CHANGED,NONE,NONE,NONE,5.6,MEDIUM,0,0.0007771260774458306,0.0007,openssl,openssl,['CWE-416'],['cpe:2.3:a:openssl:openssl:*:*:*:*:*:*:*:*'],1,1
CVE-2025-11489,Remote code execution in Kerberos authentication service in microsoft windows_server component.,2025-06-16T00:00:00+00:00,2025-08-03T00:00:00+00:00,3.1,CVSS:3.1/AV:N/AC:H/PR:N/UI:N/S:C/C:H/I:H/A:H,NETWORK,HIGH,NONE,NONE,CHANGED,HIGH,HIGH,HIGH,10.0,CRITICAL,0,0.1769022227741553,0.1681,microsoft,windows_server,['CWE-20'],['cpe:2.3:a:microsoft:windows_server:*:*:*:*:*:*:*:*'],1,1
CVE-2025-11490,Denial of service via HTTP/2 frame flooding in apache http_server component.,2023-02-01T00:00:00+00:00,2023-02-02T00:00:00+00:00,3.1,CVSS:3.1/AV:A/AC:H/PR:N/UI:N/S:C/C:N/I:L/A:N,ADJACENT_NETWORK,HIGH,NONE,NONE,CHANGED,NONE,LOW,NONE,7.3,HIGH,0,0.026993751852404043,0.0256,apache,http_server,['CWE-20'],['cpe:2.3:a:apache:http_server:*:*:*:*:*:*:*:*'],1,3
CVE-2024-11491,Privilege escalation via authenticated extension loading in postgresql postgresql component.,2021-04-20T00:00:00+00:00,2021-07-02T00:00:00+00:00,3.1,CVSS:3.1/AV:A/AC:L/PR:N/UI:N/S:C/C:N/I:L/A:H,ADJACENT_NETWORK,LOW,NONE,NONE,CHANGED,NONE,LOW,HIGH,8.6,HIGH,0,0.0001,0.0001,postgresql,postgresql,['CWE-269'],['cpe:2.3:a:postgresql:postgresql:*:*:*:*:*:*:*:*'],1,1
CVE-2024-11492,Buffer overflow in TLS handshake parser in openssl openssl component.,2022-06-10T00:00:00+00:00,2022-09-08T00:00:00+00:00,3.1,CVSS:3.1/AV:N/AC:H/PR:H/UI:R/S:C/C:N/I:H/A:N,NETWORK,HIGH,HIGH,REQUIRED,CHANGED,NONE,HIGH,NONE,7.0,HIGH,0,0.037031947458749284,0.0352,openssl,openssl,['CWE-787'],['cpe:2.3:a:openssl:openssl:*:*:*:*:*:*:*:*'],1,4
CVE-2025-11493,Out-of-bounds memory access in V8 JavaScript engine in google chrome component.,2024-03-19T00:00:00+00:00,2024-04-16T00:00:00+00:00,3.1,CVSS:3.1/AV:P/AC:H/PR:N/UI:R/S:C/C:L/I:N/A:L,PHYSICAL,HIGH,NONE,REQUIRED,CHANGED,LOW,NONE,LOW,4.5,MEDIUM,0,0.007929720977856963,0.0075,google,chrome,['CWE-79'],['cpe:2.3:a:google:chrome:*:*:*:*:*:*:*:*'],1,5
CVE-2022-11494,Remote code execution via unsafe deserialization in spring spring_framework component.,2023-08-30T00:00:00+00:00,2023-09-25T00:00:00+00:00,3.1,CVSS:3.1/AV:L/AC:L/PR:N/UI:N/S:U/C:L/I:L/A:N,LOCAL,LOW,NONE,NONE,UNCHANGED,LOW,LOW,NONE,6.8,MEDIUM,0,0.0004905886290605644,0.0005,spring,spring_framework,['CWE-89'],['cpe:2.3:a:spring:spring_framework:*:*:*:*:*:*:*:*'],1,3
CVE-2026-11495,Remote code execution via unsafe deserialization in spring spring_framework component.,2024-06-04T00:00:00+00:00,2024-07-26T00:00:00+00:00,3.1,CVSS:3.1/AV:A/AC:L/PR:N/UI:R/S:C/C:N/I:H/A:L,ADJACENT_NETWORK,LOW,NONE,REQUIRED,CHANGED,NONE,HIGH,LOW,8.5,HIGH,0,0.06902851927172331,0.0656,spring,spring_framework,['CWE-787'],['cpe:2.3:a:spring:spring_framework:*:*:*:*:*:*:*:*'],1,3
CVE-2022-11496,Remote code execution via unsafe deserialization in spring spring_framework component.,2022-11-22T00:00:00+00:00,2022-12-12T00:00:00+00:00,3.1,CVSS:3.1/AV:P/AC:L/PR:L/UI:R/S:C/C:N/I:H/A:L,PHYSICAL,LOW,LOW,REQUIRED,CHANGED,NONE,HIGH,LOW,6.1,MEDIUM,0,0.2232725652563398,0.2121,spring,spring_framework,['CWE-787'],['cpe:2.3:a:spring:spring_framework:*:*:*:*:*:*:*:*'],1,2
CVE-2025-11497,Out-of-bounds memory access in V8 JavaScript engine in google chrome component.,2022-03-25T00:00:00+00:00,2022-04-27T00:00:00+00:00,3.1,CVSS:3.1/AV:L/AC:L/PR:H/UI:R/S:U/C:L/I:N/A:L,LOCAL,LOW,HIGH,REQUIRED,UNCHANGED,LOW,NONE,LOW,4.6,MEDIUM,0,0.023123222307323082,0.022,google,chrome,['CWE-200'],['cpe:2.3:a:google:chrome:*:*:*:*:*:*:*:*'],1,4
CVE-2025-11498,Command injection in management web interface in paloalto pan-os component.,2021-04-08T00:00:00+00:00,2021-05-21T00:00:00+00:00,3.1,CVSS:3.1/AV:L/AC:L/PR:L/UI:R/S:C/C:H/I:N/A:L,LOCAL,LOW,LOW,REQUIRED,CHANGED,HIGH,NONE,LOW,5.9,MEDIUM,0,0.03267926013157209,0.031,paloalto,pan-os,['CWE-269'],['cpe:2.3:a:paloalto:pan-os:*:*:*:*:*:*:*:*'],1,4
CVE-2023-11499,Out-of-bounds memory access in V8 JavaScript engine in google chrome component.,2022-12-23T00:00:00+00:00,2023-01-03T00:00:00+00:00,3.1,CVSS:3.1/AV:L/AC:H/PR:N/UI:N/S:U/C:H/I:N/A:H,LOCAL,HIGH,NONE,NONE,UNCHANGED,HIGH,NONE,HIGH,7.5,HIGH,0,0.029688360315969997,0.0282,google,chrome,['CWE-20'],['cpe:2.3:a:google:chrome:*:*:*:*:*:*:*:*'],1,5
CVE-2023-11500,Unauthenticated remote code execution in query optimizer in oracle mysql component.,2021-08-08T00:00:00+00:00,2021-08-14T00:00:00+00:00,3.1,CVSS:3.1/AV:P/AC:H/PR:H/UI:N/S:U/C:N/I:N/A:N,PHYSICAL,HIGH,HIGH,NONE,UNCHANGED,NONE,NONE,NONE,3.6,LOW,0,0.001885990706686586,0.0018,oracle,mysql,['CWE-79'],['cpe:2.3:a:oracle:mysql:*:*:*:*:*:*:*:*'],1,4
CVE-2024-11501,Remote code execution via unsafe deserialization in spring spring_framework component.,2021-07-14T00:00:00+00:00,2021-09-29T00:00:00+00:00,3.1,CVSS:3.1/AV:N/AC:L/PR:L/UI:R/S:C/C:H/I:L/A:N,NETWORK,LOW,LOW,REQUIRED,CHANGED,HIGH,LOW,NONE,7.5,HIGH,0,0.0017712652189619802,0.0017,spring,spring_framework,['CWE-89'],['cpe:2.3:a:spring:spring_framework:*:*:*:*:*:*:*:*'],1,2
CVE-2024-11502,Buffer overflow in TLS handshake parser in openssl openssl component.,2025-01-08T00:00:00+00:00,2025-03-29T00:00:00+00:00,3.1,CVSS:3.1/AV:L/AC:L/PR:L/UI:R/S:U/C:H/I:N/A:N,LOCAL,LOW,LOW,REQUIRED,UNCHANGED,HIGH,NONE,NONE,5.4,MEDIUM,0,0.01095497681045109,0.0104,openssl,openssl,['CWE-79'],['cpe:2.3:a:openssl:openssl:*:*:*:*:*:*:*:*'],1,2
CVE-2024-11503,Command injection in management web interface in paloalto pan-os component.,2022-10-05T00:00:00+00:00,2022-12-17T00:00:00+00:00,3.1,CVSS:3.1/AV:L/AC:L/PR:N/UI:N/S:C/C:H/I:N/A:N,LOCAL,LOW,NONE,NONE,CHANGED,HIGH,NONE,NONE,8.2,HIGH,0,0.017752910220609982,0.0169,paloalto,pan-os,['CWE-269'],['cpe:2.3:a:paloalto:pan-os:*:*:*:*:*:*:*:*'],1,1
CVE-2022-11504,Unauthenticated remote code execution in query optimizer in oracle mysql component.,2025-11-03T00:00:00+00:00,2025-11-27T00:00:00+00:00,3.1,CVSS:3.1/AV:L/AC:H/PR:L/UI:R/S:U/C:L/I:L/A:N,LOCAL,HIGH,LOW,REQUIRED,UNCHANGED,LOW,LOW,NONE,4.1,MEDIUM,0,0.005614381727130148,0.0053,oracle,mysql,['CWE-787'],['cpe:2.3:a:oracle:mysql:*:*:*:*:*:*:*:*'],1,1
CVE-2026-11505,Integer overflow in HTTP request header processing in nginx nginx component.,2022-01-27T00:00:00+00:00,2022-02-13T00:00:00+00:00,3.1,CVSS:3.1/AV:P/AC:L/PR:L/UI:R/S:U/C:N/I:H/A:N,PHYSICAL,LOW,LOW,REQUIRED,UNCHANGED,NONE,HIGH,NONE,4.9,MEDIUM,0,0.01004304822018052,0.0095,nginx,nginx,['CWE-20'],['cpe:2.3:a:nginx:nginx:*:*:*:*:*:*:*:*'],1,1
CVE-2023-11506,Remote code execution in Kerberos authentication service in microsoft windows_server component.,2024-10-19T00:00:00+00:00,2025-01-07T00:00:00+00:00,3.1,CVSS:3.1/AV:A/AC:H/PR:H/UI:N/S:U/C:H/I:H/A:N,ADJACENT_NETWORK,HIGH,HIGH,NONE,UNCHANGED,HIGH,HIGH,NONE,6.7,MEDIUM,0,0.08892063169710186,0.0845,microsoft,windows_server,['CWE-20'],['cpe:2.3:a:microsoft:windows_server:*:*:*:*:*:*:*:*'],1,3
CVE-2022-11507,Unauthenticated remote code execution in query optimizer in oracle mysql component.,2021-03-06T00:00:00+00:00,2021-04-03T00:00:00+00:00,3.1,CVSS:3.1/AV:P/AC:L/PR:H/UI:R/S:U/C:N/I:H/A:L,PHYSICAL,LOW,HIGH,REQUIRED,UNCHANGED,NONE,HIGH,LOW,4.9,MEDIUM,0,0.06716678968576781,0.0638,oracle,mysql,['CWE-79'],['cpe:2.3:a:oracle:mysql:*:*:*:*:*:*:*:*'],1,2
CVE-2025-11508,Unauthenticated remote code execution in query optimizer in oracle mysql component.,2024-06-16T00:00:00+00:00,2024-07-09T00:00:00+00:00,3.1,CVSS:3.1/AV:L/AC:H/PR:N/UI:R/S:C/C:N/I:N/A:L,LOCAL,HIGH,NONE,REQUIRED,CHANGED,NONE,NONE,LOW,6.0,MEDIUM,0,0.0016723965046662205,0.0016,oracle,mysql,['CWE-416'],['cpe:2.3:a:oracle:mysql:*:*:*:*:*:*:*:*'],1,1
CVE-2021-11509,Buffer overflow in TLS handshake parser in openssl openssl component.,2023-04-15T00:00:00+00:00,2023-06-17T00:00:00+00:00,3.1,CVSS:3.1/AV:N/AC:L/PR:L/UI:R/S:U/C:N/I:H/A:L,NETWORK,LOW,LOW,REQUIRED,UNCHANGED,NONE,HIGH,LOW,7.4,HIGH,0,0.02350978342701664,0.0223,openssl,openssl,['CWE-787'],['cpe:2.3:a:openssl:openssl:*:*:*:*:*:*:*:*'],1,4
CVE-2021-11510,Use-after-free vulnerability in eBPF subsystem in linux linux_kernel component.,2025-05-13T00:00:00+00:00,2025-08-11T00:00:00+00:00,3.1,CVSS:3.1/AV:A/AC:H/PR:H/UI:R/S:U/C:H/I:N/A:H,ADJACENT_NETWORK,HIGH,HIGH,REQUIRED,UNCHANGED,HIGH,NONE,HIGH,6.6,MEDIUM,0,0.10382491872920115,0.0986,linux,linux_kernel,['CWE-119'],['cpe:2.3:a:linux:linux_kernel:*:*:*:*:*:*:*:*'],1,5
CVE-2023-11511,Use-after-free vulnerability in eBPF subsystem in linux linux_kernel component.,2024-04-04T00:00:00+00:00,2024-07-03T00:00:00+00:00,3.1,CVSS:3.1/AV:L/AC:L/PR:N/UI:N/S:C/C:L/I:L/A:L,LOCAL,LOW,NONE,NONE,CHANGED,LOW,LOW,LOW,7.2,HIGH,0,0.038699770558294544,0.0368,linux,linux_kernel,['CWE-89'],['cpe:2.3:a:linux:linux_kernel:*:*:*:*:*:*:*:*'],1,3
CVE-2021-11512,Unauthenticated remote code execution in query optimizer in oracle mysql component.,2022-03-23T00:00:00+00:00,2022-04-13T00:00:00+00:00,3.1,CVSS:3.1/AV:L/AC:L/PR:N/UI:R/S:U/C:L/I:L/A:L,LOCAL,LOW,NONE,REQUIRED,UNCHANGED,LOW,LOW,LOW,6.4,MEDIUM,0,0.04766421872884573,0.0453,oracle,mysql,['CWE-89'],['cpe:2.3:a:oracle:mysql:*:*:*:*:*:*:*:*'],1,4
CVE-2023-11513,Command injection in management web interface in paloalto pan-os component.,2021-08-05T00:00:00+00:00,2021-10-03T00:00:00+00:00,3.1,CVSS:3.1/AV:L/AC:L/PR:H/UI:N/S:U/C:H/I:H/A:H,LOCAL,LOW,HIGH,NONE,UNCHANGED,HIGH,HIGH,HIGH,8.4,HIGH,0,0.0012556778011709245,0.0012,paloalto,pan-os,['CWE-89'],['cpe:2.3:a:paloalto:pan-os:*:*:*:*:*:*:*:*'],1,2
CVE-2023-11514,Privilege escalation via authenticated extension loading in postgresql postgresql component.,2022-11-09T00:00:00+00:00,2022-11-22T00:00:00+00:00,3.1,CVSS:3.1/AV:N/AC:L/PR:H/UI:N/S:U/C:H/I:L/A:H,NETWORK,LOW,HIGH,NONE,UNCHANGED,HIGH,LOW,HIGH,8.9,HIGH,1,0.049475747493131744,0.047,postgresql,postgresql,['CWE-119'],['cpe:2.3:a:postgresql:postgresql:*:*:*:*:*:*:*:*'],1,1
CVE-2025-11515,Remote code execution via unsafe deserialization in spring spring_framework component.,2023-04-28T00:00:00+00:00,2023-07-03T00:00:00+00:00,3.1,CVSS:3.1/AV:L/AC:L/PR:N/UI:N/S:U/C:N/I:L/A:L,LOCAL,LOW,NONE,NONE,UNCHANGED,NONE,LOW,LOW,7.3,HIGH,0,0.07143401201766136,0.0679,spring,spring_framework,['CWE-787'],['cpe:2.3:a:spring:spring_framework:*:*:*:*:*:*:*:*'],1,2
CVE-2025-11516,Command injection in management web interface in paloalto pan-os component.,2021-01-14T00:00:00+00:00,2021-02-20T00:00:00+00:00,3.1,CVSS:3.1/AV:L/AC:H/PR:L/UI:R/S:C/C:H/I:N/A:N,LOCAL,HIGH,LOW,REQUIRED,CHANGED,HIGH,NONE,NONE,6.1,MEDIUM,0,0.06438797925304947,0.0612,paloalto,pan-os,['CWE-89'],['cpe:2.3:a:paloalto:pan-os:*:*:*:*:*:*:*:*'],1,5
CVE-2024-11517,Out-of-bounds memory access in V8 JavaScript engine in google chrome component.,2022-10-01T00:00:00+00:00,2022-10-23T00:00:00+00:00,3.1,CVSS:3.1/AV:P/AC:L/PR:N/UI:N/S:C/C:H/I:N/A:N,PHYSICAL,LOW,NONE,NONE,CHANGED,HIGH,NONE,NONE,7.6,HIGH,0,0.0876330185444499,0.0833,google,chrome,['CWE-89'],['cpe:2.3:a:google:chrome:*:*:*:*:*:*:*:*'],1,4
CVE-2023-11518,Unauthenticated remote code execution in query optimizer in oracle mysql component.,2023-12-03T00:00:00+00:00,2023-12-27T00:00:00+00:00,3.1,CVSS:3.1/AV:N/AC:H/PR:L/UI:R/S:U/C:H/I:H/A:N,NETWORK,HIGH,LOW,REQUIRED,UNCHANGED,HIGH,HIGH,NONE,7.5,HIGH,0,0.00012568054258765515,0.0001,oracle,mysql,['CWE-20'],['cpe:2.3:a:oracle:mysql:*:*:*:*:*:*:*:*'],1,4
CVE-2021-11519,Denial of service via HTTP/2 frame flooding in apache http_server component.,2025-06-29T00:00:00+00:00,2025-08-13T00:00:00+00:00,3.1,CVSS:3.1/AV:A/AC:L/PR:H/UI:N/S:U/C:N/I:L/A:H,ADJACENT_NETWORK,LOW,HIGH,NONE,UNCHANGED,NONE,LOW,HIGH,7.2,HIGH,0,0.0010684380686048784,0.001,apache,http_server,['CWE-89'],['cpe:2.3:a:apache:http_server:*:*:*:*:*:*:*:*'],1,1
CVE-2026-11520,Out-of-bounds memory access in V8 JavaScript engine in google chrome component.,2024-09-14T00:00:00+00:00,2024-10-06T00:00:00+00:00,3.1,CVSS:3.1/AV:N/AC:H/PR:H/UI:N/S:C/C:H/I:N/A:H,NETWORK,HIGH,HIGH,NONE,CHANGED,HIGH,NONE,HIGH,9.2,CRITICAL,0,0.5213731067090783,0.4953,google,chrome,['CWE-79'],['cpe:2.3:a:google:chrome:*:*:*:*:*:*:*:*'],1,4
CVE-2021-11521,Denial of service via HTTP/2 frame flooding in apache http_server component.,2023-10-28T00:00:00+00:00,2023-12-23T00:00:00+00:00,3.1,CVSS:3.1/AV:A/AC:H/PR:L/UI:N/S:C/C:H/I:H/A:L,ADJACENT_NETWORK,HIGH,LOW,NONE,CHANGED,HIGH,HIGH,LOW,7.6,HIGH,0,0.03337685277772266,0.0317,apache,http_server,['CWE-787'],['cpe:2.3:a:apache:http_server:*:*:*:*:*:*:*:*'],1,2
CVE-2024-11522,Denial of service via HTTP/2 frame flooding in apache http_server component.,2024-02-13T00:00:00+00:00,2024-04-20T00:00:00+00:00,3.1,CVSS:3.1/AV:N/AC:L/PR:L/UI:N/S:C/C:H/I:H/A:H,NETWORK,LOW,LOW,NONE,CHANGED,HIGH,HIGH,HIGH,10.0,CRITICAL,0,0.19363706538155356,0.184,apache,http_server,['CWE-79'],['cpe:2.3:a:apache:http_server:*:*:*:*:*:*:*:*'],1,5
CVE-2025-11523,Remote code execution in Kerberos authentication service in microsoft windows_server component.,2021-11-13T00:00:00+00:00,2022-01-18T00:00:00+00:00,3.1,CVSS:3.1/AV:P/AC:L/PR:H/UI:R/S:C/C:L/I:N/A:H,PHYSICAL,LOW,HIGH,REQUIRED,CHANGED,LOW,NONE,HIGH,5.4,MEDIUM,0,0.022031354538245534,0.0209,microsoft,windows_server,['CWE-79'],['cpe:2.3:a:microsoft:windows_server:*:*:*:*:*:*:*:*'],1,5
CVE-2022-11524,Command injection in management web interface in paloalto pan-os component.,2025-01-19T00:00:00+00:00,2025-03-22T00:00:00+00:00,3.1,CVSS:3.1/AV:A/AC:L/PR:N/UI:N/S:U/C:H/I:L/A:H,ADJACENT_NETWORK,LOW,NONE,NONE,UNCHANGED,HIGH,LOW,HIGH,9.8,CRITICAL,0,0.012914390506721964,0.0123,paloalto,pan-os,['CWE-89'],['cpe:2.3:a:paloalto:pan-os:*:*:*:*:*:*:*:*'],1,2
CVE-2026-11525,Command injection in management web interface in paloalto pan-os component.,2021-11-15T00:00:00+00:00,2021-11-23T00:00:00+00:00,3.1,CVSS:3.1/AV:L/AC:L/PR:L/UI:R/S:C/C:L/I:H/A:N,LOCAL,LOW,LOW,REQUIRED,CHANGED,LOW,HIGH,NONE,6.2,MEDIUM,0,0.004191871067939802,0.004,paloalto,pan-os,['CWE-89'],['cpe:2.3:a:paloalto:pan-os:*:*:*:*:*:*:*:*'],1,5
CVE-2021-11526,Denial of service via HTTP/2 frame flooding in apache http_server component.,2023-05-14T00:00:00+00:00,2023-06-30T00:00:00+00:00,3.1,CVSS:3.1/AV:A/AC:L/PR:H/UI:N/S:U/C:N/I:N/A:H,ADJACENT_NETWORK,LOW,HIGH,NONE,UNCHANGED,NONE,NONE,HIGH,7.5,HIGH,0,0.1658692453765888,0.1576,apache,http_server,['CWE-119'],['cpe:2.3:a:apache:http_server:*:*:*:*:*:*:*:*'],1,1
CVE-2026-11527,Use-after-free vulnerability in eBPF subsystem in linux linux_kernel component.,2024-11-26T00:00:00+00:00,2024-12-16T00:00:00+00:00,3.1,CVSS:3.1/AV:A/AC:L/PR:N/UI:R/S:C/C:L/I:N/A:H,ADJACENT_NETWORK,LOW,NONE,REQUIRED,CHANGED,LOW,NONE,HIGH,8.6,HIGH,0,0.04881780261141244,0.0464,linux,linux_kernel,['CWE-79'],['cpe:2.3:a:linux:linux_kernel:*:*:*:*:*:*:*:*'],1,2
CVE-2026-11528,Unauthenticated remote code execution in query optimizer in oracle mysql component.,2022-02-02T00:00:00+00:00,2022-02-08T00:00:00+00:00,3.1,CVSS:3.1/AV:A/AC:L/PR:L/UI:R/S:U/C:L/I:L/A:L,ADJACENT_NETWORK,LOW,LOW,REQUIRED,UNCHANGED,LOW,LOW,LOW,5.8,MEDIUM,0,0.17869047043192854,0.1698,oracle,mysql,['CWE-119'],['cpe:2.3:a:oracle:mysql:*:*:*:*:*:*:*:*'],1,1
CVE-2023-11529,Buffer overflow in TLS handshake parser in openssl openssl component.,2025-01-04T00:00:00+00:00,2025-03-22T00:00:00+00:00,3.1,CVSS:3.1/AV:A/AC:H/PR:L/UI:R/S:C/C:L/I:H/A:N,ADJACENT_NETWORK,HIGH,LOW,REQUIRED,CHANGED,LOW,HIGH,NONE,6.7,MEDIUM,0,0.5423107038803372,0.5152,openssl,openssl,['CWE-119'],['cpe:2.3:a:openssl:openssl:*:*:*:*:*:*:*:*'],1,2
CVE-2026-11530,Denial of service via HTTP/2 frame flooding in apache http_server component.,2021-02-16T00:00:00+00:00,2021-05-11T00:00:00+00:00,3.1,CVSS:3.1/AV:A/AC:L/PR:L/UI:N/S:C/C:L/I:L/A:H,ADJACENT_NETWORK,LOW,LOW,NONE,CHANGED,LOW,LOW,HIGH,7.6,HIGH,0,0.07751950246883897,0.0736,apache,http_server,['CWE-20'],['cpe:2.3:a:apache:http_server:*:*:*:*:*:*:*:*'],1,2
CVE-2026-11531,Out-of-bounds memory access in V8 JavaScript engine in google chrome component.,2023-12-24T00:00:00+00:00,2024-01-21T00:00:00+00:00,3.1,CVSS:3.1/AV:N/AC:L/PR:L/UI:N/S:C/C:N/I:H/A:L,NETWORK,LOW,LOW,NONE,CHANGED,NONE,HIGH,LOW,9.3,CRITICAL,0,0.10636133730687618,0.101,google,chrome,['CWE-89'],['cpe:2.3:a:google:chrome:*:*:*:*:*:*:*:*'],1,5
CVE-2022-11532,Denial of service via HTTP/2 frame flooding in apache http_server component.,2021-08-31T00:00:00+00:00,2021-10-24T00:00:00+00:00,3.1,CVSS:3.1/AV:P/AC:L/PR:H/UI:N/S:C/C:L/I:H/A:L,PHYSICAL,LOW,HIGH,NONE,CHANGED,LOW,HIGH,LOW,6.1,MEDIUM,0,0.13005078216777932,0.1235,apache,http_server,['CWE-416'],['cpe:2.3:a:apache:http_server:*:*:*:*:*:*:*:*'],1,4
CVE-2021-11533,Integer overflow in HTTP request header processing in nginx nginx component.,2023-02-24T00:00:00+00:00,2023-03-26T00:00:00+00:00,3.1,CVSS:3.1/AV:P/AC:L/PR:N/UI:R/S:C/C:L/I:N/A:L,PHYSICAL,LOW,NONE,REQUIRED,CHANGED,LOW,NONE,LOW,5.8,MEDIUM,0,0.10692172676784503,0.1016,nginx,nginx,['CWE-200'],['cpe:2.3:a:nginx:nginx:*:*:*:*:*:*:*:*'],1,3
CVE-2026-11534,Use-after-free vulnerability in eBPF subsystem in linux linux_kernel component.,2021-03-16T00:00:00+00:00,2021-05-12T00:00:00+00:00,3.1,CVSS:3.1/AV:P/AC:H/PR:N/UI:R/S:U/C:H/I:N/A:H,PHYSICAL,HIGH,NONE,REQUIRED,UNCHANGED,HIGH,NONE,HIGH,6.0,MEDIUM,0,0.28529054607491916,0.271,linux,linux_kernel,['CWE-416'],['cpe:2.3:a:linux:linux_kernel:*:*:*:*:*:*:*:*'],1,3
CVE-2023-11535,Buffer overflow in TLS handshake parser in openssl openssl component.,2024-08-18T00:00:00+00:00,2024-11-04T00:00:00+00:00,3.1,CVSS:3.1/AV:P/AC:L/PR:L/UI:N/S:U/C:N/I:L/A:N,PHYSICAL,LOW,LOW,NONE,UNCHANGED,NONE,LOW,NONE,4.9,MEDIUM,0,0.00905194456943229,0.0086,openssl,openssl,['CWE-416'],['cpe:2.3:a:openssl:openssl:*:*:*:*:*:*:*:*'],1,1
CVE-2023-11536,Denial of service via HTTP/2 frame flooding in apache http_server component.,2021-10-28T00:00:00+00:00,2021-11-30T00:00:00+00:00,3.1,CVSS:3.1/AV:A/AC:H/PR:H/UI:N/S:C/C:H/I:H/A:H,ADJACENT_NETWORK,HIGH,HIGH,NONE,CHANGED,HIGH,HIGH,HIGH,8.6,HIGH,0,0.0413164068158294,0.0393,apache,http_server,['CWE-269'],['cpe:2.3:a:apache:http_server:*:*:*:*:*:*:*:*'],1,3
CVE-2021-11537,Command injection in management web interface in paloalto pan-os component.,2024-10-22T00:00:00+00:00,2024-12-27T00:00:00+00:00,3.1,CVSS:3.1/AV:N/AC:H/PR:H/UI:N/S:C/C:N/I:H/A:N,NETWORK,HIGH,HIGH,NONE,CHANGED,NONE,HIGH,NONE,7.4,HIGH,0,0.07231288853273661,0.0687,paloalto,pan-os,['CWE-200'],['cpe:2.3:a:paloalto:pan-os:*:*:*:*:*:*:*:*'],1,1
CVE-2025-11538,Out-of-bounds memory access in V8 JavaScript engine in google chrome component.,2024-10-30T00:00:00+00:00,2024-12-18T00:00:00+00:00,3.1,CVSS:3.1/AV:L/AC:L/PR:N/UI:R/S:U/C:N/I:H/A:L,LOCAL,LOW,NONE,REQUIRED,UNCHANGED,NONE,HIGH,LOW,6.5,MEDIUM,0,0.0001,0.0001,google,chrome,['CWE-787'],['cpe:2.3:a:google:chrome:*:*:*:*:*:*:*:*'],1,2
CVE-2026-11539,Unauthenticated remote code execution in query optimizer in oracle mysql component.,2021-04-28T00:00:00+00:00,2021-06-14T00:00:00+00:00,3.1,CVSS:3.1/AV:A/AC:L/PR:N/UI:R/S:U/C:N/I:H/A:N,ADJACENT_NETWORK,LOW,NONE,REQUIRED,UNCHANGED,NONE,HIGH,NONE,8.2,HIGH,0,0.0034784763126074893,0.0033,oracle,mysql,['CWE-79'],['cpe:2.3:a:oracle:mysql:*:*:*:*:*:*:*:*'],1,1
CVE-2026-11540,Unauthenticated remote code execution in query optimizer in oracle mysql component.,2023-12-20T00:00:00+00:00,2024-02-22T00:00:00+00:00,3.1,CVSS:3.1/AV:P/AC:L/PR:L/UI:R/S:C/C:L/I:H/A:L,PHYSICAL,LOW,LOW,REQUIRED,CHANGED,LOW,HIGH,LOW,5.4,MEDIUM,0,0.04356058134510488,0.0414,oracle,mysql,['CWE-200'],['cpe:2.3:a:oracle:mysql:*:*:*:*:*:*:*:*'],1,4
CVE-2024-11541,Unauthenticated remote code execution in query optimizer in oracle mysql component.,2023-04-03T00:00:00+00:00,2023-06-18T00:00:00+00:00,3.1,CVSS:3.1/AV:L/AC:H/PR:N/UI:R/S:U/C:L/I:L/A:H,LOCAL,HIGH,NONE,REQUIRED,UNCHANGED,LOW,LOW,HIGH,6.4,MEDIUM,0,0.09975692220092118,0.0948,oracle,mysql,['CWE-787'],['cpe:2.3:a:oracle:mysql:*:*:*:*:*:*:*:*'],1,3
CVE-2024-11542,Remote code execution in Kerberos authentication service in microsoft windows_server component.,2025-01-31T00:00:00+00:00,2025-04-18T00:00:00+00:00,3.1,CVSS:3.1/AV:P/AC:L/PR:L/UI:N/S:C/C:N/I:N/A:N,PHYSICAL,LOW,LOW,NONE,CHANGED,NONE,NONE,NONE,5.9,MEDIUM,0,0.21082950822923016,0.2003,microsoft,windows_server,['CWE-269'],['cpe:2.3:a:microsoft:windows_server:*:*:*:*:*:*:*:*'],1,3
CVE-2021-11543,Unauthenticated remote code execution in query optimizer in oracle mysql component.,2024-01-02T00:00:00+00:00,2024-04-01T00:00:00+00:00,3.1,CVSS:3.1/AV:N/AC:H/PR:H/UI:R/S:U/C:L/I:N/A:L,NETWORK,HIGH,HIGH,REQUIRED,UNCHANGED,LOW,NONE,LOW,5.7,MEDIUM,0,0.02277511349995832,0.0216,oracle,mysql,['CWE-89'],['cpe:2.3:a:oracle:mysql:*:*:*:*:*:*:*:*'],1,3
CVE-2025-11544,Unauthenticated remote code execution in query optimizer in oracle mysql component.,2023-02-20T00:00:00+00:00,2023-04-12T00:00:00+00:00,3.1,CVSS:3.1/AV:L/AC:H/PR:N/UI:N/S:U/C:N/I:L/A:L,LOCAL,HIGH,NONE,NONE,UNCHANGED,NONE,LOW,LOW,5.2,MEDIUM,0,0.18885062864925312,0.1794,oracle,mysql,['CWE-89'],['cpe:2.3:a:oracle:mysql:*:*:*:*:*:*:*:*'],1,2
CVE-2026-11545,Unauthenticated remote code execution in query optimizer in oracle mysql component.,2024-04-20T00:00:00+00:00,2024-05-06T00:00:00+00:00,3.1,CVSS:3.1/AV:L/AC:L/PR:L/UI:N/S:C/C:N/I:H/A:L,LOCAL,LOW,LOW,NONE,CHANGED,NONE,HIGH,LOW,7.2,HIGH,0,0.06312306976538772,0.06,oracle,mysql,['CWE-119'],['cpe:2.3:a:oracle:mysql:*:*:*:*:*:*:*:*'],1,2
CVE-2024-11546,Command injection in management web interface in paloalto pan-os component.,2025-07-31T00:00:00+00:00,2025-08-15T00:00:00+00:00,3.1,CVSS:3.1/AV:L/AC:H/PR:L/UI:N/S:U/C:L/I:H/A:L,LOCAL,HIGH,LOW,NONE,UNCHANGED,LOW,HIGH,LOW,5.1,MEDIUM,0,0.09412369991411795,0.0894,paloalto,pan-os,['CWE-119'],['cpe:2.3:a:paloalto:pan-os:*:*:*:*:*:*:*:*'],1,4
CVE-2021-11547,Privilege escalation via authenticated extension loading in postgresql postgresql component.,2024-10-26T00:00:00+00:00,2024-10-29T00:00:00+00:00,3.1,CVSS:3.1/AV:N/AC:L/PR:L/UI:R/S:U/C:N/I:N/A:N,NETWORK,LOW,LOW,REQUIRED,UNCHANGED,NONE,NONE,NONE,6.4,MEDIUM,0,0.012961706334921821,0.0123,postgresql,postgresql,['CWE-269'],['cpe:2.3:a:postgresql:postgresql:*:*:*:*:*:*:*:*'],1,5
CVE-2021-11548,Integer overflow in HTTP request header processing in nginx nginx component.,2024-02-15T00:00:00+00:00,2024-03-22T00:00:00+00:00,3.1,CVSS:3.1/AV:L/AC:L/PR:N/UI:R/S:C/C:H/I:N/A:L,LOCAL,LOW,NONE,REQUIRED,CHANGED,HIGH,NONE,LOW,7.4,HIGH,0,0.21580547837458625,0.205,nginx,nginx,['CWE-787'],['cpe:2.3:a:nginx:nginx:*:*:*:*:*:*:*:*'],1,3
CVE-2026-11549,Use-after-free vulnerability in eBPF subsystem in linux linux_kernel component.,2024-08-25T00:00:00+00:00,2024-11-20T00:00:00+00:00,3.1,CVSS:3.1/AV:P/AC:L/PR:N/UI:R/S:U/C:H/I:N/A:H,PHYSICAL,LOW,NONE,REQUIRED,UNCHANGED,HIGH,NONE,HIGH,6.6,MEDIUM,0,0.016219603070945398,0.0154,linux,linux_kernel,['CWE-20'],['cpe:2.3:a:linux:linux_kernel:*:*:*:*:*:*:*:*'],1,5
CVE-2023-11550,Remote code execution in Kerberos authentication service in microsoft windows_server component.,2025-11-28T00:00:00+00:00,2025-12-17T00:00:00+00:00,3.1,CVSS:3.1/AV:A/AC:H/PR:L/UI:R/S:U/C:H/I:L/A:L,ADJACENT_NETWORK,HIGH,LOW,REQUIRED,UNCHANGED,HIGH,LOW,LOW,5.4,MEDIUM,0,0.09744866002615897,0.0926,microsoft,windows_server,['CWE-269'],['cpe:2.3:a:microsoft:windows_server:*:*:*:*:*:*:*:*'],1,4
CVE-2022-11551,Privilege escalation via authenticated extension loading in postgresql postgresql component.,2023-08-17T00:00:00+00:00,2023-08-18T00:00:00+00:00,3.1,CVSS:3.1/AV:N/AC:H/PR:N/UI:N/S:C/C:N/I:L/A:H,NETWORK,HIGH,NONE,NONE,CHANGED,NONE,LOW,HIGH,9.2,CRITICAL,1,0.028370322874392374,0.027,postgresql,postgresql,['CWE-269'],['cpe:2.3:a:postgresql:postgresql:*:*:*:*:*:*:*:*'],1,3
CVE-2026-11552,Remote code execution via unsafe deserialization in spring spring_framework component.,2021-04-04T00:00:00+00:00,2021-04-09T00:00:00+00:00,3.1,CVSS:3.1/AV:N/AC:L/PR:L/UI:N/S:U/C:N/I:L/A:N,NETWORK,LOW,LOW,NONE,UNCHANGED,NONE,LOW,NONE,7.3,HIGH,0,0.03905696164404378,0.0371,spring,spring_framework,['CWE-269'],['cpe:2.3:a:spring:spring_framework:*:*:*:*:*:*:*:*'],1,4
CVE-2021-11553,Privilege escalation via authenticated extension loading in postgresql postgresql component.,2023-05-22T00:00:00+00:00,2023-05-26T00:00:00+00:00,3.1,CVSS:3.1/AV:L/AC:L/PR:H/UI:N/S:U/C:L/I:H/A:H,LOCAL,LOW,HIGH,NONE,UNCHANGED,LOW,HIGH,HIGH,7.6,HIGH,0,0.00027411032804592955,0.0003,postgresql,postgresql,['CWE-79'],['cpe:2.3:a:postgresql:postgresql:*:*:*:*:*:*:*:*'],1,4
CVE-2021-11554,Command injection in management web interface in paloalto pan-os component.,2022-02-11T00:00:00+00:00,2022-02-27T00:00:00+00:00,3.1,CVSS:3.1/AV:A/AC:H/PR:H/UI:R/S:C/C:H/I:N/A:H,ADJACENT_NETWORK,HIGH,HIGH,REQUIRED,CHANGED,HIGH,NONE,HIGH,7.0,HIGH,0,0.0092063781464285,0.0087,paloalto,pan-os,['CWE-416'],['cpe:2.3:a:paloalto:pan-os:*:*:*:*:*:*:*:*'],1,2
CVE-2025-11555,Buffer overflow in TLS handshake parser in openssl openssl component.,2024-08-13T00:00:00+00:00,2024-09-06T00:00:00+00:00,3.1,CVSS:3.1/AV:P/AC:L/PR:L/UI:N/S:C/C:H/I:L/A:H,PHYSICAL,LOW,LOW,NONE,CHANGED,HIGH,LOW,HIGH,7.5,HIGH,0,0.0509295693558692,0.0484,openssl,openssl,['CWE-119'],['cpe:2.3:a:openssl:openssl:*:*:*:*:*:*:*:*'],1,2
CVE-2022-11556,Command injection in management web interface in paloalto pan-os component.,2021-11-05T00:00:00+00:00,2022-01-26T00:00:00+00:00,3.1,CVSS:3.1/AV:P/AC:L/PR:H/UI:N/S:U/C:N/I:L/A:L,PHYSICAL,LOW,HIGH,NONE,UNCHANGED,NONE,LOW,LOW,4.3,MEDIUM,0,0.004643341606589764,0.0044,paloalto,pan-os,['CWE-787'],['cpe:2.3:a:paloalto:pan-os:*:*:*:*:*:*:*:*'],1,2
CVE-2022-11557,Unauthenticated remote code execution in query optimizer in oracle mysql component.,2021-09-22T00:00:00+00:00,2021-10-22T00:00:00+00:00,3.1,CVSS:3.1/AV:P/AC:H/PR:N/UI:R/S:U/C:L/I:L/A:N,PHYSICAL,HIGH,NONE,REQUIRED,UNCHANGED,LOW,LOW,NONE,4.7,MEDIUM,0,0.02122666818741027,0.0202,oracle,mysql,['CWE-20'],['cpe:2.3:a:oracle:mysql:*:*:*:*:*:*:*:*'],1,5
CVE-2021-11558,Integer overflow in HTTP request header processing in nginx nginx component.,2023-11-14T00:00:00+00:00,2023-12-08T00:00:00+00:00,3.1,CVSS:3.1/AV:P/AC:H/PR:N/UI:N/S:U/C:L/I:N/A:N,PHYSICAL,HIGH,NONE,NONE,UNCHANGED,LOW,NONE,NONE,5.2,MEDIUM,0,0.027005784232206922,0.0257,nginx,nginx,['CWE-20'],['cpe:2.3:a:nginx:nginx:*:*:*:*:*:*:*:*'],1,4
CVE-2022-11559,Denial of service via HTTP/2 frame flooding in apache http_server component.,2023-03-23T00:00:00+00:00,2023-04-05T00:00:00+00:00,3.1,CVSS:3.1/AV:L/AC:L/PR:H/UI:N/S:U/C:L/I:H/A:H,LOCAL,LOW,HIGH,NONE,UNCHANGED,LOW,HIGH,HIGH,7.5,HIGH,0,0.020131388822472715,0.0191,apache,http_server,['CWE-416'],['cpe:2.3:a:apache:http_server:*:*:*:*:*:*:*:*'],1,3
CVE-2023-11560,Remote code execution via unsafe deserialization in spring spring_framework component.,2025-05-16T00:00:00+00:00,2025-07-07T00:00:00+00:00,3.1,CVSS:3.1/AV:P/AC:L/PR:L/UI:R/S:C/C:N/I:N/A:N,PHYSICAL,LOW,LOW,REQUIRED,CHANGED,NONE,NONE,NONE,4.5,MEDIUM,0,0.07843505260657056,0.0745,spring,spring_framework,['CWE-119'],['cpe:2.3:a:spring:spring_framework:*:*:*:*:*:*:*:*'],1,2
CVE-2022-11561,Command injection in management web interface in paloalto pan-os component.,2024-12-29T00:00:00+00:00,2025-03-05T00:00:00+00:00,3.1,CVSS:3.1/AV:N/AC:L/PR:H/UI:R/S:C/C:N/I:L/A:H,NETWORK,LOW,HIGH,REQUIRED,CHANGED,NONE,LOW,HIGH,7.8,HIGH,0,0.06653545916455271,0.0632,paloalto,pan-os,['CWE-89'],['cpe:2.3:a:paloalto:pan-os:*:*:*:*:*:*:*:*'],1,2
CVE-2026-11562,Command injection in management web interface in paloalto pan-os component.,2022-12-26T00:00:00+00:00,2023-02-16T00:00:00+00:00,3.1,CVSS:3.1/AV:N/AC:H/PR:N/UI:R/S:U/C:L/I:H/A:N,NETWORK,HIGH,NONE,REQUIRED,UNCHANGED,LOW,HIGH,NONE,7.6,HIGH,0,0.04015548169209373,0.0381,paloalto,pan-os,['CWE-416'],['cpe:2.3:a:paloalto:pan-os:*:*:*:*:*:*:*:*'],1,2
CVE-2022-11563,Integer overflow in HTTP request header processing in nginx nginx component.,2021-05-17T00:00:00+00:00,2021-08-08T00:00:00+00:00,3.1,CVSS:3.1/AV:N/AC:L/PR:L/UI:R/S:C/C:L/I:N/A:N,NETWORK,LOW,LOW,REQUIRED,CHANGED,LOW,NONE,NONE,7.3,HIGH,0,0.003397375202281466,0.0032,nginx,nginx,['CWE-20'],['cpe:2.3:a:nginx:nginx:*:*:*:*:*:*:*:*'],1,4
CVE-2022-11564,Unauthenticated remote code execution in query optimizer in oracle mysql component.,2025-10-21T00:00:00+00:00,2026-01-01T00:00:00+00:00,3.1,CVSS:3.1/AV:L/AC:L/PR:H/UI:R/S:U/C:N/I:H/A:N,LOCAL,LOW,HIGH,REQUIRED,UNCHANGED,NONE,HIGH,NONE,5.7,MEDIUM,0,0.04719670581090783,0.0448,oracle,mysql,['CWE-119'],['cpe:2.3:a:oracle:mysql:*:*:*:*:*:*:*:*'],1,4
CVE-2024-11565,Command injection in management web interface in paloalto pan-os component.,2024-09-15T00:00:00+00:00,2024-09-23T00:00:00+00:00,3.1,CVSS:3.1/AV:L/AC:H/PR:N/UI:R/S:C/C:L/I:N/A:L,LOCAL,HIGH,NONE,REQUIRED,CHANGED,LOW,NONE,LOW,6.0,MEDIUM,0,0.020731739270229508,0.0197,paloalto,pan-os,['CWE-200'],['cpe:2.3:a:paloalto:pan-os:*:*:*:*:*:*:*:*'],1,4
CVE-2023-11566,Buffer overflow in TLS handshake parser in openssl openssl component.,2022-10-15T00:00:00+00:00,2022-11-17T00:00:00+00:00,3.1,CVSS:3.1/AV:N/AC:L/PR:H/UI:N/S:C/C:N/I:L/A:H,NETWORK,LOW,HIGH,NONE,CHANGED,NONE,LOW,HIGH,8.8,HIGH,1,0.20155331435693738,0.1915,openssl,openssl,['CWE-79'],['cpe:2.3:a:openssl:openssl:*:*:*:*:*:*:*:*'],1,5
CVE-2023-11567,Unauthenticated remote code execution in query optimizer in oracle mysql component.,2023-05-28T00:00:00+00:00,2023-07-02T00:00:00+00:00,3.1,CVSS:3.1/AV:N/AC:L/PR:H/UI:R/S:U/C:H/I:L/A:L,NETWORK,LOW,HIGH,REQUIRED,UNCHANGED,HIGH,LOW,LOW,7.4,HIGH,0,0.015750810435088598,0.015,oracle,mysql,['CWE-787'],['cpe:2.3:a:oracle:mysql:*:*:*:*:*:*:*:*'],1,3
CVE-2021-11568,Command injection in management web interface in paloalto pan-os component.,2023-09-05T00:00:00+00:00,2023-09-06T00:00:00+00:00,3.1,CVSS:3.1/AV:A/AC:L/PR:L/UI:N/S:C/C:N/I:H/A:N,ADJACENT_NETWORK,LOW,LOW,NONE,CHANGED,NONE,HIGH,NONE,7.4,HIGH,0,0.09343372020158684,0.0888,paloalto,pan-os,['CWE-79'],['cpe:2.3:a:paloalto:pan-os:*:*:*:*:*:*:*:*'],1,5
CVE-2021-11569,Integer overflow in HTTP request header processing in nginx nginx component.,2021-10-06T00:00:00+00:00,2021-12-30T00:00:00+00:00,3.1,CVSS:3.1/AV:N/AC:L/PR:L/UI:N/S:U/C:H/I:N/A:H,NETWORK,LOW,LOW,NONE,UNCHANGED,HIGH,NONE,HIGH,9.1,CRITICAL,0,0.0738255958241015,0.0701,nginx,nginx,['CWE-416'],['cpe:2.3:a:nginx:nginx:*:*:*:*:*:*:*:*'],1,4
CVE-2025-11570,Remote code execution via unsafe deserialization in spring spring_framework component.,2024-08-18T00:00:00+00:00,2024-10-16T00:00:00+00:00,3.1,CVSS:3.1/AV:P/AC:L/PR:H/UI:R/S:U/C:N/I:N/A:L,PHYSICAL,LOW,HIGH,REQUIRED,UNCHANGED,NONE,NONE,LOW,3.9,LOW,0,0.004114903931484938,0.0039,spring,spring_framework,['CWE-787'],['cpe:2.3:a:spring:spring_framework:*:*:*:*:*:*:*:*'],1,4
CVE-2021-11571,Privilege escalation via authenticated extension loading in postgresql postgresql component.,2025-06-23T00:00:00+00:00,2025-09-09T00:00:00+00:00,3.1,CVSS:3.1/AV:A/AC:L/PR:L/UI:R/S:U/C:L/I:L/A:H,ADJACENT_NETWORK,LOW,LOW,REQUIRED,UNCHANGED,LOW,LOW,HIGH,6.5,MEDIUM,0,0.016561725386806243,0.0157,postgresql,postgresql,['CWE-787'],['cpe:2.3:a:postgresql:postgresql:*:*:*:*:*:*:*:*'],1,5
CVE-2023-11572,Remote code execution in Kerberos authentication service in microsoft windows_server component.,2022-05-01T00:00:00+00:00,2022-07-22T00:00:00+00:00,3.1,CVSS:3.1/AV:A/AC:H/PR:N/UI:N/S:U/C:H/I:L/A:L,ADJACENT_NETWORK,HIGH,NONE,NONE,UNCHANGED,HIGH,LOW,LOW,6.8,MEDIUM,0,0.0017302802444571143,0.0016,microsoft,windows_server,['CWE-200'],['cpe:2.3:a:microsoft:windows_server:*:*:*:*:*:*:*:*'],1,2
CVE-2025-11573,Buffer overflow in TLS handshake parser in openssl openssl component.,2024-10-08T00:00:00+00:00,2024-12-22T00:00:00+00:00,3.1,CVSS:3.1/AV:L/AC:L/PR:N/UI:N/S:U/C:N/I:N/A:N,LOCAL,LOW,NONE,NONE,UNCHANGED,NONE,NONE,NONE,7.1,HIGH,0,0.34711032518142776,0.3298,openssl,openssl,['CWE-79'],['cpe:2.3:a:openssl:openssl:*:*:*:*:*:*:*:*'],1,3
CVE-2023-11574,Buffer overflow in TLS handshake parser in openssl openssl component.,2023-09-23T00:00:00+00:00,2023-11-11T00:00:00+00:00,3.1,CVSS:3.1/AV:L/AC:H/PR:H/UI:R/S:C/C:L/I:N/A:H,LOCAL,HIGH,HIGH,REQUIRED,CHANGED,LOW,NONE,HIGH,5.7,MEDIUM,0,0.22189672021782855,0.2108,openssl,openssl,['CWE-20'],['cpe:2.3:a:openssl:openssl:*:*:*:*:*:*:*:*'],1,1
CVE-2024-11575,Command injection in management web interface in paloalto pan-os component.,2024-02-24T00:00:00+00:00,2024-04-24T00:00:00+00:00,3.1,CVSS:3.1/AV:P/AC:H/PR:L/UI:R/S:C/C:L/I:L/A:H,PHYSICAL,HIGH,LOW,REQUIRED,CHANGED,LOW,LOW,HIGH,4.3,MEDIUM,0,0.023463434214898885,0.0223,paloalto,pan-os,['CWE-787'],['cpe:2.3:a:paloalto:pan-os:*:*:*:*:*:*:*:*'],1,5
CVE-2023-11576,Integer overflow in HTTP request header processing in nginx nginx component.,2021-07-02T00:00:00+00:00,2021-08-25T00:00:00+00:00,3.1,CVSS:3.1/AV:A/AC:H/PR:L/UI:R/S:U/C:L/I:L/A:N,ADJACENT_NETWORK,HIGH,LOW,REQUIRED,UNCHANGED,LOW,LOW,NONE,4.3,MEDIUM,0,0.16361041455317624,0.1554,nginx,nginx,['CWE-20'],['cpe:2.3:a:nginx:nginx:*:*:*:*:*:*:*:*'],1,4
CVE-2023-11577,Privilege escalation via authenticated extension loading in postgresql postgresql component.,2022-10-07T00:00:00+00:00,2023-01-05T00:00:00+00:00,3.1,CVSS:3.1/AV:A/AC:H/PR:N/UI:N/S:C/C:L/I:H/A:L,ADJACENT_NETWORK,HIGH,NONE,NONE,CHANGED,LOW,HIGH,LOW,8.0,HIGH,0,0.0017652913344914178,0.0017,postgresql,postgresql,['CWE-89'],['cpe:2.3:a:postgresql:postgresql:*:*:*:*:*:*:*:*'],1,4
CVE-2021-11578,Integer overflow in HTTP request header processing in nginx nginx component.,2021-08-14T00:00:00+00:00,2021-11-04T00:00:00+00:00,3.1,CVSS:3.1/AV:L/AC:L/PR:H/UI:R/S:U/C:L/I:N/A:N,LOCAL,LOW,HIGH,REQUIRED,UNCHANGED,LOW,NONE,NONE,5.1,MEDIUM,0,0.0001,0.0001,nginx,nginx,['CWE-269'],['cpe:2.3:a:nginx:nginx:*:*:*:*:*:*:*:*'],1,5
CVE-2026-11579,Integer overflow in HTTP request header processing in nginx nginx component.,2021-01-17T00:00:00+00:00,2021-02-09T00:00:00+00:00,3.1,CVSS:3.1/AV:L/AC:H/PR:N/UI:N/S:U/C:L/I:L/A:H,LOCAL,HIGH,NONE,NONE,UNCHANGED,LOW,LOW,HIGH,6.9,MEDIUM,0,0.09605790993973996,0.0913,nginx,nginx,['CWE-119'],['cpe:2.3:a:nginx:nginx:*:*:*:*:*:*:*:*'],1,4
CVE-2022-11580,Use-after-free vulnerability in eBPF subsystem in linux linux_kernel component.,2021-06-10T00:00:00+00:00,2021-07-21T00:00:00+00:00,3.1,CVSS:3.1/AV:L/AC:H/PR:H/UI:R/S:C/C:L/I:L/A:H,LOCAL,HIGH,HIGH,REQUIRED,CHANGED,LOW,LOW,HIGH,5.8,MEDIUM,0,0.029327134278298108,0.0279,linux,linux_kernel,['CWE-416'],['cpe:2.3:a:linux:linux_kernel:*:*:*:*:*:*:*:*'],1,2
CVE-2023-11581,Use-after-free vulnerability in eBPF subsystem in linux linux_kernel component.,2025-03-24T00:00:00+00:00,2025-04-27T00:00:00+00:00,3.1,CVSS:3.1/AV:L/AC:L/PR:L/UI:R/S:U/C:L/I:H/A:N,LOCAL,LOW,LOW,REQUIRED,UNCHANGED,LOW,HIGH,NONE,5.8,MEDIUM,0,0.04326920048536831,0.0411,linux,linux_kernel,['CWE-416'],['cpe:2.3:a:linux:linux_kernel:*:*:*:*:*:*:*:*'],1,5
CVE-2025-11582,Out-of-bounds memory access in V8 JavaScript engine in google chrome component.,2022-05-16T00:00:00+00:00,2022-08-02T00:00:00+00:00,3.1,CVSS:3.1/AV:A/AC:H/PR:L/UI:R/S:C/C:N/I:H/A:L,ADJACENT_NETWORK,HIGH,LOW,REQUIRED,CHANGED,NONE,HIGH,LOW,6.4,MEDIUM,0,0.01566705065001405,0.0149,google,chrome,['CWE-416'],['cpe:2.3:a:google:chrome:*:*:*:*:*:*:*:*'],1,3
CVE-2025-11583,Buffer overflow in TLS handshake parser in openssl openssl component.,2025-04-04T00:00:00+00:00,2025-06-30T00:00:00+00:00,3.1,CVSS:3.1/AV:A/AC:L/PR:N/UI:N/S:C/C:H/I:L/A:N,ADJACENT_NETWORK,LOW,NONE,NONE,CHANGED,HIGH,LOW,NONE,9.7,CRITICAL,0,0.19705738239010476,0.1872,openssl,openssl,['CWE-787'],['cpe:2.3:a:openssl:openssl:*:*:*:*:*:*:*:*'],1,2
CVE-2026-11584,Out-of-bounds memory access in V8 JavaScript engine in google chrome component.,2025-08-02T00:00:00+00:00,2025-10-10T00:00:00+00:00,3.1,CVSS:3.1/AV:L/AC:L/PR:N/UI:N/S:U/C:N/I:H/A:L,LOCAL,LOW,NONE,NONE,UNCHANGED,NONE,HIGH,LOW,7.7,HIGH,0,0.06728712003244913,0.0639,google,chrome,['CWE-89'],['cpe:2.3:a:google:chrome:*:*:*:*:*:*:*:*'],1,1
CVE-2021-11585,Command injection in management web interface in paloalto pan-os component.,2025-10-29T00:00:00+00:00,2025-12-30T00:00:00+00:00,3.1,CVSS:3.1/AV:N/AC:H/PR:L/UI:R/S:C/C:N/I:L/A:H,NETWORK,HIGH,LOW,REQUIRED,CHANGED,NONE,LOW,HIGH,6.9,MEDIUM,0,0.0001,0.0001,paloalto,pan-os,['CWE-416'],['cpe:2.3:a:paloalto:pan-os:*:*:*:*:*:*:*:*'],1,3
CVE-2024-11586,Unauthenticated remote code execution in query optimizer in oracle mysql component.,2025-06-28T00:00:00+00:00,2025-09-11T00:00:00+00:00,3.1,CVSS:3.1/AV:A/AC:L/PR:N/UI:N/S:U/C:N/I:L/A:L,ADJACENT_NETWORK,LOW,NONE,NONE,UNCHANGED,NONE,LOW,LOW,7.5,HIGH,0,0.11017101620098375,0.1047,oracle,mysql,['CWE-416'],['cpe:2.3:a:oracle:mysql:*:*:*:*:*:*:*:*'],1,3
CVE-2021-11587,Remote code execution in Kerberos authentication service in microsoft windows_server component.,2021-10-31T00:00:00+00:00,2022-01-18T00:00:00+00:00,3.1,CVSS:3.1/AV:A/AC:L/PR:N/UI:N/S:C/C:N/I:N/A:N,ADJACENT_NETWORK,LOW,NONE,NONE,CHANGED,NONE,NONE,NONE,8.6,HIGH,0,0.0650266549612774,0.0618,microsoft,windows_server,['CWE-119'],['cpe:2.3:a:microsoft:windows_server:*:*:*:*:*:*:*:*'],1,4
CVE-2024-11588,Unauthenticated remote code execution in query optimizer in oracle mysql component.,2025-11-06T00:00:00+00:00,2025-12-22T00:00:00+00:00,3.1,CVSS:3.1/AV:P/AC:L/PR:L/UI:R/S:C/C:N/I:H/A:L,PHYSICAL,LOW,LOW,REQUIRED,CHANGED,NONE,HIGH,LOW,5.2,MEDIUM,0,0.05585343186134407,0.0531,oracle,mysql,['CWE-79'],['cpe:2.3:a:oracle:mysql:*:*:*:*:*:*:*:*'],1,5
CVE-2022-11589,Out-of-bounds memory access in V8 JavaScript engine in google chrome component.,2021-05-21T00:00:00+00:00,2021-06-24T00:00:00+00:00,3.1,CVSS:3.1/AV:L/AC:H/PR:N/UI:R/S:C/C:L/I:L/A:N,LOCAL,HIGH,NONE,REQUIRED,CHANGED,LOW,LOW,NONE,5.3,MEDIUM,0,0.015409625279985616,0.0146,google,chrome,['CWE-79'],['cpe:2.3:a:google:chrome:*:*:*:*:*:*:*:*'],1,1
CVE-2025-11590,Privilege escalation via authenticated extension loading in postgresql postgresql component.,2024-02-02T00:00:00+00:00,2024-03-21T00:00:00+00:00,3.1,CVSS:3.1/AV:N/AC:L/PR:L/UI:N/S:U/C:L/I:N/A:H,NETWORK,LOW,LOW,NONE,UNCHANGED,LOW,NONE,HIGH,8.4,HIGH,0,0.08138268908050558,0.0773,postgresql,postgresql,['CWE-20'],['cpe:2.3:a:postgresql:postgresql:*:*:*:*:*:*:*:*'],1,2
CVE-2023-11591,Privilege escalation via authenticated extension loading in postgresql postgresql component.,2023-07-26T00:00:00+00:00,2023-09-02T00:00:00+00:00,3.1,CVSS:3.1/AV:A/AC:H/PR:L/UI:N/S:U/C:N/I:L/A:N,ADJACENT_NETWORK,HIGH,LOW,NONE,UNCHANGED,NONE,LOW,NONE,5.4,MEDIUM,0,0.0228377001534236,0.0217,postgresql,postgresql,['CWE-787'],['cpe:2.3:a:postgresql:postgresql:*:*:*:*:*:*:*:*'],1,5
CVE-2025-11592,Remote code execution in Kerberos authentication service in microsoft windows_server component.,2025-02-27T00:00:00+00:00,2025-05-27T00:00:00+00:00,3.1,CVSS:3.1/AV:P/AC:L/PR:N/UI:R/S:U/C:H/I:L/A:L,PHYSICAL,LOW,NONE,REQUIRED,UNCHANGED,HIGH,LOW,LOW,6.0,MEDIUM,0,0.030743588849002586,0.0292,microsoft,windows_server,['CWE-20'],['cpe:2.3:a:microsoft:windows_server:*:*:*:*:*:*:*:*'],1,2
CVE-2026-11593,Denial of service via HTTP/2 frame flooding in apache http_server component.,2024-09-19T00:00:00+00:00,2024-11-21T00:00:00+00:00,3.1,CVSS:3.1/AV:P/AC:H/PR:N/UI:R/S:C/C:N/I:N/A:L,PHYSICAL,HIGH,NONE,REQUIRED,CHANGED,NONE,NONE,LOW,4.5,MEDIUM,0,0.013455763196938668,0.0128,apache,http_server,['CWE-119'],['cpe:2.3:a:apache:http_server:*:*:*:*:*:*:*:*'],1,3
CVE-2022-11594,Buffer overflow in TLS handshake parser in openssl openssl component.,2022-04-13T00:00:00+00:00,2022-06-21T00:00:00+00:00,3.1,CVSS:3.1/AV:L/AC:L/PR:N/UI:N/S:C/C:L/I:L/A:L,LOCAL,LOW,NONE,NONE,CHANGED,LOW,LOW,LOW,7.3,HIGH,0,0.0012207583003318982,0.0012,openssl,openssl,['CWE-89'],['cpe:2.3:a:openssl:openssl:*:*:*:*:*:*:*:*'],1,4
CVE-2026-11595,Unauthenticated remote code execution in query optimizer in oracle mysql component.,2025-11-22T00:00:00+00:00,2025-12-13T00:00:00+00:00,3.1,CVSS:3.1/AV:A/AC:L/PR:N/UI:N/S:U/C:N/I:N/A:N,ADJACENT_NETWORK,LOW,NONE,NONE,UNCHANGED,NONE,NONE,NONE,7.9,HIGH,0,0.011253159271057373,0.0107,oracle,mysql,['CWE-89'],['cpe:2.3:a:oracle:mysql:*:*:*:*:*:*:*:*'],1,3
CVE-2025-11596,Remote code execution in Kerberos authentication service in microsoft windows_server component.,2021-08-09T00:00:00+00:00,2021-09-06T00:00:00+00:00,3.1,CVSS:3.1/AV:A/AC:L/PR:N/UI:N/S:U/C:N/I:L/A:L,ADJACENT_NETWORK,LOW,NONE,NONE,UNCHANGED,NONE,LOW,LOW,7.7,HIGH,0,0.0732817888663048,0.0696,microsoft,windows_server,['CWE-787'],['cpe:2.3:a:microsoft:windows_server:*:*:*:*:*:*:*:*'],1,4
CVE-2026-11597,Denial of service via HTTP/2 frame flooding in apache http_server component.,2024-11-18T00:00:00+00:00,2024-12-04T00:00:00+00:00,3.1,CVSS:3.1/AV:P/AC:H/PR:L/UI:N/S:C/C:L/I:N/A:L,PHYSICAL,HIGH,LOW,NONE,CHANGED,LOW,NONE,LOW,4.2,MEDIUM,0,0.25430572166864546,0.2416,apache,http_server,['CWE-269'],['cpe:2.3:a:apache:http_server:*:*:*:*:*:*:*:*'],1,3
CVE-2026-11598,Privilege escalation via authenticated extension loading in postgresql postgresql component.,2021-04-27T00:00:00+00:00,2021-05-20T00:00:00+00:00,3.1,CVSS:3.1/AV:L/AC:H/PR:N/UI:N/S:U/C:N/I:N/A:H,LOCAL,HIGH,NONE,NONE,UNCHANGED,NONE,NONE,HIGH,6.9,MEDIUM,0,0.21585665898804773,0.2051,postgresql,postgresql,['CWE-200'],['cpe:2.3:a:postgresql:postgresql:*:*:*:*:*:*:*:*'],1,4
CVE-2022-11599,Command injection in management web interface in paloalto pan-os component.,2021-03-01T00:00:00+00:00,2021-03-29T00:00:00+00:00,3.1,CVSS:3.1/AV:L/AC:L/PR:N/UI:N/S:C/C:L/I:N/A:H,LOCAL,LOW,NONE,NONE,CHANGED,LOW,NONE,HIGH,8.1,HIGH,0,0.16691537646720986,0.1586,paloalto,pan-os,['CWE-20'],['cpe:2.3:a:paloalto:pan-os:*:*:*:*:*:*:*:*'],1,1
CVE-2026-11600,Integer overflow in HTTP request header processing in nginx nginx component.,2021-11-30T00:00:00+00:00,2021-12-21T00:00:00+00:00,3.1,CVSS:3.1/AV:A/AC:H/PR:N/UI:R/S:U/C:L/I:H/A:L,ADJACENT_NETWORK,HIGH,NONE,REQUIRED,UNCHANGED,LOW,HIGH,LOW,6.7,MEDIUM,0,0.04336891482129521,0.0412,nginx,nginx,['CWE-200'],['cpe:2.3:a:nginx:nginx:*:*:*:*:*:*:*:*'],1,5
CVE-2026-11601,Integer overflow in HTTP request header processing in nginx nginx component.,2025-05-09T00:00:00+00:00,2025-05-23T00:00:00+00:00,3.1,CVSS:3.1/AV:P/AC:H/PR:L/UI:R/S:C/C:N/I:H/A:H,PHYSICAL,HIGH,LOW,REQUIRED,CHANGED,NONE,HIGH,HIGH,5.7,MEDIUM,0,0.1107336407941015,0.1052,nginx,nginx,['CWE-89'],['cpe:2.3:a:nginx:nginx:*:*:*:*:*:*:*:*'],1,3
CVE-2024-11602,Buffer overflow in TLS handshake parser in openssl openssl component.,2023-01-07T00:00:00+00:00,2023-03-30T00:00:00+00:00,3.1,CVSS:3.1/AV:A/AC:H/PR:N/UI:R/S:U/C:L/I:H/A:N,ADJACENT_NETWORK,HIGH,NONE,REQUIRED,UNCHANGED,LOW,HIGH,NONE,6.9,MEDIUM,0,0.19548895611662845,0.1857,openssl,openssl,['CWE-89'],['cpe:2.3:a:openssl:openssl:*:*:*:*:*:*:*:*'],1,2
CVE-2025-11603,Unauthenticated remote code execution in query optimizer in oracle mysql component.,2021-03-24T00:00:00+00:00,2021-06-07T00:00:00+00:00,3.1,CVSS:3.1/AV:L/AC:H/PR:L/UI:R/S:C/C:H/I:H/A:H,LOCAL,HIGH,LOW,REQUIRED,CHANGED,HIGH,HIGH,HIGH,7.8,HIGH,0,0.028280914454578695,0.0269,oracle,mysql,['CWE-89'],['cpe:2.3:a:oracle:mysql:*:*:*:*:*:*:*:*'],1,2
CVE-2022-11604,Integer overflow in HTTP request header processing in nginx nginx component.,2024-07-08T00:00:00+00:00,2024-08-02T00:00:00+00:00,3.1,CVSS:3.1/AV:P/AC:L/PR:N/UI:N/S:U/C:N/I:N/A:N,PHYSICAL,LOW,NONE,NONE,UNCHANGED,NONE,NONE,NONE,6.0,MEDIUM,0,0.026572843243993734,0.0252,nginx,nginx,['CWE-79'],['cpe:2.3:a:nginx:nginx:*:*:*:*:*:*:*:*'],1,5
CVE-2025-11605,Integer overflow in HTTP request header processing in nginx nginx component.,2021-03-27T00:00:00+00:00,2021-04-27T00:00:00+00:00,3.1,CVSS:3.1/AV:L/AC:H/PR:H/UI:N/S:U/C:L/I:N/A:L,LOCAL,HIGH,HIGH,NONE,UNCHANGED,LOW,NONE,LOW,4.6,MEDIUM,0,0.0005646265683332424,0.0005,nginx,nginx,['CWE-200'],['cpe:2.3:a:nginx:nginx:*:*:*:*:*:*:*:*'],1,1
CVE-2025-11606,Privilege escalation via authenticated extension loading in postgresql postgresql component.,2021-11-06T00:00:00+00:00,2021-12-22T00:00:00+00:00,3.1,CVSS:3.1/AV:N/AC:H/PR:H/UI:R/S:U/C:H/I:L/A:H,NETWORK,HIGH,HIGH,REQUIRED,UNCHANGED,HIGH,LOW,HIGH,7.6,HIGH,0,0.15765600408515276,0.1498,postgresql,postgresql,['CWE-79'],['cpe:2.3:a:postgresql:postgresql:*:*:*:*:*:*:*:*'],1,4
CVE-2022-11607,Denial of service via HTTP/2 frame flooding in apache http_server component.,2021-12-26T00:00:00+00:00,2022-01-14T00:00:00+00:00,3.1,CVSS:3.1/AV:P/AC:H/PR:H/UI:R/S:U/C:N/I:H/A:L,PHYSICAL,HIGH,HIGH,REQUIRED,UNCHANGED,NONE,HIGH,LOW,3.9,LOW,0,0.0015218078177857658,0.0014,apache,http_server,['CWE-89'],['cpe:2.3:a:apache:http_server:*:*:*:*:*:*:*:*'],1,2
CVE-2023-11608,Buffer overflow in TLS handshake parser in openssl openssl component.,2025-10-22T00:00:00+00:00,2025-11-29T00:00:00+00:00,3.1,CVSS:3.1/AV:A/AC:L/PR:N/UI:R/S:U/C:L/I:H/A:L,ADJACENT_NETWORK,LOW,NONE,REQUIRED,UNCHANGED,LOW,HIGH,LOW,7.8,HIGH,0,0.11715840660263495,0.1113,openssl,openssl,['CWE-200'],['cpe:2.3:a:openssl:openssl:*:*:*:*:*:*:*:*'],1,5
CVE-2022-11609,Remote code execution in Kerberos authentication service in microsoft windows_server component.,2022-02-04T00:00:00+00:00,2022-02-05T00:00:00+00:00,3.1,CVSS:3.1/AV:A/AC:L/PR:L/UI:R/S:C/C:L/I:N/A:L,ADJACENT_NETWORK,LOW,LOW,REQUIRED,CHANGED,LOW,NONE,LOW,6.4,MEDIUM,0,0.009618000061867613,0.0091,microsoft,windows_server,['CWE-787'],['cpe:2.3:a:microsoft:windows_server:*:*:*:*:*:*:*:*'],1,5
CVE-2025-11610,Out-of-bounds memory access in V8 JavaScript engine in google chrome component.,2022-11-09T00:00:00+00:00,2022-11-11T00:00:00+00:00,3.1,CVSS:3.1/AV:L/AC:H/PR:N/UI:N/S:U/C:L/I:H/A:H,LOCAL,HIGH,NONE,NONE,UNCHANGED,LOW,HIGH,HIGH,7.8,HIGH,0,0.04947102485401361,0.047,google,chrome,['CWE-416'],['cpe:2.3:a:google:chrome:*:*:*:*:*:*:*:*'],1,5
CVE-2021-11611,Unauthenticated remote code execution in query optimizer in oracle mysql component.,2024-06-07T00:00:00+00:00,2024-07-18T00:00:00+00:00,3.1,CVSS:3.1/AV:A/AC:H/PR:L/UI:R/S:U/C:L/I:L/A:H,ADJACENT_NETWORK,HIGH,LOW,REQUIRED,UNCHANGED,LOW,LOW,HIGH,5.2,MEDIUM,0,0.4616206160395959,0.4385,oracle,mysql,['CWE-119'],['cpe:2.3:a:oracle:mysql:*:*:*:*:*:*:*:*'],1,2
CVE-2026-11612,Out-of-bounds memory access in V8 JavaScript engine in google chrome component.,2022-10-11T00:00:00+00:00,2022-12-04T00:00:00+00:00,3.1,CVSS:3.1/AV:A/AC:H/PR:N/UI:R/S:C/C:L/I:L/A:N,ADJACENT_NETWORK,HIGH,NONE,REQUIRED,CHANGED,LOW,LOW,NONE,6.6,MEDIUM,0,0.2599981971383664,0.247,google,chrome,['CWE-89'],['cpe:2.3:a:google:chrome:*:*:*:*:*:*:*:*'],1,3
CVE-2022-11613,Out-of-bounds memory access in V8 JavaScript engine in google chrome component.,2021-02-05T00:00:00+00:00,2021-03-31T00:00:00+00:00,3.1,CVSS:3.1/AV:N/AC:H/PR:L/UI:N/S:U/C:H/I:N/A:N,NETWORK,HIGH,LOW,NONE,UNCHANGED,HIGH,NONE,NONE,6.8,MEDIUM,0,0.29115297962787384,0.2766,google,chrome,['CWE-269'],['cpe:2.3:a:google:chrome:*:*:*:*:*:*:*:*'],1,5
CVE-2022-11614,Command injection in management web interface in paloalto pan-os component.,2024-04-28T00:00:00+00:00,2024-06-04T00:00:00+00:00,3.1,CVSS:3.1/AV:N/AC:L/PR:L/UI:R/S:U/C:N/I:N/A:H,NETWORK,LOW,LOW,REQUIRED,UNCHANGED,NONE,NONE,HIGH,7.2,HIGH,0,0.0001,0.0001,paloalto,pan-os,['CWE-269'],['cpe:2.3:a:paloalto:pan-os:*:*:*:*:*:*:*:*'],1,3
CVE-2024-11615,Out-of-bounds memory access in V8 JavaScript engine in google chrome component.,2022-04-22T00:00:00+00:00,2022-06-17T00:00:00+00:00,3.1,CVSS:3.1/AV:A/AC:H/PR:H/UI:N/S:C/C:N/I:H/A:H,ADJACENT_NETWORK,HIGH,HIGH,NONE,CHANGED,NONE,HIGH,HIGH,6.9,MEDIUM,0,0.2339181593855342,0.2222,google,chrome,['CWE-200'],['cpe:2.3:a:google:chrome:*:*:*:*:*:*:*:*'],1,2
CVE-2024-11616,Buffer overflow in TLS handshake parser in openssl openssl component.,2023-02-12T00:00:00+00:00,2023-02-22T00:00:00+00:00,3.1,CVSS:3.1/AV:L/AC:H/PR:H/UI:N/S:C/C:N/I:N/A:N,LOCAL,HIGH,HIGH,NONE,CHANGED,NONE,NONE,NONE,5.3,MEDIUM,0,0.06886719266541762,0.0654,openssl,openssl,['CWE-79'],['cpe:2.3:a:openssl:openssl:*:*:*:*:*:*:*:*'],1,2
CVE-2021-11617,Remote code execution via unsafe deserialization in spring spring_framework component.,2021-03-31T00:00:00+00:00,2021-05-05T00:00:00+00:00,3.1,CVSS:3.1/AV:A/AC:L/PR:N/UI:N/S:U/C:N/I:N/A:N,ADJACENT_NETWORK,LOW,NONE,NONE,UNCHANGED,NONE,NONE,NONE,7.5,HIGH,0,0.006546488176575224,0.0062,spring,spring_framework,['CWE-79'],['cpe:2.3:a:spring:spring_framework:*:*:*:*:*:*:*:*'],1,3
CVE-2025-11618,Use-after-free vulnerability in eBPF subsystem in linux linux_kernel component.,2024-09-19T00:00:00+00:00,2024-10-04T00:00:00+00:00,3.1,CVSS:3.1/AV:L/AC:L/PR:L/UI:R/S:C/C:L/I:L/A:N,LOCAL,LOW,LOW,REQUIRED,CHANGED,LOW,LOW,NONE,5.4,MEDIUM,0,0.0009810556892529561,0.0009,linux,linux_kernel,['CWE-79'],['cpe:2.3:a:linux:linux_kernel:*:*:*:*:*:*:*:*'],1,5
CVE-2025-11619,Denial of service via HTTP/2 frame flooding in apache http_server component.,2022-11-01T00:00:00+00:00,2022-12-05T00:00:00+00:00,3.1,CVSS:3.1/AV:N/AC:H/PR:L/UI:R/S:U/C:H/I:N/A:N,NETWORK,HIGH,LOW,REQUIRED,UNCHANGED,HIGH,NONE,NONE,6.0,MEDIUM,0,0.5395452492474107,0.5126,apache,http_server,['CWE-416'],['cpe:2.3:a:apache:http_server:*:*:*:*:*:*:*:*'],1,2
CVE-2025-11620,Out-of-bounds memory access in V8 JavaScript engine in google chrome component.,2023-10-17T00:00:00+00:00,2023-12-13T00:00:00+00:00,3.1,CVSS:3.1/AV:P/AC:L/PR:L/UI:R/S:C/C:H/I:L/A:L,PHYSICAL,LOW,LOW,REQUIRED,CHANGED,HIGH,LOW,LOW,6.0,MEDIUM,0,0.163303935696364,0.1551,google,chrome,['CWE-416'],['cpe:2.3:a:google:chrome:*:*:*:*:*:*:*:*'],1,3
CVE-2025-11621,Denial of service via HTTP/2 frame flooding in apache http_server component.,2023-06-11T00:00:00+00:00,2023-06-28T00:00:00+00:00,3.1,CVSS:3.1/AV:A/AC:H/PR:H/UI:N/S:U/C:H/I:N/A:H,ADJACENT_NETWORK,HIGH,HIGH,NONE,UNCHANGED,HIGH,NONE,HIGH,7.7,HIGH,0,0.2758166980965574,0.262,apache,http_server,['CWE-416'],['cpe:2.3:a:apache:http_server:*:*:*:*:*:*:*:*'],1,2
CVE-2021-11622,Command injection in management web interface in paloalto pan-os component.,2022-01-31T00:00:00+00:00,2022-02-24T00:00:00+00:00,3.1,CVSS:3.1/AV:N/AC:H/PR:H/UI:N/S:U/C:L/I:N/A:H,NETWORK,HIGH,HIGH,NONE,UNCHANGED,LOW,NONE,HIGH,7.6,HIGH,0,0.02748002194870951,0.0261,paloalto,pan-os,['CWE-200'],['cpe:2.3:a:paloalto:pan-os:*:*:*:*:*:*:*:*'],1,5
CVE-2021-11623,Privilege escalation via authenticated extension loading in postgresql postgresql component.,2022-07-31T00:00:00+00:00,2022-10-02T00:00:00+00:00,3.1,CVSS:3.1/AV:N/AC:L/PR:L/UI:R/S:U/C:L/I:H/A:H,NETWORK,LOW,LOW,REQUIRED,UNCHANGED,LOW,HIGH,HIGH,8.7,HIGH,0,0.08253255018238147,0.0784,postgresql,postgresql,['CWE-200'],['cpe:2.3:a:postgresql:postgresql:*:*:*:*:*:*:*:*'],1,5
CVE-2021-11624,Remote code execution via unsafe deserialization in spring spring_framework component.,2024-08-27T00:00:00+00:00,2024-09-17T00:00:00+00:00,3.1,CVSS:3.1/AV:A/AC:L/PR:H/UI:N/S:U/C:N/I:L/A:L,ADJACENT_NETWORK,LOW,HIGH,NONE,UNCHANGED,NONE,LOW,LOW,6.3,MEDIUM,0,0.14564492819871988,0.1384,spring,spring_framework,['CWE-416'],['cpe:2.3:a:spring:spring_framework:*:*:*:*:*:*:*:*'],1,1
CVE-2026-11625,Command injection in management web interface in paloalto pan-os component.,2021-01-05T00:00:00+00:00,2021-01-13T00:00:00+00:00,3.1,CVSS:3.1/AV:N/AC:H/PR:N/UI:N/S:C/C:N/I:H/A:L,NETWORK,HIGH,NONE,NONE,CHANGED,NONE,HIGH,LOW,8.4,HIGH,1,0.027134438928675845,0.0258,paloalto,pan-os,['CWE-79'],['cpe:2.3:a:paloalto:pan-os:*:*:*:*:*:*:*:*'],1,1
CVE-2026-11626,Unauthenticated remote code execution in query optimizer in oracle mysql component.,2021-04-06T00:00:00+00:00,2021-05-18T00:00:00+00:00,3.1,CVSS:3.1/AV:A/AC:H/PR:N/UI:N/S:U/C:L/I:H/A:H,ADJACENT_NETWORK,HIGH,NONE,NONE,UNCHANGED,LOW,HIGH,HIGH,8.7,HIGH,0,0.1472668849969129,0.1399,oracle,mysql,['CWE-89'],['cpe:2.3:a:oracle:mysql:*:*:*:*:*:*:*:*'],1,4
CVE-2022-11627,Out-of-bounds memory access in V8 JavaScript engine in google chrome component.,2024-09-13T00:00:00+00:00,2024-11-25T00:00:00+00:00,3.1,CVSS:3.1/AV:N/AC:L/PR:L/UI:R/S:C/C:N/I:L/A:L,NETWORK,LOW,LOW,REQUIRED,CHANGED,NONE,LOW,LOW,6.7,MEDIUM,0,0.33975420083127494,0.3228,google,chrome,['CWE-119'],['cpe:2.3:a:google:chrome:*:*:*:*:*:*:*:*'],1,2
CVE-2025-11628,Command injection in management web interface in paloalto pan-os component.,2022-02-28T00:00:00+00:00,2022-05-04T00:00:00+00:00,3.1,CVSS:3.1/AV:P/AC:L/PR:N/UI:R/S:C/C:H/I:N/A:H,PHYSICAL,LOW,NONE,REQUIRED,CHANGED,HIGH,NONE,HIGH,7.8,HIGH,0,0.12194121458855575,0.1158,paloalto,pan-os,['CWE-269'],['cpe:2.3:a:paloalto:pan-os:*:*:*:*:*:*:*:*'],1,1
CVE-2024-11629,Remote code execution via unsafe deserialization in spring spring_framework component.,2021-12-29T00:00:00+00:00,2022-02-18T00:00:00+00:00,3.1,CVSS:3.1/AV:P/AC:L/PR:N/UI:R/S:C/C:N/I:N/A:N,PHYSICAL,LOW,NONE,REQUIRED,CHANGED,NONE,NONE,NONE,5.9,MEDIUM,0,0.0016009576703624971,0.0015,spring,spring_framework,['CWE-119'],['cpe:2.3:a:spring:spring_framework:*:*:*:*:*:*:*:*'],1,2
CVE-2022-11630,Remote code execution via unsafe deserialization in spring spring_framework component.,2022-02-16T00:00:00+00:00,2022-03-17T00:00:00+00:00,3.1,CVSS:3.1/AV:A/AC:L/PR:H/UI:N/S:C/C:N/I:L/A:H,ADJACENT_NETWORK,LOW,HIGH,NONE,CHANGED,NONE,LOW,HIGH,7.9,HIGH,0,0.007307916093127435,0.0069,spring,spring_framework,['CWE-79'],['cpe:2.3:a:spring:spring_framework:*:*:*:*:*:*:*:*'],1,5
CVE-2023-11631,Integer overflow in HTTP request header processing in nginx nginx component.,2024-12-21T00:00:00+00:00,2025-03-21T00:00:00+00:00,3.1,CVSS:3.1/AV:N/AC:H/PR:L/UI:R/S:C/C:N/I:H/A:N,NETWORK,HIGH,LOW,REQUIRED,CHANGED,NONE,HIGH,NONE,6.3,MEDIUM,0,0.03230049061733416,0.0307,nginx,nginx,['CWE-416'],['cpe:2.3:a:nginx:nginx:*:*:*:*:*:*:*:*'],1,3
CVE-2022-11632,Out-of-bounds memory access in V8 JavaScript engine in google chrome component.,2021-01-13T00:00:00+00:00,2021-04-05T00:00:00+00:00,3.1,CVSS:3.1/AV:N/AC:H/PR:N/UI:N/S:U/C:L/I:H/A:L,NETWORK,HIGH,NONE,NONE,UNCHANGED,LOW,HIGH,LOW,9.1,CRITICAL,0,0.12646779363374608,0.1201,google,chrome,['CWE-79'],['cpe:2.3:a:google:chrome:*:*:*:*:*:*:*:*'],1,4
CVE-2026-11633,Remote code execution via unsafe deserialization in spring spring_framework component.,2021-08-15T00:00:00+00:00,2021-09-30T00:00:00+00:00,3.1,CVSS:3.1/AV:P/AC:L/PR:H/UI:R/S:C/C:H/I:L/A:N,PHYSICAL,LOW,HIGH,REQUIRED,CHANGED,HIGH,LOW,NONE,5.1,MEDIUM,0,0.08526647463429736,0.081,spring,spring_framework,['CWE-20'],['cpe:2.3:a:spring:spring_framework:*:*:*:*:*:*:*:*'],1,2
CVE-2024-11634,Remote code execution in Kerberos authentication service in microsoft windows_server component.,2023-01-25T00:00:00+00:00,2023-04-25T00:00:00+00:00,3.1,CVSS:3.1/AV:P/AC:H/PR:N/UI:R/S:U/C:N/I:L/A:L,PHYSICAL,HIGH,NONE,REQUIRED,UNCHANGED,NONE,LOW,LOW,3.5,LOW,0,0.07174955347995934,0.0682,microsoft,windows_server,['CWE-119'],['cpe:2.3:a:microsoft:windows_server:*:*:*:*:*:*:*:*'],1,3
CVE-2025-11635,Out-of-bounds memory access in V8 JavaScript engine in google chrome component.,2024-04-29T00:00:00+00:00,2024-07-11T00:00:00+00:00,3.1,CVSS:3.1/AV:A/AC:H/PR:L/UI:N/S:C/C:H/I:L/A:H,ADJACENT_NETWORK,HIGH,LOW,NONE,CHANGED,HIGH,LOW,HIGH,7.4,HIGH,0,0.0022457348419582164,0.0021,google,chrome,['CWE-20'],['cpe:2.3:a:google:chrome:*:*:*:*:*:*:*:*'],1,4
CVE-2022-11636,Use-after-free vulnerability in eBPF subsystem in linux linux_kernel component.,2024-04-01T00:00:00+00:00,2024-06-18T00:00:00+00:00,3.1,CVSS:3.1/AV:N/AC:H/PR:L/UI:R/S:U/C:H/I:L/A:L,NETWORK,HIGH,LOW,REQUIRED,UNCHANGED,HIGH,LOW,LOW,6.6,MEDIUM,0,0.24121488198632118,0.2292,linux,linux_kernel,['CWE-200'],['cpe:2.3:a:linux:linux_kernel:*:*:*:*:*:*:*:*'],1,1
CVE-2025-11637,Integer overflow in HTTP request header processing in nginx nginx component.,2024-06-21T00:00:00+00:00,2024-08-11T00:00:00+00:00,3.1,CVSS:3.1/AV:P/AC:L/PR:H/UI:N/S:C/C:L/I:H/A:H,PHYSICAL,LOW,HIGH,NONE,CHANGED,LOW,HIGH,HIGH,7.0,HIGH,0,0.3483399720760155,0.3309,nginx,nginx,['CWE-787'],['cpe:2.3:a:nginx:nginx:*:*:*:*:*:*:*:*'],1,3
CVE-2023-11638,Remote code execution via unsafe deserialization in spring spring_framework component.,2024-11-05T00:00:00+00:00,2025-01-24T00:00:00+00:00,3.1,CVSS:3.1/AV:L/AC:H/PR:L/UI:N/S:U/C:H/I:H/A:L,LOCAL,HIGH,LOW,NONE,UNCHANGED,HIGH,HIGH,LOW,6.4,MEDIUM,0,0.0020823230993537163,0.002,spring,spring_framework,['CWE-79'],['cpe:2.3:a:spring:spring_framework:*:*:*:*:*:*:*:*'],1,4
CVE-2022-11639,Integer overflow in HTTP request header processing in nginx nginx component.,2022-08-15T00:00:00+00:00,2022-10-13T00:00:00+00:00,3.1,CVSS:3.1/AV:L/AC:L/PR:L/UI:N/S:C/C:L/I:H/A:H,LOCAL,LOW,LOW,NONE,CHANGED,LOW,HIGH,HIGH,8.3,HIGH,0,0.021531400066295527,0.0205,nginx,nginx,['CWE-20'],['cpe:2.3:a:nginx:nginx:*:*:*:*:*:*:*:*'],1,3
CVE-2023-11640,Use-after-free vulnerability in eBPF subsystem in linux linux_kernel component.,2021-01-21T00:00:00+00:00,2021-04-09T00:00:00+00:00,3.1,CVSS:3.1/AV:A/AC:H/PR:N/UI:R/S:U/C:N/I:N/A:N,ADJACENT_NETWORK,HIGH,NONE,REQUIRED,UNCHANGED,NONE,NONE,NONE,5.9,MEDIUM,0,0.13141018021775433,0.1248,linux,linux_kernel,['CWE-416'],['cpe:2.3:a:linux:linux_kernel:*:*:*:*:*:*:*:*'],1,2
CVE-2021-11641,Integer overflow in HTTP request header processing in nginx nginx component.,2023-03-24T00:00:00+00:00,2023-05-15T00:00:00+00:00,3.1,CVSS:3.1/AV:L/AC:L/PR:N/UI:N/S:C/C:H/I:L/A:L,LOCAL,LOW,NONE,NONE,CHANGED,HIGH,LOW,LOW,7.9,HIGH,0,0.017939090361913344,0.017,nginx,nginx,['CWE-79'],['cpe:2.3:a:nginx:nginx:*:*:*:*:*:*:*:*'],1,2
CVE-2025-11642,Buffer overflow in TLS handshake parser in openssl openssl component.,2025-12-02T00:00:00+00:00,2026-02-10T00:00:00+00:00,3.1,CVSS:3.1/AV:A/AC:L/PR:L/UI:R/S:C/C:H/I:H/A:H,ADJACENT_NETWORK,LOW,LOW,REQUIRED,CHANGED,HIGH,HIGH,HIGH,9.0,CRITICAL,0,0.23784630818959598,0.226,openssl,openssl,['CWE-119'],['cpe:2.3:a:openssl:openssl:*:*:*:*:*:*:*:*'],1,5
CVE-2026-11643,Out-of-bounds memory access in V8 JavaScript engine in google chrome component.,2023-08-29T00:00:00+00:00,2023-10-02T00:00:00+00:00,3.1,CVSS:3.1/AV:N/AC:H/PR:L/UI:N/S:U/C:N/I:L/A:L,NETWORK,HIGH,LOW,NONE,UNCHANGED,NONE,LOW,LOW,6.7,MEDIUM,0,0.0017679919820448664,0.0017,google,chrome,['CWE-20'],['cpe:2.3:a:google:chrome:*:*:*:*:*:*:*:*'],1,1
CVE-2022-11644,Buffer overflow in TLS handshake parser in openssl openssl component.,2021-04-05T00:00:00+00:00,2021-07-01T00:00:00+00:00,3.1,CVSS:3.1/AV:L/AC:H/PR:H/UI:R/S:U/C:H/I:H/A:L,LOCAL,HIGH,HIGH,REQUIRED,UNCHANGED,HIGH,HIGH,LOW,6.3,MEDIUM,0,0.004044357301478873,0.0038,openssl,openssl,['CWE-119'],['cpe:2.3:a:openssl:openssl:*:*:*:*:*:*:*:*'],1,1
CVE-2024-11645,Unauthenticated remote code execution in query optimizer in oracle mysql component.,2022-08-23T00:00:00+00:00,2022-09-05T00:00:00+00:00,3.1,CVSS:3.1/AV:L/AC:L/PR:L/UI:R/S:C/C:L/I:H/A:N,LOCAL,LOW,LOW,REQUIRED,CHANGED,LOW,HIGH,NONE,6.5,MEDIUM,0,0.04778629287679701,0.0454,oracle,mysql,['CWE-787'],['cpe:2.3:a:oracle:mysql:*:*:*:*:*:*:*:*'],1,1
CVE-2025-11646,Denial of service via HTTP/2 frame flooding in apache http_server component.,2023-08-25T00:00:00+00:00,2023-09-15T00:00:00+00:00,3.1,CVSS:3.1/AV:P/AC:L/PR:N/UI:N/S:U/C:L/I:L/A:H,PHYSICAL,LOW,NONE,NONE,UNCHANGED,LOW,LOW,HIGH,7.0,HIGH,0,0.0023934126666637326,0.0023,apache,http_server,['CWE-79'],['cpe:2.3:a:apache:http_server:*:*:*:*:*:*:*:*'],1,1
CVE-2023-11647,Privilege escalation via authenticated extension loading in postgresql postgresql component.,2022-08-29T00:00:00+00:00,2022-10-07T00:00:00+00:00,3.1,CVSS:3.1/AV:L/AC:L/PR:H/UI:N/S:C/C:L/I:L/A:H,LOCAL,LOW,HIGH,NONE,CHANGED,LOW,LOW,HIGH,6.9,MEDIUM,0,0.10111149748452505,0.0961,postgresql,postgresql,['CWE-269'],['cpe:2.3:a:postgresql:postgresql:*:*:*:*:*:*:*:*'],1,4
CVE-2024-11648,Remote code execution via unsafe deserialization in spring spring_framework component.,2025-08-04T00:00:00+00:00,2025-09-21T00:00:00+00:00,3.1,CVSS:3.1/AV:A/AC:H/PR:N/UI:R/S:U/C:N/I:N/A:L,ADJACENT_NETWORK,HIGH,NONE,REQUIRED,UNCHANGED,NONE,NONE,LOW,5.2,MEDIUM,0,0.004899126434004047,0.0047,spring,spring_framework,['CWE-269'],['cpe:2.3:a:spring:spring_framework:*:*:*:*:*:*:*:*'],1,5
CVE-2024-11649,Out-of-bounds memory access in V8 JavaScript engine in google chrome component.,2025-11-22T00:00:00+00:00,2026-01-23T00:00:00+00:00,3.1,CVSS:3.1/AV:A/AC:H/PR:L/UI:N/S:U/C:N/I:N/A:H,ADJACENT_NETWORK,HIGH,LOW,NONE,UNCHANGED,NONE,NONE,HIGH,6.4,MEDIUM,0,0.04486784446328928,0.0426,google,chrome,['CWE-20'],['cpe:2.3:a:google:chrome:*:*:*:*:*:*:*:*'],1,3
CVE-2022-11650,Privilege escalation via authenticated extension loading in postgresql postgresql component.,2024-07-24T00:00:00+00:00,2024-10-15T00:00:00+00:00,3.1,CVSS:3.1/AV:L/AC:H/PR:N/UI:R/S:C/C:L/I:L/A:L,LOCAL,HIGH,NONE,REQUIRED,CHANGED,LOW,LOW,LOW,5.5,MEDIUM,0,0.0332811548415907,0.0316,postgresql,postgresql,['CWE-200'],['cpe:2.3:a:postgresql:postgresql:*:*:*:*:*:*:*:*'],1,5
CVE-2026-11651,Use-after-free vulnerability in eBPF subsystem in linux linux_kernel component.,2025-05-28T00:00:00+00:00,2025-07-09T00:00:00+00:00,3.1,CVSS:3.1/AV:L/AC:L/PR:H/UI:R/S:C/C:N/I:N/A:N,LOCAL,LOW,HIGH,REQUIRED,CHANGED,NONE,NONE,NONE,4.6,MEDIUM,0,0.00750768869586693,0.0071,linux,linux_kernel,['CWE-119'],['cpe:2.3:a:linux:linux_kernel:*:*:*:*:*:*:*:*'],1,3
CVE-2024-11652,Buffer overflow in TLS handshake parser in openssl openssl component.,2025-08-28T00:00:00+00:00,2025-09-08T00:00:00+00:00,3.1,CVSS:3.1/AV:A/AC:H/PR:L/UI:R/S:U/C:N/I:N/A:H,ADJACENT_NETWORK,HIGH,LOW,REQUIRED,UNCHANGED,NONE,NONE,HIGH,5.7,MEDIUM,0,0.1090709784802238,0.1036,openssl,openssl,['CWE-20'],['cpe:2.3:a:openssl:openssl:*:*:*:*:*:*:*:*'],1,1
CVE-2024-11653,Privilege escalation via authenticated extension loading in postgresql postgresql component.,2021-09-19T00:00:00+00:00,2021-12-13T00:00:00+00:00,3.1,CVSS:3.1/AV:A/AC:L/PR:N/UI:R/S:U/C:H/I:N/A:H,ADJACENT_NETWORK,LOW,NONE,REQUIRED,UNCHANGED,HIGH,NONE,HIGH,8.6,HIGH,0,0.4604806285900103,0.4375,postgresql,postgresql,['CWE-787'],['cpe:2.3:a:postgresql:postgresql:*:*:*:*:*:*:*:*'],1,4
CVE-2024-11654,Command injection in management web interface in paloalto pan-os component.,2025-05-01T00:00:00+00:00,2025-06-05T00:00:00+00:00,3.1,CVSS:3.1/AV:A/AC:H/PR:H/UI:R/S:C/C:H/I:L/A:N,ADJACENT_NETWORK,HIGH,HIGH,REQUIRED,CHANGED,HIGH,LOW,NONE,6.1,MEDIUM,0,0.008365137890951254,0.0079,paloalto,pan-os,['CWE-89'],['cpe:2.3:a:paloalto:pan-os:*:*:*:*:*:*:*:*'],1,5
CVE-2022-11655,Use-after-free vulnerability in eBPF subsystem in linux linux_kernel component.,2024-10-27T00:00:00+00:00,2024-12-11T00:00:00+00:00,3.1,CVSS:3.1/AV:A/AC:H/PR:N/UI:R/S:U/C:H/I:L/A:L,ADJACENT_NETWORK,HIGH,NONE,REQUIRED,UNCHANGED,HIGH,LOW,LOW,6.5,MEDIUM,0,0.020428408550195537,0.0194,linux,linux_kernel,['CWE-269'],['cpe:2.3:a:linux:linux_kernel:*:*:*:*:*:*:*:*'],1,5
CVE-2024-11656,Denial of service via HTTP/2 frame flooding in apache http_server component.,2021-05-17T00:00:00+00:00,2021-05-25T00:00:00+00:00,3.1,CVSS:3.1/AV:L/AC:L/PR:H/UI:N/S:C/C:L/I:H/A:N,LOCAL,LOW,HIGH,NONE,CHANGED,LOW,HIGH,NONE,7.2,HIGH,0,0.04169558309871654,0.0396,apache,http_server,['CWE-200'],['cpe:2.3:a:apache:http_server:*:*:*:*:*:*:*:*'],1,4
CVE-2023-11657,Integer overflow in HTTP request header processing in nginx nginx component.,2022-07-06T00:00:00+00:00,2022-09-05T00:00:00+00:00,3.1,CVSS:3.1/AV:A/AC:H/PR:H/UI:N/S:C/C:N/I:L/A:L,ADJACENT_NETWORK,HIGH,HIGH,NONE,CHANGED,NONE,LOW,LOW,5.9,MEDIUM,0,0.02055883895499055,0.0195,nginx,nginx,['CWE-200'],['cpe:2.3:a:nginx:nginx:*:*:*:*:*:*:*:*'],1,1
CVE-2021-11658,Integer overflow in HTTP request header processing in nginx nginx component.,2022-12-31T00:00:00+00:00,2023-03-16T00:00:00+00:00,3.1,CVSS:3.1/AV:L/AC:H/PR:N/UI:R/S:C/C:H/I:N/A:N,LOCAL,HIGH,NONE,REQUIRED,CHANGED,HIGH,NONE,NONE,6.5,MEDIUM,0,0.05895186533412907,0.056,nginx,nginx,['CWE-269'],['cpe:2.3:a:nginx:nginx:*:*:*:*:*:*:*:*'],1,2
CVE-2025-11659,Integer overflow in HTTP request header processing in nginx nginx component.,2023-12-31T00:00:00+00:00,2024-01-04T00:00:00+00:00,3.1,CVSS:3.1/AV:A/AC:L/PR:N/UI:N/S:C/C:N/I:N/A:H,ADJACENT_NETWORK,LOW,NONE,NONE,CHANGED,NONE,NONE,HIGH,8.7,HIGH,0,0.2617641293636451,0.2487,nginx,nginx,['CWE-119'],['cpe:2.3:a:nginx:nginx:*:*:*:*:*:*:*:*'],1,2
CVE-2025-11660,Remote code execution via unsafe deserialization in spring spring_framework component.,2022-01-09T00:00:00+00:00,2022-03-05T00:00:00+00:00,3.1,CVSS:3.1/AV:N/AC:H/PR:H/UI:N/S:U/C:L/I:N/A:L,NETWORK,HIGH,HIGH,NONE,UNCHANGED,LOW,NONE,LOW,6.4,MEDIUM,0,0.0053144821191705325,0.005,spring,spring_framework,['CWE-787'],['cpe:2.3:a:spring:spring_framework:*:*:*:*:*:*:*:*'],1,2
CVE-2023-11661,Buffer overflow in TLS handshake parser in openssl openssl component.,2025-08-22T00:00:00+00:00,2025-11-02T00:00:00+00:00,3.1,CVSS:3.1/AV:P/AC:L/PR:L/UI:N/S:C/C:N/I:N/A:L,PHYSICAL,LOW,LOW,NONE,CHANGED,NONE,NONE,LOW,4.8,MEDIUM,0,0.1828496281348787,0.1737,openssl,openssl,['CWE-200'],['cpe:2.3:a:openssl:openssl:*:*:*:*:*:*:*:*'],1,4
CVE-2026-11662,Unauthenticated remote code execution in query optimizer in oracle mysql component.,2022-03-12T00:00:00+00:00,2022-04-23T00:00:00+00:00,3.1,CVSS:3.1/AV:A/AC:H/PR:H/UI:N/S:U/C:H/I:H/A:N,ADJACENT_NETWORK,HIGH,HIGH,NONE,UNCHANGED,HIGH,HIGH,NONE,7.4,HIGH,0,0.0002414535834417305,0.0002,oracle,mysql,['CWE-269'],['cpe:2.3:a:oracle:mysql:*:*:*:*:*:*:*:*'],1,4
CVE-2022-11663,Integer overflow in HTTP request header processing in nginx nginx component.,2022-08-23T00:00:00+00:00,2022-09-28T00:00:00+00:00,3.1,CVSS:3.1/AV:P/AC:H/PR:N/UI:R/S:C/C:H/I:L/A:N,PHYSICAL,HIGH,NONE,REQUIRED,CHANGED,HIGH,LOW,NONE,5.4,MEDIUM,0,0.07193979431310935,0.0683,nginx,nginx,['CWE-416'],['cpe:2.3:a:nginx:nginx:*:*:*:*:*:*:*:*'],1,5
CVE-2023-11664,Denial of service via HTTP/2 frame flooding in apache http_server component.,2022-04-05T00:00:00+00:00,2022-05-02T00:00:00+00:00,3.1,CVSS:3.1/AV:P/AC:L/PR:H/UI:R/S:C/C:H/I:L/A:L,PHYSICAL,LOW,HIGH,REQUIRED,CHANGED,HIGH,LOW,LOW,5.4,MEDIUM,0,0.06840007142689462,0.065,apache,http_server,['CWE-269'],['cpe:2.3:a:apache:http_server:*:*:*:*:*:*:*:*'],1,1
CVE-2025-11665,Out-of-bounds memory access in V8 JavaScript engine in google chrome component.,2024-03-23T00:00:00+00:00,2024-06-06T00:00:00+00:00,3.1,CVSS:3.1/AV:N/AC:L/PR:N/UI:N/S:C/C:L/I:N/A:H,NETWORK,LOW,NONE,NONE,CHANGED,LOW,NONE,HIGH,9.8,CRITICAL,1,0.5277999253293899,0.5014,google,chrome,['CWE-119'],['cpe:2.3:a:google:chrome:*:*:*:*:*:*:*:*'],1,3
CVE-2021-11666,Command injection in management web interface in paloalto pan-os component.,2024-12-13T00:00:00+00:00,2024-12-24T00:00:00+00:00,3.1,CVSS:3.1/AV:P/AC:H/PR:L/UI:N/S:C/C:L/I:L/A:H,PHYSICAL,HIGH,LOW,NONE,CHANGED,LOW,LOW,HIGH,5.9,MEDIUM,0,0.056320273030351836,0.0535,paloalto,pan-os,['CWE-200'],['cpe:2.3:a:paloalto:pan-os:*:*:*:*:*:*:*:*'],1,5
CVE-2026-11667,Out-of-bounds memory access in V8 JavaScript engine in google chrome component.,2023-07-27T00:00:00+00:00,2023-10-10T00:00:00+00:00,3.1,CVSS:3.1/AV:L/AC:H/PR:N/UI:R/S:C/C:L/I:H/A:H,LOCAL,HIGH,NONE,REQUIRED,CHANGED,LOW,HIGH,HIGH,7.1,HIGH,0,0.027241109875061818,0.0259,google,chrome,['CWE-269'],['cpe:2.3:a:google:chrome:*:*:*:*:*:*:*:*'],1,5
CVE-2025-11668,Command injection in management web interface in paloalto pan-os component.,2025-02-28T00:00:00+00:00,2025-03-15T00:00:00+00:00,3.1,CVSS:3.1/AV:N/AC:L/PR:N/UI:N/S:C/C:H/I:H/A:L,NETWORK,LOW,NONE,NONE,CHANGED,HIGH,HIGH,LOW,10.0,CRITICAL,0,0.3147037731948128,0.299,paloalto,pan-os,['CWE-79'],['cpe:2.3:a:paloalto:pan-os:*:*:*:*:*:*:*:*'],1,2
CVE-2025-11669,Use-after-free vulnerability in eBPF subsystem in linux linux_kernel component.,2024-01-12T00:00:00+00:00,2024-02-06T00:00:00+00:00,3.1,CVSS:3.1/AV:P/AC:L/PR:L/UI:N/S:C/C:H/I:H/A:L,PHYSICAL,LOW,LOW,NONE,CHANGED,HIGH,HIGH,LOW,7.0,HIGH,0,0.025072968721934295,0.0238,linux,linux_kernel,['CWE-200'],['cpe:2.3:a:linux:linux_kernel:*:*:*:*:*:*:*:*'],1,3
CVE-2023-11670,Denial of service via HTTP/2 frame flooding in apache http_server component.,2025-06-16T00:00:00+00:00,2025-07-13T00:00:00+00:00,3.1,CVSS:3.1/AV:P/AC:H/PR:N/UI:R/S:U/C:N/I:N/A:H,PHYSICAL,HIGH,NONE,REQUIRED,UNCHANGED,NONE,NONE,HIGH,5.2,MEDIUM,0,0.07551961011025034,0.0717,apache,http_server,['CWE-119'],['cpe:2.3:a:apache:http_server:*:*:*:*:*:*:*:*'],1,1
CVE-2025-11671,Privilege escalation via authenticated extension loading in postgresql postgresql component.,2023-10-27T00:00:00+00:00,2023-12-10T00:00:00+00:00,3.1,CVSS:3.1/AV:P/AC:L/PR:N/UI:N/S:C/C:H/I:N/A:L,PHYSICAL,LOW,NONE,NONE,CHANGED,HIGH,NONE,LOW,7.7,HIGH,0,0.0652634791502112,0.062,postgresql,postgresql,['CWE-269'],['cpe:2.3:a:postgresql:postgresql:*:*:*:*:*:*:*:*'],1,5
CVE-2021-11672,Buffer overflow in TLS handshake parser in openssl openssl component.,2025-02-20T00:00:00+00:00,2025-05-11T00:00:00+00:00,3.1,CVSS:3.1/AV:A/AC:L/PR:L/UI:R/S:U/C:L/I:L/A:N,ADJACENT_NETWORK,LOW,LOW,REQUIRED,UNCHANGED,LOW,LOW,NONE,5.2,MEDIUM,0,0.05988668502365809,0.0569,openssl,openssl,['CWE-416'],['cpe:2.3:a:openssl:openssl:*:*:*:*:*:*:*:*'],1,4
CVE-2022-11673,Out-of-bounds memory access in V8 JavaScript engine in google chrome component.,2022-03-29T00:00:00+00:00,2022-05-16T00:00:00+00:00,3.1,CVSS:3.1/AV:N/AC:H/PR:H/UI:N/S:C/C:H/I:N/A:H,NETWORK,HIGH,HIGH,NONE,CHANGED,HIGH,NONE,HIGH,8.7,HIGH,1,0.026377284049416055,0.0251,google,chrome,['CWE-89'],['cpe:2.3:a:google:chrome:*:*:*:*:*:*:*:*'],1,4
CVE-2026-11674,Buffer overflow in TLS handshake parser in openssl openssl component.,2025-03-05T00:00:00+00:00,2025-03-21T00:00:00+00:00,3.1,CVSS:3.1/AV:N/AC:L/PR:H/UI:N/S:U/C:N/I:H/A:N,NETWORK,LOW,HIGH,NONE,UNCHANGED,NONE,HIGH,NONE,8.5,HIGH,0,0.016154280739433445,0.0153,openssl,openssl,['CWE-787'],['cpe:2.3:a:openssl:openssl:*:*:*:*:*:*:*:*'],1,3
CVE-2026-11675,Command injection in management web interface in paloalto pan-os component.,2025-11-09T00:00:00+00:00,2025-12-20T00:00:00+00:00,3.1,CVSS:3.1/AV:L/AC:L/PR:N/UI:R/S:U/C:H/I:N/A:H,LOCAL,LOW,NONE,REQUIRED,UNCHANGED,HIGH,NONE,HIGH,8.5,HIGH,0,0.08831686781452479,0.0839,paloalto,pan-os,['CWE-269'],['cpe:2.3:a:paloalto:pan-os:*:*:*:*:*:*:*:*'],1,5
CVE-2025-11676,Denial of service via HTTP/2 frame flooding in apache http_server component.,2025-01-08T00:00:00+00:00,2025-01-24T00:00:00+00:00,3.1,CVSS:3.1/AV:N/AC:H/PR:L/UI:N/S:U/C:L/I:N/A:H,NETWORK,HIGH,LOW,NONE,UNCHANGED,LOW,NONE,HIGH,6.9,MEDIUM,0,0.000414198601349549,0.0004,apache,http_server,['CWE-787'],['cpe:2.3:a:apache:http_server:*:*:*:*:*:*:*:*'],1,2
CVE-2021-11677,Remote code execution in Kerberos authentication service in microsoft windows_server component.,2022-12-04T00:00:00+00:00,2023-03-04T00:00:00+00:00,3.1,CVSS:3.1/AV:P/AC:L/PR:L/UI:R/S:U/C:L/I:N/A:N,PHYSICAL,LOW,LOW,REQUIRED,UNCHANGED,LOW,NONE,NONE,4.3,MEDIUM,0,0.2158795692151249,0.2051,microsoft,windows_server,['CWE-269'],['cpe:2.3:a:microsoft:windows_server:*:*:*:*:*:*:*:*'],1,5
CVE-2024-11678,Out-of-bounds memory access in V8 JavaScript engine in google chrome component.,2024-03-09T00:00:00+00:00,2024-04-10T00:00:00+00:00,3.1,CVSS:3.1/AV:A/AC:H/PR:N/UI:N/S:U/C:H/I:L/A:H,ADJACENT_NETWORK,HIGH,NONE,NONE,UNCHANGED,HIGH,LOW,HIGH,8.4,HIGH,0,0.20862470364885516,0.1982,google,chrome,['CWE-269'],['cpe:2.3:a:google:chrome:*:*:*:*:*:*:*:*'],1,4
CVE-2023-11679,Denial of service via HTTP/2 frame flooding in apache http_server component.,2024-07-20T00:00:00+00:00,2024-08-27T00:00:00+00:00,3.1,CVSS:3.1/AV:P/AC:L/PR:N/UI:R/S:C/C:L/I:N/A:H,PHYSICAL,LOW,NONE,REQUIRED,CHANGED,LOW,NONE,HIGH,6.5,MEDIUM,0,0.009297054032253161,0.0088,apache,http_server,['CWE-787'],['cpe:2.3:a:apache:http_server:*:*:*:*:*:*:*:*'],1,5
CVE-2023-11680,Command injection in management web interface in paloalto pan-os component.,2022-12-12T00:00:00+00:00,2022-12-27T00:00:00+00:00,3.1,CVSS:3.1/AV:N/AC:H/PR:L/UI:N/S:C/C:H/I:H/A:N,NETWORK,HIGH,LOW,NONE,CHANGED,HIGH,HIGH,NONE,8.9,HIGH,0,0.287981460029317,0.2736,paloalto,pan-os,['CWE-119'],['cpe:2.3:a:paloalto:pan-os:*:*:*:*:*:*:*:*'],1,4
CVE-2022-11681,Integer overflow in HTTP request header processing in nginx nginx component.,2023-07-25T00:00:00+00:00,2023-07-29T00:00:00+00:00,3.1,CVSS:3.1/AV:A/AC:H/PR:H/UI:R/S:C/C:N/I:L/A:N,ADJACENT_NETWORK,HIGH,HIGH,REQUIRED,CHANGED,NONE,LOW,NONE,4.8,MEDIUM,0,0.007114213271696481,0.0068,nginx,nginx,['CWE-200'],['cpe:2.3:a:nginx:nginx:*:*:*:*:*:*:*:*'],1,2
CVE-2021-11682,Remote code execution via unsafe deserialization in spring spring_framework component.,2023-02-13T00:00:00+00:00,2023-03-18T00:00:00+00:00,3.1,CVSS:3.1/AV:L/AC:L/PR:H/UI:R/S:U/C:N/I:N/A:H,LOCAL,LOW,HIGH,REQUIRED,UNCHANGED,NONE,NONE,HIGH,6.2,MEDIUM,0,0.04255072696552409,0.0404,spring,spring_framework,['CWE-787'],['cpe:2.3:a:spring:spring_framework:*:*:*:*:*:*:*:*'],1,3
CVE-2023-11683,Privilege escalation via authenticated extension loading in postgresql postgresql component.,2024-01-02T00:00:00+00:00,2024-03-24T00:00:00+00:00,3.1,CVSS:3.1/AV:L/AC:H/PR:L/UI:N/S:C/C:N/I:N/A:N,LOCAL,HIGH,LOW,NONE,CHANGED,NONE,NONE,NONE,4.8,MEDIUM,0,0.07149691162077094,0.0679,postgresql,postgresql,['CWE-20'],['cpe:2.3:a:postgresql:postgresql:*:*:*:*:*:*:*:*'],1,2
CVE-2022-11684,Integer overflow in HTTP request header processing in nginx nginx component.,2021-01-17T00:00:00+00:00,2021-02-20T00:00:00+00:00,3.1,CVSS:3.1/AV:A/AC:H/PR:L/UI:N/S:C/C:N/I:H/A:N,ADJACENT_NETWORK,HIGH,LOW,NONE,CHANGED,NONE,HIGH,NONE,6.8,MEDIUM,0,0.010665952953854842,0.0101,nginx,nginx,['CWE-200'],['cpe:2.3:a:nginx:nginx:*:*:*:*:*:*:*:*'],1,3
CVE-2024-11685,Use-after-free vulnerability in eBPF subsystem in linux linux_kernel component.,2021-08-26T00:00:00+00:00,2021-11-02T00:00:00+00:00,3.1,CVSS:3.1/AV:A/AC:H/PR:N/UI:N/S:C/C:H/I:N/A:L,ADJACENT_NETWORK,HIGH,NONE,NONE,CHANGED,HIGH,NONE,LOW,8.0,HIGH,0,0.04773237999409994,0.0453,linux,linux_kernel,['CWE-787'],['cpe:2.3:a:linux:linux_kernel:*:*:*:*:*:*:*:*'],1,4
CVE-2026-11686,Use-after-free vulnerability in eBPF subsystem in linux linux_kernel component.,2025-03-29T00:00:00+00:00,2025-06-22T00:00:00+00:00,3.1,CVSS:3.1/AV:N/AC:L/PR:N/UI:R/S:C/C:L/I:L/A:L,NETWORK,LOW,NONE,REQUIRED,CHANGED,LOW,LOW,LOW,8.4,HIGH,1,0.1989610975612053,0.189,linux,linux_kernel,['CWE-119'],['cpe:2.3:a:linux:linux_kernel:*:*:*:*:*:*:*:*'],1,3
CVE-2026-11687,Remote code execution via unsafe deserialization in spring spring_framework component.,2023-07-19T00:00:00+00:00,2023-08-06T00:00:00+00:00,3.1,CVSS:3.1/AV:P/AC:L/PR:L/UI:R/S:U/C:N/I:H/A:L,PHYSICAL,LOW,LOW,REQUIRED,UNCHANGED,NONE,HIGH,LOW,5.2,MEDIUM,0,0.0019216813214288924,0.0018,spring,spring_framework,['CWE-79'],['cpe:2.3:a:spring:spring_framework:*:*:*:*:*:*:*:*'],1,1
CVE-2023-11688,Remote code execution in Kerberos authentication service in microsoft windows_server component.,2025-05-08T00:00:00+00:00,2025-05-13T00:00:00+00:00,3.1,CVSS:3.1/AV:A/AC:H/PR:N/UI:N/S:C/C:N/I:H/A:L,ADJACENT_NETWORK,HIGH,NONE,NONE,CHANGED,NONE,HIGH,LOW,7.8,HIGH,0,0.2889541664918062,0.2745,microsoft,windows_server,['CWE-787'],['cpe:2.3:a:microsoft:windows_server:*:*:*:*:*:*:*:*'],1,3
CVE-2022-11689,Remote code execution via unsafe deserialization in spring spring_framework component.,2025-02-08T00:00:00+00:00,2025-03-10T00:00:00+00:00,3.1,CVSS:3.1/AV:A/AC:H/PR:L/UI:R/S:C/C:N/I:L/A:N,ADJACENT_NETWORK,HIGH,LOW,REQUIRED,CHANGED,NONE,LOW,NONE,4.8,MEDIUM,0,0.13508202689537413,0.1283,spring,spring_framework,['CWE-119'],['cpe:2.3:a:spring:spring_framework:*:*:*:*:*:*:*:*'],1,1
CVE-2021-11690,Out-of-bounds memory access in V8 JavaScript engine in google chrome component.,2024-06-29T00:00:00+00:00,2024-07-14T00:00:00+00:00,3.1,CVSS:3.1/AV:L/AC:L/PR:H/UI:R/S:U/C:N/I:H/A:N,LOCAL,LOW,HIGH,REQUIRED,UNCHANGED,NONE,HIGH,NONE,6.0,MEDIUM,0,0.09043142001850507,0.0859,google,chrome,['CWE-416'],['cpe:2.3:a:google:chrome:*:*:*:*:*:*:*:*'],1,2
CVE-2023-11691,Unauthenticated remote code execution in query optimizer in oracle mysql component.,2025-06-01T00:00:00+00:00,2025-06-23T00:00:00+00:00,3.1,CVSS:3.1/AV:N/AC:H/PR:N/UI:N/S:U/C:N/I:H/A:N,NETWORK,HIGH,NONE,NONE,UNCHANGED,NONE,HIGH,NONE,8.6,HIGH,0,0.1599197537970874,0.1519,oracle,mysql,['CWE-269'],['cpe:2.3:a:oracle:mysql:*:*:*:*:*:*:*:*'],1,4
CVE-2022-11692,Integer overflow in HTTP request header processing in nginx nginx component.,2021-01-15T00:00:00+00:00,2021-02-19T00:00:00+00:00,3.1,CVSS:3.1/AV:L/AC:L/PR:N/UI:N/S:C/C:H/I:H/A:H,LOCAL,LOW,NONE,NONE,CHANGED,HIGH,HIGH,HIGH,10.0,CRITICAL,0,0.22142154633465552,0.2104,nginx,nginx,['CWE-200'],['cpe:2.3:a:nginx:nginx:*:*:*:*:*:*:*:*'],1,1
CVE-2022-11693,Out-of-bounds memory access in V8 JavaScript engine in google chrome component.,2021-11-23T00:00:00+00:00,2021-12-28T00:00:00+00:00,3.1,CVSS:3.1/AV:L/AC:L/PR:H/UI:N/S:U/C:H/I:L/A:H,LOCAL,LOW,HIGH,NONE,UNCHANGED,HIGH,LOW,HIGH,7.7,HIGH,0,0.19654702535700316,0.1867,google,chrome,['CWE-200'],['cpe:2.3:a:google:chrome:*:*:*:*:*:*:*:*'],1,1
CVE-2022-11694,Command injection in management web interface in paloalto pan-os component.,2025-03-18T00:00:00+00:00,2025-04-23T00:00:00+00:00,3.1,CVSS:3.1/AV:P/AC:L/PR:H/UI:R/S:U/C:H/I:L/A:L,PHYSICAL,LOW,HIGH,REQUIRED,UNCHANGED,HIGH,LOW,LOW,5.8,MEDIUM,0,0.09778721456651251,0.0929,paloalto,pan-os,['CWE-416'],['cpe:2.3:a:paloalto:pan-os:*:*:*:*:*:*:*:*'],1,2
CVE-2022-11695,Command injection in management web interface in paloalto pan-os component.,2023-02-04T00:00:00+00:00,2023-02-15T00:00:00+00:00,3.1,CVSS:3.1/AV:P/AC:H/PR:N/UI:N/S:C/C:N/I:L/A:H,PHYSICAL,HIGH,NONE,NONE,CHANGED,NONE,LOW,HIGH,6.5,MEDIUM,0,0.022330039185807577,0.0212,paloalto,pan-os,['CWE-119'],['cpe:2.3:a:paloalto:pan-os:*:*:*:*:*:*:*:*'],1,2
CVE-2021-11696,Remote code execution in Kerberos authentication service in microsoft windows_server component.,2021-08-09T00:00:00+00:00,2021-10-17T00:00:00+00:00,3.1,CVSS:3.1/AV:N/AC:L/PR:N/UI:R/S:C/C:H/I:L/A:N,NETWORK,LOW,NONE,REQUIRED,CHANGED,HIGH,LOW,NONE,9.6,CRITICAL,0,0.5864067521460467,0.5571,microsoft,windows_server,['CWE-119'],['cpe:2.3:a:microsoft:windows_server:*:*:*:*:*:*:*:*'],1,1
CVE-2021-11697,Integer overflow in HTTP request header processing in nginx nginx component.,2021-11-02T00:00:00+00:00,2022-01-11T00:00:00+00:00,3.1,CVSS:3.1/AV:P/AC:H/PR:H/UI:N/S:U/C:N/I:N/A:N,PHYSICAL,HIGH,HIGH,NONE,UNCHANGED,NONE,NONE,NONE,3.5,LOW,0,0.021546665323528204,0.0205,nginx,nginx,['CWE-269'],['cpe:2.3:a:nginx:nginx:*:*:*:*:*:*:*:*'],1,2
CVE-2024-11698,Remote code execution in Kerberos authentication service in microsoft windows_server component.,2025-01-17T00:00:00+00:00,2025-02-04T00:00:00+00:00,3.1,CVSS:3.1/AV:N/AC:H/PR:N/UI:R/S:U/C:N/I:L/A:L,NETWORK,HIGH,NONE,REQUIRED,UNCHANGED,NONE,LOW,LOW,6.8,MEDIUM,0,0.08789592246641953,0.0835,microsoft,windows_server,['CWE-787'],['cpe:2.3:a:microsoft:windows_server:*:*:*:*:*:*:*:*'],1,5
CVE-2021-11699,Unauthenticated remote code execution in query optimizer in oracle mysql component.,2021-05-03T00:00:00+00:00,2021-05-16T00:00:00+00:00,3.1,CVSS:3.1/AV:P/AC:L/PR:N/UI:R/S:U/C:N/I:L/A:N,PHYSICAL,LOW,NONE,REQUIRED,UNCHANGED,NONE,LOW,NONE,5.6,MEDIUM,0,0.025965822885165468,0.0247,oracle,mysql,['CWE-787'],['cpe:2.3:a:oracle:mysql:*:*:*:*:*:*:*:*'],1,1
CVE-2021-11700,Privilege escalation via authenticated extension loading in postgresql postgresql component.,2024-09-02T00:00:00+00:00,2024-10-30T00:00:00+00:00,3.1,CVSS:3.1/AV:A/AC:L/PR:N/UI:N/S:U/C:H/I:L/A:H,ADJACENT_NETWORK,LOW,NONE,NONE,UNCHANGED,HIGH,LOW,HIGH,9.4,CRITICAL,0,0.11350170855491024,0.1078,postgresql,postgresql,['CWE-20'],['cpe:2.3:a:postgresql:postgresql:*:*:*:*:*:*:*:*'],1,5
CVE-2021-11701,Integer overflow in HTTP request header processing in nginx nginx component.,2024-09-03T00:00:00+00:00,2024-10-23T00:00:00+00:00,3.1,CVSS:3.1/AV:P/AC:L/PR:N/UI:N/S:U/C:L/I:L/A:H,PHYSICAL,LOW,NONE,NONE,UNCHANGED,LOW,LOW,HIGH,6.7,MEDIUM,0,0.20995704542625468,0.1995,nginx,nginx,['CWE-200'],['cpe:2.3:a:nginx:nginx:*:*:*:*:*:*:*:*'],1,4
CVE-2024-11702,Denial of service via HTTP/2 frame flooding in apache http_server component.,2021-08-16T00:00:00+00:00,2021-10-28T00:00:00+00:00,3.1,CVSS:3.1/AV:A/AC:L/PR:L/UI:N/S:C/C:L/I:L/A:N,ADJACENT_NETWORK,LOW,LOW,NONE,CHANGED,LOW,LOW,NONE,6.9,MEDIUM,0,0.15736131670597772,0.1495,apache,http_server,['CWE-416'],['cpe:2.3:a:apache:http_server:*:*:*:*:*:*:*:*'],1,1
CVE-2022-11703,Command injection in management web interface in paloalto pan-os component.,2025-04-05T00:00:00+00:00,2025-05-14T00:00:00+00:00,3.1,CVSS:3.1/AV:L/AC:L/PR:N/UI:R/S:U/C:N/I:H/A:L,LOCAL,LOW,NONE,REQUIRED,UNCHANGED,NONE,HIGH,LOW,6.9,MEDIUM,0,0.24033095618655995,0.2283,paloalto,pan-os,['CWE-20'],['cpe:2.3:a:paloalto:pan-os:*:*:*:*:*:*:*:*'],1,2
CVE-2022-11704,Unauthenticated remote code execution in query optimizer in oracle mysql component.,2022-03-16T00:00:00+00:00,2022-05-31T00:00:00+00:00,3.1,CVSS:3.1/AV:L/AC:L/PR:N/UI:N/S:C/C:L/I:H/A:L,LOCAL,LOW,NONE,NONE,CHANGED,LOW,HIGH,LOW,8.2,HIGH,0,0.16841582968848148,0.16,oracle,mysql,['CWE-787'],['cpe:2.3:a:oracle:mysql:*:*:*:*:*:*:*:*'],1,2
CVE-2025-11705,Remote code execution in Kerberos authentication service in microsoft windows_server component.,2021-02-16T00:00:00+00:00,2021-03-15T00:00:00+00:00,3.1,CVSS:3.1/AV:A/AC:H/PR:H/UI:R/S:C/C:N/I:N/A:N,ADJACENT_NETWORK,HIGH,HIGH,REQUIRED,CHANGED,NONE,NONE,NONE,4.9,MEDIUM,0,0.1130786102753943,0.1074,microsoft,windows_server,['CWE-787'],['cpe:2.3:a:microsoft:windows_server:*:*:*:*:*:*:*:*'],1,4
CVE-2026-11706,Denial of service via HTTP/2 frame flooding in apache http_server component.,2023-08-12T00:00:00+00:00,2023-10-29T00:00:00+00:00,3.1,CVSS:3.1/AV:L/AC:L/PR:H/UI:N/S:C/C:L/I:H/A:L,LOCAL,LOW,HIGH,NONE,CHANGED,LOW,HIGH,LOW,7.1,HIGH,0,0.27804751825873586,0.2641,apache,http_server,['CWE-269'],['cpe:2.3:a:apache:http_server:*:*:*:*:*:*:*:*'],1,1
CVE-2021-11707,Remote code execution in Kerberos authentication service in microsoft windows_server component.,2021-09-27T00:00:00+00:00,2021-10-11T00:00:00+00:00,3.1,CVSS:3.1/AV:N/AC:L/PR:L/UI:N/S:U/C:L/I:H/A:L,NETWORK,LOW,LOW,NONE,UNCHANGED,LOW,HIGH,LOW,8.2,HIGH,0,0.018300905830177367,0.0174,microsoft,windows_server,['CWE-200'],['cpe:2.3:a:microsoft:windows_server:*:*:*:*:*:*:*:*'],1,5
CVE-2024-11708,Remote code execution via unsafe deserialization in spring spring_framework component.,2022-06-07T00:00:00+00:00,2022-08-08T00:00:00+00:00,3.1,CVSS:3.1/AV:P/AC:H/PR:N/UI:N/S:C/C:L/I:N/A:N,PHYSICAL,HIGH,NONE,NONE,CHANGED,LOW,NONE,NONE,5.4,MEDIUM,0,0.22680505137264578,0.2155,spring,spring_framework,['CWE-200'],['cpe:2.3:a:spring:spring_framework:*:*:*:*:*:*:*:*'],1,3
CVE-2023-11709,Integer overflow in HTTP request header processing in nginx nginx component.,2021-02-18T00:00:00+00:00,2021-04-25T00:00:00+00:00,3.1,CVSS:3.1/AV:A/AC:H/PR:H/UI:N/S:U/C:H/I:N/A:L,ADJACENT_NETWORK,HIGH,HIGH,NONE,UNCHANGED,HIGH,NONE,LOW,6.6,MEDIUM,0,0.1177219323455778,0.1118,nginx,nginx,['CWE-200'],['cpe:2.3:a:nginx:nginx:*:*:*:*:*:*:*:*'],1,5
CVE-2022-11710,Out-of-bounds memory access in V8 JavaScript engine in google chrome component.,2021-06-25T00:00:00+00:00,2021-08-20T00:00:00+00:00,3.1,CVSS:3.1/AV:L/AC:L/PR:N/UI:R/S:U/C:L/I:H/A:H,LOCAL,LOW,NONE,REQUIRED,UNCHANGED,LOW,HIGH,HIGH,8.2,HIGH,0,0.13191569621330348,0.1253,google,chrome,['CWE-89'],['cpe:2.3:a:google:chrome:*:*:*:*:*:*:*:*'],1,2
CVE-2022-11711,Unauthenticated remote code execution in query optimizer in oracle mysql component.,2022-07-25T00:00:00+00:00,2022-10-03T00:00:00+00:00,3.1,CVSS:3.1/AV:L/AC:H/PR:L/UI:R/S:U/C:H/I:N/A:N,LOCAL,HIGH,LOW,REQUIRED,UNCHANGED,HIGH,NONE,NONE,4.6,MEDIUM,0,0.21033319294515018,0.1998,oracle,mysql,['CWE-119'],['cpe:2.3:a:oracle:mysql:*:*:*:*:*:*:*:*'],1,5
CVE-2024-11712,Remote code execution via unsafe deserialization in spring spring_framework component.,2022-10-15T00:00:00+00:00,2022-11-20T00:00:00+00:00,3.1,CVSS:3.1/AV:P/AC:L/PR:N/UI:N/S:U/C:N/I:N/A:N,PHYSICAL,LOW,NONE,NONE,UNCHANGED,NONE,NONE,NONE,6.2,MEDIUM,0,0.08264988289027334,0.0785,spring,spring_framework,['CWE-787'],['cpe:2.3:a:spring:spring_framework:*:*:*:*:*:*:*:*'],1,2
CVE-2023-11713,Buffer overflow in TLS handshake parser in openssl openssl component.,2022-11-05T00:00:00+00:00,2022-11-06T00:00:00+00:00,3.1,CVSS:3.1/AV:A/AC:L/PR:N/UI:N/S:U/C:N/I:H/A:H,ADJACENT_NETWORK,LOW,NONE,NONE,UNCHANGED,NONE,HIGH,HIGH,10.0,CRITICAL,0,0.1480395746245061,0.1406,openssl,openssl,['CWE-416'],['cpe:2.3:a:openssl:openssl:*:*:*:*:*:*:*:*'],1,2
CVE-2026-11714,Use-after-free vulnerability in eBPF subsystem in linux linux_kernel component.,2025-01-02T00:00:00+00:00,2025-02-23T00:00:00+00:00,3.1,CVSS:3.1/AV:P/AC:L/PR:H/UI:N/S:U/C:N/I:H/A:H,PHYSICAL,LOW,HIGH,NONE,UNCHANGED,NONE,HIGH,HIGH,6.9,MEDIUM,0,0.47680019047902794,0.453,linux,linux_kernel,['CWE-79'],['cpe:2.3:a:linux:linux_kernel:*:*:*:*:*:*:*:*'],1,1
CVE-2021-11715,Use-after-free vulnerability in eBPF subsystem in linux linux_kernel component.,2023-04-12T00:00:00+00:00,2023-04-13T00:00:00+00:00,3.1,CVSS:3.1/AV:N/AC:L/PR:L/UI:N/S:U/C:N/I:H/A:L,NETWORK,LOW,LOW,NONE,UNCHANGED,NONE,HIGH,LOW,8.1,HIGH,1,0.15081149274595904,0.1433,linux,linux_kernel,['CWE-787'],['cpe:2.3:a:linux:linux_kernel:*:*:*:*:*:*:*:*'],1,5
CVE-2025-11716,Remote code execution via unsafe deserialization in spring spring_framework component.,2025-01-28T00:00:00+00:00,2025-03-28T00:00:00+00:00,3.1,CVSS:3.1/AV:N/AC:H/PR:N/UI:R/S:C/C:H/I:N/A:H,NETWORK,HIGH,NONE,REQUIRED,CHANGED,HIGH,NONE,HIGH,9.3,CRITICAL,0,0.8193109073063832,0.7783,spring,spring_framework,['CWE-200'],['cpe:2.3:a:spring:spring_framework:*:*:*:*:*:*:*:*'],1,4
CVE-2021-11717,Privilege escalation via authenticated extension loading in postgresql postgresql component.,2021-04-14T00:00:00+00:00,2021-04-17T00:00:00+00:00,3.1,CVSS:3.1/AV:L/AC:L/PR:N/UI:R/S:U/C:N/I:H/A:N,LOCAL,LOW,NONE,REQUIRED,UNCHANGED,NONE,HIGH,NONE,7.2,HIGH,0,0.000693164077460176,0.0007,postgresql,postgresql,['CWE-787'],['cpe:2.3:a:postgresql:postgresql:*:*:*:*:*:*:*:*'],1,1
CVE-2025-11718,Denial of service via HTTP/2 frame flooding in apache http_server component.,2021-06-24T00:00:00+00:00,2021-08-04T00:00:00+00:00,3.1,CVSS:3.1/AV:N/AC:H/PR:H/UI:R/S:C/C:H/I:N/A:H,NETWORK,HIGH,HIGH,REQUIRED,CHANGED,HIGH,NONE,HIGH,7.8,HIGH,0,0.18783958236224912,0.1784,apache,http_server,['CWE-200'],['cpe:2.3:a:apache:http_server:*:*:*:*:*:*:*:*'],1,2
CVE-2022-11719,Buffer overflow in TLS handshake parser in openssl openssl component.,2024-07-26T00:00:00+00:00,2024-08-29T00:00:00+00:00,3.1,CVSS:3.1/AV:N/AC:L/PR:L/UI:N/S:C/C:N/I:L/A:L,NETWORK,LOW,LOW,NONE,CHANGED,NONE,LOW,LOW,8.0,HIGH,0,0.07849044318383021,0.0746,openssl,openssl,['CWE-787'],['cpe:2.3:a:openssl:openssl:*:*:*:*:*:*:*:*'],1,3
CVE-2025-11720,Remote code execution in Kerberos authentication service in microsoft windows_server component.,2024-05-28T00:00:00+00:00,2024-08-13T00:00:00+00:00,3.1,CVSS:3.1/AV:L/AC:H/PR:H/UI:R/S:C/C:L/I:L/A:N,LOCAL,HIGH,HIGH,REQUIRED,CHANGED,LOW,LOW,NONE,3.9,LOW,0,0.14437622757521396,0.1372,microsoft,windows_server,['CWE-20'],['cpe:2.3:a:microsoft:windows_server:*:*:*:*:*:*:*:*'],1,1
CVE-2025-11721,Buffer overflow in TLS handshake parser in openssl openssl component.,2021-10-10T00:00:00+00:00,2021-11-14T00:00:00+00:00,3.1,CVSS:3.1/AV:N/AC:L/PR:H/UI:N/S:U/C:N/I:H/A:N,NETWORK,LOW,HIGH,NONE,UNCHANGED,NONE,HIGH,NONE,8.5,HIGH,0,0.6173677726506764,0.5865,openssl,openssl,['CWE-200'],['cpe:2.3:a:openssl:openssl:*:*:*:*:*:*:*:*'],1,1
CVE-2024-11722,Command injection in management web interface in paloalto pan-os component.,2021-10-16T00:00:00+00:00,2021-10-21T00:00:00+00:00,3.1,CVSS:3.1/AV:L/AC:L/PR:L/UI:R/S:C/C:N/I:L/A:N,LOCAL,LOW,LOW,REQUIRED,CHANGED,NONE,LOW,NONE,5.5,MEDIUM,0,0.0001,0.0001,paloalto,pan-os,['CWE-269'],['cpe:2.3:a:paloalto:pan-os:*:*:*:*:*:*:*:*'],1,2
CVE-2023-11723,Remote code execution in Kerberos authentication service in microsoft windows_server component.,2021-11-24T00:00:00+00:00,2021-12-23T00:00:00+00:00,3.1,CVSS:3.1/AV:L/AC:H/PR:N/UI:N/S:C/C:N/I:N/A:H,LOCAL,HIGH,NONE,NONE,CHANGED,NONE,NONE,HIGH,7.2,HIGH,0,0.07648164691088116,0.0727,microsoft,windows_server,['CWE-79'],['cpe:2.3:a:microsoft:windows_server:*:*:*:*:*:*:*:*'],1,5
CVE-2025-11724,Command injection in management web interface in paloalto pan-os component.,2024-12-07T00:00:00+00:00,2025-01-19T00:00:00+00:00,3.1,CVSS:3.1/AV:N/AC:L/PR:H/UI:R/S:U/C:H/I:N/A:H,NETWORK,LOW,HIGH,REQUIRED,UNCHANGED,HIGH,NONE,HIGH,8.9,HIGH,0,0.7688538787566823,0.7304,paloalto,pan-os,['CWE-269'],['cpe:2.3:a:paloalto:pan-os:*:*:*:*:*:*:*:*'],1,5
CVE-2023-11725,Buffer overflow in TLS handshake parser in openssl openssl component.,2024-09-25T00:00:00+00:00,2024-11-15T00:00:00+00:00,3.1,CVSS:3.1/AV:N/AC:L/PR:N/UI:R/S:U/C:N/I:N/A:L,NETWORK,LOW,NONE,REQUIRED,UNCHANGED,NONE,NONE,LOW,7.9,HIGH,0,0.3533493335131732,0.3357,openssl,openssl,['CWE-416'],['cpe:2.3:a:openssl:openssl:*:*:*:*:*:*:*:*'],1,4
CVE-2021-11726,Buffer overflow in TLS handshake parser in openssl openssl component.,2021-06-24T00:00:00+00:00,2021-07-11T00:00:00+00:00,3.1,CVSS:3.1/AV:A/AC:L/PR:L/UI:N/S:U/C:N/I:H/A:H,ADJACENT_NETWORK,LOW,LOW,NONE,UNCHANGED,NONE,HIGH,HIGH,8.3,HIGH,0,0.002242237013403495,0.0021,openssl,openssl,['CWE-89'],['cpe:2.3:a:openssl:openssl:*:*:*:*:*:*:*:*'],1,2
CVE-2025-11727,Command injection in management web interface in paloalto pan-os component.,2025-02-14T00:00:00+00:00,2025-05-06T00:00:00+00:00,3.1,CVSS:3.1/AV:P/AC:L/PR:L/UI:N/S:U/C:N/I:H/A:L,PHYSICAL,LOW,LOW,NONE,UNCHANGED,NONE,HIGH,LOW,5.9,MEDIUM,0,0.1470889723747318,0.1397,paloalto,pan-os,['CWE-269'],['cpe:2.3:a:paloalto:pan-os:*:*:*:*:*:*:*:*'],1,1
CVE-2026-11728,Integer overflow in HTTP request header processing in nginx nginx component.,2023-05-30T00:00:00+00:00,2023-07-25T00:00:00+00:00,3.1,CVSS:3.1/AV:L/AC:L/PR:H/UI:R/S:C/C:L/I:H/A:N,LOCAL,LOW,HIGH,REQUIRED,CHANGED,LOW,HIGH,NONE,6.7,MEDIUM,0,0.1534002466839097,0.1457,nginx,nginx,['CWE-200'],['cpe:2.3:a:nginx:nginx:*:*:*:*:*:*:*:*'],1,2
CVE-2024-11729,Command injection in management web interface in paloalto pan-os component.,2023-05-09T00:00:00+00:00,2023-06-07T00:00:00+00:00,3.1,CVSS:3.1/AV:L/AC:H/PR:N/UI:N/S:U/C:L/I:N/A:N,LOCAL,HIGH,NONE,NONE,UNCHANGED,LOW,NONE,NONE,5.4,MEDIUM,0,0.11270243702333566,0.1071,paloalto,pan-os,['CWE-269'],['cpe:2.3:a:paloalto:pan-os:*:*:*:*:*:*:*:*'],1,4
CVE-2026-11730,Privilege escalation via authenticated extension loading in postgresql postgresql component.,2022-09-26T00:00:00+00:00,2022-11-28T00:00:00+00:00,3.1,CVSS:3.1/AV:A/AC:H/PR:N/UI:R/S:C/C:N/I:L/A:L,ADJACENT_NETWORK,HIGH,NONE,REQUIRED,CHANGED,NONE,LOW,LOW,6.3,MEDIUM,0,0.09018689054106985,0.0857,postgresql,postgresql,['CWE-89'],['cpe:2.3:a:postgresql:postgresql:*:*:*:*:*:*:*:*'],1,2
CVE-2021-11731,Unauthenticated remote code execution in query optimizer in oracle mysql component.,2025-03-15T00:00:00+00:00,2025-06-10T00:00:00+00:00,3.1,CVSS:3.1/AV:A/AC:H/PR:H/UI:N/S:C/C:L/I:N/A:H,ADJACENT_NETWORK,HIGH,HIGH,NONE,CHANGED,LOW,NONE,HIGH,7.3,HIGH,0,0.5125272897571693,0.4869,oracle,mysql,['CWE-416'],['cpe:2.3:a:oracle:mysql:*:*:*:*:*:*:*:*'],1,4
CVE-2023-11732,Remote code execution in Kerberos authentication service in microsoft windows_server component.,2024-12-02T00:00:00+00:00,2025-01-23T00:00:00+00:00,3.1,CVSS:3.1/AV:A/AC:L/PR:L/UI:N/S:C/C:L/I:H/A:L,ADJACENT_NETWORK,LOW,LOW,NONE,CHANGED,LOW,HIGH,LOW,8.1,HIGH,0,0.021791041262622306,0.0207,microsoft,windows_server,['CWE-200'],['cpe:2.3:a:microsoft:windows_server:*:*:*:*:*:*:*:*'],1,5
CVE-2024-11733,Use-after-free vulnerability in eBPF subsystem in linux linux_kernel component.,2023-08-15T00:00:00+00:00,2023-08-26T00:00:00+00:00,3.1,CVSS:3.1/AV:A/AC:L/PR:H/UI:N/S:C/C:N/I:N/A:L,ADJACENT_NETWORK,LOW,HIGH,NONE,CHANGED,NONE,NONE,LOW,6.8,MEDIUM,0,0.07229905181238905,0.0687,linux,linux_kernel,['CWE-79'],['cpe:2.3:a:linux:linux_kernel:*:*:*:*:*:*:*:*'],1,5
CVE-2025-11734,Use-after-free vulnerability in eBPF subsystem in linux linux_kernel component.,2024-03-04T00:00:00+00:00,2024-05-05T00:00:00+00:00,3.1,CVSS:3.1/AV:L/AC:L/PR:N/UI:N/S:C/C:L/I:N/A:L,LOCAL,LOW,NONE,NONE,CHANGED,LOW,NONE,LOW,7.9,HIGH,0,0.04331750947541774,0.0412,linux,linux_kernel,['CWE-20'],['cpe:2.3:a:linux:linux_kernel:*:*:*:*:*:*:*:*'],1,3
CVE-2026-11735,Remote code execution in Kerberos authentication service in microsoft windows_server component.,2025-03-24T00:00:00+00:00,2025-05-12T00:00:00+00:00,3.1,CVSS:3.1/AV:A/AC:L/PR:N/UI:N/S:C/C:H/I:L/A:L,ADJACENT_NETWORK,LOW,NONE,NONE,CHANGED,HIGH,LOW,LOW,8.9,HIGH,0,0.006694671091396646,0.0064,microsoft,windows_server,['CWE-269'],['cpe:2.3:a:microsoft:windows_server:*:*:*:*:*:*:*:*'],1,2
CVE-2023-11736,Unauthenticated remote code execution in query optimizer in oracle mysql component.,2024-03-23T00:00:00+00:00,2024-04-15T00:00:00+00:00,3.1,CVSS:3.1/AV:N/AC:H/PR:H/UI:R/S:C/C:H/I:N/A:N,NETWORK,HIGH,HIGH,REQUIRED,CHANGED,HIGH,NONE,NONE,6.9,MEDIUM,0,0.04795047807460548,0.0456,oracle,mysql,['CWE-79'],['cpe:2.3:a:oracle:mysql:*:*:*:*:*:*:*:*'],1,5
CVE-2022-11737,Integer overflow in HTTP request header processing in nginx nginx component.,2024-01-25T00:00:00+00:00,2024-04-05T00:00:00+00:00,3.1,CVSS:3.1/AV:N/AC:L/PR:L/UI:N/S:U/C:H/I:L/A:N,NETWORK,LOW,LOW,NONE,UNCHANGED,HIGH,LOW,NONE,8.5,HIGH,1,0.9059508064437943,0.8607,nginx,nginx,['CWE-269'],['cpe:2.3:a:nginx:nginx:*:*:*:*:*:*:*:*'],1,5
CVE-2025-11738,Use-after-free vulnerability in eBPF subsystem in linux linux_kernel component.,2025-11-26T00:00:00+00:00,2026-01-30T00:00:00+00:00,3.1,CVSS:3.1/AV:A/AC:L/PR:H/UI:R/S:C/C:H/I:N/A:L,ADJACENT_NETWORK,LOW,HIGH,REQUIRED,CHANGED,HIGH,NONE,LOW,7.2,HIGH,0,0.0674352826133796,0.0641,linux,linux_kernel,['CWE-416'],['cpe:2.3:a:linux:linux_kernel:*:*:*:*:*:*:*:*'],1,3
CVE-2023-11739,Buffer overflow in TLS handshake parser in openssl openssl component.,2025-10-01T00:00:00+00:00,2025-10-14T00:00:00+00:00,3.1,CVSS:3.1/AV:N/AC:L/PR:N/UI:N/S:U/C:L/I:L/A:N,NETWORK,LOW,NONE,NONE,UNCHANGED,LOW,LOW,NONE,8.3,HIGH,0,0.2873396290712691,0.273,openssl,openssl,['CWE-200'],['cpe:2.3:a:openssl:openssl:*:*:*:*:*:*:*:*'],1,1
CVE-2022-11740,Command injection in management web interface in paloalto pan-os component.,2025-11-03T00:00:00+00:00,2025-11-07T00:00:00+00:00,3.1,CVSS:3.1/AV:N/AC:H/PR:N/UI:R/S:C/C:N/I:N/A:L,NETWORK,HIGH,NONE,REQUIRED,CHANGED,NONE,NONE,LOW,6.9,MEDIUM,0,0.015590673548951764,0.0148,paloalto,pan-os,['CWE-89'],['cpe:2.3:a:paloalto:pan-os:*:*:*:*:*:*:*:*'],1,1
CVE-2024-11741,Remote code execution via unsafe deserialization in spring spring_framework component.,2021-04-19T00:00:00+00:00,2021-04-27T00:00:00+00:00,3.1,CVSS:3.1/AV:A/AC:L/PR:N/UI:N/S:U/C:H/I:L/A:H,ADJACENT_NETWORK,LOW,NONE,NONE,UNCHANGED,HIGH,LOW,HIGH,9.6,CRITICAL,0,0.03395509205973518,0.0323,spring,spring_framework,['CWE-20'],['cpe:2.3:a:spring:spring_framework:*:*:*:*:*:*:*:*'],1,1
CVE-2023-11742,Denial of service via HTTP/2 frame flooding in apache http_server component.,2021-03-08T00:00:00+00:00,2021-03-10T00:00:00+00:00,3.1,CVSS:3.1/AV:A/AC:H/PR:L/UI:N/S:U/C:N/I:H/A:L,ADJACENT_NETWORK,HIGH,LOW,NONE,UNCHANGED,NONE,HIGH,LOW,6.1,MEDIUM,0,0.0001382914610933495,0.0001,apache,http_server,['CWE-79'],['cpe:2.3:a:apache:http_server:*:*:*:*:*:*:*:*'],1,5
CVE-2026-11743,Integer overflow in HTTP request header processing in nginx nginx component.,2024-02-11T00:00:00+00:00,2024-04-05T00:00:00+00:00,3.1,CVSS:3.1/AV:N/AC:L/PR:H/UI:R/S:U/C:L/I:H/A:H,NETWORK,LOW,HIGH,REQUIRED,UNCHANGED,LOW,HIGH,HIGH,8.8,HIGH,0,0.044460928300954126,0.0422,nginx,nginx,['CWE-20'],['cpe:2.3:a:nginx:nginx:*:*:*:*:*:*:*:*'],1,5
CVE-2021-11744,Use-after-free vulnerability in eBPF subsystem in linux linux_kernel component.,2024-04-06T00:00:00+00:00,2024-06-28T00:00:00+00:00,3.1,CVSS:3.1/AV:L/AC:H/PR:H/UI:R/S:C/C:N/I:H/A:N,LOCAL,HIGH,HIGH,REQUIRED,CHANGED,NONE,HIGH,NONE,5.7,MEDIUM,0,0.123314096397046,0.1171,linux,linux_kernel,['CWE-79'],['cpe:2.3:a:linux:linux_kernel:*:*:*:*:*:*:*:*'],1,2
CVE-2023-11745,Integer overflow in HTTP request header processing in nginx nginx component.,2022-04-03T00:00:00+00:00,2022-05-17T00:00:00+00:00,3.1,CVSS:3.1/AV:A/AC:L/PR:N/UI:R/S:U/C:H/I:H/A:H,ADJACENT_NETWORK,LOW,NONE,REQUIRED,UNCHANGED,HIGH,HIGH,HIGH,10.0,CRITICAL,0,0.01371870692069656,0.013,nginx,nginx,['CWE-787'],['cpe:2.3:a:nginx:nginx:*:*:*:*:*:*:*:*'],1,5
CVE-2024-11746,Buffer overflow in TLS handshake parser in openssl openssl component.,2021-10-09T00:00:00+00:00,2021-12-08T00:00:00+00:00,3.1,CVSS:3.1/AV:N/AC:L/PR:L/UI:N/S:C/C:N/I:L/A:N,NETWORK,LOW,LOW,NONE,CHANGED,NONE,LOW,NONE,7.7,HIGH,0,0.0063483725982540345,0.006,openssl,openssl,['CWE-79'],['cpe:2.3:a:openssl:openssl:*:*:*:*:*:*:*:*'],1,5
CVE-2022-11747,Integer overflow in HTTP request header processing in nginx nginx component.,2021-09-23T00:00:00+00:00,2021-10-19T00:00:00+00:00,3.1,CVSS:3.1/AV:P/AC:H/PR:L/UI:R/S:U/C:H/I:N/A:L,PHYSICAL,HIGH,LOW,REQUIRED,UNCHANGED,HIGH,NONE,LOW,4.1,MEDIUM,0,0.04829115456171495,0.0459,nginx,nginx,['CWE-269'],['cpe:2.3:a:nginx:nginx:*:*:*:*:*:*:*:*'],1,2
CVE-2024-11748,Buffer overflow in TLS handshake parser in openssl openssl component.,2025-12-04T00:00:00+00:00,2026-01-27T00:00:00+00:00,3.1,CVSS:3.1/AV:N/AC:L/PR:N/UI:R/S:U/C:H/I:H/A:H,NETWORK,LOW,NONE,REQUIRED,UNCHANGED,HIGH,HIGH,HIGH,10.0,CRITICAL,0,0.3761249406416419,0.3573,openssl,openssl,['CWE-269'],['cpe:2.3:a:openssl:openssl:*:*:*:*:*:*:*:*'],1,4
CVE-2021-11749,Remote code execution via unsafe deserialization in spring spring_framework component.,2021-01-31T00:00:00+00:00,2021-02-22T00:00:00+00:00,3.1,CVSS:3.1/AV:L/AC:H/PR:N/UI:N/S:U/C:L/I:N/A:N,LOCAL,HIGH,NONE,NONE,UNCHANGED,LOW,NONE,NONE,5.8,MEDIUM,0,0.022053816871080746,0.021,spring,spring_framework,['CWE-79'],['cpe:2.3:a:spring:spring_framework:*:*:*:*:*:*:*:*'],1,4
CVE-2021-11750,Out-of-bounds memory access in V8 JavaScript engine in google chrome component.,2025-06-05T00:00:00+00:00,2025-07-25T00:00:00+00:00,3.1,CVSS:3.1/AV:P/AC:H/PR:L/UI:R/S:C/C:H/I:L/A:N,PHYSICAL,HIGH,LOW,REQUIRED,CHANGED,HIGH,LOW,NONE,4.4,MEDIUM,0,0.045670169794637255,0.0434,google,chrome,['CWE-416'],['cpe:2.3:a:google:chrome:*:*:*:*:*:*:*:*'],1,4
CVE-2021-11751,Unauthenticated remote code execution in query optimizer in oracle mysql component.,2023-06-14T00:00:00+00:00,2023-09-02T00:00:00+00:00,3.1,CVSS:3.1/AV:N/AC:L/PR:H/UI:R/S:U/C:N/I:L/A:N,NETWORK,LOW,HIGH,REQUIRED,UNCHANGED,NONE,LOW,NONE,5.8,MEDIUM,0,0.03925266887006773,0.0373,oracle,mysql,['CWE-79'],['cpe:2.3:a:oracle:mysql:*:*:*:*:*:*:*:*'],1,4
CVE-2022-11752,Use-after-free vulnerability in eBPF subsystem in linux linux_kernel component.,2023-03-07T00:00:00+00:00,2023-03-17T00:00:00+00:00,3.1,CVSS:3.1/AV:N/AC:H/PR:N/UI:N/S:U/C:L/I:N/A:H,NETWORK,HIGH,NONE,NONE,UNCHANGED,LOW,NONE,HIGH,8.4,HIGH,0,0.3020166163552257,0.2869,linux,linux_kernel,['CWE-200'],['cpe:2.3:a:linux:linux_kernel:*:*:*:*:*:*:*:*'],1,2
CVE-2022-11753,Use-after-free vulnerability in eBPF subsystem in linux linux_kernel component.,2024-12-10T00:00:00+00:00,2025-03-09T00:00:00+00:00,3.1,CVSS:3.1/AV:N/AC:L/PR:H/UI:N/S:C/C:H/I:L/A:H,NETWORK,LOW,HIGH,NONE,CHANGED,HIGH,LOW,HIGH,9.7,CRITICAL,1,0.5750018401097889,0.5463,linux,linux_kernel,['CWE-20'],['cpe:2.3:a:linux:linux_kernel:*:*:*:*:*:*:*:*'],1,1
CVE-2021-11754,Use-after-free vulnerability in eBPF subsystem in linux linux_kernel component.,2025-02-21T00:00:00+00:00,2025-04-17T00:00:00+00:00,3.1,CVSS:3.1/AV:N/AC:L/PR:L/UI:N/S:U/C:N/I:N/A:L,NETWORK,LOW,LOW,NONE,UNCHANGED,NONE,NONE,LOW,7.1,HIGH,0,0.027488565348606723,0.0261,linux,linux_kernel,['CWE-79'],['cpe:2.3:a:linux:linux_kernel:*:*:*:*:*:*:*:*'],1,4
CVE-2026-11755,Integer overflow in HTTP request header processing in nginx nginx component.,2023-01-17T00:00:00+00:00,2023-03-29T00:00:00+00:00,3.1,CVSS:3.1/AV:P/AC:H/PR:L/UI:N/S:U/C:H/I:H/A:L,PHYSICAL,HIGH,LOW,NONE,UNCHANGED,HIGH,HIGH,LOW,6.0,MEDIUM,0,0.008062243406967028,0.0077,nginx,nginx,['CWE-119'],['cpe:2.3:a:nginx:nginx:*:*:*:*:*:*:*:*'],1,3
CVE-2021-11756,Remote code execution via unsafe deserialization in spring spring_framework component.,2021-07-11T00:00:00+00:00,2021-07-12T00:00:00+00:00,3.1,CVSS:3.1/AV:L/AC:L/PR:N/UI:R/S:C/C:L/I:L/A:N,LOCAL,LOW,NONE,REQUIRED,CHANGED,LOW,LOW,NONE,6.6,MEDIUM,0,0.3868375705656771,0.3675,spring,spring_framework,['CWE-787'],['cpe:2.3:a:spring:spring_framework:*:*:*:*:*:*:*:*'],1,5
CVE-2024-11757,Out-of-bounds memory access in V8 JavaScript engine in google chrome component.,2025-10-19T00:00:00+00:00,2025-11-04T00:00:00+00:00,3.1,CVSS:3.1/AV:L/AC:H/PR:N/UI:R/S:C/C:H/I:N/A:N,LOCAL,HIGH,NONE,REQUIRED,CHANGED,HIGH,NONE,NONE,6.6,MEDIUM,0,0.005095138697968374,0.0048,google,chrome,['CWE-79'],['cpe:2.3:a:google:chrome:*:*:*:*:*:*:*:*'],1,4
CVE-2023-11758,Integer overflow in HTTP request header processing in nginx nginx component.,2025-07-12T00:00:00+00:00,2025-07-25T00:00:00+00:00,3.1,CVSS:3.1/AV:A/AC:L/PR:H/UI:R/S:C/C:H/I:N/A:L,ADJACENT_NETWORK,LOW,HIGH,REQUIRED,CHANGED,HIGH,NONE,LOW,7.0,HIGH,0,0.13025953770547902,0.1237,nginx,nginx,['CWE-269'],['cpe:2.3:a:nginx:nginx:*:*:*:*:*:*:*:*'],1,3
CVE-2024-11759,Command injection in management web interface in paloalto pan-os component.,2025-10-16T00:00:00+00:00,2026-01-06T00:00:00+00:00,3.1,CVSS:3.1/AV:N/AC:H/PR:N/UI:N/S:C/C:N/I:N/A:L,NETWORK,HIGH,NONE,NONE,CHANGED,NONE,NONE,LOW,8.0,HIGH,0,0.4746056488159057,0.4509,paloalto,pan-os,['CWE-416'],['cpe:2.3:a:paloalto:pan-os:*:*:*:*:*:*:*:*'],1,3
CVE-2024-11760,Use-after-free vulnerability in eBPF subsystem in linux linux_kernel component.,2025-05-03T00:00:00+00:00,2025-07-02T00:00:00+00:00,3.1,CVSS:3.1/AV:P/AC:L/PR:N/UI:R/S:U/C:L/I:N/A:N,PHYSICAL,LOW,NONE,REQUIRED,UNCHANGED,LOW,NONE,NONE,5.3,MEDIUM,0,0.08916563735454154,0.0847,linux,linux_kernel,['CWE-787'],['cpe:2.3:a:linux:linux_kernel:*:*:*:*:*:*:*:*'],1,2
CVE-2025-11761,Buffer overflow in TLS handshake parser in openssl openssl component.,2023-08-08T00:00:00+00:00,2023-08-24T00:00:00+00:00,3.1,CVSS:3.1/AV:L/AC:H/PR:L/UI:R/S:U/C:L/I:H/A:H,LOCAL,HIGH,LOW,REQUIRED,UNCHANGED,LOW,HIGH,HIGH,5.9,MEDIUM,0,0.024251864122472037,0.023,openssl,openssl,['CWE-20'],['cpe:2.3:a:openssl:openssl:*:*:*:*:*:*:*:*'],1,2
CVE-2024-11762,Denial of service via HTTP/2 frame flooding in apache http_server component.,2022-10-14T00:00:00+00:00,2022-11-23T00:00:00+00:00,3.1,CVSS:3.1/AV:A/AC:L/PR:N/UI:R/S:C/C:N/I:L/A:H,ADJACENT_NETWORK,LOW,NONE,REQUIRED,CHANGED,NONE,LOW,HIGH,8.3,HIGH,0,0.13536782688075555,0.1286,apache,http_server,['CWE-269'],['cpe:2.3:a:apache:http_server:*:*:*:*:*:*:*:*'],1,4
CVE-2024-11763,Command injection in management web interface in paloalto pan-os component.,2021-04-13T00:00:00+00:00,2021-05-04T00:00:00+00:00,3.1,CVSS:3.1/AV:A/AC:H/PR:L/UI:R/S:C/C:N/I:L/A:N,ADJACENT_NETWORK,HIGH,LOW,REQUIRED,CHANGED,NONE,LOW,NONE,5.2,MEDIUM,0,0.0001,0.0001,paloalto,pan-os,['CWE-200'],['cpe:2.3:a:paloalto:pan-os:*:*:*:*:*:*:*:*'],1,1
CVE-2024-11764,Integer overflow in HTTP request header processing in nginx nginx component.,2023-05-28T00:00:00+00:00,2023-06-30T00:00:00+00:00,3.1,CVSS:3.1/AV:A/AC:L/PR:L/UI:R/S:U/C:N/I:L/A:N,ADJACENT_NETWORK,LOW,LOW,REQUIRED,UNCHANGED,NONE,LOW,NONE,5.8,MEDIUM,0,0.061187156803229184,0.0581,nginx,nginx,['CWE-119'],['cpe:2.3:a:nginx:nginx:*:*:*:*:*:*:*:*'],1,3
CVE-2026-11765,Privilege escalation via authenticated extension loading in postgresql postgresql component.,2024-01-29T00:00:00+00:00,2024-03-21T00:00:00+00:00,3.1,CVSS:3.1/AV:P/AC:H/PR:H/UI:N/S:C/C:H/I:N/A:N,PHYSICAL,HIGH,HIGH,NONE,CHANGED,HIGH,NONE,NONE,5.3,MEDIUM,0,0.04311417316422882,0.041,postgresql,postgresql,['CWE-416'],['cpe:2.3:a:postgresql:postgresql:*:*:*:*:*:*:*:*'],1,5
CVE-2025-11766,Integer overflow in HTTP request header processing in nginx nginx component.,2021-04-17T00:00:00+00:00,2021-06-09T00:00:00+00:00,3.1,CVSS:3.1/AV:N/AC:H/PR:H/UI:R/S:U/C:N/I:N/A:H,NETWORK,HIGH,HIGH,REQUIRED,UNCHANGED,NONE,NONE,HIGH,6.2,MEDIUM,0,0.5670545356152488,0.5387,nginx,nginx,['CWE-269'],['cpe:2.3:a:nginx:nginx:*:*:*:*:*:*:*:*'],1,3
CVE-2023-11767,Privilege escalation via authenticated extension loading in postgresql postgresql component.,2021-01-13T00:00:00+00:00,2021-02-27T00:00:00+00:00,3.1,CVSS:3.1/AV:N/AC:L/PR:L/UI:N/S:C/C:H/I:N/A:L,NETWORK,LOW,LOW,NONE,CHANGED,HIGH,NONE,LOW,8.7,HIGH,0,0.06350048477480581,0.0603,postgresql,postgresql,['CWE-787'],['cpe:2.3:a:postgresql:postgresql:*:*:*:*:*:*:*:*'],1,4
CVE-2021-11768,Use-after-free vulnerability in eBPF subsystem in linux linux_kernel component.,2022-10-06T00:00:00+00:00,2022-10-31T00:00:00+00:00,3.1,CVSS:3.1/AV:L/AC:H/PR:L/UI:N/S:C/C:H/I:H/A:L,LOCAL,HIGH,LOW,NONE,CHANGED,HIGH,HIGH,LOW,6.8,MEDIUM,0,0.08544231076620745,0.0812,linux,linux_kernel,['CWE-787'],['cpe:2.3:a:linux:linux_kernel:*:*:*:*:*:*:*:*'],1,3
CVE-2023-11769,Unauthenticated remote code execution in query optimizer in oracle mysql component.,2021-11-22T00:00:00+00:00,2022-01-17T00:00:00+00:00,3.1,CVSS:3.1/AV:N/AC:L/PR:N/UI:R/S:U/C:N/I:L/A:N,NETWORK,LOW,NONE,REQUIRED,UNCHANGED,NONE,LOW,NONE,7.6,HIGH,0,0.288432891053375,0.274,oracle,mysql,['CWE-416'],['cpe:2.3:a:oracle:mysql:*:*:*:*:*:*:*:*'],1,2
CVE-2026-11770,Integer overflow in HTTP request header processing in nginx nginx component.,2022-02-27T00:00:00+00:00,2022-03-23T00:00:00+00:00,3.1,CVSS:3.1/AV:N/AC:L/PR:N/UI:N/S:C/C:N/I:N/A:N,NETWORK,LOW,NONE,NONE,CHANGED,NONE,NONE,NONE,9.3,CRITICAL,0,0.8141709946400407,0.7735,nginx,nginx,['CWE-269'],['cpe:2.3:a:nginx:nginx:*:*:*:*:*:*:*:*'],1,4
CVE-2025-11771,Remote code execution in Kerberos authentication service in microsoft windows_server component.,2021-09-05T00:00:00+00:00,2021-11-07T00:00:00+00:00,3.1,CVSS:3.1/AV:N/AC:H/PR:N/UI:N/S:C/C:N/I:H/A:H,NETWORK,HIGH,NONE,NONE,CHANGED,NONE,HIGH,HIGH,10.0,CRITICAL,0,0.23023514496577754,0.2187,microsoft,windows_server,['CWE-200'],['cpe:2.3:a:microsoft:windows_server:*:*:*:*:*:*:*:*'],1,3
CVE-2024-11772,Remote code execution via unsafe deserialization in spring spring_framework component.,2024-03-27T00:00:00+00:00,2024-06-06T00:00:00+00:00,3.1,CVSS:3.1/AV:A/AC:L/PR:L/UI:N/S:U/C:L/I:H/A:N,ADJACENT_NETWORK,LOW,LOW,NONE,UNCHANGED,LOW,HIGH,NONE,7.0,HIGH,0,0.04823021982288715,0.0458,spring,spring_framework,['CWE-119'],['cpe:2.3:a:spring:spring_framework:*:*:*:*:*:*:*:*'],1,5
CVE-2022-11773,Command injection in management web interface in paloalto pan-os component.,2021-03-02T00:00:00+00:00,2021-03-26T00:00:00+00:00,3.1,CVSS:3.1/AV:P/AC:L/PR:N/UI:R/S:U/C:H/I:L/A:L,PHYSICAL,LOW,NONE,REQUIRED,UNCHANGED,HIGH,LOW,LOW,6.1,MEDIUM,0,0.02466836099766939,0.0234,paloalto,pan-os,['CWE-787'],['cpe:2.3:a:paloalto:pan-os:*:*:*:*:*:*:*:*'],1,1
CVE-2024-11774,Buffer overflow in TLS handshake parser in openssl openssl component.,2024-01-24T00:00:00+00:00,2024-01-28T00:00:00+00:00,3.1,CVSS:3.1/AV:N/AC:H/PR:L/UI:N/S:U/C:N/I:L/A:N,NETWORK,HIGH,LOW,NONE,UNCHANGED,NONE,LOW,NONE,6.5,MEDIUM,0,0.0008542256063955256,0.0008,openssl,openssl,['CWE-787'],['cpe:2.3:a:openssl:openssl:*:*:*:*:*:*:*:*'],1,1
CVE-2026-11775,Unauthenticated remote code execution in query optimizer in oracle mysql component.,2021-01-23T00:00:00+00:00,2021-01-28T00:00:00+00:00,3.1,CVSS:3.1/AV:L/AC:L/PR:N/UI:N/S:C/C:L/I:N/A:L,LOCAL,LOW,NONE,NONE,CHANGED,LOW,NONE,LOW,7.1,HIGH,0,0.025725895979731107,0.0244,oracle,mysql,['CWE-200'],['cpe:2.3:a:oracle:mysql:*:*:*:*:*:*:*:*'],1,4
CVE-2022-11776,Out-of-bounds memory access in V8 JavaScript engine in google chrome component.,2025-10-13T00:00:00+00:00,2025-10-28T00:00:00+00:00,3.1,CVSS:3.1/AV:P/AC:L/PR:H/UI:R/S:C/C:L/I:N/A:H,PHYSICAL,LOW,HIGH,REQUIRED,CHANGED,LOW,NONE,HIGH,5.6,MEDIUM,0,0.0072397617642368465,0.0069,google,chrome,['CWE-20'],['cpe:2.3:a:google:chrome:*:*:*:*:*:*:*:*'],1,5
CVE-2025-11777,Privilege escalation via authenticated extension loading in postgresql postgresql component.,2021-03-08T00:00:00+00:00,2021-04-28T00:00:00+00:00,3.1,CVSS:3.1/AV:L/AC:H/PR:N/UI:N/S:C/C:H/I:H/A:H,LOCAL,HIGH,NONE,NONE,CHANGED,HIGH,HIGH,HIGH,9.1,CRITICAL,0,0.7143074810718755,0.6786,postgresql,postgresql,['CWE-269'],['cpe:2.3:a:postgresql:postgresql:*:*:*:*:*:*:*:*'],1,1
CVE-2022-11778,Out-of-bounds memory access in V8 JavaScript engine in google chrome component.,2025-02-20T00:00:00+00:00,2025-05-09T00:00:00+00:00,3.1,CVSS:3.1/AV:A/AC:L/PR:L/UI:N/S:C/C:N/I:H/A:N,ADJACENT_NETWORK,LOW,LOW,NONE,CHANGED,NONE,HIGH,NONE,8.3,HIGH,0,0.001779502302409289,0.0017,google,chrome,['CWE-89'],['cpe:2.3:a:google:chrome:*:*:*:*:*:*:*:*'],1,5
CVE-2024-11779,Denial of service via HTTP/2 frame flooding in apache http_server component.,2022-04-01T00:00:00+00:00,2022-05-16T00:00:00+00:00,3.1,CVSS:3.1/AV:N/AC:H/PR:H/UI:R/S:U/C:N/I:L/A:H,NETWORK,HIGH,HIGH,REQUIRED,UNCHANGED,NONE,LOW,HIGH,6.3,MEDIUM,0,0.09388218245136509,0.0892,apache,http_server,['CWE-416'],['cpe:2.3:a:apache:http_server:*:*:*:*:*:*:*:*'],1,4
CVE-2026-11780,Remote code execution in Kerberos authentication service in microsoft windows_server component.,2022-11-10T00:00:00+00:00,2022-12-02T00:00:00+00:00,3.1,CVSS:3.1/AV:P/AC:L/PR:H/UI:R/S:C/C:N/I:H/A:L,PHYSICAL,LOW,HIGH,REQUIRED,CHANGED,NONE,HIGH,LOW,5.4,MEDIUM,0,0.04759510766434507,0.0452,microsoft,windows_server,['CWE-200'],['cpe:2.3:a:microsoft:windows_server:*:*:*:*:*:*:*:*'],1,5
CVE-2023-11781,Out-of-bounds memory access in V8 JavaScript engine in google chrome component.,2021-02-17T00:00:00+00:00,2021-04-16T00:00:00+00:00,3.1,CVSS:3.1/AV:N/AC:H/PR:L/UI:N/S:C/C:H/I:L/A:L,NETWORK,HIGH,LOW,NONE,CHANGED,HIGH,LOW,LOW,7.8,HIGH,0,0.03013774462828776,0.0286,google,chrome,['CWE-416'],['cpe:2.3:a:google:chrome:*:*:*:*:*:*:*:*'],1,1
CVE-2021-11782,Command injection in management web interface in paloalto pan-os component.,2024-01-23T00:00:00+00:00,2024-01-25T00:00:00+00:00,3.1,CVSS:3.1/AV:N/AC:L/PR:H/UI:N/S:U/C:N/I:N/A:L,NETWORK,LOW,HIGH,NONE,UNCHANGED,NONE,NONE,LOW,7.3,HIGH,0,0.296375478238431,0.2816,paloalto,pan-os,['CWE-200'],['cpe:2.3:a:paloalto:pan-os:*:*:*:*:*:*:*:*'],1,2
CVE-2021-11783,Out-of-bounds memory access in V8 JavaScript engine in google chrome component.,2022-07-27T00:00:00+00:00,2022-08-30T00:00:00+00:00,3.1,CVSS:3.1/AV:N/AC:L/PR:N/UI:N/S:C/C:N/I:N/A:N,NETWORK,LOW,NONE,NONE,CHANGED,NONE,NONE,NONE,8.7,HIGH,1,0.3568209241114049,0.339,google,chrome,['CWE-89'],['cpe:2.3:a:google:chrome:*:*:*:*:*:*:*:*'],1,2
CVE-2021-11784,Unauthenticated remote code execution in query optimizer in oracle mysql component.,2021-03-25T00:00:00+00:00,2021-04-14T00:00:00+00:00,3.1,CVSS:3.1/AV:L/AC:H/PR:L/UI:N/S:U/C:H/I:H/A:N,LOCAL,HIGH,LOW,NONE,UNCHANGED,HIGH,HIGH,NONE,6.6,MEDIUM,0,0.05943611786609589,0.0565,oracle,mysql,['CWE-269'],['cpe:2.3:a:oracle:mysql:*:*:*:*:*:*:*:*'],1,3
CVE-2026-11785,Unauthenticated remote code execution in query optimizer in oracle mysql component.,2024-10-30T00:00:00+00:00,2024-11-04T00:00:00+00:00,3.1,CVSS:3.1/AV:A/AC:H/PR:H/UI:R/S:U/C:H/I:N/A:N,ADJACENT_NETWORK,HIGH,HIGH,REQUIRED,UNCHANGED,HIGH,NONE,NONE,5.5,MEDIUM,0,0.04652841877925344,0.0442,oracle,mysql,['CWE-119'],['cpe:2.3:a:oracle:mysql:*:*:*:*:*:*:*:*'],1,2
CVE-2022-11786,Use-after-free vulnerability in eBPF subsystem in linux linux_kernel component.,2023-03-19T00:00:00+00:00,2023-04-09T00:00:00+00:00,3.1,CVSS:3.1/AV:P/AC:L/PR:N/UI:N/S:C/C:H/I:H/A:H,PHYSICAL,LOW,NONE,NONE,CHANGED,HIGH,HIGH,HIGH,9.3,CRITICAL,0,0.007970879039757973,0.0076,linux,linux_kernel,['CWE-119'],['cpe:2.3:a:linux:linux_kernel:*:*:*:*:*:*:*:*'],1,1
CVE-2023-11787,Command injection in management web interface in paloalto pan-os component.,2025-03-22T00:00:00+00:00,2025-04-26T00:00:00+00:00,3.1,CVSS:3.1/AV:N/AC:L/PR:H/UI:N/S:C/C:L/I:H/A:L,NETWORK,LOW,HIGH,NONE,CHANGED,LOW,HIGH,LOW,8.7,HIGH,1,0.39353678269926323,0.3739,paloalto,pan-os,['CWE-89'],['cpe:2.3:a:paloalto:pan-os:*:*:*:*:*:*:*:*'],1,1
CVE-2022-11788,Denial of service via HTTP/2 frame flooding in apache http_server component.,2022-05-13T00:00:00+00:00,2022-07-16T00:00:00+00:00,3.1,CVSS:3.1/AV:P/AC:L/PR:N/UI:R/S:C/C:L/I:H/A:L,PHYSICAL,LOW,NONE,REQUIRED,CHANGED,LOW,HIGH,LOW,6.9,MEDIUM,0,0.009010295117156003,0.0086,apache,http_server,['CWE-200'],['cpe:2.3:a:apache:http_server:*:*:*:*:*:*:*:*'],1,2
CVE-2021-11789,Denial of service via HTTP/2 frame flooding in apache http_server component.,2023-02-26T00:00:00+00:00,2023-03-22T00:00:00+00:00,3.1,CVSS:3.1/AV:L/AC:L/PR:H/UI:N/S:C/C:L/I:H/A:N,LOCAL,LOW,HIGH,NONE,CHANGED,LOW,HIGH,NONE,7.3,HIGH,0,0.0009835847093594729,0.0009,apache,http_server,['CWE-89'],['cpe:2.3:a:apache:http_server:*:*:*:*:*:*:*:*'],1,2
CVE-2024-11790,Remote code execution in Kerberos authentication service in microsoft windows_server component.,2021-06-05T00:00:00+00:00,2021-09-03T00:00:00+00:00,3.1,CVSS:3.1/AV:A/AC:L/PR:L/UI:R/S:U/C:H/I:L/A:N,ADJACENT_NETWORK,LOW,LOW,REQUIRED,UNCHANGED,HIGH,LOW,NONE,6.4,MEDIUM,0,0.13835111737870845,0.1314,microsoft,windows_server,['CWE-416'],['cpe:2.3:a:microsoft:windows_server:*:*:*:*:*:*:*:*'],1,3
CVE-2023-11791,Integer overflow in HTTP request header processing in nginx nginx component.,2021-11-06T00:00:00+00:00,2022-01-31T00:00:00+00:00,3.1,CVSS:3.1/AV:P/AC:H/PR:L/UI:N/S:U/C:H/I:N/A:H,PHYSICAL,HIGH,LOW,NONE,UNCHANGED,HIGH,NONE,HIGH,5.7,MEDIUM,0,0.14067896032651728,0.1336,nginx,nginx,['CWE-416'],['cpe:2.3:a:nginx:nginx:*:*:*:*:*:*:*:*'],1,1
CVE-2022-11792,Integer overflow in HTTP request header processing in nginx nginx component.,2021-02-24T00:00:00+00:00,2021-02-25T00:00:00+00:00,3.1,CVSS:3.1/AV:A/AC:H/PR:L/UI:N/S:C/C:N/I:N/A:N,ADJACENT_NETWORK,HIGH,LOW,NONE,CHANGED,NONE,NONE,NONE,5.7,MEDIUM,0,0.13963493718960687,0.1327,nginx,nginx,['CWE-79'],['cpe:2.3:a:nginx:nginx:*:*:*:*:*:*:*:*'],1,1
CVE-2026-11793,Unauthenticated remote code execution in query optimizer in oracle mysql component.,2022-04-17T00:00:00+00:00,2022-05-30T00:00:00+00:00,3.1,CVSS:3.1/AV:L/AC:L/PR:L/UI:N/S:C/C:N/I:H/A:N,LOCAL,LOW,LOW,NONE,CHANGED,NONE,HIGH,NONE,6.2,MEDIUM,0,0.02421767498489016,0.023,oracle,mysql,['CWE-79'],['cpe:2.3:a:oracle:mysql:*:*:*:*:*:*:*:*'],1,5
CVE-2023-11794,Denial of service via HTTP/2 frame flooding in apache http_server component.,2022-05-02T00:00:00+00:00,2022-07-27T00:00:00+00:00,3.1,CVSS:3.1/AV:N/AC:H/PR:L/UI:R/S:U/C:L/I:L/A:H,NETWORK,HIGH,LOW,REQUIRED,UNCHANGED,LOW,LOW,HIGH,6.8,MEDIUM,0,0.05184586517782428,0.0493,apache,http_server,['CWE-89'],['cpe:2.3:a:apache:http_server:*:*:*:*:*:*:*:*'],1,3
CVE-2022-11795,Use-after-free vulnerability in eBPF subsystem in linux linux_kernel component.,2021-11-11T00:00:00+00:00,2021-11-23T00:00:00+00:00,3.1,CVSS:3.1/AV:A/AC:H/PR:H/UI:R/S:U/C:H/I:N/A:H,ADJACENT_NETWORK,HIGH,HIGH,REQUIRED,UNCHANGED,HIGH,NONE,HIGH,6.0,MEDIUM,0,0.06276814380098135,0.0596,linux,linux_kernel,['CWE-20'],['cpe:2.3:a:linux:linux_kernel:*:*:*:*:*:*:*:*'],1,3
CVE-2024-11796,Remote code execution via unsafe deserialization in spring spring_framework component.,2023-10-06T00:00:00+00:00,2023-10-12T00:00:00+00:00,3.1,CVSS:3.1/AV:P/AC:H/PR:H/UI:R/S:U/C:N/I:N/A:N,PHYSICAL,HIGH,HIGH,REQUIRED,UNCHANGED,NONE,NONE,NONE,2.9,LOW,0,0.061627454802266717,0.0585,spring,spring_framework,['CWE-416'],['cpe:2.3:a:spring:spring_framework:*:*:*:*:*:*:*:*'],1,3
CVE-2023-11797,Denial of service via HTTP/2 frame flooding in apache http_server component.,2025-11-23T00:00:00+00:00,2026-02-11T00:00:00+00:00,3.1,CVSS:3.1/AV:N/AC:L/PR:L/UI:R/S:C/C:L/I:L/A:N,NETWORK,LOW,LOW,REQUIRED,CHANGED,LOW,LOW,NONE,7.8,HIGH,0,0.1538065005384145,0.1461,apache,http_server,['CWE-269'],['cpe:2.3:a:apache:http_server:*:*:*:*:*:*:*:*'],1,5
CVE-2026-11798,Unauthenticated remote code execution in query optimizer in oracle mysql component.,2023-12-16T00:00:00+00:00,2024-02-22T00:00:00+00:00,3.1,CVSS:3.1/AV:A/AC:L/PR:L/UI:R/S:C/C:N/I:L/A:N,ADJACENT_NETWORK,LOW,LOW,REQUIRED,CHANGED,NONE,LOW,NONE,5.8,MEDIUM,0,0.02450726296800507,0.0233,oracle,mysql,['CWE-20'],['cpe:2.3:a:oracle:mysql:*:*:*:*:*:*:*:*'],1,5
CVE-2024-11799,Use-after-free vulnerability in eBPF subsystem in linux linux_kernel component.,2023-09-15T00:00:00+00:00,2023-10-02T00:00:00+00:00,3.1,CVSS:3.1/AV:A/AC:H/PR:L/UI:N/S:C/C:H/I:L/A:N,ADJACENT_NETWORK,HIGH,LOW,NONE,CHANGED,HIGH,LOW,NONE,7.1,HIGH,0,0.15689478086438152,0.1491,linux,linux_kernel,['CWE-416'],['cpe:2.3:a:linux:linux_kernel:*:*:*:*:*:*:*:*'],1,2
CVE-2022-11800,Remote code execution via unsafe deserialization in spring spring_framework component.,2021-12-20T00:00:00+00:00,2022-01-13T00:00:00+00:00,3.1,CVSS:3.1/AV:L/AC:L/PR:N/UI:N/S:C/C:H/I:H/A:H,LOCAL,LOW,NONE,NONE,CHANGED,HIGH,HIGH,HIGH,9.9,CRITICAL,0,0.0074923042762912164,0.0071,spring,spring_framework,['CWE-416'],['cpe:2.3:a:spring:spring_framework:*:*:*:*:*:*:*:*'],1,2
CVE-2024-11801,Use-after-free vulnerability in eBPF subsystem in linux linux_kernel component.,2021-12-19T00:00:00+00:00,2022-02-28T00:00:00+00:00,3.1,CVSS:3.1/AV:P/AC:L/PR:H/UI:R/S:U/C:H/I:N/A:N,PHYSICAL,LOW,HIGH,REQUIRED,UNCHANGED,HIGH,NONE,NONE,5.0,MEDIUM,0,0.12851329849410456,0.1221,linux,linux_kernel,['CWE-89'],['cpe:2.3:a:linux:linux_kernel:*:*:*:*:*:*:*:*'],1,2
CVE-2023-11802,Privilege escalation via authenticated extension loading in postgresql postgresql component.,2021-06-28T00:00:00+00:00,2021-08-04T00:00:00+00:00,3.1,CVSS:3.1/AV:A/AC:L/PR:N/UI:R/S:C/C:N/I:H/A:L,ADJACENT_NETWORK,LOW,NONE,REQUIRED,CHANGED,NONE,HIGH,LOW,7.9,HIGH,0,0.10625570590513471,0.1009,postgresql,postgresql,['CWE-20'],['cpe:2.3:a:postgresql:postgresql:*:*:*:*:*:*:*:*'],1,2
CVE-2024-11803,Remote code execution in Kerberos authentication service in microsoft windows_server component.,2021-01-01T00:00:00+00:00,2021-02-04T00:00:00+00:00,3.1,CVSS:3.1/AV:L/AC:L/PR:H/UI:R/S:C/C:N/I:N/A:N,LOCAL,LOW,HIGH,REQUIRED,CHANGED,NONE,NONE,NONE,5.9,MEDIUM,0,0.01500198327080364,0.0143,microsoft,windows_server,['CWE-787'],['cpe:2.3:a:microsoft:windows_server:*:*:*:*:*:*:*:*'],1,3
CVE-2021-11804,Buffer overflow in TLS handshake parser in openssl openssl component.,2025-01-08T00:00:00+00:00,2025-02-07T00:00:00+00:00,3.1,CVSS:3.1/AV:N/AC:L/PR:H/UI:N/S:U/C:N/I:L/A:N,NETWORK,LOW,HIGH,NONE,UNCHANGED,NONE,LOW,NONE,7.1,HIGH,0,0.21678485332751612,0.2059,openssl,openssl,['CWE-89'],['cpe:2.3:a:openssl:openssl:*:*:*:*:*:*:*:*'],1,2
CVE-2023-11805,Command injection in management web interface in paloalto pan-os component.,2025-09-09T00:00:00+00:00,2025-11-08T00:00:00+00:00,3.1,CVSS:3.1/AV:N/AC:L/PR:H/UI:N/S:C/C:N/I:H/A:N,NETWORK,LOW,HIGH,NONE,CHANGED,NONE,HIGH,NONE,9.3,CRITICAL,0,0.27675984204230675,0.2629,paloalto,pan-os,['CWE-20'],['cpe:2.3:a:paloalto:pan-os:*:*:*:*:*:*:*:*'],1,5
CVE-2024-11806,Command injection in management web interface in paloalto pan-os component.,2023-09-23T00:00:00+00:00,2023-12-17T00:00:00+00:00,3.1,CVSS:3.1/AV:N/AC:H/PR:L/UI:R/S:C/C:N/I:H/A:H,NETWORK,HIGH,LOW,REQUIRED,CHANGED,NONE,HIGH,HIGH,7.9,HIGH,0,0.02289294965679844,0.0217,paloalto,pan-os,['CWE-416'],['cpe:2.3:a:paloalto:pan-os:*:*:*:*:*:*:*:*'],1,1
CVE-2024-11807,Integer overflow in HTTP request header processing in nginx nginx component.,2025-11-18T00:00:00+00:00,2025-12-05T00:00:00+00:00,3.1,CVSS:3.1/AV:P/AC:H/PR:N/UI:R/S:U/C:N/I:H/A:L,PHYSICAL,HIGH,NONE,REQUIRED,UNCHANGED,NONE,HIGH,LOW,5.2,MEDIUM,0,0.04966893815292831,0.0472,nginx,nginx,['CWE-119'],['cpe:2.3:a:nginx:nginx:*:*:*:*:*:*:*:*'],1,4
CVE-2022-11808,Command injection in management web interface in paloalto pan-os component.,2022-07-10T00:00:00+00:00,2022-09-03T00:00:00+00:00,3.1,CVSS:3.1/AV:N/AC:H/PR:L/UI:N/S:U/C:H/I:N/A:N,NETWORK,HIGH,LOW,NONE,UNCHANGED,HIGH,NONE,NONE,7.0,HIGH,0,0.0008237556125767383,0.0008,paloalto,pan-os,['CWE-119'],['cpe:2.3:a:paloalto:pan-os:*:*:*:*:*:*:*:*'],1,4
CVE-2021-11809,Denial of service via HTTP/2 frame flooding in apache http_server component.,2024-08-09T00:00:00+00:00,2024-10-28T00:00:00+00:00,3.1,CVSS:3.1/AV:L/AC:H/PR:H/UI:N/S:C/C:L/I:N/A:N,LOCAL,HIGH,HIGH,NONE,CHANGED,LOW,NONE,NONE,5.2,MEDIUM,0,0.03191535805399045,0.0303,apache,http_server,['CWE-79'],['cpe:2.3:a:apache:http_server:*:*:*:*:*:*:*:*'],1,4
CVE-2023-11810,Unauthenticated remote code execution in query optimizer in oracle mysql component.,2025-08-01T00:00:00+00:00,2025-09-07T00:00:00+00:00,3.1,CVSS:3.1/AV:N/AC:L/PR:L/UI:N/S:C/C:L/I:H/A:L,NETWORK,LOW,LOW,NONE,CHANGED,LOW,HIGH,LOW,8.6,HIGH,0,0.21046269709043428,0.1999,oracle,mysql,['CWE-787'],['cpe:2.3:a:oracle:mysql:*:*:*:*:*:*:*:*'],1,4
CVE-2024-11811,Buffer overflow in TLS handshake parser in openssl openssl component.,2025-10-25T00:00:00+00:00,2026-01-22T00:00:00+00:00,3.1,CVSS:3.1/AV:A/AC:H/PR:H/UI:R/S:U/C:H/I:N/A:L,ADJACENT_NETWORK,HIGH,HIGH,REQUIRED,UNCHANGED,HIGH,NONE,LOW,6.0,MEDIUM,0,0.17931362174682422,0.1703,openssl,openssl,['CWE-416'],['cpe:2.3:a:openssl:openssl:*:*:*:*:*:*:*:*'],1,1
CVE-2023-11812,Integer overflow in HTTP request header processing in nginx nginx component.,2025-10-24T00:00:00+00:00,2025-12-07T00:00:00+00:00,3.1,CVSS:3.1/AV:N/AC:H/PR:N/UI:N/S:C/C:H/I:H/A:H,NETWORK,HIGH,NONE,NONE,CHANGED,HIGH,HIGH,HIGH,10.0,CRITICAL,1,0.002345160125876543,0.0022,nginx,nginx,['CWE-200'],['cpe:2.3:a:nginx:nginx:*:*:*:*:*:*:*:*'],1,2
CVE-2022-11813,Buffer overflow in TLS handshake parser in openssl openssl component.,2022-08-11T00:00:00+00:00,2022-10-22T00:00:00+00:00,3.1,CVSS:3.1/AV:A/AC:H/PR:L/UI:R/S:C/C:N/I:L/A:N,ADJACENT_NETWORK,HIGH,LOW,REQUIRED,CHANGED,NONE,LOW,NONE,5.2,MEDIUM,0,0.07517201943357137,0.0714,openssl,openssl,['CWE-119'],['cpe:2.3:a:openssl:openssl:*:*:*:*:*:*:*:*'],1,3
CVE-2024-11814,Unauthenticated remote code execution in query optimizer in oracle mysql component.,2025-05-19T00:00:00+00:00,2025-07-01T00:00:00+00:00,3.1,CVSS:3.1/AV:A/AC:H/PR:H/UI:R/S:C/C:H/I:N/A:N,ADJACENT_NETWORK,HIGH,HIGH,REQUIRED,CHANGED,HIGH,NONE,NONE,5.7,MEDIUM,0,0.43547400497999467,0.4137,oracle,mysql,['CWE-269'],['cpe:2.3:a:oracle:mysql:*:*:*:*:*:*:*:*'],1,3
CVE-2023-11815,Remote code execution via unsafe deserialization in spring spring_framework component.,2025-03-07T00:00:00+00:00,2025-04-05T00:00:00+00:00,3.1,CVSS:3.1/AV:P/AC:L/PR:L/UI:N/S:C/C:H/I:L/A:N,PHYSICAL,LOW,LOW,NONE,CHANGED,HIGH,LOW,NONE,6.2,MEDIUM,0,0.03818899595618522,0.0363,spring,spring_framework,['CWE-119'],['cpe:2.3:a:spring:spring_framework:*:*:*:*:*:*:*:*'],1,5
CVE-2026-11816,Remote code execution in Kerberos authentication service in microsoft windows_server component.,2024-12-17T00:00:00+00:00,2025-01-21T00:00:00+00:00,3.1,CVSS:3.1/AV:N/AC:L/PR:N/UI:R/S:U/C:H/I:L/A:H,NETWORK,LOW,NONE,REQUIRED,UNCHANGED,HIGH,LOW,HIGH,9.6,CRITICAL,0,0.345926936424515,0.3286,microsoft,windows_server,['CWE-787'],['cpe:2.3:a:microsoft:windows_server:*:*:*:*:*:*:*:*'],1,3
CVE-2021-11817,Command injection in management web interface in paloalto pan-os component.,2023-03-12T00:00:00+00:00,2023-04-17T00:00:00+00:00,3.1,CVSS:3.1/AV:A/AC:H/PR:H/UI:N/S:U/C:H/I:N/A:L,ADJACENT_NETWORK,HIGH,HIGH,NONE,UNCHANGED,HIGH,NONE,LOW,6.5,MEDIUM,0,0.13007312114280145,0.1236,paloalto,pan-os,['CWE-79'],['cpe:2.3:a:paloalto:pan-os:*:*:*:*:*:*:*:*'],1,3
CVE-2021-11818,Remote code execution in Kerberos authentication service in microsoft windows_server component.,2022-09-17T00:00:00+00:00,2022-11-19T00:00:00+00:00,3.1,CVSS:3.1/AV:P/AC:L/PR:L/UI:N/S:C/C:H/I:H/A:L,PHYSICAL,LOW,LOW,NONE,CHANGED,HIGH,HIGH,LOW,7.3,HIGH,0,0.01237128806335013,0.0118,microsoft,windows_server,['CWE-200'],['cpe:2.3:a:microsoft:windows_server:*:*:*:*:*:*:*:*'],1,2
CVE-2021-11819,Integer overflow in HTTP request header processing in nginx nginx component.,2023-03-23T00:00:00+00:00,2023-05-11T00:00:00+00:00,3.1,CVSS:3.1/AV:N/AC:H/PR:H/UI:R/S:C/C:L/I:L/A:L,NETWORK,HIGH,HIGH,REQUIRED,CHANGED,LOW,LOW,LOW,5.9,MEDIUM,0,0.006480505607408872,0.0062,nginx,nginx,['CWE-89'],['cpe:2.3:a:nginx:nginx:*:*:*:*:*:*:*:*'],1,4
CVE-2024-11820,Privilege escalation via authenticated extension loading in postgresql postgresql component.,2024-02-08T00:00:00+00:00,2024-02-17T00:00:00+00:00,3.1,CVSS:3.1/AV:L/AC:H/PR:H/UI:N/S:C/C:H/I:H/A:H,LOCAL,HIGH,HIGH,NONE,CHANGED,HIGH,HIGH,HIGH,8.3,HIGH,0,0.04961344681775129,0.0471,postgresql,postgresql,['CWE-20'],['cpe:2.3:a:postgresql:postgresql:*:*:*:*:*:*:*:*'],1,1
CVE-2024-11821,Command injection in management web interface in paloalto pan-os component.,2023-09-01T00:00:00+00:00,2023-11-30T00:00:00+00:00,3.1,CVSS:3.1/AV:A/AC:L/PR:N/UI:R/S:C/C:N/I:H/A:L,ADJACENT_NETWORK,LOW,NONE,REQUIRED,CHANGED,NONE,HIGH,LOW,7.9,HIGH,0,0.11603204692472235,0.1102,paloalto,pan-os,['CWE-416'],['cpe:2.3:a:paloalto:pan-os:*:*:*:*:*:*:*:*'],1,1
CVE-2022-11822,Use-after-free vulnerability in eBPF subsystem in linux linux_kernel component.,2023-01-15T00:00:00+00:00,2023-03-09T00:00:00+00:00,3.1,CVSS:3.1/AV:P/AC:L/PR:L/UI:N/S:U/C:H/I:N/A:L,PHYSICAL,LOW,LOW,NONE,UNCHANGED,HIGH,NONE,LOW,5.7,MEDIUM,0,0.02931031429840533,0.0278,linux,linux_kernel,['CWE-200'],['cpe:2.3:a:linux:linux_kernel:*:*:*:*:*:*:*:*'],1,4
CVE-2025-11823,Out-of-bounds memory access in V8 JavaScript engine in google chrome component.,2022-05-19T00:00:00+00:00,2022-06-16T00:00:00+00:00,3.1,CVSS:3.1/AV:N/AC:H/PR:L/UI:R/S:U/C:N/I:L/A:L,NETWORK,HIGH,LOW,REQUIRED,UNCHANGED,NONE,LOW,LOW,5.8,MEDIUM,0,0.04618940543453734,0.0439,google,chrome,['CWE-79'],['cpe:2.3:a:google:chrome:*:*:*:*:*:*:*:*'],1,5
CVE-2022-11824,Command injection in management web interface in paloalto pan-os component.,2025-02-14T00:00:00+00:00,2025-03-10T00:00:00+00:00,3.1,CVSS:3.1/AV:P/AC:H/PR:L/UI:R/S:U/C:H/I:N/A:H,PHYSICAL,HIGH,LOW,REQUIRED,UNCHANGED,HIGH,NONE,HIGH,5.5,MEDIUM,0,0.008693230463591939,0.0083,paloalto,pan-os,['CWE-787'],['cpe:2.3:a:paloalto:pan-os:*:*:*:*:*:*:*:*'],1,5
CVE-2024-11825,Remote code execution via unsafe deserialization in spring spring_framework component.,2022-11-05T00:00:00+00:00,2022-12-03T00:00:00+00:00,3.1,CVSS:3.1/AV:L/AC:L/PR:L/UI:R/S:U/C:H/I:L/A:N,LOCAL,LOW,LOW,REQUIRED,UNCHANGED,HIGH,LOW,NONE,5.8,MEDIUM,0,0.10963571987810741,0.1042,spring,spring_framework,['CWE-200'],['cpe:2.3:a:spring:spring_framework:*:*:*:*:*:*:*:*'],1,2
CVE-2026-11826,Remote code execution via unsafe deserialization in spring spring_framework component.,2024-06-19T00:00:00+00:00,2024-08-23T00:00:00+00:00,3.1,CVSS:3.1/AV:P/AC:H/PR:N/UI:R/S:C/C:N/I:H/A:H,PHYSICAL,HIGH,NONE,REQUIRED,CHANGED,NONE,HIGH,HIGH,7.0,HIGH,0,0.04287826519646199,0.0407,spring,spring_framework,['CWE-200'],['cpe:2.3:a:spring:spring_framework:*:*:*:*:*:*:*:*'],1,5
CVE-2022-11827,Command injection in management web interface in paloalto pan-os component.,2025-08-24T00:00:00+00:00,2025-09-09T00:00:00+00:00,3.1,CVSS:3.1/AV:P/AC:L/PR:L/UI:R/S:U/C:H/I:L/A:H,PHYSICAL,LOW,LOW,REQUIRED,UNCHANGED,HIGH,LOW,HIGH,6.1,MEDIUM,0,0.1731490571218676,0.1645,paloalto,pan-os,['CWE-787'],['cpe:2.3:a:paloalto:pan-os:*:*:*:*:*:*:*:*'],1,1
CVE-2024-11828,Remote code execution in Kerberos authentication service in microsoft windows_server component.,2022-02-26T00:00:00+00:00,2022-03-22T00:00:00+00:00,3.1,CVSS:3.1/AV:N/AC:L/PR:L/UI:N/S:U/C:L/I:N/A:H,NETWORK,LOW,LOW,NONE,UNCHANGED,LOW,NONE,HIGH,8.5,HIGH,0,0.15824984164789577,0.1503,microsoft,windows_server,['CWE-79'],['cpe:2.3:a:microsoft:windows_server:*:*:*:*:*:*:*:*'],1,5
CVE-2022-11829,Remote code execution via unsafe deserialization in spring spring_framework component.,2023-10-02T00:00:00+00:00,2023-10-18T00:00:00+00:00,3.1,CVSS:3.1/AV:A/AC:H/PR:H/UI:R/S:U/C:N/I:L/A:N,ADJACENT_NETWORK,HIGH,HIGH,REQUIRED,UNCHANGED,NONE,LOW,NONE,4.2,MEDIUM,0,0.00018271018421897885,0.0002,spring,spring_framework,['CWE-787'],['cpe:2.3:a:spring:spring_framework:*:*:*:*:*:*:*:*'],1,1
CVE-2024-11830,Remote code execution via unsafe deserialization in spring spring_framework component.,2025-08-12T00:00:00+00:00,2025-09-21T00:00:00+00:00,3.1,CVSS:3.1/AV:L/AC:L/PR:L/UI:R/S:U/C:N/I:N/A:H,LOCAL,LOW,LOW,REQUIRED,UNCHANGED,NONE,NONE,HIGH,5.5,MEDIUM,0,0.0001,0.0001,spring,spring_framework,['CWE-119'],['cpe:2.3:a:spring:spring_framework:*:*:*:*:*:*:*:*'],1,1
CVE-2023-11831,Privilege escalation via authenticated extension loading in postgresql postgresql component.,2022-09-12T00:00:00+00:00,2022-12-09T00:00:00+00:00,3.1,CVSS:3.1/AV:N/AC:L/PR:L/UI:R/S:C/C:L/I:N/A:L,NETWORK,LOW,LOW,REQUIRED,CHANGED,LOW,NONE,LOW,6.8,MEDIUM,0,0.18716940301735283,0.1778,postgresql,postgresql,['CWE-89'],['cpe:2.3:a:postgresql:postgresql:*:*:*:*:*:*:*:*'],1,1
CVE-2023-11832,Out-of-bounds memory access in V8 JavaScript engine in google chrome component.,2025-08-06T00:00:00+00:00,2025-10-14T00:00:00+00:00,3.1,CVSS:3.1/AV:P/AC:L/PR:N/UI:R/S:C/C:H/I:H/A:N,PHYSICAL,LOW,NONE,REQUIRED,CHANGED,HIGH,HIGH,NONE,7.5,HIGH,0,0.06954946969002436,0.0661,google,chrome,['CWE-200'],['cpe:2.3:a:google:chrome:*:*:*:*:*:*:*:*'],1,2
CVE-2025-11833,Remote code execution via unsafe deserialization in spring spring_framework component.,2025-03-01T00:00:00+00:00,2025-04-06T00:00:00+00:00,3.1,CVSS:3.1/AV:A/AC:L/PR:H/UI:N/S:U/C:L/I:H/A:H,ADJACENT_NETWORK,LOW,HIGH,NONE,UNCHANGED,LOW,HIGH,HIGH,8.2,HIGH,0,0.009498384369485031,0.009,spring,spring_framework,['CWE-79'],['cpe:2.3:a:spring:spring_framework:*:*:*:*:*:*:*:*'],1,4
CVE-2025-11834,Integer overflow in HTTP request header processing in nginx nginx component.,2025-10-28T00:00:00+00:00,2025-10-29T00:00:00+00:00,3.1,CVSS:3.1/AV:P/AC:H/PR:H/UI:R/S:U/C:H/I:N/A:L,PHYSICAL,HIGH,HIGH,REQUIRED,UNCHANGED,HIGH,NONE,LOW,3.8,LOW,0,0.09010512390534138,0.0856,nginx,nginx,['CWE-20'],['cpe:2.3:a:nginx:nginx:*:*:*:*:*:*:*:*'],1,1
CVE-2026-11835,Remote code execution in Kerberos authentication service in microsoft windows_server component.,2025-10-09T00:00:00+00:00,2025-11-11T00:00:00+00:00,3.1,CVSS:3.1/AV:A/AC:L/PR:L/UI:N/S:U/C:L/I:N/A:N,ADJACENT_NETWORK,LOW,LOW,NONE,UNCHANGED,LOW,NONE,NONE,6.4,MEDIUM,0,0.18313456331171157,0.174,microsoft,windows_server,['CWE-787'],['cpe:2.3:a:microsoft:windows_server:*:*:*:*:*:*:*:*'],1,1
CVE-2022-11836,Out-of-bounds memory access in V8 JavaScript engine in google chrome component.,2023-04-25T00:00:00+00:00,2023-07-15T00:00:00+00:00,3.1,CVSS:3.1/AV:L/AC:L/PR:L/UI:N/S:U/C:N/I:H/A:H,LOCAL,LOW,LOW,NONE,UNCHANGED,NONE,HIGH,HIGH,7.4,HIGH,0,0.004035324100494396,0.0038,google,chrome,['CWE-20'],['cpe:2.3:a:google:chrome:*:*:*:*:*:*:*:*'],1,5
CVE-2024-11837,Denial of service via HTTP/2 frame flooding in apache http_server component.,2021-11-23T00:00:00+00:00,2022-01-14T00:00:00+00:00,3.1,CVSS:3.1/AV:A/AC:L/PR:H/UI:R/S:U/C:H/I:L/A:L,ADJACENT_NETWORK,LOW,HIGH,REQUIRED,UNCHANGED,HIGH,LOW,LOW,7.0,HIGH,0,0.0354757407274779,0.0337,apache,http_server,['CWE-269'],['cpe:2.3:a:apache:http_server:*:*:*:*:*:*:*:*'],1,1
CVE-2024-11838,Buffer overflow in TLS handshake parser in openssl openssl component.,2021-10-29T00:00:00+00:00,2022-01-04T00:00:00+00:00,3.1,CVSS:3.1/AV:L/AC:L/PR:H/UI:R/S:C/C:N/I:N/A:L,LOCAL,LOW,HIGH,REQUIRED,CHANGED,NONE,NONE,LOW,4.8,MEDIUM,0,0.298990990864112,0.284,openssl,openssl,['CWE-20'],['cpe:2.3:a:openssl:openssl:*:*:*:*:*:*:*:*'],1,4
CVE-2026-11839,Out-of-bounds memory access in V8 JavaScript engine in google chrome component.,2021-08-19T00:00:00+00:00,2021-11-04T00:00:00+00:00,3.1,CVSS:3.1/AV:P/AC:L/PR:N/UI:R/S:C/C:L/I:N/A:N,PHYSICAL,LOW,NONE,REQUIRED,CHANGED,LOW,NONE,NONE,5.9,MEDIUM,0,0.019842439719904622,0.0189,google,chrome,['CWE-20'],['cpe:2.3:a:google:chrome:*:*:*:*:*:*:*:*'],1,5
CVE-2021-11840,Command injection in management web interface in paloalto pan-os component.,2022-05-07T00:00:00+00:00,2022-07-26T00:00:00+00:00,3.1,CVSS:3.1/AV:N/AC:H/PR:N/UI:N/S:C/C:N/I:H/A:L,NETWORK,HIGH,NONE,NONE,CHANGED,NONE,HIGH,LOW,8.7,HIGH,1,0.03466434488422304,0.0329,paloalto,pan-os,['CWE-119'],['cpe:2.3:a:paloalto:pan-os:*:*:*:*:*:*:*:*'],1,3
CVE-2024-11841,Out-of-bounds memory access in V8 JavaScript engine in google chrome component.,2024-07-14T00:00:00+00:00,2024-10-06T00:00:00+00:00,3.1,CVSS:3.1/AV:A/AC:H/PR:L/UI:R/S:U/C:N/I:N/A:N,ADJACENT_NETWORK,HIGH,LOW,REQUIRED,UNCHANGED,NONE,NONE,NONE,4.1,MEDIUM,0,0.12893521765030355,0.1225,google,chrome,['CWE-200'],['cpe:2.3:a:google:chrome:*:*:*:*:*:*:*:*'],1,2
CVE-2022-11842,Use-after-free vulnerability in eBPF subsystem in linux linux_kernel component.,2024-09-08T00:00:00+00:00,2024-10-26T00:00:00+00:00,3.1,CVSS:3.1/AV:A/AC:H/PR:H/UI:N/S:U/C:N/I:N/A:L,ADJACENT_NETWORK,HIGH,HIGH,NONE,UNCHANGED,NONE,NONE,LOW,4.9,MEDIUM,0,0.18648768201739865,0.1772,linux,linux_kernel,['CWE-269'],['cpe:2.3:a:linux:linux_kernel:*:*:*:*:*:*:*:*'],1,2
CVE-2022-11843,Buffer overflow in TLS handshake parser in openssl openssl component.,2024-02-04T00:00:00+00:00,2024-03-10T00:00:00+00:00,3.1,CVSS:3.1/AV:P/AC:H/PR:H/UI:N/S:U/C:H/I:L/A:H,PHYSICAL,HIGH,HIGH,NONE,UNCHANGED,HIGH,LOW,HIGH,5.7,MEDIUM,0,0.17672834808538682,0.1679,openssl,openssl,['CWE-787'],['cpe:2.3:a:openssl:openssl:*:*:*:*:*:*:*:*'],1,1
CVE-2023-11844,Command injection in management web interface in paloalto pan-os component.,2022-05-12T00:00:00+00:00,2022-06-30T00:00:00+00:00,3.1,CVSS:3.1/AV:L/AC:L/PR:H/UI:R/S:U/C:L/I:L/A:N,LOCAL,LOW,HIGH,REQUIRED,UNCHANGED,LOW,LOW,NONE,5.5,MEDIUM,0,0.3838309377613838,0.3646,paloalto,pan-os,['CWE-416'],['cpe:2.3:a:paloalto:pan-os:*:*:*:*:*:*:*:*'],1,3
CVE-2021-11845,Remote code execution via unsafe deserialization in spring spring_framework component.,2024-12-04T00:00:00+00:00,2025-02-11T00:00:00+00:00,3.1,CVSS:3.1/AV:P/AC:H/PR:L/UI:N/S:U/C:L/I:H/A:L,PHYSICAL,HIGH,LOW,NONE,UNCHANGED,LOW,HIGH,LOW,4.8,MEDIUM,0,0.08573982663077874,0.0815,spring,spring_framework,['CWE-89'],['cpe:2.3:a:spring:spring_framework:*:*:*:*:*:*:*:*'],1,1
CVE-2026-11846,Unauthenticated remote code execution in query optimizer in oracle mysql component.,2024-03-13T00:00:00+00:00,2024-05-10T00:00:00+00:00,3.1,CVSS:3.1/AV:P/AC:L/PR:H/UI:R/S:C/C:H/I:L/A:L,PHYSICAL,LOW,HIGH,REQUIRED,CHANGED,HIGH,LOW,LOW,5.6,MEDIUM,0,0.011584787883423691,0.011,oracle,mysql,['CWE-89'],['cpe:2.3:a:oracle:mysql:*:*:*:*:*:*:*:*'],1,2
CVE-2022-11847,Command injection in management web interface in paloalto pan-os component.,2023-05-27T00:00:00+00:00,2023-06-01T00:00:00+00:00,3.1,CVSS:3.1/AV:P/AC:H/PR:L/UI:R/S:C/C:H/I:N/A:N,PHYSICAL,HIGH,LOW,REQUIRED,CHANGED,HIGH,NONE,NONE,4.5,MEDIUM,0,0.033714016314307094,0.032,paloalto,pan-os,['CWE-269'],['cpe:2.3:a:paloalto:pan-os:*:*:*:*:*:*:*:*'],1,5
CVE-2025-11848,Use-after-free vulnerability in eBPF subsystem in linux linux_kernel component.,2025-07-31T00:00:00+00:00,2025-10-02T00:00:00+00:00,3.1,CVSS:3.1/AV:A/AC:L/PR:H/UI:N/S:C/C:N/I:H/A:H,ADJACENT_NETWORK,LOW,HIGH,NONE,CHANGED,NONE,HIGH,HIGH,9.0,CRITICAL,0,0.043614978494629246,0.0414,linux,linux_kernel,['CWE-416'],['cpe:2.3:a:linux:linux_kernel:*:*:*:*:*:*:*:*'],1,2
CVE-2024-11849,Command injection in management web interface in paloalto pan-os component.,2024-02-29T00:00:00+00:00,2024-05-19T00:00:00+00:00,3.1,CVSS:3.1/AV:A/AC:L/PR:L/UI:R/S:C/C:N/I:L/A:H,ADJACENT_NETWORK,LOW,LOW,REQUIRED,CHANGED,NONE,LOW,HIGH,6.8,MEDIUM,0,0.04457353222808902,0.0423,paloalto,pan-os,['CWE-416'],['cpe:2.3:a:paloalto:pan-os:*:*:*:*:*:*:*:*'],1,2
CVE-2023-11850,Privilege escalation via authenticated extension loading in postgresql postgresql component.,2023-02-12T00:00:00+00:00,2023-05-02T00:00:00+00:00,3.1,CVSS:3.1/AV:A/AC:L/PR:N/UI:R/S:C/C:L/I:H/A:H,ADJACENT_NETWORK,LOW,NONE,REQUIRED,CHANGED,LOW,HIGH,HIGH,9.5,CRITICAL,0,0.22431051110568864,0.2131,postgresql,postgresql,['CWE-787'],['cpe:2.3:a:postgresql:postgresql:*:*:*:*:*:*:*:*'],1,4
CVE-2025-11851,Integer overflow in HTTP request header processing in nginx nginx component.,2022-01-19T00:00:00+00:00,2022-03-08T00:00:00+00:00,3.1,CVSS:3.1/AV:P/AC:L/PR:L/UI:N/S:U/C:L/I:H/A:N,PHYSICAL,LOW,LOW,NONE,UNCHANGED,LOW,HIGH,NONE,6.1,MEDIUM,0,0.11167641080920407,0.1061,nginx,nginx,['CWE-20'],['cpe:2.3:a:nginx:nginx:*:*:*:*:*:*:*:*'],1,5
CVE-2025-11852,Use-after-free vulnerability in eBPF subsystem in linux linux_kernel component.,2025-07-24T00:00:00+00:00,2025-08-25T00:00:00+00:00,3.1,CVSS:3.1/AV:N/AC:H/PR:N/UI:N/S:U/C:N/I:N/A:L,NETWORK,HIGH,NONE,NONE,UNCHANGED,NONE,NONE,LOW,7.2,HIGH,0,0.0963431297888531,0.0915,linux,linux_kernel,['CWE-20'],['cpe:2.3:a:linux:linux_kernel:*:*:*:*:*:*:*:*'],1,1
CVE-2021-11853,Buffer overflow in TLS handshake parser in openssl openssl component.,2022-08-17T00:00:00+00:00,2022-09-25T00:00:00+00:00,3.1,CVSS:3.1/AV:N/AC:H/PR:L/UI:N/S:U/C:L/I:H/A:H,NETWORK,HIGH,LOW,NONE,UNCHANGED,LOW,HIGH,HIGH,8.3,HIGH,0,0.10550596896422648,0.1002,openssl,openssl,['CWE-20'],['cpe:2.3:a:openssl:openssl:*:*:*:*:*:*:*:*'],1,3
CVE-2021-11854,Out-of-bounds memory access in V8 JavaScript engine in google chrome component.,2022-03-22T00:00:00+00:00,2022-04-30T00:00:00+00:00,3.1,CVSS:3.1/AV:N/AC:L/PR:N/UI:R/S:C/C:N/I:H/A:H,NETWORK,LOW,NONE,REQUIRED,CHANGED,NONE,HIGH,HIGH,10.0,CRITICAL,0,0.08040419533704428,0.0764,google,chrome,['CWE-20'],['cpe:2.3:a:google:chrome:*:*:*:*:*:*:*:*'],1,5
CVE-2025-11855,Out-of-bounds memory access in V8 JavaScript engine in google chrome component.,2023-06-10T00:00:00+00:00,2023-09-01T00:00:00+00:00,3.1,CVSS:3.1/AV:L/AC:H/PR:L/UI:N/S:U/C:L/I:N/A:L,LOCAL,HIGH,LOW,NONE,UNCHANGED,LOW,NONE,LOW,4.5,MEDIUM,0,0.03653796117072082,0.0347,google,chrome,['CWE-89'],['cpe:2.3:a:google:chrome:*:*:*:*:*:*:*:*'],1,1
CVE-2022-11856,Remote code execution via unsafe deserialization in spring spring_framework component.,2022-04-24T00:00:00+00:00,2022-06-07T00:00:00+00:00,3.1,CVSS:3.1/AV:A/AC:L/PR:H/UI:R/S:C/C:L/I:H/A:N,ADJACENT_NETWORK,LOW,HIGH,REQUIRED,CHANGED,LOW,HIGH,NONE,7.4,HIGH,0,0.0021788161845775673,0.0021,spring,spring_framework,['CWE-200'],['cpe:2.3:a:spring:spring_framework:*:*:*:*:*:*:*:*'],1,5
CVE-2024-11857,Out-of-bounds memory access in V8 JavaScript engine in google chrome component.,2021-09-14T00:00:00+00:00,2021-11-26T00:00:00+00:00,3.1,CVSS:3.1/AV:N/AC:H/PR:L/UI:N/S:U/C:N/I:L/A:H,NETWORK,HIGH,LOW,NONE,UNCHANGED,NONE,LOW,HIGH,7.6,HIGH,0,0.1010830378130888,0.096,google,chrome,['CWE-269'],['cpe:2.3:a:google:chrome:*:*:*:*:*:*:*:*'],1,2
CVE-2024-11858,Buffer overflow in TLS handshake parser in openssl openssl component.,2024-06-14T00:00:00+00:00,2024-08-06T00:00:00+00:00,3.1,CVSS:3.1/AV:P/AC:L/PR:H/UI:R/S:C/C:L/I:N/A:H,PHYSICAL,LOW,HIGH,REQUIRED,CHANGED,LOW,NONE,HIGH,5.3,MEDIUM,0,0.10828590634561847,0.1029,openssl,openssl,['CWE-200'],['cpe:2.3:a:openssl:openssl:*:*:*:*:*:*:*:*'],1,1
CVE-2022-11859,Use-after-free vulnerability in eBPF subsystem in linux linux_kernel component.,2025-06-17T00:00:00+00:00,2025-07-27T00:00:00+00:00,3.1,CVSS:3.1/AV:P/AC:H/PR:N/UI:N/S:C/C:N/I:N/A:H,PHYSICAL,HIGH,NONE,NONE,CHANGED,NONE,NONE,HIGH,6.0,MEDIUM,0,0.0029653567458772165,0.0028,linux,linux_kernel,['CWE-119'],['cpe:2.3:a:linux:linux_kernel:*:*:*:*:*:*:*:*'],1,4
CVE-2023-11860,Out-of-bounds memory access in V8 JavaScript engine in google chrome component.,2025-10-08T00:00:00+00:00,2025-11-29T00:00:00+00:00,3.1,CVSS:3.1/AV:N/AC:L/PR:N/UI:R/S:C/C:L/I:N/A:H,NETWORK,LOW,NONE,REQUIRED,CHANGED,LOW,NONE,HIGH,9.4,CRITICAL,1,0.22331591959875421,0.2122,google,chrome,['CWE-787'],['cpe:2.3:a:google:chrome:*:*:*:*:*:*:*:*'],1,3
CVE-2022-11861,Buffer overflow in TLS handshake parser in openssl openssl component.,2023-05-09T00:00:00+00:00,2023-05-21T00:00:00+00:00,3.1,CVSS:3.1/AV:A/AC:L/PR:N/UI:R/S:U/C:H/I:N/A:H,ADJACENT_NETWORK,LOW,NONE,REQUIRED,UNCHANGED,HIGH,NONE,HIGH,9.0,CRITICAL,0,0.04712042797968544,0.0448,openssl,openssl,['CWE-787'],['cpe:2.3:a:openssl:openssl:*:*:*:*:*:*:*:*'],1,2
CVE-2024-11862,Privilege escalation via authenticated extension loading in postgresql postgresql component.,2021-03-24T00:00:00+00:00,2021-04-18T00:00:00+00:00,3.1,CVSS:3.1/AV:L/AC:L/PR:L/UI:R/S:C/C:L/I:L/A:H,LOCAL,LOW,LOW,REQUIRED,CHANGED,LOW,LOW,HIGH,6.6,MEDIUM,0,0.04662571876568389,0.0443,postgresql,postgresql,['CWE-20'],['cpe:2.3:a:postgresql:postgresql:*:*:*:*:*:*:*:*'],1,3
CVE-2024-11863,Integer overflow in HTTP request header processing in nginx nginx component.,2021-02-22T00:00:00+00:00,2021-04-20T00:00:00+00:00,3.1,CVSS:3.1/AV:P/AC:L/PR:N/UI:R/S:U/C:N/I:H/A:L,PHYSICAL,LOW,NONE,REQUIRED,UNCHANGED,NONE,HIGH,LOW,6.0,MEDIUM,0,0.043679095193819524,0.0415,nginx,nginx,['CWE-416'],['cpe:2.3:a:nginx:nginx:*:*:*:*:*:*:*:*'],1,3
CVE-2025-11864,Denial of service via HTTP/2 frame flooding in apache http_server component.,2021-05-27T00:00:00+00:00,2021-07-27T00:00:00+00:00,3.1,CVSS:3.1/AV:N/AC:H/PR:N/UI:R/S:U/C:H/I:N/A:H,NETWORK,HIGH,NONE,REQUIRED,UNCHANGED,HIGH,NONE,HIGH,8.8,HIGH,0,0.003842656592982406,0.0037,apache,http_server,['CWE-79'],['cpe:2.3:a:apache:http_server:*:*:*:*:*:*:*:*'],1,3
CVE-2024-11865,Unauthenticated remote code execution in query optimizer in oracle mysql component.,2022-01-30T00:00:00+00:00,2022-03-04T00:00:00+00:00,3.1,CVSS:3.1/AV:N/AC:L/PR:H/UI:R/S:U/C:L/I:L/A:H,NETWORK,LOW,HIGH,REQUIRED,UNCHANGED,LOW,LOW,HIGH,7.5,HIGH,0,0.0428005791828715,0.0407,oracle,mysql,['CWE-79'],['cpe:2.3:a:oracle:mysql:*:*:*:*:*:*:*:*'],1,1
CVE-2024-11866,Unauthenticated remote code execution in query optimizer in oracle mysql component.,2022-06-18T00:00:00+00:00,2022-07-23T00:00:00+00:00,3.1,CVSS:3.1/AV:P/AC:H/PR:N/UI:N/S:C/C:N/I:H/A:L,PHYSICAL,HIGH,NONE,NONE,CHANGED,NONE,HIGH,LOW,6.4,MEDIUM,0,0.03273635209218376,0.0311,oracle,mysql,['CWE-787'],['cpe:2.3:a:oracle:mysql:*:*:*:*:*:*:*:*'],1,1
CVE-2023-11867,Buffer overflow in TLS handshake parser in openssl openssl component.,2021-01-24T00:00:00+00:00,2021-04-10T00:00:00+00:00,3.1,CVSS:3.1/AV:A/AC:L/PR:H/UI:R/S:C/C:L/I:N/A:H,ADJACENT_NETWORK,LOW,HIGH,REQUIRED,CHANGED,LOW,NONE,HIGH,6.9,MEDIUM,0,0.001060399476587635,0.001,openssl,openssl,['CWE-200'],['cpe:2.3:a:openssl:openssl:*:*:*:*:*:*:*:*'],1,1
CVE-2025-11868,Privilege escalation via authenticated extension loading in postgresql postgresql component.,2025-06-03T00:00:00+00:00,2025-08-12T00:00:00+00:00,3.1,CVSS:3.1/AV:A/AC:L/PR:N/UI:N/S:U/C:H/I:L/A:L,ADJACENT_NETWORK,LOW,NONE,NONE,UNCHANGED,HIGH,LOW,LOW,9.1,CRITICAL,0,0.0006194819840058389,0.0006,postgresql,postgresql,['CWE-89'],['cpe:2.3:a:postgresql:postgresql:*:*:*:*:*:*:*:*'],1,1
CVE-2025-11869,Privilege escalation via authenticated extension loading in postgresql postgresql component.,2023-02-01T00:00:00+00:00,2023-04-12T00:00:00+00:00,3.1,CVSS:3.1/AV:P/AC:H/PR:H/UI:N/S:C/C:H/I:H/A:N,PHYSICAL,HIGH,HIGH,NONE,CHANGED,HIGH,HIGH,NONE,6.7,MEDIUM,0,0.011443792078803345,0.0109,postgresql,postgresql,['CWE-89'],['cpe:2.3:a:postgresql:postgresql:*:*:*:*:*:*:*:*'],1,4
CVE-2022-11870,Unauthenticated remote code execution in query optimizer in oracle mysql component.,2024-05-30T00:00:00+00:00,2024-08-28T00:00:00+00:00,3.1,CVSS:3.1/AV:L/AC:L/PR:L/UI:R/S:C/C:H/I:H/A:N,LOCAL,LOW,LOW,REQUIRED,CHANGED,HIGH,HIGH,NONE,7.2,HIGH,0,0.07628904468640105,0.0725,oracle,mysql,['CWE-119'],['cpe:2.3:a:oracle:mysql:*:*:*:*:*:*:*:*'],1,2
CVE-2026-11871,Unauthenticated remote code execution in query optimizer in oracle mysql component.,2023-05-06T00:00:00+00:00,2023-05-23T00:00:00+00:00,3.1,CVSS:3.1/AV:A/AC:L/PR:N/UI:R/S:C/C:L/I:N/A:H,ADJACENT_NETWORK,LOW,NONE,REQUIRED,CHANGED,LOW,NONE,HIGH,8.5,HIGH,0,0.018311421325222982,0.0174,oracle,mysql,['CWE-20'],['cpe:2.3:a:oracle:mysql:*:*:*:*:*:*:*:*'],1,4
CVE-2021-11872,Integer overflow in HTTP request header processing in nginx nginx component.,2023-11-02T00:00:00+00:00,2024-01-19T00:00:00+00:00,3.1,CVSS:3.1/AV:P/AC:L/PR:H/UI:N/S:U/C:H/I:H/A:N,PHYSICAL,LOW,HIGH,NONE,UNCHANGED,HIGH,HIGH,NONE,6.7,MEDIUM,0,0.0001,0.0001,nginx,nginx,['CWE-79'],['cpe:2.3:a:nginx:nginx:*:*:*:*:*:*:*:*'],1,5
CVE-2022-11873,Use-after-free vulnerability in eBPF subsystem in linux linux_kernel component.,2021-06-11T00:00:00+00:00,2021-06-23T00:00:00+00:00,3.1,CVSS:3.1/AV:A/AC:L/PR:L/UI:R/S:U/C:N/I:L/A:H,ADJACENT_NETWORK,LOW,LOW,REQUIRED,UNCHANGED,NONE,LOW,HIGH,7.2,HIGH,0,0.016753744126304145,0.0159,linux,linux_kernel,['CWE-200'],['cpe:2.3:a:linux:linux_kernel:*:*:*:*:*:*:*:*'],1,5
CVE-2025-11874,Unauthenticated remote code execution in query optimizer in oracle mysql component.,2021-04-07T00:00:00+00:00,2021-05-21T00:00:00+00:00,3.1,CVSS:3.1/AV:A/AC:H/PR:N/UI:N/S:U/C:N/I:H/A:H,ADJACENT_NETWORK,HIGH,NONE,NONE,UNCHANGED,NONE,HIGH,HIGH,8.3,HIGH,0,0.14901416623636793,0.1416,oracle,mysql,['CWE-416'],['cpe:2.3:a:oracle:mysql:*:*:*:*:*:*:*:*'],1,1
CVE-2024-11875,Use-after-free vulnerability in eBPF subsystem in linux linux_kernel component.,2025-06-24T00:00:00+00:00,2025-09-20T00:00:00+00:00,3.1,CVSS:3.1/AV:A/AC:L/PR:N/UI:R/S:U/C:H/I:L/A:H,ADJACENT_NETWORK,LOW,NONE,REQUIRED,UNCHANGED,HIGH,LOW,HIGH,8.3,HIGH,0,0.18397405742711845,0.1748,linux,linux_kernel,['CWE-20'],['cpe:2.3:a:linux:linux_kernel:*:*:*:*:*:*:*:*'],1,4
CVE-2023-11876,Integer overflow in HTTP request header processing in nginx nginx component.,2023-01-15T00:00:00+00:00,2023-02-20T00:00:00+00:00,3.1,CVSS:3.1/AV:L/AC:H/PR:H/UI:N/S:U/C:H/I:N/A:N,LOCAL,HIGH,HIGH,NONE,UNCHANGED,HIGH,NONE,NONE,6.1,MEDIUM,0,0.012557867433894225,0.0119,nginx,nginx,['CWE-787'],['cpe:2.3:a:nginx:nginx:*:*:*:*:*:*:*:*'],1,1
CVE-2024-11877,Use-after-free vulnerability in eBPF subsystem in linux linux_kernel component.,2025-03-08T00:00:00+00:00,2025-03-18T00:00:00+00:00,3.1,CVSS:3.1/AV:L/AC:L/PR:H/UI:R/S:C/C:L/I:L/A:L,LOCAL,LOW,HIGH,REQUIRED,CHANGED,LOW,LOW,LOW,5.2,MEDIUM,0,0.3025213637237662,0.2874,linux,linux_kernel,['CWE-89'],['cpe:2.3:a:linux:linux_kernel:*:*:*:*:*:*:*:*'],1,4
CVE-2022-11878,Command injection in management web interface in paloalto pan-os component.,2022-11-01T00:00:00+00:00,2023-01-30T00:00:00+00:00,3.1,CVSS:3.1/AV:P/AC:L/PR:L/UI:N/S:U/C:N/I:H/A:L,PHYSICAL,LOW,LOW,NONE,UNCHANGED,NONE,HIGH,LOW,6.0,MEDIUM,0,0.014227491793030872,0.0135,paloalto,pan-os,['CWE-79'],['cpe:2.3:a:paloalto:pan-os:*:*:*:*:*:*:*:*'],1,5
CVE-2021-11879,Use-after-free vulnerability in eBPF subsystem in linux linux_kernel component.,2021-09-23T00:00:00+00:00,2021-11-10T00:00:00+00:00,3.1,CVSS:3.1/AV:P/AC:H/PR:N/UI:N/S:C/C:H/I:L/A:N,PHYSICAL,HIGH,NONE,NONE,CHANGED,HIGH,LOW,NONE,6.4,MEDIUM,0,0.07293751181237175,0.0693,linux,linux_kernel,['CWE-269'],['cpe:2.3:a:linux:linux_kernel:*:*:*:*:*:*:*:*'],1,1
CVE-2022-11880,Remote code execution in Kerberos authentication service in microsoft windows_server component.,2021-03-27T00:00:00+00:00,2021-05-17T00:00:00+00:00,3.1,CVSS:3.1/AV:P/AC:L/PR:L/UI:N/S:C/C:N/I:N/A:H,PHYSICAL,LOW,LOW,NONE,CHANGED,NONE,NONE,HIGH,6.4,MEDIUM,0,0.13024465529970364,0.1237,microsoft,windows_server,['CWE-79'],['cpe:2.3:a:microsoft:windows_server:*:*:*:*:*:*:*:*'],1,4
CVE-2021-11881,Use-after-free vulnerability in eBPF subsystem in linux linux_kernel component.,2024-07-01T00:00:00+00:00,2024-09-09T00:00:00+00:00,3.1,CVSS:3.1/AV:N/AC:L/PR:N/UI:N/S:U/C:N/I:N/A:H,NETWORK,LOW,NONE,NONE,UNCHANGED,NONE,NONE,HIGH,9.4,CRITICAL,1,0.27019205956867187,0.2567,linux,linux_kernel,['CWE-20'],['cpe:2.3:a:linux:linux_kernel:*:*:*:*:*:*:*:*'],1,2
CVE-2022-11882,Unauthenticated remote code execution in query optimizer in oracle mysql component.,2021-02-17T00:00:00+00:00,2021-05-06T00:00:00+00:00,3.1,CVSS:3.1/AV:L/AC:H/PR:N/UI:N/S:C/C:L/I:H/A:L,LOCAL,HIGH,NONE,NONE,CHANGED,LOW,HIGH,LOW,7.5,HIGH,0,0.013709930860802931,0.013,oracle,mysql,['CWE-269'],['cpe:2.3:a:oracle:mysql:*:*:*:*:*:*:*:*'],1,2
CVE-2025-11883,Denial of service via HTTP/2 frame flooding in apache http_server component.,2024-08-22T00:00:00+00:00,2024-09-15T00:00:00+00:00,3.1,CVSS:3.1/AV:P/AC:L/PR:N/UI:R/S:U/C:N/I:L/A:L,PHYSICAL,LOW,NONE,REQUIRED,UNCHANGED,NONE,LOW,LOW,5.4,MEDIUM,0,0.13045672796847232,0.1239,apache,http_server,['CWE-787'],['cpe:2.3:a:apache:http_server:*:*:*:*:*:*:*:*'],1,3
CVE-2023-11884,Unauthenticated remote code execution in query optimizer in oracle mysql component.,2025-07-20T00:00:00+00:00,2025-08-24T00:00:00+00:00,3.1,CVSS:3.1/AV:A/AC:L/PR:L/UI:R/S:C/C:H/I:L/A:L,ADJACENT_NETWORK,LOW,LOW,REQUIRED,CHANGED,HIGH,LOW,LOW,7.2,HIGH,0,0.13612499230191796,0.1293,oracle,mysql,['CWE-119'],['cpe:2.3:a:oracle:mysql:*:*:*:*:*:*:*:*'],1,5
CVE-2021-11885,Denial of service via HTTP/2 frame flooding in apache http_server component.,2024-02-16T00:00:00+00:00,2024-02-19T00:00:00+00:00,3.1,CVSS:3.1/AV:N/AC:H/PR:L/UI:R/S:U/C:L/I:L/A:L,NETWORK,HIGH,LOW,REQUIRED,UNCHANGED,LOW,LOW,LOW,5.8,MEDIUM,0,0.04733035403955395,0.045,apache,http_server,['CWE-416'],['cpe:2.3:a:apache:http_server:*:*:*:*:*:*:*:*'],1,4
CVE-2022-11886,Command injection in management web interface in paloalto pan-os component.,2024-05-07T00:00:00+00:00,2024-08-03T00:00:00+00:00,3.1,CVSS:3.1/AV:L/AC:L/PR:N/UI:R/S:C/C:N/I:L/A:H,LOCAL,LOW,NONE,REQUIRED,CHANGED,NONE,LOW,HIGH,7.4,HIGH,0,0.23605391041237672,0.2243,paloalto,pan-os,['CWE-416'],['cpe:2.3:a:paloalto:pan-os:*:*:*:*:*:*:*:*'],1,4
CVE-2022-11887,Buffer overflow in TLS handshake parser in openssl openssl component.,2025-07-21T00:00:00+00:00,2025-09-12T00:00:00+00:00,3.1,CVSS:3.1/AV:N/AC:H/PR:N/UI:R/S:C/C:N/I:L/A:N,NETWORK,HIGH,NONE,REQUIRED,CHANGED,NONE,LOW,NONE,7.6,HIGH,0,0.0015422859270493848,0.0015,openssl,openssl,['CWE-200'],['cpe:2.3:a:openssl:openssl:*:*:*:*:*:*:*:*'],1,4
CVE-2024-11888,Command injection in management web interface in paloalto pan-os component.,2023-04-12T00:00:00+00:00,2023-04-15T00:00:00+00:00,3.1,CVSS:3.1/AV:A/AC:L/PR:L/UI:N/S:C/C:H/I:L/A:N,ADJACENT_NETWORK,LOW,LOW,NONE,CHANGED,HIGH,LOW,NONE,8.1,HIGH,0,0.08678771232529185,0.0824,paloalto,pan-os,['CWE-79'],['cpe:2.3:a:paloalto:pan-os:*:*:*:*:*:*:*:*'],1,3
CVE-2026-11889,Privilege escalation via authenticated extension loading in postgresql postgresql component.,2021-01-09T00:00:00+00:00,2021-01-18T00:00:00+00:00,3.1,CVSS:3.1/AV:P/AC:L/PR:H/UI:N/S:C/C:L/I:N/A:L,PHYSICAL,LOW,HIGH,NONE,CHANGED,LOW,NONE,LOW,5.4,MEDIUM,0,0.013076527044346514,0.0124,postgresql,postgresql,['CWE-416'],['cpe:2.3:a:postgresql:postgresql:*:*:*:*:*:*:*:*'],1,1
CVE-2025-11890,Unauthenticated remote code execution in query optimizer in oracle mysql component.,2023-06-21T00:00:00+00:00,2023-09-03T00:00:00+00:00,3.1,CVSS:3.1/AV:N/AC:H/PR:N/UI:N/S:C/C:L/I:N/A:N,NETWORK,HIGH,NONE,NONE,CHANGED,LOW,NONE,NONE,8.2,HIGH,1,0.1016926130280365,0.0966,oracle,mysql,['CWE-269'],['cpe:2.3:a:oracle:mysql:*:*:*:*:*:*:*:*'],1,3
CVE-2025-11891,Integer overflow in HTTP request header processing in nginx nginx component.,2022-06-28T00:00:00+00:00,2022-07-06T00:00:00+00:00,3.1,CVSS:3.1/AV:P/AC:H/PR:H/UI:R/S:U/C:N/I:H/A:L,PHYSICAL,HIGH,HIGH,REQUIRED,UNCHANGED,NONE,HIGH,LOW,3.1,LOW,0,0.07788429678498586,0.074,nginx,nginx,['CWE-787'],['cpe:2.3:a:nginx:nginx:*:*:*:*:*:*:*:*'],1,5
CVE-2023-11892,Buffer overflow in TLS handshake parser in openssl openssl component.,2025-01-20T00:00:00+00:00,2025-03-20T00:00:00+00:00,3.1,CVSS:3.1/AV:N/AC:L/PR:H/UI:R/S:C/C:H/I:L/A:H,NETWORK,LOW,HIGH,REQUIRED,CHANGED,HIGH,LOW,HIGH,9.5,CRITICAL,0,0.5876704516975747,0.5583,openssl,openssl,['CWE-119'],['cpe:2.3:a:openssl:openssl:*:*:*:*:*:*:*:*'],1,4
CVE-2024-11893,Unauthenticated remote code execution in query optimizer in oracle mysql component.,2021-09-10T00:00:00+00:00,2021-11-20T00:00:00+00:00,3.1,CVSS:3.1/AV:A/AC:L/PR:L/UI:R/S:C/C:H/I:H/A:H,ADJACENT_NETWORK,LOW,LOW,REQUIRED,CHANGED,HIGH,HIGH,HIGH,9.1,CRITICAL,0,0.15647847039750978,0.1487,oracle,mysql,['CWE-787'],['cpe:2.3:a:oracle:mysql:*:*:*:*:*:*:*:*'],1,4
CVE-2021-11894,Remote code execution via unsafe deserialization in spring spring_framework component.,2023-02-06T00:00:00+00:00,2023-05-05T00:00:00+00:00,3.1,CVSS:3.1/AV:P/AC:L/PR:N/UI:N/S:C/C:L/I:H/A:N,PHYSICAL,LOW,NONE,NONE,CHANGED,LOW,HIGH,NONE,7.6,HIGH,0,0.023627966276489595,0.0224,spring,spring_framework,['CWE-200'],['cpe:2.3:a:spring:spring_framework:*:*:*:*:*:*:*:*'],1,2
CVE-2026-11895,Buffer overflow in TLS handshake parser in openssl openssl component.,2021-07-25T00:00:00+00:00,2021-10-06T00:00:00+00:00,3.1,CVSS:3.1/AV:A/AC:L/PR:N/UI:R/S:C/C:L/I:N/A:N,ADJACENT_NETWORK,LOW,NONE,REQUIRED,CHANGED,LOW,NONE,NONE,6.8,MEDIUM,0,0.009442869792132814,0.009,openssl,openssl,['CWE-119'],['cpe:2.3:a:openssl:openssl:*:*:*:*:*:*:*:*'],1,2
CVE-2026-11896,Out-of-bounds memory access in V8 JavaScript engine in google chrome component.,2023-09-09T00:00:00+00:00,2023-10-07T00:00:00+00:00,3.1,CVSS:3.1/AV:A/AC:L/PR:H/UI:R/S:C/C:L/I:N/A:N,ADJACENT_NETWORK,LOW,HIGH,REQUIRED,CHANGED,LOW,NONE,NONE,6.2,MEDIUM,0,0.00556035311283261,0.0053,google,chrome,['CWE-89'],['cpe:2.3:a:google:chrome:*:*:*:*:*:*:*:*'],1,3
CVE-2022-11897,Privilege escalation via authenticated extension loading in postgresql postgresql component.,2025-07-29T00:00:00+00:00,2025-09-18T00:00:00+00:00,3.1,CVSS:3.1/AV:P/AC:H/PR:H/UI:N/S:C/C:N/I:L/A:L,PHYSICAL,HIGH,HIGH,NONE,CHANGED,NONE,LOW,LOW,4.3,MEDIUM,0,0.1648329848623411,0.1566,postgresql,postgresql,['CWE-119'],['cpe:2.3:a:postgresql:postgresql:*:*:*:*:*:*:*:*'],1,5
CVE-2022-11898,Command injection in management web interface in paloalto pan-os component.,2025-01-16T00:00:00+00:00,2025-03-26T00:00:00+00:00,3.1,CVSS:3.1/AV:L/AC:L/PR:N/UI:N/S:U/C:H/I:N/A:N,LOCAL,LOW,NONE,NONE,UNCHANGED,HIGH,NONE,NONE,7.7,HIGH,0,0.020120136238835854,0.0191,paloalto,pan-os,['CWE-79'],['cpe:2.3:a:paloalto:pan-os:*:*:*:*:*:*:*:*'],1,3
CVE-2021-11899,Buffer overflow in TLS handshake parser in openssl openssl component.,2023-05-17T00:00:00+00:00,2023-08-04T00:00:00+00:00,3.1,CVSS:3.1/AV:A/AC:L/PR:N/UI:R/S:C/C:N/I:N/A:L,ADJACENT_NETWORK,LOW,NONE,REQUIRED,CHANGED,NONE,NONE,LOW,7.0,HIGH,0,0.2086211550040827,0.1982,openssl,openssl,['CWE-787'],['cpe:2.3:a:openssl:openssl:*:*:*:*:*:*:*:*'],1,1
CVE-2025-11900,Out-of-bounds memory access in V8 JavaScript engine in google chrome component.,2023-12-12T00:00:00+00:00,2024-01-01T00:00:00+00:00,3.1,CVSS:3.1/AV:N/AC:H/PR:L/UI:R/S:U/C:L/I:L/A:H,NETWORK,HIGH,LOW,REQUIRED,UNCHANGED,LOW,LOW,HIGH,6.9,MEDIUM,0,0.2244404444255538,0.2132,google,chrome,['CWE-269'],['cpe:2.3:a:google:chrome:*:*:*:*:*:*:*:*'],1,2
CVE-2021-11901,Remote code execution in Kerberos authentication service in microsoft windows_server component.,2023-06-26T00:00:00+00:00,2023-08-07T00:00:00+00:00,3.1,CVSS:3.1/AV:P/AC:L/PR:N/UI:N/S:U/C:N/I:N/A:H,PHYSICAL,LOW,NONE,NONE,UNCHANGED,NONE,NONE,HIGH,6.5,MEDIUM,0,0.04017778547189317,0.0382,microsoft,windows_server,['CWE-416'],['cpe:2.3:a:microsoft:windows_server:*:*:*:*:*:*:*:*'],1,3
CVE-2022-11902,Privilege escalation via authenticated extension loading in postgresql postgresql component.,2024-10-11T00:00:00+00:00,2024-10-31T00:00:00+00:00,3.1,CVSS:3.1/AV:A/AC:H/PR:H/UI:N/S:U/C:L/I:L/A:L,ADJACENT_NETWORK,HIGH,HIGH,NONE,UNCHANGED,LOW,LOW,LOW,5.3,MEDIUM,0,0.0512058877389915,0.0486,postgresql,postgresql,['CWE-787'],['cpe:2.3:a:postgresql:postgresql:*:*:*:*:*:*:*:*'],1,2
CVE-2021-11903,Privilege escalation via authenticated extension loading in postgresql postgresql component.,2023-04-29T00:00:00+00:00,2023-07-03T00:00:00+00:00,3.1,CVSS:3.1/AV:N/AC:H/PR:L/UI:R/S:C/C:N/I:L/A:N,NETWORK,HIGH,LOW,REQUIRED,CHANGED,NONE,LOW,NONE,6.2,MEDIUM,0,0.17880306398632986,0.1699,postgresql,postgresql,['CWE-119'],['cpe:2.3:a:postgresql:postgresql:*:*:*:*:*:*:*:*'],1,5
CVE-2021-11904,Unauthenticated remote code execution in query optimizer in oracle mysql component.,2022-05-03T00:00:00+00:00,2022-06-21T00:00:00+00:00,3.1,CVSS:3.1/AV:N/AC:H/PR:H/UI:R/S:U/C:H/I:H/A:L,NETWORK,HIGH,HIGH,REQUIRED,UNCHANGED,HIGH,HIGH,LOW,7.4,HIGH,0,0.14014703541986256,0.1331,oracle,mysql,['CWE-89'],['cpe:2.3:a:oracle:mysql:*:*:*:*:*:*:*:*'],1,3
CVE-2026-11905,Denial of service via HTTP/2 frame flooding in apache http_server component.,2025-08-15T00:00:00+00:00,2025-08-20T00:00:00+00:00,3.1,CVSS:3.1/AV:P/AC:H/PR:H/UI:N/S:U/C:L/I:L/A:N,PHYSICAL,HIGH,HIGH,NONE,UNCHANGED,LOW,LOW,NONE,4.2,MEDIUM,0,0.02211047477984027,0.021,apache,http_server,['CWE-416'],['cpe:2.3:a:apache:http_server:*:*:*:*:*:*:*:*'],1,4
CVE-2025-11906,Unauthenticated remote code execution in query optimizer in oracle mysql component.,2021-12-09T00:00:00+00:00,2022-02-02T00:00:00+00:00,3.1,CVSS:3.1/AV:P/AC:H/PR:N/UI:R/S:U/C:L/I:N/A:N,PHYSICAL,HIGH,NONE,REQUIRED,UNCHANGED,LOW,NONE,NONE,4.2,MEDIUM,0,0.10007389027535202,0.0951,oracle,mysql,['CWE-20'],['cpe:2.3:a:oracle:mysql:*:*:*:*:*:*:*:*'],1,2
CVE-2022-11907,Remote code execution in Kerberos authentication service in microsoft windows_server component.,2025-07-07T00:00:00+00:00,2025-09-11T00:00:00+00:00,3.1,CVSS:3.1/AV:L/AC:H/PR:L/UI:R/S:U/C:L/I:H/A:L,LOCAL,HIGH,LOW,REQUIRED,UNCHANGED,LOW,HIGH,LOW,4.6,MEDIUM,0,0.20133381481074045,0.1913,microsoft,windows_server,['CWE-200'],['cpe:2.3:a:microsoft:windows_server:*:*:*:*:*:*:*:*'],1,3
CVE-2024-11908,Out-of-bounds memory access in V8 JavaScript engine in google chrome component.,2024-08-15T00:00:00+00:00,2024-10-30T00:00:00+00:00,3.1,CVSS:3.1/AV:A/AC:L/PR:H/UI:N/S:C/C:H/I:H/A:H,ADJACENT_NETWORK,LOW,HIGH,NONE,CHANGED,HIGH,HIGH,HIGH,10.0,CRITICAL,0,0.1585400728115764,0.1506,google,chrome,['CWE-200'],['cpe:2.3:a:google:chrome:*:*:*:*:*:*:*:*'],1,5
CVE-2023-11909,Denial of service via HTTP/2 frame flooding in apache http_server component.,2024-05-11T00:00:00+00:00,2024-07-15T00:00:00+00:00,3.1,CVSS:3.1/AV:P/AC:L/PR:H/UI:R/S:C/C:N/I:L/A:H,PHYSICAL,LOW,HIGH,REQUIRED,CHANGED,NONE,LOW,HIGH,5.7,MEDIUM,0,0.0026419699634569827,0.0025,apache,http_server,['CWE-119'],['cpe:2.3:a:apache:http_server:*:*:*:*:*:*:*:*'],1,2
CVE-2024-11910,Remote code execution in Kerberos authentication service in microsoft windows_server component.,2022-08-31T00:00:00+00:00,2022-09-28T00:00:00+00:00,3.1,CVSS:3.1/AV:A/AC:L/PR:H/UI:N/S:C/C:L/I:N/A:N,ADJACENT_NETWORK,LOW,HIGH,NONE,CHANGED,LOW,NONE,NONE,7.0,HIGH,0,0.00012405241037147428,0.0001,microsoft,windows_server,['CWE-79'],['cpe:2.3:a:microsoft:windows_server:*:*:*:*:*:*:*:*'],1,2
CVE-2025-11911,Remote code execution via unsafe deserialization in spring spring_framework component.,2024-12-12T00:00:00+00:00,2025-02-19T00:00:00+00:00,3.1,CVSS:3.1/AV:N/AC:L/PR:L/UI:R/S:C/C:N/I:L/A:N,NETWORK,LOW,LOW,REQUIRED,CHANGED,NONE,LOW,NONE,7.3,HIGH,0,0.24263354525298478,0.2305,spring,spring_framework,['CWE-20'],['cpe:2.3:a:spring:spring_framework:*:*:*:*:*:*:*:*'],1,1
CVE-2026-11912,Command injection in management web interface in paloalto pan-os component.,2023-07-12T00:00:00+00:00,2023-09-06T00:00:00+00:00,3.1,CVSS:3.1/AV:A/AC:L/PR:N/UI:R/S:C/C:L/I:N/A:H,ADJACENT_NETWORK,LOW,NONE,REQUIRED,CHANGED,LOW,NONE,HIGH,7.9,HIGH,0,0.38571006872327646,0.3664,paloalto,pan-os,['CWE-89'],['cpe:2.3:a:paloalto:pan-os:*:*:*:*:*:*:*:*'],1,3
CVE-2026-11913,Remote code execution in Kerberos authentication service in microsoft windows_server component.,2023-08-03T00:00:00+00:00,2023-10-07T00:00:00+00:00,3.1,CVSS:3.1/AV:P/AC:L/PR:H/UI:N/S:U/C:N/I:L/A:H,PHYSICAL,LOW,HIGH,NONE,UNCHANGED,NONE,LOW,HIGH,6.0,MEDIUM,0,0.1536495726082054,0.146,microsoft,windows_server,['CWE-787'],['cpe:2.3:a:microsoft:windows_server:*:*:*:*:*:*:*:*'],1,1
CVE-2026-11914,Unauthenticated remote code execution in query optimizer in oracle mysql component.,2024-01-25T00:00:00+00:00,2024-03-03T00:00:00+00:00,3.1,CVSS:3.1/AV:N/AC:H/PR:H/UI:N/S:C/C:H/I:N/A:H,NETWORK,HIGH,HIGH,NONE,CHANGED,HIGH,NONE,HIGH,8.9,HIGH,1,0.051470640099105285,0.0489,oracle,mysql,['CWE-200'],['cpe:2.3:a:oracle:mysql:*:*:*:*:*:*:*:*'],1,5
CVE-2024-11915,Unauthenticated remote code execution in query optimizer in oracle mysql component.,2022-09-19T00:00:00+00:00,2022-11-18T00:00:00+00:00,3.1,CVSS:3.1/AV:L/AC:H/PR:N/UI:R/S:C/C:H/I:L/A:H,LOCAL,HIGH,NONE,REQUIRED,CHANGED,HIGH,LOW,HIGH,7.5,HIGH,0,0.003408833043172765,0.0032,oracle,mysql,['CWE-200'],['cpe:2.3:a:oracle:mysql:*:*:*:*:*:*:*:*'],1,5
CVE-2022-11916,Remote code execution in Kerberos authentication service in microsoft windows_server component.,2024-10-21T00:00:00+00:00,2024-12-30T00:00:00+00:00,3.1,CVSS:3.1/AV:A/AC:L/PR:H/UI:R/S:U/C:N/I:L/A:N,ADJACENT_NETWORK,LOW,HIGH,REQUIRED,UNCHANGED,NONE,LOW,NONE,5.5,MEDIUM,0,0.3108924483922944,0.2953,microsoft,windows_server,['CWE-20'],['cpe:2.3:a:microsoft:windows_server:*:*:*:*:*:*:*:*'],1,5
CVE-2025-11917,Buffer overflow in TLS handshake parser in openssl openssl component.,2021-10-16T00:00:00+00:00,2021-12-09T00:00:00+00:00,3.1,CVSS:3.1/AV:N/AC:H/PR:L/UI:N/S:U/C:N/I:L/A:L,NETWORK,HIGH,LOW,NONE,UNCHANGED,NONE,LOW,LOW,6.3,MEDIUM,0,0.00019129744074544673,0.0002,openssl,openssl,['CWE-269'],['cpe:2.3:a:openssl:openssl:*:*:*:*:*:*:*:*'],1,3
CVE-2026-11918,Integer overflow in HTTP request header processing in nginx nginx component.,2023-11-04T00:00:00+00:00,2023-12-27T00:00:00+00:00,3.1,CVSS:3.1/AV:L/AC:H/PR:L/UI:R/S:C/C:L/I:L/A:L,LOCAL,HIGH,LOW,REQUIRED,CHANGED,LOW,LOW,LOW,4.4,MEDIUM,0,0.05781001482606476,0.0549,nginx,nginx,['CWE-269'],['cpe:2.3:a:nginx:nginx:*:*:*:*:*:*:*:*'],1,1
CVE-2023-11919,Command injection in management web interface in paloalto pan-os component.,2023-08-22T00:00:00+00:00,2023-10-17T00:00:00+00:00,3.1,CVSS:3.1/AV:L/AC:L/PR:N/UI:N/S:C/C:H/I:L/A:L,LOCAL,LOW,NONE,NONE,CHANGED,HIGH,LOW,LOW,7.9,HIGH,0,0.059066873694641205,0.0561,paloalto,pan-os,['CWE-416'],['cpe:2.3:a:paloalto:pan-os:*:*:*:*:*:*:*:*'],1,5
CVE-2023-11920,Command injection in management web interface in paloalto pan-os component.,2024-10-31T00:00:00+00:00,2024-11-08T00:00:00+00:00,3.1,CVSS:3.1/AV:L/AC:L/PR:L/UI:R/S:C/C:L/I:L/A:N,LOCAL,LOW,LOW,REQUIRED,CHANGED,LOW,LOW,NONE,5.5,MEDIUM,0,0.006637920043867659,0.0063,paloalto,pan-os,['CWE-89'],['cpe:2.3:a:paloalto:pan-os:*:*:*:*:*:*:*:*'],1,2
CVE-2023-11921,Use-after-free vulnerability in eBPF subsystem in linux linux_kernel component.,2022-06-17T00:00:00+00:00,2022-06-26T00:00:00+00:00,3.1,CVSS:3.1/AV:P/AC:H/PR:N/UI:N/S:U/C:N/I:H/A:L,PHYSICAL,HIGH,NONE,NONE,UNCHANGED,NONE,HIGH,LOW,6.0,MEDIUM,0,0.0926030057099915,0.088,linux,linux_kernel,['CWE-416'],['cpe:2.3:a:linux:linux_kernel:*:*:*:*:*:*:*:*'],1,1
CVE-2022-11922,Remote code execution via unsafe deserialization in spring spring_framework component.,2025-09-10T00:00:00+00:00,2025-10-21T00:00:00+00:00,3.1,CVSS:3.1/AV:P/AC:L/PR:H/UI:N/S:C/C:N/I:N/A:L,PHYSICAL,LOW,HIGH,NONE,CHANGED,NONE,NONE,LOW,5.1,MEDIUM,0,0.0001,0.0001,spring,spring_framework,['CWE-119'],['cpe:2.3:a:spring:spring_framework:*:*:*:*:*:*:*:*'],1,1
CVE-2023-11923,Out-of-bounds memory access in V8 JavaScript engine in google chrome component.,2025-07-17T00:00:00+00:00,2025-08-21T00:00:00+00:00,3.1,CVSS:3.1/AV:A/AC:L/PR:H/UI:R/S:U/C:N/I:N/A:H,ADJACENT_NETWORK,LOW,HIGH,REQUIRED,UNCHANGED,NONE,NONE,HIGH,6.8,MEDIUM,0,0.0002426007408259127,0.0002,google,chrome,['CWE-269'],['cpe:2.3:a:google:chrome:*:*:*:*:*:*:*:*'],1,1
CVE-2025-11924,Remote code execution via unsafe deserialization in spring spring_framework component.,2025-02-16T00:00:00+00:00,2025-04-26T00:00:00+00:00,3.1,CVSS:3.1/AV:A/AC:L/PR:H/UI:R/S:U/C:N/I:L/A:H,ADJACENT_NETWORK,LOW,HIGH,REQUIRED,UNCHANGED,NONE,LOW,HIGH,7.1,HIGH,0,0.054173392755017445,0.0515,spring,spring_framework,['CWE-20'],['cpe:2.3:a:spring:spring_framework:*:*:*:*:*:*:*:*'],1,5
CVE-2026-11925,Remote code execution in Kerberos authentication service in microsoft windows_server component.,2021-05-16T00:00:00+00:00,2021-08-02T00:00:00+00:00,3.1,CVSS:3.1/AV:P/AC:H/PR:H/UI:R/S:U/C:L/I:L/A:N,PHYSICAL,HIGH,HIGH,REQUIRED,UNCHANGED,LOW,LOW,NONE,3.4,LOW,0,0.3471157234590957,0.3298,microsoft,windows_server,['CWE-200'],['cpe:2.3:a:microsoft:windows_server:*:*:*:*:*:*:*:*'],1,1
CVE-2023-11926,Privilege escalation via authenticated extension loading in postgresql postgresql component.,2023-03-09T00:00:00+00:00,2023-05-27T00:00:00+00:00,3.1,CVSS:3.1/AV:L/AC:L/PR:L/UI:R/S:U/C:L/I:N/A:L,LOCAL,LOW,LOW,REQUIRED,UNCHANGED,LOW,NONE,LOW,4.9,MEDIUM,0,0.014160360291473896,0.0135,postgresql,postgresql,['CWE-416'],['cpe:2.3:a:postgresql:postgresql:*:*:*:*:*:*:*:*'],1,4
CVE-2025-11927,Use-after-free vulnerability in eBPF subsystem in linux linux_kernel component.,2021-01-30T00:00:00+00:00,2021-04-14T00:00:00+00:00,3.1,CVSS:3.1/AV:L/AC:H/PR:H/UI:N/S:C/C:H/I:N/A:L,LOCAL,HIGH,HIGH,NONE,CHANGED,HIGH,NONE,LOW,5.8,MEDIUM,0,0.07425610947633526,0.0705,linux,linux_kernel,['CWE-20'],['cpe:2.3:a:linux:linux_kernel:*:*:*:*:*:*:*:*'],1,2
CVE-2021-11928,Remote code execution in Kerberos authentication service in microsoft windows_server component.,2021-12-12T00:00:00+00:00,2022-03-01T00:00:00+00:00,3.1,CVSS:3.1/AV:L/AC:H/PR:N/UI:N/S:U/C:N/I:L/A:H,LOCAL,HIGH,NONE,NONE,UNCHANGED,NONE,LOW,HIGH,7.1,HIGH,0,0.04227614222271025,0.0402,microsoft,windows_server,['CWE-89'],['cpe:2.3:a:microsoft:windows_server:*:*:*:*:*:*:*:*'],1,3
CVE-2023-11929,Remote code execution via unsafe deserialization in spring spring_framework component.,2024-06-04T00:00:00+00:00,2024-06-07T00:00:00+00:00,3.1,CVSS:3.1/AV:P/AC:L/PR:L/UI:N/S:U/C:N/I:N/A:H,PHYSICAL,LOW,LOW,NONE,UNCHANGED,NONE,NONE,HIGH,5.8,MEDIUM,0,0.03598321423970114,0.0342,spring,spring_framework,['CWE-787'],['cpe:2.3:a:spring:spring_framework:*:*:*:*:*:*:*:*'],1,4
CVE-2023-11930,Integer overflow in HTTP request header processing in nginx nginx component.,2023-12-27T00:00:00+00:00,2024-02-21T00:00:00+00:00,3.1,CVSS:3.1/AV:P/AC:H/PR:H/UI:R/S:U/C:H/I:L/A:N,PHYSICAL,HIGH,HIGH,REQUIRED,UNCHANGED,HIGH,LOW,NONE,3.4,LOW,0,0.032274534324577234,0.0307,nginx,nginx,['CWE-416'],['cpe:2.3:a:nginx:nginx:*:*:*:*:*:*:*:*'],1,3
CVE-2026-11931,Remote code execution via unsafe deserialization in spring spring_framework component.,2021-11-22T00:00:00+00:00,2021-12-18T00:00:00+00:00,3.1,CVSS:3.1/AV:N/AC:L/PR:H/UI:R/S:C/C:H/I:H/A:L,NETWORK,LOW,HIGH,REQUIRED,CHANGED,HIGH,HIGH,LOW,9.2,CRITICAL,1,0.5307978556023378,0.5043,spring,spring_framework,['CWE-416'],['cpe:2.3:a:spring:spring_framework:*:*:*:*:*:*:*:*'],1,2
CVE-2026-11932,Privilege escalation via authenticated extension loading in postgresql postgresql component.,2025-04-19T00:00:00+00:00,2025-05-18T00:00:00+00:00,3.1,CVSS:3.1/AV:A/AC:H/PR:N/UI:R/S:C/C:H/I:H/A:L,ADJACENT_NETWORK,HIGH,NONE,REQUIRED,CHANGED,HIGH,HIGH,LOW,8.2,HIGH,0,0.2858198204098338,0.2715,postgresql,postgresql,['CWE-89'],['cpe:2.3:a:postgresql:postgresql:*:*:*:*:*:*:*:*'],1,4
CVE-2024-11933,Remote code execution in Kerberos authentication service in microsoft windows_server component.,2022-08-23T00:00:00+00:00,2022-10-29T00:00:00+00:00,3.1,CVSS:3.1/AV:A/AC:L/PR:L/UI:N/S:U/C:L/I:L/A:N,ADJACENT_NETWORK,LOW,LOW,NONE,UNCHANGED,LOW,LOW,NONE,6.6,MEDIUM,0,0.08522024463606827,0.081,microsoft,windows_server,['CWE-119'],['cpe:2.3:a:microsoft:windows_server:*:*:*:*:*:*:*:*'],1,1
CVE-2021-11934,Unauthenticated remote code execution in query optimizer in oracle mysql component.,2025-07-21T00:00:00+00:00,2025-09-27T00:00:00+00:00,3.1,CVSS:3.1/AV:N/AC:H/PR:H/UI:N/S:C/C:N/I:L/A:L,NETWORK,HIGH,HIGH,NONE,CHANGED,NONE,LOW,LOW,6.5,MEDIUM,0,0.2686328953480957,0.2552,oracle,mysql,['CWE-269'],['cpe:2.3:a:oracle:mysql:*:*:*:*:*:*:*:*'],1,5
CVE-2024-11935,Use-after-free vulnerability in eBPF subsystem in linux linux_kernel component.,2024-06-29T00:00:00+00:00,2024-09-08T00:00:00+00:00,3.1,CVSS:3.1/AV:N/AC:H/PR:N/UI:N/S:U/C:L/I:H/A:N,NETWORK,HIGH,NONE,NONE,UNCHANGED,LOW,HIGH,NONE,8.5,HIGH,1,0.027013205682800804,0.0257,linux,linux_kernel,['CWE-787'],['cpe:2.3:a:linux:linux_kernel:*:*:*:*:*:*:*:*'],1,1
CVE-2025-11936,Integer overflow in HTTP request header processing in nginx nginx component.,2023-10-27T00:00:00+00:00,2024-01-10T00:00:00+00:00,3.1,CVSS:3.1/AV:N/AC:L/PR:N/UI:N/S:C/C:H/I:H/A:N,NETWORK,LOW,NONE,NONE,CHANGED,HIGH,HIGH,NONE,10.0,CRITICAL,1,0.8557042806308358,0.8129,nginx,nginx,['CWE-416'],['cpe:2.3:a:nginx:nginx:*:*:*:*:*:*:*:*'],1,3
CVE-2026-11937,Use-after-free vulnerability in eBPF subsystem in linux linux_kernel component.,2024-01-16T00:00:00+00:00,2024-04-06T00:00:00+00:00,3.1,CVSS:3.1/AV:P/AC:L/PR:H/UI:R/S:C/C:L/I:H/A:L,PHYSICAL,LOW,HIGH,REQUIRED,CHANGED,LOW,HIGH,LOW,5.3,MEDIUM,0,0.2697765351413451,0.2563,linux,linux_kernel,['CWE-200'],['cpe:2.3:a:linux:linux_kernel:*:*:*:*:*:*:*:*'],1,1
CVE-2024-11938,Integer overflow in HTTP request header processing in nginx nginx component.,2023-10-14T00:00:00+00:00,2023-11-24T00:00:00+00:00,3.1,CVSS:3.1/AV:L/AC:L/PR:H/UI:N/S:U/C:L/I:H/A:N,LOCAL,LOW,HIGH,NONE,UNCHANGED,LOW,HIGH,NONE,7.1,HIGH,0,0.00032180283412311595,0.0003,nginx,nginx,['CWE-787'],['cpe:2.3:a:nginx:nginx:*:*:*:*:*:*:*:*'],1,5
CVE-2023-11939,Denial of service via HTTP/2 frame flooding in apache http_server component.,2024-04-09T00:00:00+00:00,2024-04-18T00:00:00+00:00,3.1,CVSS:3.1/AV:L/AC:H/PR:H/UI:N/S:C/C:L/I:H/A:H,LOCAL,HIGH,HIGH,NONE,CHANGED,LOW,HIGH,HIGH,7.2,HIGH,0,0.014727721503976,0.014,apache,http_server,['CWE-416'],['cpe:2.3:a:apache:http_server:*:*:*:*:*:*:*:*'],1,2
CVE-2025-11940,Remote code execution in Kerberos authentication service in microsoft windows_server component.,2022-03-07T00:00:00+00:00,2022-05-11T00:00:00+00:00,3.1,CVSS:3.1/AV:L/AC:H/PR:L/UI:N/S:U/C:N/I:N/A:H,LOCAL,HIGH,LOW,NONE,UNCHANGED,NONE,NONE,HIGH,5.3,MEDIUM,0,0.00010793876930674211,0.0001,microsoft,windows_server,['CWE-787'],['cpe:2.3:a:microsoft:windows_server:*:*:*:*:*:*:*:*'],1,4
CVE-2022-11941,Denial of service via HTTP/2 frame flooding in apache http_server component.,2022-05-03T00:00:00+00:00,2022-07-18T00:00:00+00:00,3.1,CVSS:3.1/AV:P/AC:L/PR:N/UI:N/S:U/C:H/I:L/A:H,PHYSICAL,LOW,NONE,NONE,UNCHANGED,HIGH,LOW,HIGH,8.1,HIGH,0,0.0014282796389422094,0.0014,apache,http_server,['CWE-79'],['cpe:2.3:a:apache:http_server:*:*:*:*:*:*:*:*'],1,5
CVE-2021-11942,Remote code execution via unsafe deserialization in spring spring_framework component.,2021-11-13T00:00:00+00:00,2022-01-25T00:00:00+00:00,3.1,CVSS:3.1/AV:P/AC:L/PR:H/UI:N/S:U/C:H/I:L/A:N,PHYSICAL,LOW,HIGH,NONE,UNCHANGED,HIGH,LOW,NONE,6.0,MEDIUM,0,0.3600607816574053,0.3421,spring,spring_framework,['CWE-416'],['cpe:2.3:a:spring:spring_framework:*:*:*:*:*:*:*:*'],1,4
CVE-2021-11943,Out-of-bounds memory access in V8 JavaScript engine in google chrome component.,2025-11-24T00:00:00+00:00,2025-12-10T00:00:00+00:00,3.1,CVSS:3.1/AV:N/AC:H/PR:H/UI:N/S:U/C:L/I:N/A:H,NETWORK,HIGH,HIGH,NONE,UNCHANGED,LOW,NONE,HIGH,6.7,MEDIUM,0,0.43720892163760117,0.4153,google,chrome,['CWE-89'],['cpe:2.3:a:google:chrome:*:*:*:*:*:*:*:*'],1,4
CVE-2025-11944,Remote code execution via unsafe deserialization in spring spring_framework component.,2022-04-19T00:00:00+00:00,2022-05-18T00:00:00+00:00,3.1,CVSS:3.1/AV:L/AC:H/PR:H/UI:R/S:C/C:N/I:N/A:H,LOCAL,HIGH,HIGH,REQUIRED,CHANGED,NONE,NONE,HIGH,5.3,MEDIUM,0,0.17076893232308493,0.1622,spring,spring_framework,['CWE-269'],['cpe:2.3:a:spring:spring_framework:*:*:*:*:*:*:*:*'],1,1
CVE-2024-11945,Remote code execution in Kerberos authentication service in microsoft windows_server component.,2022-11-03T00:00:00+00:00,2023-01-01T00:00:00+00:00,3.1,CVSS:3.1/AV:P/AC:L/PR:N/UI:R/S:C/C:H/I:L/A:N,PHYSICAL,LOW,NONE,REQUIRED,CHANGED,HIGH,LOW,NONE,6.5,MEDIUM,0,0.052559946678567816,0.0499,microsoft,windows_server,['CWE-787'],['cpe:2.3:a:microsoft:windows_server:*:*:*:*:*:*:*:*'],1,4
CVE-2026-11946,Privilege escalation via authenticated extension loading in postgresql postgresql component.,2021-07-27T00:00:00+00:00,2021-08-18T00:00:00+00:00,3.1,CVSS:3.1/AV:A/AC:L/PR:L/UI:R/S:C/C:H/I:N/A:H,ADJACENT_NETWORK,LOW,LOW,REQUIRED,CHANGED,HIGH,NONE,HIGH,7.9,HIGH,0,0.021225345256465727,0.0202,postgresql,postgresql,['CWE-269'],['cpe:2.3:a:postgresql:postgresql:*:*:*:*:*:*:*:*'],1,4
CVE-2023-11947,Buffer overflow in TLS handshake parser in openssl openssl component.,2021-09-18T00:00:00+00:00,2021-12-10T00:00:00+00:00,3.1,CVSS:3.1/AV:N/AC:H/PR:H/UI:N/S:C/C:H/I:L/A:L,NETWORK,HIGH,HIGH,NONE,CHANGED,HIGH,LOW,LOW,7.7,HIGH,0,0.2869355253359393,0.2726,openssl,openssl,['CWE-20'],['cpe:2.3:a:openssl:openssl:*:*:*:*:*:*:*:*'],1,3
CVE-2025-11948,Unauthenticated remote code execution in query optimizer in oracle mysql component.,2024-01-06T00:00:00+00:00,2024-02-02T00:00:00+00:00,3.1,CVSS:3.1/AV:N/AC:L/PR:L/UI:N/S:C/C:L/I:N/A:H,NETWORK,LOW,LOW,NONE,CHANGED,LOW,NONE,HIGH,8.9,HIGH,0,0.07412481178872325,0.0704,oracle,mysql,['CWE-79'],['cpe:2.3:a:oracle:mysql:*:*:*:*:*:*:*:*'],1,2
CVE-2026-11949,Privilege escalation via authenticated extension loading in postgresql postgresql component.,2025-06-13T00:00:00+00:00,2025-07-25T00:00:00+00:00,3.1,CVSS:3.1/AV:N/AC:L/PR:L/UI:R/S:U/C:L/I:H/A:L,NETWORK,LOW,LOW,REQUIRED,UNCHANGED,LOW,HIGH,LOW,7.5,HIGH,0,0.06476667743644202,0.0615,postgresql,postgresql,['CWE-79'],['cpe:2.3:a:postgresql:postgresql:*:*:*:*:*:*:*:*'],1,1
CVE-2026-11950,Out-of-bounds memory access in V8 JavaScript engine in google chrome component.,2023-06-16T00:00:00+00:00,2023-08-13T00:00:00+00:00,3.1,CVSS:3.1/AV:P/AC:L/PR:N/UI:N/S:C/C:H/I:L/A:L,PHYSICAL,LOW,NONE,NONE,CHANGED,HIGH,LOW,LOW,7.3,HIGH,0,0.007243944121089471,0.0069,google,chrome,['CWE-416'],['cpe:2.3:a:google:chrome:*:*:*:*:*:*:*:*'],1,5
CVE-2023-11951,Use-after-free vulnerability in eBPF subsystem in linux linux_kernel component.,2023-04-24T00:00:00+00:00,2023-06-24T00:00:00+00:00,3.1,CVSS:3.1/AV:L/AC:L/PR:N/UI:R/S:C/C:L/I:N/A:N,LOCAL,LOW,NONE,REQUIRED,CHANGED,LOW,NONE,NONE,6.7,MEDIUM,0,0.051980294059773335,0.0494,linux,linux_kernel,['CWE-416'],['cpe:2.3:a:linux:linux_kernel:*:*:*:*:*:*:*:*'],1,2
CVE-2025-11952,Command injection in management web interface in paloalto pan-os component.,2022-10-16T00:00:00+00:00,2022-12-17T00:00:00+00:00,3.1,CVSS:3.1/AV:A/AC:H/PR:H/UI:N/S:U/C:L/I:H/A:L,ADJACENT_NETWORK,HIGH,HIGH,NONE,UNCHANGED,LOW,HIGH,LOW,6.2,MEDIUM,0,0.0055653945141927045,0.0053,paloalto,pan-os,['CWE-269'],['cpe:2.3:a:paloalto:pan-os:*:*:*:*:*:*:*:*'],1,4
CVE-2025-11953,Command injection in management web interface in paloalto pan-os component.,2024-12-11T00:00:00+00:00,2025-03-07T00:00:00+00:00,3.1,CVSS:3.1/AV:A/AC:H/PR:N/UI:N/S:C/C:H/I:H/A:N,ADJACENT_NETWORK,HIGH,NONE,NONE,CHANGED,HIGH,HIGH,NONE,9.2,CRITICAL,0,0.06023102083176184,0.0572,paloalto,pan-os,['CWE-20'],['cpe:2.3:a:paloalto:pan-os:*:*:*:*:*:*:*:*'],1,2
CVE-2021-11954,Out-of-bounds memory access in V8 JavaScript engine in google chrome component.,2022-11-10T00:00:00+00:00,2023-01-21T00:00:00+00:00,3.1,CVSS:3.1/AV:L/AC:H/PR:H/UI:N/S:U/C:N/I:N/A:L,LOCAL,HIGH,HIGH,NONE,UNCHANGED,NONE,NONE,LOW,4.6,MEDIUM,0,0.0001,0.0001,google,chrome,['CWE-79'],['cpe:2.3:a:google:chrome:*:*:*:*:*:*:*:*'],1,4
CVE-2021-11955,Unauthenticated remote code execution in query optimizer in oracle mysql component.,2024-02-01T00:00:00+00:00,2024-03-17T00:00:00+00:00,3.1,CVSS:3.1/AV:L/AC:L/PR:H/UI:R/S:C/C:N/I:L/A:N,LOCAL,LOW,HIGH,REQUIRED,CHANGED,NONE,LOW,NONE,5.7,MEDIUM,0,0.010914556574792027,0.0104,oracle,mysql,['CWE-200'],['cpe:2.3:a:oracle:mysql:*:*:*:*:*:*:*:*'],1,3
CVE-2024-11956,Remote code execution in Kerberos authentication service in microsoft windows_server component.,2024-12-23T00:00:00+00:00,2025-01-25T00:00:00+00:00,3.1,CVSS:3.1/AV:P/AC:L/PR:H/UI:N/S:C/C:H/I:H/A:H,PHYSICAL,LOW,HIGH,NONE,CHANGED,HIGH,HIGH,HIGH,8.4,HIGH,0,0.013354149762430698,0.0127,microsoft,windows_server,['CWE-269'],['cpe:2.3:a:microsoft:windows_server:*:*:*:*:*:*:*:*'],1,5
CVE-2026-11957,Use-after-free vulnerability in eBPF subsystem in linux linux_kernel component.,2021-06-18T00:00:00+00:00,2021-09-07T00:00:00+00:00,3.1,CVSS:3.1/AV:P/AC:H/PR:H/UI:N/S:C/C:N/I:L/A:N,PHYSICAL,HIGH,HIGH,NONE,CHANGED,NONE,LOW,NONE,4.7,MEDIUM,0,0.080525259355545,0.0765,linux,linux_kernel,['CWE-269'],['cpe:2.3:a:linux:linux_kernel:*:*:*:*:*:*:*:*'],1,1
CVE-2022-11958,Command injection in management web interface in paloalto pan-os component.,2021-06-07T00:00:00+00:00,2021-08-12T00:00:00+00:00,3.1,CVSS:3.1/AV:N/AC:H/PR:H/UI:N/S:C/C:N/I:N/A:L,NETWORK,HIGH,HIGH,NONE,CHANGED,NONE,NONE,LOW,6.0,MEDIUM,0,0.00285664390050383,0.0027,paloalto,pan-os,['CWE-200'],['cpe:2.3:a:paloalto:pan-os:*:*:*:*:*:*:*:*'],1,4
CVE-2026-11959,Remote code execution in Kerberos authentication service in microsoft windows_server component.,2021-04-30T00:00:00+00:00,2021-07-15T00:00:00+00:00,3.1,CVSS:3.1/AV:L/AC:L/PR:H/UI:R/S:C/C:L/I:N/A:H,LOCAL,LOW,HIGH,REQUIRED,CHANGED,LOW,NONE,HIGH,6.2,MEDIUM,0,0.029911451704108933,0.0284,microsoft,windows_server,['CWE-89'],['cpe:2.3:a:microsoft:windows_server:*:*:*:*:*:*:*:*'],1,5
CVE-2025-11960,Command injection in management web interface in paloalto pan-os component.,2023-04-10T00:00:00+00:00,2023-05-17T00:00:00+00:00,3.1,CVSS:3.1/AV:A/AC:L/PR:N/UI:N/S:C/C:H/I:L/A:H,ADJACENT_NETWORK,LOW,NONE,NONE,CHANGED,HIGH,LOW,HIGH,10.0,CRITICAL,0,0.06018295103503137,0.0572,paloalto,pan-os,['CWE-20'],['cpe:2.3:a:paloalto:pan-os:*:*:*:*:*:*:*:*'],1,5
CVE-2024-11961,Out-of-bounds memory access in V8 JavaScript engine in google chrome component.,2024-12-19T00:00:00+00:00,2025-01-12T00:00:00+00:00,3.1,CVSS:3.1/AV:N/AC:L/PR:L/UI:R/S:C/C:L/I:N/A:H,NETWORK,LOW,LOW,REQUIRED,CHANGED,LOW,NONE,HIGH,8.4,HIGH,0,0.2441720636575291,0.232,google,chrome,['CWE-416'],['cpe:2.3:a:google:chrome:*:*:*:*:*:*:*:*'],1,4
CVE-2021-11962,Remote code execution in Kerberos authentication service in microsoft windows_server component.,2021-01-04T00:00:00+00:00,2021-01-22T00:00:00+00:00,3.1,CVSS:3.1/AV:L/AC:H/PR:N/UI:R/S:U/C:N/I:N/A:N,LOCAL,HIGH,NONE,REQUIRED,UNCHANGED,NONE,NONE,NONE,5.0,MEDIUM,0,0.029030622433392883,0.0276,microsoft,windows_server,['CWE-89'],['cpe:2.3:a:microsoft:windows_server:*:*:*:*:*:*:*:*'],1,2
CVE-2025-11963,Use-after-free vulnerability in eBPF subsystem in linux linux_kernel component.,2024-04-20T00:00:00+00:00,2024-06-29T00:00:00+00:00,3.1,CVSS:3.1/AV:N/AC:L/PR:N/UI:R/S:C/C:H/I:N/A:L,NETWORK,LOW,NONE,REQUIRED,CHANGED,HIGH,NONE,LOW,9.0,CRITICAL,0,0.1048128319736527,0.0996,linux,linux_kernel,['CWE-20'],['cpe:2.3:a:linux:linux_kernel:*:*:*:*:*:*:*:*'],1,1
CVE-2024-11964,Integer overflow in HTTP request header processing in nginx nginx component.,2024-06-12T00:00:00+00:00,2024-06-22T00:00:00+00:00,3.1,CVSS:3.1/AV:L/AC:L/PR:H/UI:R/S:C/C:L/I:N/A:L,LOCAL,LOW,HIGH,REQUIRED,CHANGED,LOW,NONE,LOW,5.7,MEDIUM,0,0.2669318269141794,0.2536,nginx,nginx,['CWE-200'],['cpe:2.3:a:nginx:nginx:*:*:*:*:*:*:*:*'],1,1
CVE-2022-11965,Out-of-bounds memory access in V8 JavaScript engine in google chrome component.,2022-03-09T00:00:00+00:00,2022-04-10T00:00:00+00:00,3.1,CVSS:3.1/AV:L/AC:L/PR:L/UI:R/S:C/C:L/I:L/A:L,LOCAL,LOW,LOW,REQUIRED,CHANGED,LOW,LOW,LOW,5.2,MEDIUM,0,0.02971390793401495,0.0282,google,chrome,['CWE-89'],['cpe:2.3:a:google:chrome:*:*:*:*:*:*:*:*'],1,4
CVE-2021-11966,Buffer overflow in TLS handshake parser in openssl openssl component.,2024-01-31T00:00:00+00:00,2024-03-21T00:00:00+00:00,3.1,CVSS:3.1/AV:A/AC:H/PR:N/UI:R/S:U/C:N/I:H/A:H,ADJACENT_NETWORK,HIGH,NONE,REQUIRED,UNCHANGED,NONE,HIGH,HIGH,7.2,HIGH,0,0.34728992744768666,0.3299,openssl,openssl,['CWE-269'],['cpe:2.3:a:openssl:openssl:*:*:*:*:*:*:*:*'],1,4
CVE-2026-11967,Out-of-bounds memory access in V8 JavaScript engine in google chrome component.,2022-11-17T00:00:00+00:00,2023-01-02T00:00:00+00:00,3.1,CVSS:3.1/AV:A/AC:L/PR:L/UI:R/S:C/C:L/I:N/A:L,ADJACENT_NETWORK,LOW,LOW,REQUIRED,CHANGED,LOW,NONE,LOW,6.1,MEDIUM,0,0.03300436173139624,0.0314,google,chrome,['CWE-20'],['cpe:2.3:a:google:chrome:*:*:*:*:*:*:*:*'],1,1
CVE-2025-11968,Privilege escalation via authenticated extension loading in postgresql postgresql component.,2022-10-25T00:00:00+00:00,2022-10-26T00:00:00+00:00,3.1,CVSS:3.1/AV:A/AC:H/PR:L/UI:N/S:U/C:L/I:L/A:H,ADJACENT_NETWORK,HIGH,LOW,NONE,UNCHANGED,LOW,LOW,HIGH,6.4,MEDIUM,0,0.014059188631154672,0.0134,postgresql,postgresql,['CWE-200'],['cpe:2.3:a:postgresql:postgresql:*:*:*:*:*:*:*:*'],1,5
CVE-2024-11969,Remote code execution in Kerberos authentication service in microsoft windows_server component.,2021-10-16T00:00:00+00:00,2021-11-09T00:00:00+00:00,3.1,CVSS:3.1/AV:A/AC:L/PR:L/UI:R/S:U/C:N/I:N/A:L,ADJACENT_NETWORK,LOW,LOW,REQUIRED,UNCHANGED,NONE,NONE,LOW,6.0,MEDIUM,0,0.009371012775930778,0.0089,microsoft,windows_server,['CWE-269'],['cpe:2.3:a:microsoft:windows_server:*:*:*:*:*:*:*:*'],1,3
CVE-2026-11970,Remote code execution in Kerberos authentication service in microsoft windows_server component.,2025-02-22T00:00:00+00:00,2025-05-23T00:00:00+00:00,3.1,CVSS:3.1/AV:N/AC:H/PR:H/UI:R/S:C/C:H/I:N/A:N,NETWORK,HIGH,HIGH,REQUIRED,CHANGED,HIGH,NONE,NONE,7.3,HIGH,0,0.09460406756734902,0.0899,microsoft,windows_server,['CWE-269'],['cpe:2.3:a:microsoft:windows_server:*:*:*:*:*:*:*:*'],1,1
CVE-2023-11971,Denial of service via HTTP/2 frame flooding in apache http_server component.,2024-11-27T00:00:00+00:00,2025-02-11T00:00:00+00:00,3.1,CVSS:3.1/AV:P/AC:H/PR:H/UI:R/S:U/C:N/I:N/A:H,PHYSICAL,HIGH,HIGH,REQUIRED,UNCHANGED,NONE,NONE,HIGH,3.6,LOW,0,0.029775206448422215,0.0283,apache,http_server,['CWE-20'],['cpe:2.3:a:apache:http_server:*:*:*:*:*:*:*:*'],1,3
CVE-2025-11972,Buffer overflow in TLS handshake parser in openssl openssl component.,2022-10-22T00:00:00+00:00,2022-11-28T00:00:00+00:00,3.1,CVSS:3.1/AV:A/AC:H/PR:L/UI:R/S:C/C:N/I:H/A:N,ADJACENT_NETWORK,HIGH,LOW,REQUIRED,CHANGED,NONE,HIGH,NONE,6.0,MEDIUM,0,0.2122235102070161,0.2016,openssl,openssl,['CWE-20'],['cpe:2.3:a:openssl:openssl:*:*:*:*:*:*:*:*'],1,5
CVE-2025-11973,Unauthenticated remote code execution in query optimizer in oracle mysql component.,2021-04-16T00:00:00+00:00,2021-04-24T00:00:00+00:00,3.1,CVSS:3.1/AV:N/AC:H/PR:N/UI:N/S:C/C:N/I:H/A:N,NETWORK,HIGH,NONE,NONE,CHANGED,NONE,HIGH,NONE,9.1,CRITICAL,1,0.07054131262309205,0.067,oracle,mysql,['CWE-79'],['cpe:2.3:a:oracle:mysql:*:*:*:*:*:*:*:*'],1,3
CVE-2024-11974,Privilege escalation via authenticated extension loading in postgresql postgresql component.,2023-09-13T00:00:00+00:00,2023-11-21T00:00:00+00:00,3.1,CVSS:3.1/AV:P/AC:L/PR:H/UI:N/S:U/C:L/I:H/A:N,PHYSICAL,LOW,HIGH,NONE,UNCHANGED,LOW,HIGH,NONE,5.7,MEDIUM,0,0.030080547412969377,0.0286,postgresql,postgresql,['CWE-787'],['cpe:2.3:a:postgresql:postgresql:*:*:*:*:*:*:*:*'],1,1
CVE-2025-11975,Buffer overflow in TLS handshake parser in openssl openssl component.,2024-10-07T00:00:00+00:00,2024-11-28T00:00:00+00:00,3.1,CVSS:3.1/AV:L/AC:H/PR:L/UI:N/S:C/C:L/I:N/A:L,LOCAL,HIGH,LOW,NONE,CHANGED,LOW,NONE,LOW,4.8,MEDIUM,0,0.0004453155347108739,0.0004,openssl,openssl,['CWE-20'],['cpe:2.3:a:openssl:openssl:*:*:*:*:*:*:*:*'],1,2
CVE-2025-11976,Remote code execution in Kerberos authentication service in microsoft windows_server component.,2024-09-06T00:00:00+00:00,2024-10-02T00:00:00+00:00,3.1,CVSS:3.1/AV:A/AC:L/PR:L/UI:R/S:U/C:H/I:H/A:N,ADJACENT_NETWORK,LOW,LOW,REQUIRED,UNCHANGED,HIGH,HIGH,NONE,7.8,HIGH,0,0.06887605481225177,0.0654,microsoft,windows_server,['CWE-20'],['cpe:2.3:a:microsoft:windows_server:*:*:*:*:*:*:*:*'],1,4
CVE-2021-11977,Buffer overflow in TLS handshake parser in openssl openssl component.,2022-01-14T00:00:00+00:00,2022-02-08T00:00:00+00:00,3.1,CVSS:3.1/AV:N/AC:L/PR:H/UI:R/S:C/C:H/I:H/A:L,NETWORK,LOW,HIGH,REQUIRED,CHANGED,HIGH,HIGH,LOW,8.8,HIGH,0,0.012386861518472878,0.0118,openssl,openssl,['CWE-20'],['cpe:2.3:a:openssl:openssl:*:*:*:*:*:*:*:*'],1,3
CVE-2022-11978,Command injection in management web interface in paloalto pan-os component.,2022-08-14T00:00:00+00:00,2022-08-27T00:00:00+00:00,3.1,CVSS:3.1/AV:N/AC:H/PR:N/UI:N/S:C/C:L/I:L/A:N,NETWORK,HIGH,NONE,NONE,CHANGED,LOW,LOW,NONE,8.1,HIGH,1,0.5592037241918975,0.5312,paloalto,pan-os,['CWE-79'],['cpe:2.3:a:paloalto:pan-os:*:*:*:*:*:*:*:*'],1,3
CVE-2026-11979,Unauthenticated remote code execution in query optimizer in oracle mysql component.,2024-04-20T00:00:00+00:00,2024-07-02T00:00:00+00:00,3.1,CVSS:3.1/AV:A/AC:L/PR:N/UI:R/S:C/C:N/I:N/A:H,ADJACENT_NETWORK,LOW,NONE,REQUIRED,CHANGED,NONE,NONE,HIGH,7.9,HIGH,0,0.16433335315784195,0.1561,oracle,mysql,['CWE-89'],['cpe:2.3:a:oracle:mysql:*:*:*:*:*:*:*:*'],1,2
CVE-2022-11980,Command injection in management web interface in paloalto pan-os component.,2022-07-24T00:00:00+00:00,2022-07-29T00:00:00+00:00,3.1,CVSS:3.1/AV:N/AC:H/PR:N/UI:N/S:U/C:H/I:N/A:N,NETWORK,HIGH,NONE,NONE,UNCHANGED,HIGH,NONE,NONE,8.7,HIGH,0,0.040054526664712424,0.0381,paloalto,pan-os,['CWE-89'],['cpe:2.3:a:paloalto:pan-os:*:*:*:*:*:*:*:*'],1,1
CVE-2026-11981,Denial of service via HTTP/2 frame flooding in apache http_server component.,2025-02-22T00:00:00+00:00,2025-05-12T00:00:00+00:00,3.1,CVSS:3.1/AV:N/AC:L/PR:N/UI:N/S:C/C:H/I:L/A:N,NETWORK,LOW,NONE,NONE,CHANGED,HIGH,LOW,NONE,10.0,CRITICAL,1,0.237910093512687,0.226,apache,http_server,['CWE-79'],['cpe:2.3:a:apache:http_server:*:*:*:*:*:*:*:*'],1,2
CVE-2026-11982,Privilege escalation via authenticated extension loading in postgresql postgresql component.,2021-12-23T00:00:00+00:00,2022-02-08T00:00:00+00:00,3.1,CVSS:3.1/AV:A/AC:H/PR:N/UI:N/S:U/C:N/I:H/A:H,ADJACENT_NETWORK,HIGH,NONE,NONE,UNCHANGED,NONE,HIGH,HIGH,8.9,HIGH,0,0.11003444515816259,0.1045,postgresql,postgresql,['CWE-200'],['cpe:2.3:a:postgresql:postgresql:*:*:*:*:*:*:*:*'],1,3
CVE-2026-11983,Remote code execution in Kerberos authentication service in microsoft windows_server component.,2022-08-04T00:00:00+00:00,2022-09-16T00:00:00+00:00,3.1,CVSS:3.1/AV:A/AC:L/PR:L/UI:N/S:C/C:L/I:L/A:H,ADJACENT_NETWORK,LOW,LOW,NONE,CHANGED,LOW,LOW,HIGH,7.7,HIGH,0,0.008484839091102352,0.0081,microsoft,windows_server,['CWE-787'],['cpe:2.3:a:microsoft:windows_server:*:*:*:*:*:*:*:*'],1,4
CVE-2022-11984,Buffer overflow in TLS handshake parser in openssl openssl component.,2022-06-25T00:00:00+00:00,2022-09-08T00:00:00+00:00,3.1,CVSS:3.1/AV:P/AC:H/PR:N/UI:R/S:U/C:H/I:N/A:H,PHYSICAL,HIGH,NONE,REQUIRED,UNCHANGED,HIGH,NONE,HIGH,6.0,MEDIUM,0,0.0001,0.0001,openssl,openssl,['CWE-269'],['cpe:2.3:a:openssl:openssl:*:*:*:*:*:*:*:*'],1,2
CVE-2024-11985,Remote code execution in Kerberos authentication service in microsoft windows_server component.,2024-07-27T00:00:00+00:00,2024-10-21T00:00:00+00:00,3.1,CVSS:3.1/AV:P/AC:L/PR:L/UI:R/S:U/C:H/I:L/A:N,PHYSICAL,LOW,LOW,REQUIRED,UNCHANGED,HIGH,LOW,NONE,4.8,MEDIUM,0,0.011610522273293834,0.011,microsoft,windows_server,['CWE-269'],['cpe:2.3:a:microsoft:windows_server:*:*:*:*:*:*:*:*'],1,4
CVE-2023-11986,Denial of service via HTTP/2 frame flooding in apache http_server component.,2024-11-10T00:00:00+00:00,2024-12-03T00:00:00+00:00,3.1,CVSS:3.1/AV:P/AC:H/PR:L/UI:R/S:U/C:L/I:L/A:L,PHYSICAL,HIGH,LOW,REQUIRED,UNCHANGED,LOW,LOW,LOW,3.2,LOW,0,0.09153375530740604,0.087,apache,http_server,['CWE-89'],['cpe:2.3:a:apache:http_server:*:*:*:*:*:*:*:*'],1,3
CVE-2026-11987,Privilege escalation via authenticated extension loading in postgresql postgresql component.,2023-11-13T00:00:00+00:00,2023-11-21T00:00:00+00:00,3.1,CVSS:3.1/AV:P/AC:H/PR:L/UI:N/S:C/C:L/I:L/A:N,PHYSICAL,HIGH,LOW,NONE,CHANGED,LOW,LOW,NONE,4.4,MEDIUM,0,0.1299462239194966,0.1234,postgresql,postgresql,['CWE-119'],['cpe:2.3:a:postgresql:postgresql:*:*:*:*:*:*:*:*'],1,4
CVE-2026-11988,Out-of-bounds memory access in V8 JavaScript engine in google chrome component.,2023-01-30T00:00:00+00:00,2023-02-20T00:00:00+00:00,3.1,CVSS:3.1/AV:L/AC:H/PR:L/UI:R/S:C/C:H/I:L/A:H,LOCAL,HIGH,LOW,REQUIRED,CHANGED,HIGH,LOW,HIGH,6.1,MEDIUM,0,0.16001480634753987,0.152,google,chrome,['CWE-119'],['cpe:2.3:a:google:chrome:*:*:*:*:*:*:*:*'],1,3
CVE-2025-11989,Privilege escalation via authenticated extension loading in postgresql postgresql component.,2024-04-03T00:00:00+00:00,2024-07-02T00:00:00+00:00,3.1,CVSS:3.1/AV:P/AC:L/PR:H/UI:R/S:U/C:N/I:L/A:N,PHYSICAL,LOW,HIGH,REQUIRED,UNCHANGED,NONE,LOW,NONE,3.9,LOW,0,0.013421396900994479,0.0128,postgresql,postgresql,['CWE-416'],['cpe:2.3:a:postgresql:postgresql:*:*:*:*:*:*:*:*'],1,4
CVE-2022-11990,Out-of-bounds memory access in V8 JavaScript engine in google chrome component.,2022-09-02T00:00:00+00:00,2022-09-16T00:00:00+00:00,3.1,CVSS:3.1/AV:L/AC:H/PR:N/UI:N/S:C/C:H/I:H/A:L,LOCAL,HIGH,NONE,NONE,CHANGED,HIGH,HIGH,LOW,8.0,HIGH,0,0.009616842553643623,0.0091,google,chrome,['CWE-119'],['cpe:2.3:a:google:chrome:*:*:*:*:*:*:*:*'],1,5
CVE-2023-11991,Privilege escalation via authenticated extension loading in postgresql postgresql component.,2022-07-10T00:00:00+00:00,2022-08-07T00:00:00+00:00,3.1,CVSS:3.1/AV:L/AC:H/PR:H/UI:R/S:C/C:N/I:H/A:H,LOCAL,HIGH,HIGH,REQUIRED,CHANGED,NONE,HIGH,HIGH,6.2,MEDIUM,0,0.1003029909362171,0.0953,postgresql,postgresql,['CWE-20'],['cpe:2.3:a:postgresql:postgresql:*:*:*:*:*:*:*:*'],1,4
CVE-2024-11992,Denial of service via HTTP/2 frame flooding in apache http_server component.,2025-02-05T00:00:00+00:00,2025-04-15T00:00:00+00:00,3.1,CVSS:3.1/AV:A/AC:H/PR:H/UI:R/S:U/C:H/I:H/A:H,ADJACENT_NETWORK,HIGH,HIGH,REQUIRED,UNCHANGED,HIGH,HIGH,HIGH,7.5,HIGH,0,0.31100252104690224,0.2955,apache,http_server,['CWE-79'],['cpe:2.3:a:apache:http_server:*:*:*:*:*:*:*:*'],1,4
CVE-2023-11993,Denial of service via HTTP/2 frame flooding in apache http_server component.,2025-10-29T00:00:00+00:00,2025-11-27T00:00:00+00:00,3.1,CVSS:3.1/AV:N/AC:L/PR:L/UI:N/S:C/C:N/I:N/A:N,NETWORK,LOW,LOW,NONE,CHANGED,NONE,NONE,NONE,7.6,HIGH,0,0.0001907350885188287,0.0002,apache,http_server,['CWE-20'],['cpe:2.3:a:apache:http_server:*:*:*:*:*:*:*:*'],1,4
CVE-2024-11994,Privilege escalation via authenticated extension loading in postgresql postgresql component.,2021-09-25T00:00:00+00:00,2021-11-13T00:00:00+00:00,3.1,CVSS:3.1/AV:N/AC:H/PR:H/UI:N/S:U/C:N/I:L/A:H,NETWORK,HIGH,HIGH,NONE,UNCHANGED,NONE,LOW,HIGH,6.8,MEDIUM,0,0.0007631365820095662,0.0007,postgresql,postgresql,['CWE-416'],['cpe:2.3:a:postgresql:postgresql:*:*:*:*:*:*:*:*'],1,4
CVE-2026-11995,Remote code execution via unsafe deserialization in spring spring_framework component.,2021-02-09T00:00:00+00:00,2021-04-22T00:00:00+00:00,3.1,CVSS:3.1/AV:A/AC:H/PR:H/UI:R/S:U/C:N/I:N/A:N,ADJACENT_NETWORK,HIGH,HIGH,REQUIRED,UNCHANGED,NONE,NONE,NONE,3.9,LOW,0,0.03951140026054741,0.0375,spring,spring_framework,['CWE-200'],['cpe:2.3:a:spring:spring_framework:*:*:*:*:*:*:*:*'],1,4
CVE-2025-11996,Privilege escalation via authenticated extension loading in postgresql postgresql component.,2025-04-23T00:00:00+00:00,2025-06-01T00:00:00+00:00,3.1,CVSS:3.1/AV:P/AC:H/PR:N/UI:R/S:C/C:N/I:H/A:H,PHYSICAL,HIGH,NONE,REQUIRED,CHANGED,NONE,HIGH,HIGH,6.9,MEDIUM,0,0.018382837830203436,0.0175,postgresql,postgresql,['CWE-89'],['cpe:2.3:a:postgresql:postgresql:*:*:*:*:*:*:*:*'],1,4
CVE-2023-11997,Use-after-free vulnerability in eBPF subsystem in linux linux_kernel component.,2025-03-18T00:00:00+00:00,2025-05-09T00:00:00+00:00,3.1,CVSS:3.1/AV:A/AC:L/PR:H/UI:N/S:C/C:N/I:H/A:H,ADJACENT_NETWORK,LOW,HIGH,NONE,CHANGED,NONE,HIGH,HIGH,8.7,HIGH,0,0.013506045154633453,0.0128,linux,linux_kernel,['CWE-200'],['cpe:2.3:a:linux:linux_kernel:*:*:*:*:*:*:*:*'],1,1
CVE-2024-11998,Privilege escalation via authenticated extension loading in postgresql postgresql component.,2025-08-08T00:00:00+00:00,2025-10-21T00:00:00+00:00,3.1,CVSS:3.1/AV:L/AC:L/PR:H/UI:N/S:U/C:H/I:L/A:H,LOCAL,LOW,HIGH,NONE,UNCHANGED,HIGH,LOW,HIGH,8.1,HIGH,0,0.01919971962686927,0.0182,postgresql,postgresql,['CWE-416'],['cpe:2.3:a:postgresql:postgresql:*:*:*:*:*:*:*:*'],1,3
CVE-2024-11999,Out-of-bounds memory access in V8 JavaScript engine in google chrome component.,2021-07-01T00:00:00+00:00,2021-09-19T00:00:00+00:00,3.1,CVSS:3.1/AV:P/AC:H/PR:H/UI:N/S:C/C:H/I:H/A:N,PHYSICAL,HIGH,HIGH,NONE,CHANGED,HIGH,HIGH,NONE,6.2,MEDIUM,0,0.1786118008300109,0.1697,google,chrome,['CWE-119'],['cpe:2.3:a:google:chrome:*:*:*:*:*:*:*:*'],1,3
CVE-2025-12000,Privilege escalation via authenticated extension loading in postgresql postgresql component.,2021-08-16T00:00:00+00:00,2021-08-21T00:00:00+00:00,3.1,CVSS:3.1/AV:N/AC:H/PR:N/UI:N/S:C/C:H/I:N/A:N,NETWORK,HIGH,NONE,NONE,CHANGED,HIGH,NONE,NONE,9.1,CRITICAL,0,0.531672603035838,0.5051,postgresql,postgresql,['CWE-119'],['cpe:2.3:a:postgresql:postgresql:*:*:*:*:*:*:*:*'],1,5
CVE-2023-12001,Out-of-bounds memory access in V8 JavaScript engine in google chrome component.,2025-02-06T00:00:00+00:00,2025-04-22T00:00:00+00:00,3.1,CVSS:3.1/AV:N/AC:L/PR:N/UI:N/S:U/C:L/I:L/A:N,NETWORK,LOW,NONE,NONE,UNCHANGED,LOW,LOW,NONE,8.7,HIGH,0,0.5414163709336858,0.5143,google,chrome,['CWE-416'],['cpe:2.3:a:google:chrome:*:*:*:*:*:*:*:*'],1,4
CVE-2026-12002,Privilege escalation via authenticated extension loading in postgresql postgresql component.,2022-07-15T00:00:00+00:00,2022-09-22T00:00:00+00:00,3.1,CVSS:3.1/AV:N/AC:H/PR:N/UI:R/S:U/C:H/I:N/A:N,NETWORK,HIGH,NONE,REQUIRED,UNCHANGED,HIGH,NONE,NONE,8.1,HIGH,0,0.07105898267020609,0.0675,postgresql,postgresql,['CWE-787'],['cpe:2.3:a:postgresql:postgresql:*:*:*:*:*:*:*:*'],1,5
CVE-2021-12003,Privilege escalation via authenticated extension loading in postgresql postgresql component.,2021-06-01T00:00:00+00:00,2021-07-04T00:00:00+00:00,3.1,CVSS:3.1/AV:N/AC:L/PR:L/UI:N/S:C/C:H/I:H/A:H,NETWORK,LOW,LOW,NONE,CHANGED,HIGH,HIGH,HIGH,10.0,CRITICAL,0,0.5204917354350788,0.4945,postgresql,postgresql,['CWE-79'],['cpe:2.3:a:postgresql:postgresql:*:*:*:*:*:*:*:*'],1,1
CVE-2023-12004,Buffer overflow in TLS handshake parser in openssl openssl component.,2024-09-05T00:00:00+00:00,2024-09-26T00:00:00+00:00,3.1,CVSS:3.1/AV:N/AC:L/PR:H/UI:R/S:C/C:N/I:L/A:H,NETWORK,LOW,HIGH,REQUIRED,CHANGED,NONE,LOW,HIGH,7.9,HIGH,0,0.06841252398208131,0.065,openssl,openssl,['CWE-20'],['cpe:2.3:a:openssl:openssl:*:*:*:*:*:*:*:*'],1,1
CVE-2025-12005,Out-of-bounds memory access in V8 JavaScript engine in google chrome component.,2021-03-23T00:00:00+00:00,2021-04-24T00:00:00+00:00,3.1,CVSS:3.1/AV:L/AC:L/PR:N/UI:N/S:C/C:H/I:H/A:L,LOCAL,LOW,NONE,NONE,CHANGED,HIGH,HIGH,LOW,9.1,CRITICAL,0,0.12526657931883262,0.119,google,chrome,['CWE-200'],['cpe:2.3:a:google:chrome:*:*:*:*:*:*:*:*'],1,5
CVE-2022-12006,Use-after-free vulnerability in eBPF subsystem in linux linux_kernel component.,2021-05-03T00:00:00+00:00,2021-05-30T00:00:00+00:00,3.1,CVSS:3.1/AV:L/AC:L/PR:N/UI:R/S:U/C:H/I:L/A:H,LOCAL,LOW,NONE,REQUIRED,UNCHANGED,HIGH,LOW,HIGH,8.2,HIGH,0,0.2947983214435976,0.2801,linux,linux_kernel,['CWE-79'],['cpe:2.3:a:linux:linux_kernel:*:*:*:*:*:*:*:*'],1,4
CVE-2021-12007,Out-of-bounds memory access in V8 JavaScript engine in google chrome component.,2022-02-25T00:00:00+00:00,2022-05-06T00:00:00+00:00,3.1,CVSS:3.1/AV:P/AC:L/PR:N/UI:R/S:C/C:N/I:H/A:N,PHYSICAL,LOW,NONE,REQUIRED,CHANGED,NONE,HIGH,NONE,6.6,MEDIUM,0,0.5871734239881247,0.5578,google,chrome,['CWE-787'],['cpe:2.3:a:google:chrome:*:*:*:*:*:*:*:*'],1,1
CVE-2022-12008,Privilege escalation via authenticated extension loading in postgresql postgresql component.,2025-05-22T00:00:00+00:00,2025-06-04T00:00:00+00:00,3.1,CVSS:3.1/AV:L/AC:L/PR:N/UI:R/S:C/C:H/I:N/A:N,LOCAL,LOW,NONE,REQUIRED,CHANGED,HIGH,NONE,NONE,7.5,HIGH,0,0.0042539494387809455,0.004,postgresql,postgresql,['CWE-79'],['cpe:2.3:a:postgresql:postgresql:*:*:*:*:*:*:*:*'],1,3
CVE-2021-12009,Denial of service via HTTP/2 frame flooding in apache http_server component.,2021-09-29T00:00:00+00:00,2021-12-07T00:00:00+00:00,3.1,CVSS:3.1/AV:P/AC:H/PR:L/UI:N/S:C/C:H/I:N/A:H,PHYSICAL,HIGH,LOW,NONE,CHANGED,HIGH,NONE,HIGH,6.4,MEDIUM,0,0.06950492055300753,0.066,apache,http_server,['CWE-119'],['cpe:2.3:a:apache:http_server:*:*:*:*:*:*:*:*'],1,4
CVE-2025-12010,Integer overflow in HTTP request header processing in nginx nginx component.,2023-01-25T00:00:00+00:00,2023-03-29T00:00:00+00:00,3.1,CVSS:3.1/AV:P/AC:H/PR:L/UI:N/S:U/C:N/I:H/A:N,PHYSICAL,HIGH,LOW,NONE,UNCHANGED,NONE,HIGH,NONE,4.6,MEDIUM,0,0.004544621705771986,0.0043,nginx,nginx,['CWE-20'],['cpe:2.3:a:nginx:nginx:*:*:*:*:*:*:*:*'],1,4
CVE-2025-12011,Use-after-free vulnerability in eBPF subsystem in linux linux_kernel component.,2021-08-16T00:00:00+00:00,2021-11-09T00:00:00+00:00,3.1,CVSS:3.1/AV:P/AC:L/PR:H/UI:R/S:U/C:N/I:H/A:N,PHYSICAL,LOW,HIGH,REQUIRED,UNCHANGED,NONE,HIGH,NONE,4.7,MEDIUM,0,0.01419718522317613,0.0135,linux,linux_kernel,['CWE-79'],['cpe:2.3:a:linux:linux_kernel:*:*:*:*:*:*:*:*'],1,3
CVE-2021-12012,Use-after-free vulnerability in eBPF subsystem in linux linux_kernel component.,2021-06-05T00:00:00+00:00,2021-07-06T00:00:00+00:00,3.1,CVSS:3.1/AV:N/AC:H/PR:N/UI:R/S:U/C:L/I:H/A:H,NETWORK,HIGH,NONE,REQUIRED,UNCHANGED,LOW,HIGH,HIGH,9.5,CRITICAL,0,0.26515310377762424,0.2519,linux,linux_kernel,['CWE-89'],['cpe:2.3:a:linux:linux_kernel:*:*:*:*:*:*:*:*'],1,4
CVE-2024-12013,Denial of service via HTTP/2 frame flooding in apache http_server component.,2024-01-28T00:00:00+00:00,2024-03-01T00:00:00+00:00,3.1,CVSS:3.1/AV:L/AC:H/PR:N/UI:R/S:U/C:H/I:L/A:H,LOCAL,HIGH,NONE,REQUIRED,UNCHANGED,HIGH,LOW,HIGH,6.8,MEDIUM,0,0.0019532535292796577,0.0019,apache,http_server,['CWE-200'],['cpe:2.3:a:apache:http_server:*:*:*:*:*:*:*:*'],1,1
CVE-2022-12014,Buffer overflow in TLS handshake parser in openssl openssl component.,2024-07-20T00:00:00+00:00,2024-09-05T00:00:00+00:00,3.1,CVSS:3.1/AV:L/AC:H/PR:H/UI:N/S:C/C:H/I:H/A:H,LOCAL,HIGH,HIGH,NONE,CHANGED,HIGH,HIGH,HIGH,8.0,HIGH,0,0.11082304358624817,0.1053,openssl,openssl,['CWE-200'],['cpe:2.3:a:openssl:openssl:*:*:*:*:*:*:*:*'],1,5
CVE-2023-12015,Remote code execution via unsafe deserialization in spring spring_framework component.,2023-05-23T00:00:00+00:00,2023-07-12T00:00:00+00:00,3.1,CVSS:3.1/AV:L/AC:L/PR:N/UI:N/S:C/C:N/I:H/A:H,LOCAL,LOW,NONE,NONE,CHANGED,NONE,HIGH,HIGH,9.7,CRITICAL,0,0.012223162149907442,0.0116,spring,spring_framework,['CWE-269'],['cpe:2.3:a:spring:spring_framework:*:*:*:*:*:*:*:*'],1,4
CVE-2023-12016,Integer overflow in HTTP request header processing in nginx nginx component.,2024-09-20T00:00:00+00:00,2024-11-11T00:00:00+00:00,3.1,CVSS:3.1/AV:A/AC:H/PR:L/UI:R/S:U/C:N/I:L/A:H,ADJACENT_NETWORK,HIGH,LOW,REQUIRED,UNCHANGED,NONE,LOW,HIGH,5.4,MEDIUM,0,0.0001,0.0001,nginx,nginx,['CWE-79'],['cpe:2.3:a:nginx:nginx:*:*:*:*:*:*:*:*'],1,4
CVE-2024-12017,Command injection in management web interface in paloalto pan-os component.,2023-04-08T00:00:00+00:00,2023-04-26T00:00:00+00:00,3.1,CVSS:3.1/AV:L/AC:H/PR:L/UI:N/S:C/C:L/I:N/A:L,LOCAL,HIGH,LOW,NONE,CHANGED,LOW,NONE,LOW,5.1,MEDIUM,0,0.3121534236971118,0.2965,paloalto,pan-os,['CWE-20'],['cpe:2.3:a:paloalto:pan-os:*:*:*:*:*:*:*:*'],1,1
CVE-2023-12018,Denial of service via HTTP/2 frame flooding in apache http_server component.,2025-10-26T00:00:00+00:00,2026-01-18T00:00:00+00:00,3.1,CVSS:3.1/AV:L/AC:L/PR:N/UI:N/S:C/C:H/I:H/A:L,LOCAL,LOW,NONE,NONE,CHANGED,HIGH,HIGH,LOW,9.4,CRITICAL,0,0.0864285439656604,0.0821,apache,http_server,['CWE-89'],['cpe:2.3:a:apache:http_server:*:*:*:*:*:*:*:*'],1,3
CVE-2026-12019,Buffer overflow in TLS handshake parser in openssl openssl component.,2023-11-15T00:00:00+00:00,2024-01-11T00:00:00+00:00,3.1,CVSS:3.1/AV:N/AC:L/PR:N/UI:R/S:C/C:H/I:H/A:N,NETWORK,LOW,NONE,REQUIRED,CHANGED,HIGH,HIGH,NONE,10.0,CRITICAL,0,0.06334983277275462,0.0602,openssl,openssl,['CWE-79'],['cpe:2.3:a:openssl:openssl:*:*:*:*:*:*:*:*'],1,4
CVE-2025-12020,Command injection in management web interface in paloalto pan-os component.,2021-10-16T00:00:00+00:00,2021-10-17T00:00:00+00:00,3.1,CVSS:3.1/AV:P/AC:H/PR:N/UI:N/S:U/C:N/I:L/A:H,PHYSICAL,HIGH,NONE,NONE,UNCHANGED,NONE,LOW,HIGH,5.7,MEDIUM,0,0.0006666257713598248,0.0006,paloalto,pan-os,['CWE-89'],['cpe:2.3:a:paloalto:pan-os:*:*:*:*:*:*:*:*'],1,2
CVE-2022-12021,Privilege escalation via authenticated extension loading in postgresql postgresql component.,2024-02-05T00:00:00+00:00,2024-02-24T00:00:00+00:00,3.1,CVSS:3.1/AV:A/AC:L/PR:H/UI:N/S:C/C:N/I:H/A:L,ADJACENT_NETWORK,LOW,HIGH,NONE,CHANGED,NONE,HIGH,LOW,7.7,HIGH,0,0.0028719443337704063,0.0027,postgresql,postgresql,['CWE-787'],['cpe:2.3:a:postgresql:postgresql:*:*:*:*:*:*:*:*'],1,3
CVE-2025-12022,Command injection in management web interface in paloalto pan-os component.,2022-01-30T00:00:00+00:00,2022-03-17T00:00:00+00:00,3.1,CVSS:3.1/AV:L/AC:L/PR:N/UI:R/S:U/C:N/I:H/A:H,LOCAL,LOW,NONE,REQUIRED,UNCHANGED,NONE,HIGH,HIGH,8.3,HIGH,0,0.04452307898608838,0.0423,paloalto,pan-os,['CWE-200'],['cpe:2.3:a:paloalto:pan-os:*:*:*:*:*:*:*:*'],1,4
CVE-2021-12023,Out-of-bounds memory access in V8 JavaScript engine in google chrome component.,2022-04-13T00:00:00+00:00,2022-05-31T00:00:00+00:00,3.1,CVSS:3.1/AV:N/AC:L/PR:N/UI:R/S:U/C:L/I:N/A:L,NETWORK,LOW,NONE,REQUIRED,UNCHANGED,LOW,NONE,LOW,8.1,HIGH,0,0.22593315060483266,0.2146,google,chrome,['CWE-787'],['cpe:2.3:a:google:chrome:*:*:*:*:*:*:*:*'],1,2
CVE-2026-12024,Command injection in management web interface in paloalto pan-os component.,2023-12-23T00:00:00+00:00,2024-03-08T00:00:00+00:00,3.1,CVSS:3.1/AV:A/AC:L/PR:L/UI:R/S:U/C:H/I:H/A:H,ADJACENT_NETWORK,LOW,LOW,REQUIRED,UNCHANGED,HIGH,HIGH,HIGH,8.2,HIGH,0,0.0001,0.0001,paloalto,pan-os,['CWE-269'],['cpe:2.3:a:paloalto:pan-os:*:*:*:*:*:*:*:*'],1,4
CVE-2021-12025,Remote code execution via unsafe deserialization in spring spring_framework component.,2024-05-11T00:00:00+00:00,2024-07-10T00:00:00+00:00,3.1,CVSS:3.1/AV:A/AC:L/PR:N/UI:N/S:U/C:N/I:L/A:N,ADJACENT_NETWORK,LOW,NONE,NONE,UNCHANGED,NONE,LOW,NONE,7.1,HIGH,0,0.012266033249514117,0.0117,spring,spring_framework,['CWE-200'],['cpe:2.3:a:spring:spring_framework:*:*:*:*:*:*:*:*'],1,3
CVE-2023-12026,Privilege escalation via authenticated extension loading in postgresql postgresql component.,2021-06-08T00:00:00+00:00,2021-08-26T00:00:00+00:00,3.1,CVSS:3.1/AV:L/AC:L/PR:H/UI:N/S:C/C:L/I:L/A:H,LOCAL,LOW,HIGH,NONE,CHANGED,LOW,LOW,HIGH,6.8,MEDIUM,0,0.023726890126208003,0.0225,postgresql,postgresql,['CWE-416'],['cpe:2.3:a:postgresql:postgresql:*:*:*:*:*:*:*:*'],1,4
CVE-2026-12027,Use-after-free vulnerability in eBPF subsystem in linux linux_kernel component.,2024-07-11T00:00:00+00:00,2024-07-28T00:00:00+00:00,3.1,CVSS:3.1/AV:N/AC:L/PR:N/UI:N/S:U/C:L/I:N/A:L,NETWORK,LOW,NONE,NONE,UNCHANGED,LOW,NONE,LOW,8.3,HIGH,0,0.0012206629755928335,0.0012,linux,linux_kernel,['CWE-20'],['cpe:2.3:a:linux:linux_kernel:*:*:*:*:*:*:*:*'],1,2
CVE-2025-12028,Integer overflow in HTTP request header processing in nginx nginx component.,2024-04-13T00:00:00+00:00,2024-04-28T00:00:00+00:00,3.1,CVSS:3.1/AV:A/AC:L/PR:N/UI:R/S:C/C:N/I:H/A:L,ADJACENT_NETWORK,LOW,NONE,REQUIRED,CHANGED,NONE,HIGH,LOW,8.1,HIGH,0,0.03998679305378641,0.038,nginx,nginx,['CWE-20'],['cpe:2.3:a:nginx:nginx:*:*:*:*:*:*:*:*'],1,3
CVE-2025-12029,Unauthenticated remote code execution in query optimizer in oracle mysql component.,2022-10-24T00:00:00+00:00,2022-12-08T00:00:00+00:00,3.1,CVSS:3.1/AV:P/AC:H/PR:H/UI:R/S:U/C:H/I:L/A:N,PHYSICAL,HIGH,HIGH,REQUIRED,UNCHANGED,HIGH,LOW,NONE,3.8,LOW,0,0.19525553766470116,0.1855,oracle,mysql,['CWE-20'],['cpe:2.3:a:oracle:mysql:*:*:*:*:*:*:*:*'],1,4
CVE-2024-12030,Out-of-bounds memory access in V8 JavaScript engine in google chrome component.,2024-03-06T00:00:00+00:00,2024-05-27T00:00:00+00:00,3.1,CVSS:3.1/AV:N/AC:H/PR:L/UI:N/S:C/C:N/I:L/A:N,NETWORK,HIGH,LOW,NONE,CHANGED,NONE,LOW,NONE,6.7,MEDIUM,0,0.018233106172595666,0.0173,google,chrome,['CWE-20'],['cpe:2.3:a:google:chrome:*:*:*:*:*:*:*:*'],1,4
CVE-2024-12031,Unauthenticated remote code execution in query optimizer in oracle mysql component.,2023-07-31T00:00:00+00:00,2023-08-31T00:00:00+00:00,3.1,CVSS:3.1/AV:A/AC:H/PR:L/UI:R/S:C/C:N/I:N/A:L,ADJACENT_NETWORK,HIGH,LOW,REQUIRED,CHANGED,NONE,NONE,LOW,4.8,MEDIUM,0,0.2138211186888197,0.2031,oracle,mysql,['CWE-269'],['cpe:2.3:a:oracle:mysql:*:*:*:*:*:*:*:*'],1,2
CVE-2024-12032,Integer overflow in HTTP request header processing in nginx nginx component.,2021-07-10T00:00:00+00:00,2021-08-08T00:00:00+00:00,3.1,CVSS:3.1/AV:P/AC:L/PR:L/UI:N/S:U/C:L/I:N/A:H,PHYSICAL,LOW,LOW,NONE,UNCHANGED,LOW,NONE,HIGH,5.8,MEDIUM,0,0.10547327022532711,0.1002,nginx,nginx,['CWE-20'],['cpe:2.3:a:nginx:nginx:*:*:*:*:*:*:*:*'],1,5
CVE-2022-12033,Use-after-free vulnerability in eBPF subsystem in linux linux_kernel component.,2023-09-08T00:00:00+00:00,2023-10-30T00:00:00+00:00,3.1,CVSS:3.1/AV:A/AC:H/PR:L/UI:R/S:C/C:L/I:L/A:N,ADJACENT_NETWORK,HIGH,LOW,REQUIRED,CHANGED,LOW,LOW,NONE,5.1,MEDIUM,0,0.22187138372528634,0.2108,linux,linux_kernel,['CWE-269'],['cpe:2.3:a:linux:linux_kernel:*:*:*:*:*:*:*:*'],1,1
CVE-2023-12034,Remote code execution via unsafe deserialization in spring spring_framework component.,2024-10-15T00:00:00+00:00,2024-11-08T00:00:00+00:00,3.1,CVSS:3.1/AV:A/AC:L/PR:L/UI:N/S:U/C:L/I:H/A:N,ADJACENT_NETWORK,LOW,LOW,NONE,UNCHANGED,LOW,HIGH,NONE,7.2,HIGH,0,0.1327016766954189,0.1261,spring,spring_framework,['CWE-20'],['cpe:2.3:a:spring:spring_framework:*:*:*:*:*:*:*:*'],1,3
CVE-2024-12035,Denial of service via HTTP/2 frame flooding in apache http_server component.,2024-12-23T00:00:00+00:00,2025-01-09T00:00:00+00:00,3.1,CVSS:3.1/AV:L/AC:L/PR:H/UI:R/S:C/C:N/I:L/A:H,LOCAL,LOW,HIGH,REQUIRED,CHANGED,NONE,LOW,HIGH,6.0,MEDIUM,0,0.18580214111732338,0.1765,apache,http_server,['CWE-79'],['cpe:2.3:a:apache:http_server:*:*:*:*:*:*:*:*'],1,3
CVE-2023-12036,Remote code execution via unsafe deserialization in spring spring_framework component.,2022-10-08T00:00:00+00:00,2022-12-06T00:00:00+00:00,3.1,CVSS:3.1/AV:L/AC:L/PR:L/UI:N/S:C/C:H/I:L/A:N,LOCAL,LOW,LOW,NONE,CHANGED,HIGH,LOW,NONE,7.2,HIGH,0,0.00022507145788055316,0.0002,spring,spring_framework,['CWE-89'],['cpe:2.3:a:spring:spring_framework:*:*:*:*:*:*:*:*'],1,3
CVE-2023-12037,Command injection in management web interface in paloalto pan-os component.,2023-07-16T00:00:00+00:00,2023-07-24T00:00:00+00:00,3.1,CVSS:3.1/AV:A/AC:L/PR:N/UI:N/S:C/C:H/I:H/A:L,ADJACENT_NETWORK,LOW,NONE,NONE,CHANGED,HIGH,HIGH,LOW,9.7,CRITICAL,0,0.20842832187181987,0.198,paloalto,pan-os,['CWE-269'],['cpe:2.3:a:paloalto:pan-os:*:*:*:*:*:*:*:*'],1,2
CVE-2021-12038,Privilege escalation via authenticated extension loading in postgresql postgresql component.,2022-10-22T00:00:00+00:00,2023-01-12T00:00:00+00:00,3.1,CVSS:3.1/AV:A/AC:H/PR:N/UI:N/S:C/C:N/I:N/A:H,ADJACENT_NETWORK,HIGH,NONE,NONE,CHANGED,NONE,NONE,HIGH,8.4,HIGH,0,0.26238943740055176,0.2493,postgresql,postgresql,['CWE-416'],['cpe:2.3:a:postgresql:postgresql:*:*:*:*:*:*:*:*'],1,4
CVE-2026-12039,Command injection in management web interface in paloalto pan-os component.,2024-06-18T00:00:00+00:00,2024-09-03T00:00:00+00:00,3.1,CVSS:3.1/AV:N/AC:H/PR:N/UI:N/S:C/C:L/I:N/A:H,NETWORK,HIGH,NONE,NONE,CHANGED,LOW,NONE,HIGH,8.9,HIGH,1,0.5568390103273116,0.529,paloalto,pan-os,['CWE-89'],['cpe:2.3:a:paloalto:pan-os:*:*:*:*:*:*:*:*'],1,1
CVE-2021-12040,Use-after-free vulnerability in eBPF subsystem in linux linux_kernel component.,2023-04-15T00:00:00+00:00,2023-06-14T00:00:00+00:00,3.1,CVSS:3.1/AV:A/AC:L/PR:L/UI:N/S:U/C:L/I:L/A:H,ADJACENT_NETWORK,LOW,LOW,NONE,UNCHANGED,LOW,LOW,HIGH,7.0,HIGH,0,0.10005327544785247,0.0951,linux,linux_kernel,['CWE-119'],['cpe:2.3:a:linux:linux_kernel:*:*:*:*:*:*:*:*'],1,4
CVE-2024-12041,Buffer overflow in TLS handshake parser in openssl openssl component.,2022-03-30T00:00:00+00:00,2022-04-16T00:00:00+00:00,3.1,CVSS:3.1/AV:L/AC:L/PR:N/UI:N/S:U/C:H/I:N/A:H,LOCAL,LOW,NONE,NONE,UNCHANGED,HIGH,NONE,HIGH,8.8,HIGH,0,0.0013710921451845764,0.0013,openssl,openssl,['CWE-20'],['cpe:2.3:a:openssl:openssl:*:*:*:*:*:*:*:*'],1,3
CVE-2023-12042,Remote code execution via unsafe deserialization in spring spring_framework component.,2021-01-16T00:00:00+00:00,2021-02-09T00:00:00+00:00,3.1,CVSS:3.1/AV:A/AC:L/PR:L/UI:N/S:U/C:N/I:H/A:N,ADJACENT_NETWORK,LOW,LOW,NONE,UNCHANGED,NONE,HIGH,NONE,7.4,HIGH,0,0.2988505614804001,0.2839,spring,spring_framework,['CWE-119'],['cpe:2.3:a:spring:spring_framework:*:*:*:*:*:*:*:*'],1,2
CVE-2025-12043,Unauthenticated remote code execution in query optimizer in oracle mysql component.,2022-04-08T00:00:00+00:00,2022-06-10T00:00:00+00:00,3.1,CVSS:3.1/AV:P/AC:L/PR:H/UI:N/S:U/C:N/I:H/A:N,PHYSICAL,LOW,HIGH,NONE,UNCHANGED,NONE,HIGH,NONE,5.6,MEDIUM,0,0.16444439261840807,0.1562,oracle,mysql,['CWE-89'],['cpe:2.3:a:oracle:mysql:*:*:*:*:*:*:*:*'],1,5
CVE-2024-12044,Unauthenticated remote code execution in query optimizer in oracle mysql component.,2021-07-23T00:00:00+00:00,2021-09-10T00:00:00+00:00,3.1,CVSS:3.1/AV:A/AC:L/PR:L/UI:R/S:C/C:H/I:L/A:N,ADJACENT_NETWORK,LOW,LOW,REQUIRED,CHANGED,HIGH,LOW,NONE,7.0,HIGH,0,0.06520433710539081,0.0619,oracle,mysql,['CWE-269'],['cpe:2.3:a:oracle:mysql:*:*:*:*:*:*:*:*'],1,3
CVE-2023-12045,Out-of-bounds memory access in V8 JavaScript engine in google chrome component.,2021-01-06T00:00:00+00:00,2021-03-05T00:00:00+00:00,3.1,CVSS:3.1/AV:A/AC:L/PR:N/UI:R/S:C/C:H/I:N/A:N,ADJACENT_NETWORK,LOW,NONE,REQUIRED,CHANGED,HIGH,NONE,NONE,8.3,HIGH,0,0.001514471698313208,0.0014,google,chrome,['CWE-119'],['cpe:2.3:a:google:chrome:*:*:*:*:*:*:*:*'],1,1
CVE-2026-12046,Remote code execution in Kerberos authentication service in microsoft windows_server component.,2024-07-09T00:00:00+00:00,2024-09-07T00:00:00+00:00,3.1,CVSS:3.1/AV:P/AC:L/PR:L/UI:R/S:C/C:L/I:L/A:H,PHYSICAL,LOW,LOW,REQUIRED,CHANGED,LOW,LOW,HIGH,5.4,MEDIUM,0,0.0001,0.0001,microsoft,windows_server,['CWE-200'],['cpe:2.3:a:microsoft:windows_server:*:*:*:*:*:*:*:*'],1,2
CVE-2021-12047,Integer overflow in HTTP request header processing in nginx nginx component.,2025-05-22T00:00:00+00:00,2025-06-07T00:00:00+00:00,3.1,CVSS:3.1/AV:L/AC:H/PR:N/UI:N/S:U/C:H/I:L/A:L,LOCAL,HIGH,NONE,NONE,UNCHANGED,HIGH,LOW,LOW,6.5,MEDIUM,0,0.0023696966323358114,0.0023,nginx,nginx,['CWE-416'],['cpe:2.3:a:nginx:nginx:*:*:*:*:*:*:*:*'],1,4
CVE-2023-12048,Remote code execution in Kerberos authentication service in microsoft windows_server component.,2021-04-30T00:00:00+00:00,2021-06-14T00:00:00+00:00,3.1,CVSS:3.1/AV:A/AC:H/PR:H/UI:R/S:U/C:N/I:N/A:H,ADJACENT_NETWORK,HIGH,HIGH,REQUIRED,UNCHANGED,NONE,NONE,HIGH,5.4,MEDIUM,0,0.004526573336241901,0.0043,microsoft,windows_server,['CWE-89'],['cpe:2.3:a:microsoft:windows_server:*:*:*:*:*:*:*:*'],1,5
CVE-2026-12049,Denial of service via HTTP/2 frame flooding in apache http_server component.,2024-08-20T00:00:00+00:00,2024-10-01T00:00:00+00:00,3.1,CVSS:3.1/AV:P/AC:L/PR:L/UI:N/S:U/C:N/I:N/A:N,PHYSICAL,LOW,LOW,NONE,UNCHANGED,NONE,NONE,NONE,5.1,MEDIUM,0,0.05845505823799489,0.0555,apache,http_server,['CWE-79'],['cpe:2.3:a:apache:http_server:*:*:*:*:*:*:*:*'],1,1
CVE-2024-12050,Remote code execution in Kerberos authentication service in microsoft windows_server component.,2024-07-06T00:00:00+00:00,2024-09-15T00:00:00+00:00,3.1,CVSS:3.1/AV:P/AC:L/PR:L/UI:R/S:C/C:N/I:L/A:N,PHYSICAL,LOW,LOW,REQUIRED,CHANGED,NONE,LOW,NONE,4.4,MEDIUM,0,0.2017955177263367,0.1917,microsoft,windows_server,['CWE-89'],['cpe:2.3:a:microsoft:windows_server:*:*:*:*:*:*:*:*'],1,2
CVE-2026-12051,Privilege escalation via authenticated extension loading in postgresql postgresql component.,2023-09-23T00:00:00+00:00,2023-10-09T00:00:00+00:00,3.1,CVSS:3.1/AV:L/AC:L/PR:N/UI:N/S:C/C:H/I:H/A:H,LOCAL,LOW,NONE,NONE,CHANGED,HIGH,HIGH,HIGH,10.0,CRITICAL,0,0.5507688556045075,0.5232,postgresql,postgresql,['CWE-200'],['cpe:2.3:a:postgresql:postgresql:*:*:*:*:*:*:*:*'],1,5
CVE-2024-12052,Unauthenticated remote code execution in query optimizer in oracle mysql component.,2022-03-28T00:00:00+00:00,2022-05-31T00:00:00+00:00,3.1,CVSS:3.1/AV:N/AC:L/PR:L/UI:N/S:C/C:N/I:N/A:N,NETWORK,LOW,LOW,NONE,CHANGED,NONE,NONE,NONE,7.6,HIGH,0,0.04754578260399129,0.0452,oracle,mysql,['CWE-20'],['cpe:2.3:a:oracle:mysql:*:*:*:*:*:*:*:*'],1,2
CVE-2023-12053,Integer overflow in HTTP request header processing in nginx nginx component.,2025-05-02T00:00:00+00:00,2025-06-03T00:00:00+00:00,3.1,CVSS:3.1/AV:A/AC:L/PR:H/UI:N/S:U/C:N/I:L/A:L,ADJACENT_NETWORK,LOW,HIGH,NONE,UNCHANGED,NONE,LOW,LOW,6.2,MEDIUM,0,0.0010178712309207108,0.001,nginx,nginx,['CWE-269'],['cpe:2.3:a:nginx:nginx:*:*:*:*:*:*:*:*'],1,5
CVE-2024-12054,Remote code execution via unsafe deserialization in spring spring_framework component.,2023-02-18T00:00:00+00:00,2023-05-08T00:00:00+00:00,3.1,CVSS:3.1/AV:A/AC:L/PR:L/UI:R/S:U/C:L/I:H/A:H,ADJACENT_NETWORK,LOW,LOW,REQUIRED,UNCHANGED,LOW,HIGH,HIGH,7.1,HIGH,0,0.2226024544544172,0.2115,spring,spring_framework,['CWE-119'],['cpe:2.3:a:spring:spring_framework:*:*:*:*:*:*:*:*'],1,4
CVE-2023-12055,Remote code execution in Kerberos authentication service in microsoft windows_server component.,2024-03-13T00:00:00+00:00,2024-03-23T00:00:00+00:00,3.1,CVSS:3.1/AV:L/AC:L/PR:H/UI:N/S:U/C:N/I:N/A:L,LOCAL,LOW,HIGH,NONE,UNCHANGED,NONE,NONE,LOW,5.9,MEDIUM,0,0.04655513931423656,0.0442,microsoft,windows_server,['CWE-20'],['cpe:2.3:a:microsoft:windows_server:*:*:*:*:*:*:*:*'],1,4
CVE-2022-12056,Unauthenticated remote code execution in query optimizer in oracle mysql component.,2024-12-05T00:00:00+00:00,2025-01-29T00:00:00+00:00,3.1,CVSS:3.1/AV:P/AC:H/PR:N/UI:R/S:C/C:N/I:L/A:N,PHYSICAL,HIGH,NONE,REQUIRED,CHANGED,NONE,LOW,NONE,4.5,MEDIUM,0,0.004355475858289299,0.0041,oracle,mysql,['CWE-89'],['cpe:2.3:a:oracle:mysql:*:*:*:*:*:*:*:*'],1,4
CVE-2023-12057,Command injection in management web interface in paloalto pan-os component.,2022-10-10T00:00:00+00:00,2022-11-24T00:00:00+00:00,3.1,CVSS:3.1/AV:A/AC:L/PR:L/UI:R/S:C/C:L/I:L/A:H,ADJACENT_NETWORK,LOW,LOW,REQUIRED,CHANGED,LOW,LOW,HIGH,7.0,HIGH,0,0.008863957199477716,0.0084,paloalto,pan-os,['CWE-787'],['cpe:2.3:a:paloalto:pan-os:*:*:*:*:*:*:*:*'],1,4
CVE-2025-12058,Use-after-free vulnerability in eBPF subsystem in linux linux_kernel component.,2023-06-23T00:00:00+00:00,2023-08-28T00:00:00+00:00,3.1,CVSS:3.1/AV:L/AC:H/PR:N/UI:N/S:C/C:H/I:L/A:H,LOCAL,HIGH,NONE,NONE,CHANGED,HIGH,LOW,HIGH,8.3,HIGH,0,0.1748940063906296,0.1661,linux,linux_kernel,['CWE-269'],['cpe:2.3:a:linux:linux_kernel:*:*:*:*:*:*:*:*'],1,1
CVE-2023-12059,Buffer overflow in TLS handshake parser in openssl openssl component.,2023-04-14T00:00:00+00:00,2023-07-04T00:00:00+00:00,3.1,CVSS:3.1/AV:A/AC:H/PR:N/UI:R/S:U/C:H/I:L/A:L,ADJACENT_NETWORK,HIGH,NONE,REQUIRED,UNCHANGED,HIGH,LOW,LOW,6.6,MEDIUM,0,0.005195214926707054,0.0049,openssl,openssl,['CWE-416'],['cpe:2.3:a:openssl:openssl:*:*:*:*:*:*:*:*'],1,5
CVE-2021-12060,Unauthenticated remote code execution in query optimizer in oracle mysql component.,2021-10-20T00:00:00+00:00,2022-01-15T00:00:00+00:00,3.1,CVSS:3.1/AV:N/AC:H/PR:N/UI:R/S:C/C:H/I:L/A:N,NETWORK,HIGH,NONE,REQUIRED,CHANGED,HIGH,LOW,NONE,7.6,HIGH,0,0.0019119220215866972,0.0018,oracle,mysql,['CWE-119'],['cpe:2.3:a:oracle:mysql:*:*:*:*:*:*:*:*'],1,3
CVE-2025-12061,Buffer overflow in TLS handshake parser in openssl openssl component.,2023-06-22T00:00:00+00:00,2023-09-05T00:00:00+00:00,3.1,CVSS:3.1/AV:A/AC:H/PR:H/UI:R/S:U/C:N/I:N/A:H,ADJACENT_NETWORK,HIGH,HIGH,REQUIRED,UNCHANGED,NONE,NONE,HIGH,6.1,MEDIUM,0,0.0456361160521503,0.0434,openssl,openssl,['CWE-79'],['cpe:2.3:a:openssl:openssl:*:*:*:*:*:*:*:*'],1,3
CVE-2026-12062,Remote code execution in Kerberos authentication service in microsoft windows_server component.,2023-01-31T00:00:00+00:00,2023-02-01T00:00:00+00:00,3.1,CVSS:3.1/AV:A/AC:L/PR:N/UI:R/S:C/C:L/I:H/A:H,ADJACENT_NETWORK,LOW,NONE,REQUIRED,CHANGED,LOW,HIGH,HIGH,9.7,CRITICAL,0,0.055305142991986196,0.0525,microsoft,windows_server,['CWE-20'],['cpe:2.3:a:microsoft:windows_server:*:*:*:*:*:*:*:*'],1,3
CVE-2024-12063,Unauthenticated remote code execution in query optimizer in oracle mysql component.,2025-01-20T00:00:00+00:00,2025-04-03T00:00:00+00:00,3.1,CVSS:3.1/AV:P/AC:L/PR:L/UI:N/S:C/C:H/I:H/A:N,PHYSICAL,LOW,LOW,NONE,CHANGED,HIGH,HIGH,NONE,7.6,HIGH,0,0.08696603825599065,0.0826,oracle,mysql,['CWE-787'],['cpe:2.3:a:oracle:mysql:*:*:*:*:*:*:*:*'],1,1
CVE-2022-12064,Privilege escalation via authenticated extension loading in postgresql postgresql component.,2024-08-23T00:00:00+00:00,2024-11-10T00:00:00+00:00,3.1,CVSS:3.1/AV:A/AC:L/PR:L/UI:R/S:U/C:N/I:N/A:L,ADJACENT_NETWORK,LOW,LOW,REQUIRED,UNCHANGED,NONE,NONE,LOW,5.9,MEDIUM,0,0.0024805855490382315,0.0024,postgresql,postgresql,['CWE-89'],['cpe:2.3:a:postgresql:postgresql:*:*:*:*:*:*:*:*'],1,1
CVE-2026-12065,Out-of-bounds memory access in V8 JavaScript engine in google chrome component.,2024-12-11T00:00:00+00:00,2025-01-15T00:00:00+00:00,3.1,CVSS:3.1/AV:L/AC:L/PR:H/UI:R/S:C/C:L/I:H/A:L,LOCAL,LOW,HIGH,REQUIRED,CHANGED,LOW,HIGH,LOW,6.1,MEDIUM,0,0.0874262196566137,0.0831,google,chrome,['CWE-20'],['cpe:2.3:a:google:chrome:*:*:*:*:*:*:*:*'],1,4
CVE-2024-12066,Privilege escalation via authenticated extension loading in postgresql postgresql component.,2024-07-14T00:00:00+00:00,2024-08-12T00:00:00+00:00,3.1,CVSS:3.1/AV:A/AC:H/PR:N/UI:N/S:U/C:N/I:N/A:N,ADJACENT_NETWORK,HIGH,NONE,NONE,UNCHANGED,NONE,NONE,NONE,7.0,HIGH,0,0.05554770868023769,0.0528,postgresql,postgresql,['CWE-20'],['cpe:2.3:a:postgresql:postgresql:*:*:*:*:*:*:*:*'],1,1
CVE-2023-12067,Remote code execution via unsafe deserialization in spring spring_framework component.,2023-10-28T00:00:00+00:00,2023-12-02T00:00:00+00:00,3.1,CVSS:3.1/AV:A/AC:H/PR:L/UI:N/S:U/C:N/I:L/A:L,ADJACENT_NETWORK,HIGH,LOW,NONE,UNCHANGED,NONE,LOW,LOW,5.7,MEDIUM,0,0.36497072028060046,0.3467,spring,spring_framework,['CWE-416'],['cpe:2.3:a:spring:spring_framework:*:*:*:*:*:*:*:*'],1,1
CVE-2022-12068,Remote code execution via unsafe deserialization in spring spring_framework component.,2024-11-16T00:00:00+00:00,2025-01-25T00:00:00+00:00,3.1,CVSS:3.1/AV:P/AC:H/PR:H/UI:N/S:U/C:L/I:N/A:L,PHYSICAL,HIGH,HIGH,NONE,UNCHANGED,LOW,NONE,LOW,4.0,MEDIUM,0,0.2718743761200517,0.2583,spring,spring_framework,['CWE-200'],['cpe:2.3:a:spring:spring_framework:*:*:*:*:*:*:*:*'],1,5
CVE-2024-12069,Use-after-free vulnerability in eBPF subsystem in linux linux_kernel component.,2025-12-01T00:00:00+00:00,2026-02-16T00:00:00+00:00,3.1,CVSS:3.1/AV:A/AC:L/PR:H/UI:R/S:C/C:L/I:H/A:H,ADJACENT_NETWORK,LOW,HIGH,REQUIRED,CHANGED,LOW,HIGH,HIGH,8.0,HIGH,0,0.0753529053945171,0.0716,linux,linux_kernel,['CWE-20'],['cpe:2.3:a:linux:linux_kernel:*:*:*:*:*:*:*:*'],1,1
CVE-2022-12070,Privilege escalation via authenticated extension loading in postgresql postgresql component.,2022-06-20T00:00:00+00:00,2022-09-08T00:00:00+00:00,3.1,CVSS:3.1/AV:L/AC:L/PR:H/UI:N/S:C/C:N/I:H/A:N,LOCAL,LOW,HIGH,NONE,CHANGED,NONE,HIGH,NONE,7.0,HIGH,0,0.149153596486374,0.1417,postgresql,postgresql,['CWE-79'],['cpe:2.3:a:postgresql:postgresql:*:*:*:*:*:*:*:*'],1,1
CVE-2023-12071,Unauthenticated remote code execution in query optimizer in oracle mysql component.,2023-03-13T00:00:00+00:00,2023-03-28T00:00:00+00:00,3.1,CVSS:3.1/AV:P/AC:H/PR:H/UI:N/S:U/C:N/I:H/A:H,PHYSICAL,HIGH,HIGH,NONE,UNCHANGED,NONE,HIGH,HIGH,5.9,MEDIUM,0,0.007339679628216012,0.007,oracle,mysql,['CWE-20'],['cpe:2.3:a:oracle:mysql:*:*:*:*:*:*:*:*'],1,3
CVE-2026-12072,Use-after-free vulnerability in eBPF subsystem in linux linux_kernel component.,2021-05-20T00:00:00+00:00,2021-05-28T00:00:00+00:00,3.1,CVSS:3.1/AV:L/AC:L/PR:L/UI:N/S:U/C:L/I:L/A:L,LOCAL,LOW,LOW,NONE,UNCHANGED,LOW,LOW,LOW,5.7,MEDIUM,0,0.3332153863319437,0.3166,linux,linux_kernel,['CWE-269'],['cpe:2.3:a:linux:linux_kernel:*:*:*:*:*:*:*:*'],1,1
CVE-2023-12073,Privilege escalation via authenticated extension loading in postgresql postgresql component.,2022-01-27T00:00:00+00:00,2022-04-04T00:00:00+00:00,3.1,CVSS:3.1/AV:N/AC:H/PR:H/UI:N/S:C/C:L/I:L/A:L,NETWORK,HIGH,HIGH,NONE,CHANGED,LOW,LOW,LOW,7.3,HIGH,0,0.39700298966582237,0.3772,postgresql,postgresql,['CWE-269'],['cpe:2.3:a:postgresql:postgresql:*:*:*:*:*:*:*:*'],1,5
CVE-2022-12074,Buffer overflow in TLS handshake parser in openssl openssl component.,2021-03-28T00:00:00+00:00,2021-06-16T00:00:00+00:00,3.1,CVSS:3.1/AV:N/AC:L/PR:L/UI:R/S:C/C:L/I:L/A:N,NETWORK,LOW,LOW,REQUIRED,CHANGED,LOW,LOW,NONE,6.9,MEDIUM,0,0.018742787477655343,0.0178,openssl,openssl,['CWE-787'],['cpe:2.3:a:openssl:openssl:*:*:*:*:*:*:*:*'],1,4
CVE-2023-12075,Remote code execution via unsafe deserialization in spring spring_framework component.,2021-03-15T00:00:00+00:00,2021-03-27T00:00:00+00:00,3.1,CVSS:3.1/AV:N/AC:L/PR:L/UI:N/S:C/C:H/I:H/A:H,NETWORK,LOW,LOW,NONE,CHANGED,HIGH,HIGH,HIGH,10.0,CRITICAL,0,0.020347887130128677,0.0193,spring,spring_framework,['CWE-119'],['cpe:2.3:a:spring:spring_framework:*:*:*:*:*:*:*:*'],1,4
CVE-2024-12076,Denial of service via HTTP/2 frame flooding in apache http_server component.,2021-07-11T00:00:00+00:00,2021-07-25T00:00:00+00:00,3.1,CVSS:3.1/AV:L/AC:H/PR:L/UI:R/S:U/C:N/I:H/A:H,LOCAL,HIGH,LOW,REQUIRED,UNCHANGED,NONE,HIGH,HIGH,5.8,MEDIUM,0,0.218666583841087,0.2077,apache,http_server,['CWE-787'],['cpe:2.3:a:apache:http_server:*:*:*:*:*:*:*:*'],1,4
CVE-2023-12077,Integer overflow in HTTP request header processing in nginx nginx component.,2024-04-01T00:00:00+00:00,2024-06-07T00:00:00+00:00,3.1,CVSS:3.1/AV:A/AC:L/PR:N/UI:R/S:U/C:L/I:N/A:H,ADJACENT_NETWORK,LOW,NONE,REQUIRED,UNCHANGED,LOW,NONE,HIGH,7.6,HIGH,0,0.03803842769669714,0.0361,nginx,nginx,['CWE-269'],['cpe:2.3:a:nginx:nginx:*:*:*:*:*:*:*:*'],1,1
CVE-2025-12078,Unauthenticated remote code execution in query optimizer in oracle mysql component.,2022-03-01T00:00:00+00:00,2022-04-18T00:00:00+00:00,3.1,CVSS:3.1/AV:A/AC:H/PR:L/UI:N/S:C/C:L/I:L/A:L,ADJACENT_NETWORK,HIGH,LOW,NONE,CHANGED,LOW,LOW,LOW,5.6,MEDIUM,0,0.0032590025561135385,0.0031,oracle,mysql,['CWE-89'],['cpe:2.3:a:oracle:mysql:*:*:*:*:*:*:*:*'],1,5
CVE-2022-12079,Unauthenticated remote code execution in query optimizer in oracle mysql component.,2023-01-17T00:00:00+00:00,2023-02-17T00:00:00+00:00,3.1,CVSS:3.1/AV:A/AC:L/PR:L/UI:N/S:C/C:L/I:H/A:N,ADJACENT_NETWORK,LOW,LOW,NONE,CHANGED,LOW,HIGH,NONE,7.5,HIGH,0,0.19190388205526632,0.1823,oracle,mysql,['CWE-79'],['cpe:2.3:a:oracle:mysql:*:*:*:*:*:*:*:*'],1,4
CVE-2023-12080,Integer overflow in HTTP request header processing in nginx nginx component.,2024-02-20T00:00:00+00:00,2024-02-26T00:00:00+00:00,3.1,CVSS:3.1/AV:N/AC:H/PR:H/UI:R/S:C/C:L/I:H/A:L,NETWORK,HIGH,HIGH,REQUIRED,CHANGED,LOW,HIGH,LOW,6.7,MEDIUM,0,0.03680444167067051,0.035,nginx,nginx,['CWE-119'],['cpe:2.3:a:nginx:nginx:*:*:*:*:*:*:*:*'],1,1
CVE-2021-12081,Privilege escalation via authenticated extension loading in postgresql postgresql component.,2021-11-07T00:00:00+00:00,2022-01-12T00:00:00+00:00,3.1,CVSS:3.1/AV:L/AC:L/PR:N/UI:R/S:U/C:L/I:L/A:L,LOCAL,LOW,NONE,REQUIRED,UNCHANGED,LOW,LOW,LOW,5.9,MEDIUM,0,0.19966895492835537,0.1897,postgresql,postgresql,['CWE-119'],['cpe:2.3:a:postgresql:postgresql:*:*:*:*:*:*:*:*'],1,3
CVE-2021-12082,Unauthenticated remote code execution in query optimizer in oracle mysql component.,2024-07-30T00:00:00+00:00,2024-09-16T00:00:00+00:00,3.1,CVSS:3.1/AV:N/AC:L/PR:L/UI:N/S:C/C:L/I:L/A:N,NETWORK,LOW,LOW,NONE,CHANGED,LOW,LOW,NONE,7.5,HIGH,0,0.034509411099451666,0.0328,oracle,mysql,['CWE-119'],['cpe:2.3:a:oracle:mysql:*:*:*:*:*:*:*:*'],1,1
CVE-2024-12083,Remote code execution via unsafe deserialization in spring spring_framework component.,2025-08-03T00:00:00+00:00,2025-08-28T00:00:00+00:00,3.1,CVSS:3.1/AV:N/AC:H/PR:N/UI:N/S:C/C:N/I:H/A:H,NETWORK,HIGH,NONE,NONE,CHANGED,NONE,HIGH,HIGH,9.8,CRITICAL,0,0.5734508913579541,0.5448,spring,spring_framework,['CWE-787'],['cpe:2.3:a:spring:spring_framework:*:*:*:*:*:*:*:*'],1,4
CVE-2024-12084,Integer overflow in HTTP request header processing in nginx nginx component.,2025-03-10T00:00:00+00:00,2025-03-25T00:00:00+00:00,3.1,CVSS:3.1/AV:N/AC:H/PR:N/UI:R/S:U/C:H/I:H/A:L,NETWORK,HIGH,NONE,REQUIRED,UNCHANGED,HIGH,HIGH,LOW,8.1,HIGH,0,0.05570236539727856,0.0529,nginx,nginx,['CWE-416'],['cpe:2.3:a:nginx:nginx:*:*:*:*:*:*:*:*'],1,2
CVE-2025-12085,Buffer overflow in TLS handshake parser in openssl openssl component.,2021-05-06T00:00:00+00:00,2021-05-08T00:00:00+00:00,3.1,CVSS:3.1/AV:P/AC:L/PR:N/UI:N/S:U/C:N/I:H/A:L,PHYSICAL,LOW,NONE,NONE,UNCHANGED,NONE,HIGH,LOW,7.0,HIGH,0,0.07374976876153422,0.0701,openssl,openssl,['CWE-89'],['cpe:2.3:a:openssl:openssl:*:*:*:*:*:*:*:*'],1,2
CVE-2026-12086,Use-after-free vulnerability in eBPF subsystem in linux linux_kernel component.,2022-08-18T00:00:00+00:00,2022-10-20T00:00:00+00:00,3.1,CVSS:3.1/AV:A/AC:L/PR:L/UI:R/S:C/C:L/I:N/A:H,ADJACENT_NETWORK,LOW,LOW,REQUIRED,CHANGED,LOW,NONE,HIGH,7.2,HIGH,0,0.07092971855062916,0.0674,linux,linux_kernel,['CWE-416'],['cpe:2.3:a:linux:linux_kernel:*:*:*:*:*:*:*:*'],1,1
CVE-2025-12087,Out-of-bounds memory access in V8 JavaScript engine in google chrome component.,2024-07-16T00:00:00+00:00,2024-09-15T00:00:00+00:00,3.1,CVSS:3.1/AV:N/AC:H/PR:L/UI:R/S:C/C:L/I:L/A:L,NETWORK,HIGH,LOW,REQUIRED,CHANGED,LOW,LOW,LOW,6.3,MEDIUM,0,0.051237902586852416,0.0487,google,chrome,['CWE-416'],['cpe:2.3:a:google:chrome:*:*:*:*:*:*:*:*'],1,3
CVE-2025-12088,Buffer overflow in TLS handshake parser in openssl openssl component.,2024-06-02T00:00:00+00:00,2024-08-29T00:00:00+00:00,3.1,CVSS:3.1/AV:P/AC:L/PR:N/UI:R/S:C/C:N/I:N/A:H,PHYSICAL,LOW,NONE,REQUIRED,CHANGED,NONE,NONE,HIGH,6.3,MEDIUM,0,0.29735286441423175,0.2825,openssl,openssl,['CWE-269'],['cpe:2.3:a:openssl:openssl:*:*:*:*:*:*:*:*'],1,2
CVE-2023-12089,Command injection in management web interface in paloalto pan-os component.,2021-10-11T00:00:00+00:00,2022-01-06T00:00:00+00:00,3.1,CVSS:3.1/AV:P/AC:H/PR:N/UI:R/S:U/C:H/I:N/A:N,PHYSICAL,HIGH,NONE,REQUIRED,UNCHANGED,HIGH,NONE,NONE,5.6,MEDIUM,0,0.006183805853363048,0.0059,paloalto,pan-os,['CWE-79'],['cpe:2.3:a:paloalto:pan-os:*:*:*:*:*:*:*:*'],1,5
CVE-2023-12090,Denial of service via HTTP/2 frame flooding in apache http_server component.,2022-05-15T00:00:00+00:00,2022-08-03T00:00:00+00:00,3.1,CVSS:3.1/AV:N/AC:H/PR:N/UI:R/S:C/C:L/I:H/A:N,NETWORK,HIGH,NONE,REQUIRED,CHANGED,LOW,HIGH,NONE,8.5,HIGH,0,0.027694651178842174,0.0263,apache,http_server,['CWE-79'],['cpe:2.3:a:apache:http_server:*:*:*:*:*:*:*:*'],1,3
CVE-2026-12091,Integer overflow in HTTP request header processing in nginx nginx component.,2024-04-16T00:00:00+00:00,2024-05-01T00:00:00+00:00,3.1,CVSS:3.1/AV:N/AC:H/PR:N/UI:N/S:U/C:N/I:L/A:H,NETWORK,HIGH,NONE,NONE,UNCHANGED,NONE,LOW,HIGH,8.0,HIGH,0,0.020241679357926434,0.0192,nginx,nginx,['CWE-89'],['cpe:2.3:a:nginx:nginx:*:*:*:*:*:*:*:*'],1,4
CVE-2021-12092,Buffer overflow in TLS handshake parser in openssl openssl component.,2023-10-30T00:00:00+00:00,2023-11-04T00:00:00+00:00,3.1,CVSS:3.1/AV:A/AC:H/PR:L/UI:N/S:C/C:L/I:L/A:H,ADJACENT_NETWORK,HIGH,LOW,NONE,CHANGED,LOW,LOW,HIGH,6.5,MEDIUM,0,0.022236217201527155,0.0211,openssl,openssl,['CWE-787'],['cpe:2.3:a:openssl:openssl:*:*:*:*:*:*:*:*'],1,5
CVE-2022-12093,Privilege escalation via authenticated extension loading in postgresql postgresql component.,2022-10-15T00:00:00+00:00,2022-11-21T00:00:00+00:00,3.1,CVSS:3.1/AV:A/AC:H/PR:L/UI:N/S:U/C:N/I:L/A:H,ADJACENT_NETWORK,HIGH,LOW,NONE,UNCHANGED,NONE,LOW,HIGH,6.1,MEDIUM,0,0.0012785414557704843,0.0012,postgresql,postgresql,['CWE-416'],['cpe:2.3:a:postgresql:postgresql:*:*:*:*:*:*:*:*'],1,4
CVE-2021-12094,Out-of-bounds memory access in V8 JavaScript engine in google chrome component.,2025-08-03T00:00:00+00:00,2025-09-05T00:00:00+00:00,3.1,CVSS:3.1/AV:P/AC:L/PR:H/UI:R/S:C/C:L/I:H/A:N,PHYSICAL,LOW,HIGH,REQUIRED,CHANGED,LOW,HIGH,NONE,5.5,MEDIUM,0,0.033940240674001164,0.0322,google,chrome,['CWE-89'],['cpe:2.3:a:google:chrome:*:*:*:*:*:*:*:*'],1,1
CVE-2021-12095,Privilege escalation via authenticated extension loading in postgresql postgresql component.,2023-10-11T00:00:00+00:00,2024-01-08T00:00:00+00:00,3.1,CVSS:3.1/AV:A/AC:H/PR:L/UI:R/S:U/C:H/I:N/A:L,ADJACENT_NETWORK,HIGH,LOW,REQUIRED,UNCHANGED,HIGH,NONE,LOW,5.5,MEDIUM,0,0.6225724504157989,0.5914,postgresql,postgresql,['CWE-416'],['cpe:2.3:a:postgresql:postgresql:*:*:*:*:*:*:*:*'],1,5
CVE-2023-12096,Unauthenticated remote code execution in query optimizer in oracle mysql component.,2025-10-24T00:00:00+00:00,2026-01-08T00:00:00+00:00,3.1,CVSS:3.1/AV:A/AC:H/PR:H/UI:N/S:C/C:N/I:N/A:N,ADJACENT_NETWORK,HIGH,HIGH,NONE,CHANGED,NONE,NONE,NONE,6.1,MEDIUM,0,0.11453186139872015,0.1088,oracle,mysql,['CWE-89'],['cpe:2.3:a:oracle:mysql:*:*:*:*:*:*:*:*'],1,1
CVE-2024-12097,Remote code execution via unsafe deserialization in spring spring_framework component.,2024-09-22T00:00:00+00:00,2024-09-29T00:00:00+00:00,3.1,CVSS:3.1/AV:N/AC:H/PR:H/UI:R/S:U/C:L/I:N/A:H,NETWORK,HIGH,HIGH,REQUIRED,UNCHANGED,LOW,NONE,HIGH,6.0,MEDIUM,0,0.045017391443442446,0.0428,spring,spring_framework,['CWE-20'],['cpe:2.3:a:spring:spring_framework:*:*:*:*:*:*:*:*'],1,5
CVE-2023-12098,Unauthenticated remote code execution in query optimizer in oracle mysql component.,2022-03-03T00:00:00+00:00,2022-03-22T00:00:00+00:00,3.1,CVSS:3.1/AV:P/AC:L/PR:L/UI:N/S:U/C:H/I:H/A:H,PHYSICAL,LOW,LOW,NONE,UNCHANGED,HIGH,HIGH,HIGH,7.8,HIGH,0,0.12597122472840963,0.1197,oracle,mysql,['CWE-119'],['cpe:2.3:a:oracle:mysql:*:*:*:*:*:*:*:*'],1,2
CVE-2024-12099,Unauthenticated remote code execution in query optimizer in oracle mysql component.,2025-09-27T00:00:00+00:00,2025-12-20T00:00:00+00:00,3.1,CVSS:3.1/AV:A/AC:H/PR:H/UI:N/S:U/C:N/I:N/A:N,ADJACENT_NETWORK,HIGH,HIGH,NONE,UNCHANGED,NONE,NONE,NONE,5.2,MEDIUM,0,0.02895035569918427,0.0275,oracle,mysql,['CWE-20'],['cpe:2.3:a:oracle:mysql:*:*:*:*:*:*:*:*'],1,5
CVE-2025-12100,Buffer overflow in TLS handshake parser in openssl openssl component.,2025-08-08T00:00:00+00:00,2025-10-24T00:00:00+00:00,3.1,CVSS:3.1/AV:A/AC:L/PR:H/UI:R/S:U/C:H/I:N/A:L,ADJACENT_NETWORK,LOW,HIGH,REQUIRED,UNCHANGED,HIGH,NONE,LOW,6.6,MEDIUM,0,0.019187188829766555,0.0182,openssl,openssl,['CWE-20'],['cpe:2.3:a:openssl:openssl:*:*:*:*:*:*:*:*'],1,2
CVE-2026-12101,Remote code execution via unsafe deserialization in spring spring_framework component.,2022-04-18T00:00:00+00:00,2022-05-31T00:00:00+00:00,3.1,CVSS:3.1/AV:L/AC:L/PR:L/UI:N/S:U/C:H/I:H/A:N,LOCAL,LOW,LOW,NONE,UNCHANGED,HIGH,HIGH,NONE,8.1,HIGH,0,0.02086177857827477,0.0198,spring,spring_framework,['CWE-20'],['cpe:2.3:a:spring:spring_framework:*:*:*:*:*:*:*:*'],1,3
CVE-2026-12102,Privilege escalation via authenticated extension loading in postgresql postgresql component.,2023-06-28T00:00:00+00:00,2023-08-21T00:00:00+00:00,3.1,CVSS:3.1/AV:P/AC:L/PR:N/UI:R/S:C/C:N/I:H/A:H,PHYSICAL,LOW,NONE,REQUIRED,CHANGED,NONE,HIGH,HIGH,7.6,HIGH,0,0.036171082973677014,0.0344,postgresql,postgresql,['CWE-20'],['cpe:2.3:a:postgresql:postgresql:*:*:*:*:*:*:*:*'],1,5
CVE-2022-12103,Denial of service via HTTP/2 frame flooding in apache http_server component.,2021-10-08T00:00:00+00:00,2022-01-03T00:00:00+00:00,3.1,CVSS:3.1/AV:P/AC:L/PR:L/UI:R/S:C/C:H/I:L/A:L,PHYSICAL,LOW,LOW,REQUIRED,CHANGED,HIGH,LOW,LOW,5.4,MEDIUM,0,0.0001,0.0001,apache,http_server,['CWE-20'],['cpe:2.3:a:apache:http_server:*:*:*:*:*:*:*:*'],1,3
CVE-2021-12104,Privilege escalation via authenticated extension loading in postgresql postgresql component.,2025-08-24T00:00:00+00:00,2025-09-05T00:00:00+00:00,3.1,CVSS:3.1/AV:N/AC:H/PR:H/UI:N/S:U/C:N/I:H/A:L,NETWORK,HIGH,HIGH,NONE,UNCHANGED,NONE,HIGH,LOW,7.3,HIGH,0,0.012187081492246885,0.0116,postgresql,postgresql,['CWE-787'],['cpe:2.3:a:postgresql:postgresql:*:*:*:*:*:*:*:*'],1,2
CVE-2024-12105,Out-of-bounds memory access in V8 JavaScript engine in google chrome component.,2024-06-21T00:00:00+00:00,2024-08-25T00:00:00+00:00,3.1,CVSS:3.1/AV:L/AC:L/PR:N/UI:N/S:C/C:N/I:H/A:L,LOCAL,LOW,NONE,NONE,CHANGED,NONE,HIGH,LOW,8.1,HIGH,0,0.027834290458342393,0.0264,google,chrome,['CWE-119'],['cpe:2.3:a:google:chrome:*:*:*:*:*:*:*:*'],1,4
CVE-2026-12106,Remote code execution in Kerberos authentication service in microsoft windows_server component.,2025-11-04T00:00:00+00:00,2025-12-20T00:00:00+00:00,3.1,CVSS:3.1/AV:N/AC:L/PR:L/UI:R/S:C/C:L/I:H/A:N,NETWORK,LOW,LOW,REQUIRED,CHANGED,LOW,HIGH,NONE,8.4,HIGH,0,0.9094316055976039,0.864,microsoft,windows_server,['CWE-787'],['cpe:2.3:a:microsoft:windows_server:*:*:*:*:*:*:*:*'],1,4
CVE-2026-12107,Command injection in management web interface in paloalto pan-os component.,2023-12-24T00:00:00+00:00,2024-03-03T00:00:00+00:00,3.1,CVSS:3.1/AV:A/AC:H/PR:N/UI:R/S:C/C:N/I:N/A:H,ADJACENT_NETWORK,HIGH,NONE,REQUIRED,CHANGED,NONE,NONE,HIGH,7.4,HIGH,0,0.056806812969310554,0.054,paloalto,pan-os,['CWE-416'],['cpe:2.3:a:paloalto:pan-os:*:*:*:*:*:*:*:*'],1,2
CVE-2024-12108,Integer overflow in HTTP request header processing in nginx nginx component.,2021-12-19T00:00:00+00:00,2022-03-05T00:00:00+00:00,3.1,CVSS:3.1/AV:A/AC:L/PR:L/UI:R/S:C/C:L/I:H/A:H,ADJACENT_NETWORK,LOW,LOW,REQUIRED,CHANGED,LOW,HIGH,HIGH,7.7,HIGH,0,0.027236681101807714,0.0259,nginx,nginx,['CWE-20'],['cpe:2.3:a:nginx:nginx:*:*:*:*:*:*:*:*'],1,5
CVE-2024-12109,Privilege escalation via authenticated extension loading in postgresql postgresql component.,2024-08-11T00:00:00+00:00,2024-10-01T00:00:00+00:00,3.1,CVSS:3.1/AV:N/AC:H/PR:L/UI:N/S:U/C:H/I:H/A:H,NETWORK,HIGH,LOW,NONE,UNCHANGED,HIGH,HIGH,HIGH,9.3,CRITICAL,0,0.1711005765537367,0.1625,postgresql,postgresql,['CWE-20'],['cpe:2.3:a:postgresql:postgresql:*:*:*:*:*:*:*:*'],1,4
CVE-2025-12110,Use-after-free vulnerability in eBPF subsystem in linux linux_kernel component.,2024-04-10T00:00:00+00:00,2024-05-11T00:00:00+00:00,3.1,CVSS:3.1/AV:L/AC:L/PR:N/UI:R/S:C/C:H/I:L/A:L,LOCAL,LOW,NONE,REQUIRED,CHANGED,HIGH,LOW,LOW,7.4,HIGH,0,0.26495746715579754,0.2517,linux,linux_kernel,['CWE-787'],['cpe:2.3:a:linux:linux_kernel:*:*:*:*:*:*:*:*'],1,2
CVE-2023-12111,Remote code execution in Kerberos authentication service in microsoft windows_server component.,2024-05-20T00:00:00+00:00,2024-07-23T00:00:00+00:00,3.1,CVSS:3.1/AV:P/AC:H/PR:N/UI:N/S:C/C:H/I:H/A:N,PHYSICAL,HIGH,NONE,NONE,CHANGED,HIGH,HIGH,NONE,7.5,HIGH,0,0.002033567506101298,0.0019,microsoft,windows_server,['CWE-269'],['cpe:2.3:a:microsoft:windows_server:*:*:*:*:*:*:*:*'],1,1
CVE-2026-12112,Denial of service via HTTP/2 frame flooding in apache http_server component.,2022-08-19T00:00:00+00:00,2022-09-04T00:00:00+00:00,3.1,CVSS:3.1/AV:P/AC:L/PR:L/UI:R/S:C/C:H/I:H/A:N,PHYSICAL,LOW,LOW,REQUIRED,CHANGED,HIGH,HIGH,NONE,6.4,MEDIUM,0,0.0794516861310354,0.0755,apache,http_server,['CWE-79'],['cpe:2.3:a:apache:http_server:*:*:*:*:*:*:*:*'],1,2
CVE-2023-12113,Out-of-bounds memory access in V8 JavaScript engine in google chrome component.,2025-11-12T00:00:00+00:00,2026-01-02T00:00:00+00:00,3.1,CVSS:3.1/AV:L/AC:L/PR:H/UI:R/S:U/C:H/I:N/A:L,LOCAL,LOW,HIGH,REQUIRED,UNCHANGED,HIGH,NONE,LOW,5.7,MEDIUM,0,0.08386317791980284,0.0797,google,chrome,['CWE-416'],['cpe:2.3:a:google:chrome:*:*:*:*:*:*:*:*'],1,1
CVE-2026-12114,Buffer overflow in TLS handshake parser in openssl openssl component.,2023-01-10T00:00:00+00:00,2023-01-16T00:00:00+00:00,3.1,CVSS:3.1/AV:N/AC:L/PR:L/UI:R/S:U/C:H/I:L/A:H,NETWORK,LOW,LOW,REQUIRED,UNCHANGED,HIGH,LOW,HIGH,8.8,HIGH,0,0.03698246774010862,0.0351,openssl,openssl,['CWE-787'],['cpe:2.3:a:openssl:openssl:*:*:*:*:*:*:*:*'],1,3
CVE-2021-12115,Integer overflow in HTTP request header processing in nginx nginx component.,2024-07-06T00:00:00+00:00,2024-08-05T00:00:00+00:00,3.1,CVSS:3.1/AV:N/AC:L/PR:H/UI:N/S:U/C:N/I:N/A:H,NETWORK,LOW,HIGH,NONE,UNCHANGED,NONE,NONE,HIGH,8.5,HIGH,0,0.5463344763575065,0.519,nginx,nginx,['CWE-269'],['cpe:2.3:a:nginx:nginx:*:*:*:*:*:*:*:*'],1,1
CVE-2026-12116,Denial of service via HTTP/2 frame flooding in apache http_server component.,2023-11-05T00:00:00+00:00,2023-12-26T00:00:00+00:00,3.1,CVSS:3.1/AV:N/AC:H/PR:L/UI:N/S:U/C:L/I:H/A:H,NETWORK,HIGH,LOW,NONE,UNCHANGED,LOW,HIGH,HIGH,8.1,HIGH,0,0.11765901379579005,0.1118,apache,http_server,['CWE-89'],['cpe:2.3:a:apache:http_server:*:*:*:*:*:*:*:*'],1,2
CVE-2022-12117,Command injection in management web interface in paloalto pan-os component.,2025-10-09T00:00:00+00:00,2025-11-03T00:00:00+00:00,3.1,CVSS:3.1/AV:P/AC:L/PR:N/UI:N/S:C/C:N/I:N/A:N,PHYSICAL,LOW,NONE,NONE,CHANGED,NONE,NONE,NONE,6.1,MEDIUM,0,0.27714344961469184,0.2633,paloalto,pan-os,['CWE-787'],['cpe:2.3:a:paloalto:pan-os:*:*:*:*:*:*:*:*'],1,2
CVE-2022-12118,Buffer overflow in TLS handshake parser in openssl openssl component.,2025-07-22T00:00:00+00:00,2025-08-25T00:00:00+00:00,3.1,CVSS:3.1/AV:A/AC:H/PR:H/UI:R/S:U/C:L/I:H/A:H,ADJACENT_NETWORK,HIGH,HIGH,REQUIRED,UNCHANGED,LOW,HIGH,HIGH,6.1,MEDIUM,0,0.3801044392837777,0.3611,openssl,openssl,['CWE-787'],['cpe:2.3:a:openssl:openssl:*:*:*:*:*:*:*:*'],1,3
CVE-2024-12119,Privilege escalation via authenticated extension loading in postgresql postgresql component.,2025-06-12T00:00:00+00:00,2025-09-02T00:00:00+00:00,3.1,CVSS:3.1/AV:L/AC:L/PR:H/UI:R/S:C/C:H/I:N/A:H,LOCAL,LOW,HIGH,REQUIRED,CHANGED,HIGH,NONE,HIGH,7.4,HIGH,0,0.14896639116406085,0.1415,postgresql,postgresql,['CWE-200'],['cpe:2.3:a:postgresql:postgresql:*:*:*:*:*:*:*:*'],1,3
CVE-2026-12120,Remote code execution in Kerberos authentication service in microsoft windows_server component.,2024-05-08T00:00:00+00:00,2024-06-25T00:00:00+00:00,3.1,CVSS:3.1/AV:P/AC:H/PR:L/UI:N/S:C/C:H/I:L/A:N,PHYSICAL,HIGH,LOW,NONE,CHANGED,HIGH,LOW,NONE,4.1,MEDIUM,0,0.03772123036886516,0.0358,microsoft,windows_server,['CWE-269'],['cpe:2.3:a:microsoft:windows_server:*:*:*:*:*:*:*:*'],1,3
CVE-2023-12121,Use-after-free vulnerability in eBPF subsystem in linux linux_kernel component.,2022-03-25T00:00:00+00:00,2022-04-27T00:00:00+00:00,3.1,CVSS:3.1/AV:L/AC:L/PR:L/UI:R/S:C/C:H/I:H/A:H,LOCAL,LOW,LOW,REQUIRED,CHANGED,HIGH,HIGH,HIGH,8.5,HIGH,0,0.01476759450036608,0.014,linux,linux_kernel,['CWE-416'],['cpe:2.3:a:linux:linux_kernel:*:*:*:*:*:*:*:*'],1,3
CVE-2022-12122,Remote code execution via unsafe deserialization in spring spring_framework component.,2024-09-26T00:00:00+00:00,2024-10-31T00:00:00+00:00,3.1,CVSS:3.1/AV:A/AC:H/PR:H/UI:N/S:C/C:H/I:H/A:L,ADJACENT_NETWORK,HIGH,HIGH,NONE,CHANGED,HIGH,HIGH,LOW,8.1,HIGH,0,0.16202219960860578,0.1539,spring,spring_framework,['CWE-89'],['cpe:2.3:a:spring:spring_framework:*:*:*:*:*:*:*:*'],1,4
CVE-2022-12123,Integer overflow in HTTP request header processing in nginx nginx component.,2023-06-09T00:00:00+00:00,2023-07-30T00:00:00+00:00,3.1,CVSS:3.1/AV:L/AC:H/PR:N/UI:N/S:U/C:H/I:L/A:L,LOCAL,HIGH,NONE,NONE,UNCHANGED,HIGH,LOW,LOW,6.8,MEDIUM,0,0.020701625849284776,0.0197,nginx,nginx,['CWE-269'],['cpe:2.3:a:nginx:nginx:*:*:*:*:*:*:*:*'],1,5
CVE-2021-12124,Integer overflow in HTTP request header processing in nginx nginx component.,2023-11-07T00:00:00+00:00,2024-01-24T00:00:00+00:00,3.1,CVSS:3.1/AV:L/AC:L/PR:N/UI:R/S:U/C:H/I:H/A:L,LOCAL,LOW,NONE,REQUIRED,UNCHANGED,HIGH,HIGH,LOW,7.5,HIGH,0,0.0005441524127010439,0.0005,nginx,nginx,['CWE-200'],['cpe:2.3:a:nginx:nginx:*:*:*:*:*:*:*:*'],1,2
CVE-2025-12125,Remote code execution in Kerberos authentication service in microsoft windows_server component.,2024-11-15T00:00:00+00:00,2024-12-29T00:00:00+00:00,3.1,CVSS:3.1/AV:N/AC:H/PR:N/UI:R/S:C/C:N/I:L/A:H,NETWORK,HIGH,NONE,REQUIRED,CHANGED,NONE,LOW,HIGH,8.1,HIGH,1,0.00636737439459326,0.006,microsoft,windows_server,['CWE-89'],['cpe:2.3:a:microsoft:windows_server:*:*:*:*:*:*:*:*'],1,5
CVE-2024-12126,Use-after-free vulnerability in eBPF subsystem in linux linux_kernel component.,2023-08-08T00:00:00+00:00,2023-08-30T00:00:00+00:00,3.1,CVSS:3.1/AV:N/AC:L/PR:L/UI:N/S:C/C:N/I:H/A:N,NETWORK,LOW,LOW,NONE,CHANGED,NONE,HIGH,NONE,8.6,HIGH,0,0.007261746733672592,0.0069,linux,linux_kernel,['CWE-787'],['cpe:2.3:a:linux:linux_kernel:*:*:*:*:*:*:*:*'],1,4
CVE-2026-12127,Privilege escalation via authenticated extension loading in postgresql postgresql component.,2023-10-01T00:00:00+00:00,2023-10-20T00:00:00+00:00,3.1,CVSS:3.1/AV:L/AC:H/PR:H/UI:R/S:U/C:N/I:H/A:N,LOCAL,HIGH,HIGH,REQUIRED,UNCHANGED,NONE,HIGH,NONE,4.8,MEDIUM,0,0.04386234274471077,0.0417,postgresql,postgresql,['CWE-79'],['cpe:2.3:a:postgresql:postgresql:*:*:*:*:*:*:*:*'],1,4
CVE-2023-12128,Command injection in management web interface in paloalto pan-os component.,2024-02-20T00:00:00+00:00,2024-04-05T00:00:00+00:00,3.1,CVSS:3.1/AV:N/AC:H/PR:N/UI:N/S:U/C:L/I:L/A:N,NETWORK,HIGH,NONE,NONE,UNCHANGED,LOW,LOW,NONE,7.5,HIGH,0,0.008859471759796393,0.0084,paloalto,pan-os,['CWE-89'],['cpe:2.3:a:paloalto:pan-os:*:*:*:*:*:*:*:*'],1,5
CVE-2023-12129,Denial of service via HTTP/2 frame flooding in apache http_server component.,2022-03-06T00:00:00+00:00,2022-04-19T00:00:00+00:00,3.1,CVSS:3.1/AV:A/AC:L/PR:N/UI:R/S:C/C:H/I:H/A:H,ADJACENT_NETWORK,LOW,NONE,REQUIRED,CHANGED,HIGH,HIGH,HIGH,9.9,CRITICAL,0,0.01631180072770613,0.0155,apache,http_server,['CWE-119'],['cpe:2.3:a:apache:http_server:*:*:*:*:*:*:*:*'],1,2
CVE-2025-12130,Integer overflow in HTTP request header processing in nginx nginx component.,2025-10-25T00:00:00+00:00,2025-12-07T00:00:00+00:00,3.1,CVSS:3.1/AV:A/AC:L/PR:H/UI:N/S:U/C:N/I:N/A:H,ADJACENT_NETWORK,LOW,HIGH,NONE,UNCHANGED,NONE,NONE,HIGH,7.3,HIGH,0,0.04792827291687581,0.0455,nginx,nginx,['CWE-269'],['cpe:2.3:a:nginx:nginx:*:*:*:*:*:*:*:*'],1,5
CVE-2023-12131,Buffer overflow in TLS handshake parser in openssl openssl component.,2025-11-15T00:00:00+00:00,2025-12-07T00:00:00+00:00,3.1,CVSS:3.1/AV:P/AC:H/PR:N/UI:R/S:C/C:N/I:H/A:L,PHYSICAL,HIGH,NONE,REQUIRED,CHANGED,NONE,HIGH,LOW,5.9,MEDIUM,0,0.17618851097889687,0.1674,openssl,openssl,['CWE-416'],['cpe:2.3:a:openssl:openssl:*:*:*:*:*:*:*:*'],1,2
CVE-2021-12132,Unauthenticated remote code execution in query optimizer in oracle mysql component.,2024-11-18T00:00:00+00:00,2024-11-25T00:00:00+00:00,3.1,CVSS:3.1/AV:L/AC:H/PR:N/UI:N/S:C/C:L/I:L/A:L,LOCAL,HIGH,NONE,NONE,CHANGED,LOW,LOW,LOW,6.1,MEDIUM,0,0.013499984076801724,0.0128,oracle,mysql,['CWE-79'],['cpe:2.3:a:oracle:mysql:*:*:*:*:*:*:*:*'],1,3
CVE-2021-12133,Remote code execution in Kerberos authentication service in microsoft windows_server component.,2025-06-23T00:00:00+00:00,2025-09-09T00:00:00+00:00,3.1,CVSS:3.1/AV:N/AC:L/PR:L/UI:N/S:U/C:L/I:H/A:L,NETWORK,LOW,LOW,NONE,UNCHANGED,LOW,HIGH,LOW,8.0,HIGH,1,0.5295068240066753,0.503,microsoft,windows_server,['CWE-269'],['cpe:2.3:a:microsoft:windows_server:*:*:*:*:*:*:*:*'],1,3
CVE-2026-12134,Privilege escalation via authenticated extension loading in postgresql postgresql component.,2023-07-19T00:00:00+00:00,2023-10-17T00:00:00+00:00,3.1,CVSS:3.1/AV:N/AC:H/PR:N/UI:R/S:U/C:H/I:N/A:L,NETWORK,HIGH,NONE,REQUIRED,UNCHANGED,HIGH,NONE,LOW,7.4,HIGH,0,0.014964335614081755,0.0142,postgresql,postgresql,['CWE-787'],['cpe:2.3:a:postgresql:postgresql:*:*:*:*:*:*:*:*'],1,2
CVE-2024-12135,Privilege escalation via authenticated extension loading in postgresql postgresql component.,2022-05-28T00:00:00+00:00,2022-07-17T00:00:00+00:00,3.1,CVSS:3.1/AV:N/AC:L/PR:N/UI:R/S:C/C:L/I:L/A:H,NETWORK,LOW,NONE,REQUIRED,CHANGED,LOW,LOW,HIGH,9.7,CRITICAL,0,0.18769298929178801,0.1783,postgresql,postgresql,['CWE-89'],['cpe:2.3:a:postgresql:postgresql:*:*:*:*:*:*:*:*'],1,4
CVE-2021-12136,Use-after-free vulnerability in eBPF subsystem in linux linux_kernel component.,2021-12-22T00:00:00+00:00,2022-02-15T00:00:00+00:00,3.1,CVSS:3.1/AV:N/AC:H/PR:H/UI:N/S:C/C:L/I:N/A:N,NETWORK,HIGH,HIGH,NONE,CHANGED,LOW,NONE,NONE,6.5,MEDIUM,0,0.005493736659116563,0.0052,linux,linux_kernel,['CWE-20'],['cpe:2.3:a:linux:linux_kernel:*:*:*:*:*:*:*:*'],1,4
CVE-2022-12137,Out-of-bounds memory access in V8 JavaScript engine in google chrome component.,2021-06-21T00:00:00+00:00,2021-09-07T00:00:00+00:00,3.1,CVSS:3.1/AV:P/AC:L/PR:N/UI:N/S:C/C:N/I:L/A:H,PHYSICAL,LOW,NONE,NONE,CHANGED,NONE,LOW,HIGH,7.4,HIGH,0,0.0007175520670188797,0.0007,google,chrome,['CWE-787'],['cpe:2.3:a:google:chrome:*:*:*:*:*:*:*:*'],1,1
CVE-2023-12138,Use-after-free vulnerability in eBPF subsystem in linux linux_kernel component.,2021-03-08T00:00:00+00:00,2021-04-20T00:00:00+00:00,3.1,CVSS:3.1/AV:A/AC:L/PR:H/UI:R/S:C/C:N/I:H/A:N,ADJACENT_NETWORK,LOW,HIGH,REQUIRED,CHANGED,NONE,HIGH,NONE,6.8,MEDIUM,0,0.011666797258629525,0.0111,linux,linux_kernel,['CWE-89'],['cpe:2.3:a:linux:linux_kernel:*:*:*:*:*:*:*:*'],1,2
CVE-2022-12139,Use-after-free vulnerability in eBPF subsystem in linux linux_kernel component.,2025-08-23T00:00:00+00:00,2025-10-30T00:00:00+00:00,3.1,CVSS:3.1/AV:N/AC:H/PR:H/UI:R/S:U/C:H/I:L/A:H,NETWORK,HIGH,HIGH,REQUIRED,UNCHANGED,HIGH,LOW,HIGH,7.3,HIGH,0,0.006705825438902098,0.0064,linux,linux_kernel,['CWE-89'],['cpe:2.3:a:linux:linux_kernel:*:*:*:*:*:*:*:*'],1,1
CVE-2023-12140,Command injection in management web interface in paloalto pan-os component.,2024-05-29T00:00:00+00:00,2024-06-30T00:00:00+00:00,3.1,CVSS:3.1/AV:P/AC:H/PR:L/UI:N/S:U/C:H/I:N/A:H,PHYSICAL,HIGH,LOW,NONE,UNCHANGED,HIGH,NONE,HIGH,6.0,MEDIUM,0,0.06752651023413862,0.0642,paloalto,pan-os,['CWE-119'],['cpe:2.3:a:paloalto:pan-os:*:*:*:*:*:*:*:*'],1,1
CVE-2023-12141,Privilege escalation via authenticated extension loading in postgresql postgresql component.,2021-09-29T00:00:00+00:00,2021-11-29T00:00:00+00:00,3.1,CVSS:3.1/AV:L/AC:H/PR:L/UI:R/S:C/C:N/I:H/A:H,LOCAL,HIGH,LOW,REQUIRED,CHANGED,NONE,HIGH,HIGH,5.9,MEDIUM,0,0.13195126220846465,0.1254,postgresql,postgresql,['CWE-79'],['cpe:2.3:a:postgresql:postgresql:*:*:*:*:*:*:*:*'],1,1
CVE-2023-12142,Unauthenticated remote code execution in query optimizer in oracle mysql component.,2024-04-24T00:00:00+00:00,2024-04-28T00:00:00+00:00,3.1,CVSS:3.1/AV:L/AC:H/PR:N/UI:N/S:U/C:H/I:L/A:N,LOCAL,HIGH,NONE,NONE,UNCHANGED,HIGH,LOW,NONE,6.8,MEDIUM,0,0.2625361243076398,0.2494,oracle,mysql,['CWE-416'],['cpe:2.3:a:oracle:mysql:*:*:*:*:*:*:*:*'],1,5
CVE-2022-12143,Unauthenticated remote code execution in query optimizer in oracle mysql component.,2025-06-18T00:00:00+00:00,2025-06-29T00:00:00+00:00,3.1,CVSS:3.1/AV:N/AC:L/PR:H/UI:R/S:C/C:N/I:H/A:H,NETWORK,LOW,HIGH,REQUIRED,CHANGED,NONE,HIGH,HIGH,9.0,CRITICAL,1,0.4428788948840266,0.4207,oracle,mysql,['CWE-20'],['cpe:2.3:a:oracle:mysql:*:*:*:*:*:*:*:*'],1,4
CVE-2026-12144,Command injection in management web interface in paloalto pan-os component.,2024-04-12T00:00:00+00:00,2024-04-27T00:00:00+00:00,3.1,CVSS:3.1/AV:P/AC:L/PR:L/UI:R/S:U/C:L/I:N/A:N,PHYSICAL,LOW,LOW,REQUIRED,UNCHANGED,LOW,NONE,NONE,4.0,MEDIUM,0,0.0001,0.0001,paloalto,pan-os,['CWE-79'],['cpe:2.3:a:paloalto:pan-os:*:*:*:*:*:*:*:*'],1,4
CVE-2026-12145,Command injection in management web interface in paloalto pan-os component.,2024-06-12T00:00:00+00:00,2024-06-23T00:00:00+00:00,3.1,CVSS:3.1/AV:N/AC:H/PR:N/UI:N/S:U/C:N/I:H/A:H,NETWORK,HIGH,NONE,NONE,UNCHANGED,NONE,HIGH,HIGH,9.3,CRITICAL,1,0.12431919831477957,0.1181,paloalto,pan-os,['CWE-79'],['cpe:2.3:a:paloalto:pan-os:*:*:*:*:*:*:*:*'],1,3
CVE-2022-12146,Integer overflow in HTTP request header processing in nginx nginx component.,2024-10-23T00:00:00+00:00,2024-12-21T00:00:00+00:00,3.1,CVSS:3.1/AV:P/AC:H/PR:N/UI:N/S:C/C:N/I:H/A:H,PHYSICAL,HIGH,NONE,NONE,CHANGED,NONE,HIGH,HIGH,7.9,HIGH,0,0.009302202546682833,0.0088,nginx,nginx,['CWE-787'],['cpe:2.3:a:nginx:nginx:*:*:*:*:*:*:*:*'],1,4
CVE-2024-12147,Buffer overflow in TLS handshake parser in openssl openssl component.,2024-08-10T00:00:00+00:00,2024-09-17T00:00:00+00:00,3.1,CVSS:3.1/AV:L/AC:L/PR:L/UI:N/S:U/C:L/I:L/A:L,LOCAL,LOW,LOW,NONE,UNCHANGED,LOW,LOW,LOW,5.8,MEDIUM,0,0.010550685603390217,0.01,openssl,openssl,['CWE-20'],['cpe:2.3:a:openssl:openssl:*:*:*:*:*:*:*:*'],1,1
CVE-2021-12148,Command injection in management web interface in paloalto pan-os component.,2021-09-26T00:00:00+00:00,2021-12-18T00:00:00+00:00,3.1,CVSS:3.1/AV:P/AC:L/PR:H/UI:R/S:U/C:N/I:H/A:L,PHYSICAL,LOW,HIGH,REQUIRED,UNCHANGED,NONE,HIGH,LOW,5.5,MEDIUM,0,0.05978416167380708,0.0568,paloalto,pan-os,['CWE-269'],['cpe:2.3:a:paloalto:pan-os:*:*:*:*:*:*:*:*'],1,1
CVE-2025-12149,Command injection in management web interface in paloalto pan-os component.,2022-10-10T00:00:00+00:00,2022-12-14T00:00:00+00:00,3.1,CVSS:3.1/AV:P/AC:H/PR:L/UI:N/S:U/C:H/I:N/A:L,PHYSICAL,HIGH,LOW,NONE,UNCHANGED,HIGH,NONE,LOW,4.7,MEDIUM,0,0.1285668155038929,0.1221,paloalto,pan-os,['CWE-20'],['cpe:2.3:a:paloalto:pan-os:*:*:*:*:*:*:*:*'],1,5
CVE-2023-12150,Privilege escalation via authenticated extension loading in postgresql postgresql component.,2023-04-16T00:00:00+00:00,2023-07-13T00:00:00+00:00,3.1,CVSS:3.1/AV:P/AC:H/PR:L/UI:N/S:U/C:N/I:L/A:H,PHYSICAL,HIGH,LOW,NONE,UNCHANGED,NONE,LOW,HIGH,5.1,MEDIUM,0,0.14978336627772398,0.1423,postgresql,postgresql,['CWE-79'],['cpe:2.3:a:postgresql:postgresql:*:*:*:*:*:*:*:*'],1,1
CVE-2022-12151,Denial of service via HTTP/2 frame flooding in apache http_server component.,2025-08-28T00:00:00+00:00,2025-11-07T00:00:00+00:00,3.1,CVSS:3.1/AV:A/AC:H/PR:N/UI:N/S:U/C:L/I:N/A:N,ADJACENT_NETWORK,HIGH,NONE,NONE,UNCHANGED,LOW,NONE,NONE,6.7,MEDIUM,0,0.39802558800251353,0.3781,apache,http_server,['CWE-119'],['cpe:2.3:a:apache:http_server:*:*:*:*:*:*:*:*'],1,3
CVE-2021-12152,Remote code execution in Kerberos authentication service in microsoft windows_server component.,2021-07-25T00:00:00+00:00,2021-10-03T00:00:00+00:00,3.1,CVSS:3.1/AV:L/AC:L/PR:N/UI:N/S:U/C:N/I:H/A:H,LOCAL,LOW,NONE,NONE,UNCHANGED,NONE,HIGH,HIGH,8.7,HIGH,0,0.4160620107042209,0.3953,microsoft,windows_server,['CWE-89'],['cpe:2.3:a:microsoft:windows_server:*:*:*:*:*:*:*:*'],1,3
CVE-2022-12153,Privilege escalation via authenticated extension loading in postgresql postgresql component.,2021-03-06T00:00:00+00:00,2021-05-16T00:00:00+00:00,3.1,CVSS:3.1/AV:A/AC:L/PR:H/UI:R/S:U/C:H/I:H/A:L,ADJACENT_NETWORK,LOW,HIGH,REQUIRED,UNCHANGED,HIGH,HIGH,LOW,7.6,HIGH,0,0.09323748274489711,0.0886,postgresql,postgresql,['CWE-119'],['cpe:2.3:a:postgresql:postgresql:*:*:*:*:*:*:*:*'],1,4
CVE-2022-12154,Buffer overflow in TLS handshake parser in openssl openssl component.,2024-01-06T00:00:00+00:00,2024-03-19T00:00:00+00:00,3.1,CVSS:3.1/AV:N/AC:H/PR:N/UI:R/S:U/C:L/I:H/A:H,NETWORK,HIGH,NONE,REQUIRED,UNCHANGED,LOW,HIGH,HIGH,8.9,HIGH,0,0.024528015005022396,0.0233,openssl,openssl,['CWE-200'],['cpe:2.3:a:openssl:openssl:*:*:*:*:*:*:*:*'],1,4
CVE-2024-12155,Remote code execution in Kerberos authentication service in microsoft windows_server component.,2022-01-13T00:00:00+00:00,2022-01-19T00:00:00+00:00,3.1,CVSS:3.1/AV:N/AC:L/PR:L/UI:N/S:U/C:L/I:H/A:H,NETWORK,LOW,LOW,NONE,UNCHANGED,LOW,HIGH,HIGH,9.5,CRITICAL,1,0.2156062976083216,0.2048,microsoft,windows_server,['CWE-20'],['cpe:2.3:a:microsoft:windows_server:*:*:*:*:*:*:*:*'],1,4
CVE-2024-12156,Buffer overflow in TLS handshake parser in openssl openssl component.,2021-08-22T00:00:00+00:00,2021-10-17T00:00:00+00:00,3.1,CVSS:3.1/AV:A/AC:H/PR:H/UI:R/S:U/C:H/I:H/A:H,ADJACENT_NETWORK,HIGH,HIGH,REQUIRED,UNCHANGED,HIGH,HIGH,HIGH,7.3,HIGH,0,0.030669577743524048,0.0291,openssl,openssl,['CWE-269'],['cpe:2.3:a:openssl:openssl:*:*:*:*:*:*:*:*'],1,1
CVE-2022-12157,Command injection in management web interface in paloalto pan-os component.,2023-07-29T00:00:00+00:00,2023-07-30T00:00:00+00:00,3.1,CVSS:3.1/AV:L/AC:L/PR:N/UI:N/S:C/C:H/I:L/A:L,LOCAL,LOW,NONE,NONE,CHANGED,HIGH,LOW,LOW,7.6,HIGH,0,0.09150946315069775,0.0869,paloalto,pan-os,['CWE-200'],['cpe:2.3:a:paloalto:pan-os:*:*:*:*:*:*:*:*'],1,3
CVE-2025-12158,Remote code execution in Kerberos authentication service in microsoft windows_server component.,2023-08-26T00:00:00+00:00,2023-09-14T00:00:00+00:00,3.1,CVSS:3.1/AV:P/AC:H/PR:L/UI:R/S:U/C:H/I:N/A:L,PHYSICAL,HIGH,LOW,REQUIRED,UNCHANGED,HIGH,NONE,LOW,4.3,MEDIUM,0,0.20614019189322622,0.1958,microsoft,windows_server,['CWE-416'],['cpe:2.3:a:microsoft:windows_server:*:*:*:*:*:*:*:*'],1,4
CVE-2022-12159,Denial of service via HTTP/2 frame flooding in apache http_server component.,2023-06-19T00:00:00+00:00,2023-08-16T00:00:00+00:00,3.1,CVSS:3.1/AV:N/AC:H/PR:N/UI:R/S:U/C:H/I:L/A:L,NETWORK,HIGH,NONE,REQUIRED,UNCHANGED,HIGH,LOW,LOW,7.8,HIGH,0,0.004410151744760094,0.0042,apache,http_server,['CWE-79'],['cpe:2.3:a:apache:http_server:*:*:*:*:*:*:*:*'],1,2
CVE-2024-12160,Remote code execution in Kerberos authentication service in microsoft windows_server component.,2025-05-09T00:00:00+00:00,2025-07-05T00:00:00+00:00,3.1,CVSS:3.1/AV:A/AC:L/PR:L/UI:R/S:C/C:N/I:L/A:N,ADJACENT_NETWORK,LOW,LOW,REQUIRED,CHANGED,NONE,LOW,NONE,6.2,MEDIUM,0,0.016704528169860403,0.0159,microsoft,windows_server,['CWE-119'],['cpe:2.3:a:microsoft:windows_server:*:*:*:*:*:*:*:*'],1,5
CVE-2024-12161,Remote code execution via unsafe deserialization in spring spring_framework component.,2025-03-11T00:00:00+00:00,2025-04-17T00:00:00+00:00,3.1,CVSS:3.1/AV:N/AC:L/PR:H/UI:N/S:U/C:H/I:H/A:H,NETWORK,LOW,HIGH,NONE,UNCHANGED,HIGH,HIGH,HIGH,10.0,CRITICAL,0,0.2288698393020979,0.2174,spring,spring_framework,['CWE-200'],['cpe:2.3:a:spring:spring_framework:*:*:*:*:*:*:*:*'],1,4
CVE-2023-12162,Denial of service via HTTP/2 frame flooding in apache http_server component.,2022-09-01T00:00:00+00:00,2022-10-22T00:00:00+00:00,3.1,CVSS:3.1/AV:P/AC:L/PR:L/UI:R/S:U/C:H/I:N/A:N,PHYSICAL,LOW,LOW,REQUIRED,UNCHANGED,HIGH,NONE,NONE,5.0,MEDIUM,0,0.1597738809323685,0.1518,apache,http_server,['CWE-200'],['cpe:2.3:a:apache:http_server:*:*:*:*:*:*:*:*'],1,1
CVE-2024-12163,Denial of service via HTTP/2 frame flooding in apache http_server component.,2023-05-03T00:00:00+00:00,2023-05-16T00:00:00+00:00,3.1,CVSS:3.1/AV:L/AC:L/PR:H/UI:N/S:C/C:N/I:L/A:H,LOCAL,LOW,HIGH,NONE,CHANGED,NONE,LOW,HIGH,7.0,HIGH,0,0.08104961866837233,0.077,apache,http_server,['CWE-119'],['cpe:2.3:a:apache:http_server:*:*:*:*:*:*:*:*'],1,1
CVE-2024-12164,Out-of-bounds memory access in V8 JavaScript engine in google chrome component.,2023-12-26T00:00:00+00:00,2024-02-18T00:00:00+00:00,3.1,CVSS:3.1/AV:A/AC:H/PR:L/UI:R/S:U/C:L/I:L/A:L,ADJACENT_NETWORK,HIGH,LOW,REQUIRED,UNCHANGED,LOW,LOW,LOW,4.2,MEDIUM,0,0.014979472553142576,0.0142,google,chrome,['CWE-416'],['cpe:2.3:a:google:chrome:*:*:*:*:*:*:*:*'],1,5
CVE-2024-12165,Out-of-bounds memory access in V8 JavaScript engine in google chrome component.,2024-04-29T00:00:00+00:00,2024-07-04T00:00:00+00:00,3.1,CVSS:3.1/AV:P/AC:L/PR:N/UI:R/S:U/C:N/I:N/A:L,PHYSICAL,LOW,NONE,REQUIRED,UNCHANGED,NONE,NONE,LOW,5.1,MEDIUM,0,0.004960997959651829,0.0047,google,chrome,['CWE-119'],['cpe:2.3:a:google:chrome:*:*:*:*:*:*:*:*'],1,4
CVE-2026-12166,Out-of-bounds memory access in V8 JavaScript engine in google chrome component.,2022-04-12T00:00:00+00:00,2022-06-03T00:00:00+00:00,3.1,CVSS:3.1/AV:A/AC:L/PR:L/UI:N/S:U/C:H/I:H/A:N,ADJACENT_NETWORK,LOW,LOW,NONE,UNCHANGED,HIGH,HIGH,NONE,8.0,HIGH,0,0.08395634663133399,0.0798,google,chrome,['CWE-89'],['cpe:2.3:a:google:chrome:*:*:*:*:*:*:*:*'],1,4
CVE-2024-12167,Buffer overflow in TLS handshake parser in openssl openssl component.,2022-11-07T00:00:00+00:00,2023-01-23T00:00:00+00:00,3.1,CVSS:3.1/AV:A/AC:H/PR:N/UI:N/S:C/C:N/I:L/A:H,ADJACENT_NETWORK,HIGH,NONE,NONE,CHANGED,NONE,LOW,HIGH,8.5,HIGH,0,0.06135898821686322,0.0583,openssl,openssl,['CWE-89'],['cpe:2.3:a:openssl:openssl:*:*:*:*:*:*:*:*'],1,5
CVE-2021-12168,Denial of service via HTTP/2 frame flooding in apache http_server component.,2024-01-18T00:00:00+00:00,2024-03-16T00:00:00+00:00,3.1,CVSS:3.1/AV:A/AC:L/PR:H/UI:N/S:C/C:L/I:N/A:H,ADJACENT_NETWORK,LOW,HIGH,NONE,CHANGED,LOW,NONE,HIGH,7.9,HIGH,0,0.01636897223406504,0.0156,apache,http_server,['CWE-119'],['cpe:2.3:a:apache:http_server:*:*:*:*:*:*:*:*'],1,1
CVE-2025-12169,Denial of service via HTTP/2 frame flooding in apache http_server component.,2021-08-22T00:00:00+00:00,2021-10-19T00:00:00+00:00,3.1,CVSS:3.1/AV:P/AC:L/PR:L/UI:R/S:C/C:H/I:H/A:H,PHYSICAL,LOW,LOW,REQUIRED,CHANGED,HIGH,HIGH,HIGH,7.6,HIGH,0,0.0008715940397241214,0.0008,apache,http_server,['CWE-200'],['cpe:2.3:a:apache:http_server:*:*:*:*:*:*:*:*'],1,5
CVE-2023-12170,Integer overflow in HTTP request header processing in nginx nginx component.,2024-04-06T00:00:00+00:00,2024-06-24T00:00:00+00:00,3.1,CVSS:3.1/AV:P/AC:L/PR:L/UI:N/S:U/C:N/I:L/A:N,PHYSICAL,LOW,LOW,NONE,UNCHANGED,NONE,LOW,NONE,5.1,MEDIUM,0,0.18104185968544587,0.172,nginx,nginx,['CWE-79'],['cpe:2.3:a:nginx:nginx:*:*:*:*:*:*:*:*'],1,3
CVE-2024-12171,Remote code execution via unsafe deserialization in spring spring_framework component.,2025-06-08T00:00:00+00:00,2025-07-21T00:00:00+00:00,3.1,CVSS:3.1/AV:P/AC:H/PR:H/UI:N/S:U/C:N/I:L/A:N,PHYSICAL,HIGH,HIGH,NONE,UNCHANGED,NONE,LOW,NONE,3.6,LOW,0,0.005133872415415348,0.0049,spring,spring_framework,['CWE-787'],['cpe:2.3:a:spring:spring_framework:*:*:*:*:*:*:*:*'],1,2
CVE-2024-12172,Unauthenticated remote code execution in query optimizer in oracle mysql component.,2025-10-31T00:00:00+00:00,2025-12-02T00:00:00+00:00,3.1,CVSS:3.1/AV:N/AC:H/PR:N/UI:N/S:U/C:H/I:L/A:L,NETWORK,HIGH,NONE,NONE,UNCHANGED,HIGH,LOW,LOW,8.2,HIGH,0,0.23372645142811188,0.222,oracle,mysql,['CWE-787'],['cpe:2.3:a:oracle:mysql:*:*:*:*:*:*:*:*'],1,2
CVE-2021-12173,Remote code execution in Kerberos authentication service in microsoft windows_server component.,2023-05-08T00:00:00+00:00,2023-07-24T00:00:00+00:00,3.1,CVSS:3.1/AV:L/AC:H/PR:N/UI:R/S:U/C:N/I:H/A:N,LOCAL,HIGH,NONE,REQUIRED,UNCHANGED,NONE,HIGH,NONE,6.0,MEDIUM,0,0.09415552704787296,0.0894,microsoft,windows_server,['CWE-20'],['cpe:2.3:a:microsoft:windows_server:*:*:*:*:*:*:*:*'],1,4
CVE-2022-12174,Remote code execution via unsafe deserialization in spring spring_framework component.,2024-11-29T00:00:00+00:00,2024-12-06T00:00:00+00:00,3.1,CVSS:3.1/AV:N/AC:L/PR:H/UI:N/S:C/C:N/I:L/A:L,NETWORK,LOW,HIGH,NONE,CHANGED,NONE,LOW,LOW,7.9,HIGH,0,0.05448422079700987,0.0518,spring,spring_framework,['CWE-269'],['cpe:2.3:a:spring:spring_framework:*:*:*:*:*:*:*:*'],1,2
CVE-2021-12175,Command injection in management web interface in paloalto pan-os component.,2023-03-08T00:00:00+00:00,2023-04-06T00:00:00+00:00,3.1,CVSS:3.1/AV:A/AC:H/PR:N/UI:N/S:U/C:L/I:H/A:H,ADJACENT_NETWORK,HIGH,NONE,NONE,UNCHANGED,LOW,HIGH,HIGH,8.3,HIGH,0,0.20303310304445005,0.1929,paloalto,pan-os,['CWE-269'],['cpe:2.3:a:paloalto:pan-os:*:*:*:*:*:*:*:*'],1,3
CVE-2021-12176,Out-of-bounds memory access in V8 JavaScript engine in google chrome component.,2025-03-25T00:00:00+00:00,2025-03-31T00:00:00+00:00,3.1,CVSS:3.1/AV:L/AC:L/PR:N/UI:R/S:U/C:H/I:L/A:H,LOCAL,LOW,NONE,REQUIRED,UNCHANGED,HIGH,LOW,HIGH,7.4,HIGH,0,0.006764582156154879,0.0064,google,chrome,['CWE-200'],['cpe:2.3:a:google:chrome:*:*:*:*:*:*:*:*'],1,3
CVE-2023-12177,Remote code execution via unsafe deserialization in spring spring_framework component.,2023-10-29T00:00:00+00:00,2023-11-27T00:00:00+00:00,3.1,CVSS:3.1/AV:L/AC:H/PR:N/UI:N/S:U/C:L/I:L/A:H,LOCAL,HIGH,NONE,NONE,UNCHANGED,LOW,LOW,HIGH,6.5,MEDIUM,0,0.002548675367997391,0.0024,spring,spring_framework,['CWE-119'],['cpe:2.3:a:spring:spring_framework:*:*:*:*:*:*:*:*'],1,5
CVE-2022-12178,Command injection in management web interface in paloalto pan-os component.,2022-10-22T00:00:00+00:00,2022-12-05T00:00:00+00:00,3.1,CVSS:3.1/AV:N/AC:H/PR:L/UI:N/S:U/C:L/I:H/A:N,NETWORK,HIGH,LOW,NONE,UNCHANGED,LOW,HIGH,NONE,7.2,HIGH,0,0.26183474425584985,0.2487,paloalto,pan-os,['CWE-200'],['cpe:2.3:a:paloalto:pan-os:*:*:*:*:*:*:*:*'],1,4
CVE-2022-12179,Remote code execution in Kerberos authentication service in microsoft windows_server component.,2021-08-06T00:00:00+00:00,2021-08-30T00:00:00+00:00,3.1,CVSS:3.1/AV:A/AC:H/PR:N/UI:N/S:C/C:N/I:H/A:H,ADJACENT_NETWORK,HIGH,NONE,NONE,CHANGED,NONE,HIGH,HIGH,9.1,CRITICAL,0,0.011758406481305475,0.0112,microsoft,windows_server,['CWE-200'],['cpe:2.3:a:microsoft:windows_server:*:*:*:*:*:*:*:*'],1,3
CVE-2021-12180,Use-after-free vulnerability in eBPF subsystem in linux linux_kernel component.,2025-08-17T00:00:00+00:00,2025-09-13T00:00:00+00:00,3.1,CVSS:3.1/AV:L/AC:H/PR:N/UI:N/S:C/C:L/I:N/A:N,LOCAL,HIGH,NONE,NONE,CHANGED,LOW,NONE,NONE,6.0,MEDIUM,0,0.01166599397821547,0.0111,linux,linux_kernel,['CWE-119'],['cpe:2.3:a:linux:linux_kernel:*:*:*:*:*:*:*:*'],1,1
CVE-2025-12181,Integer overflow in HTTP request header processing in nginx nginx component.,2023-03-31T00:00:00+00:00,2023-06-06T00:00:00+00:00,3.1,CVSS:3.1/AV:L/AC:L/PR:H/UI:R/S:C/C:L/I:H/A:H,LOCAL,LOW,HIGH,REQUIRED,CHANGED,LOW,HIGH,HIGH,7.5,HIGH,0,0.12410897713183147,0.1179,nginx,nginx,['CWE-787'],['cpe:2.3:a:nginx:nginx:*:*:*:*:*:*:*:*'],1,2
CVE-2026-12182,Use-after-free vulnerability in eBPF subsystem in linux linux_kernel component.,2021-03-07T00:00:00+00:00,2021-05-18T00:00:00+00:00,3.1,CVSS:3.1/AV:A/AC:L/PR:L/UI:R/S:U/C:L/I:H/A:N,ADJACENT_NETWORK,LOW,LOW,REQUIRED,UNCHANGED,LOW,HIGH,NONE,6.1,MEDIUM,0,0.26425260871852213,0.251,linux,linux_kernel,['CWE-416'],['cpe:2.3:a:linux:linux_kernel:*:*:*:*:*:*:*:*'],1,4
CVE-2021-12183,Remote code execution via unsafe deserialization in spring spring_framework component.,2021-05-17T00:00:00+00:00,2021-06-13T00:00:00+00:00,3.1,CVSS:3.1/AV:A/AC:H/PR:N/UI:R/S:C/C:N/I:L/A:H,ADJACENT_NETWORK,HIGH,NONE,REQUIRED,CHANGED,NONE,LOW,HIGH,7.0,HIGH,0,0.0031493466329967335,0.003,spring,spring_framework,['CWE-89'],['cpe:2.3:a:spring:spring_framework:*:*:*:*:*:*:*:*'],1,1
CVE-2026-12184,Integer overflow in HTTP request header processing in nginx nginx component.,2022-04-09T00:00:00+00:00,2022-05-17T00:00:00+00:00,3.1,CVSS:3.1/AV:N/AC:L/PR:L/UI:N/S:U/C:H/I:N/A:H,NETWORK,LOW,LOW,NONE,UNCHANGED,HIGH,NONE,HIGH,9.6,CRITICAL,0,0.07430239024877676,0.0706,nginx,nginx,['CWE-200'],['cpe:2.3:a:nginx:nginx:*:*:*:*:*:*:*:*'],1,1
CVE-2025-12185,Out-of-bounds memory access in V8 JavaScript engine in google chrome component.,2025-06-10T00:00:00+00:00,2025-07-10T00:00:00+00:00,3.1,CVSS:3.1/AV:N/AC:H/PR:H/UI:N/S:U/C:H/I:N/A:L,NETWORK,HIGH,HIGH,NONE,UNCHANGED,HIGH,NONE,LOW,7.0,HIGH,0,0.09742523442264919,0.0926,google,chrome,['CWE-269'],['cpe:2.3:a:google:chrome:*:*:*:*:*:*:*:*'],1,3
CVE-2021-12186,Buffer overflow in TLS handshake parser in openssl openssl component.,2024-01-20T00:00:00+00:00,2024-02-02T00:00:00+00:00,3.1,CVSS:3.1/AV:L/AC:H/PR:L/UI:N/S:C/C:H/I:L/A:N,LOCAL,HIGH,LOW,NONE,CHANGED,HIGH,LOW,NONE,6.2,MEDIUM,0,0.04479778213619113,0.0426,openssl,openssl,['CWE-20'],['cpe:2.3:a:openssl:openssl:*:*:*:*:*:*:*:*'],1,2
CVE-2022-12187,Use-after-free vulnerability in eBPF subsystem in linux linux_kernel component.,2025-07-14T00:00:00+00:00,2025-08-31T00:00:00+00:00,3.1,CVSS:3.1/AV:N/AC:H/PR:L/UI:R/S:C/C:H/I:N/A:N,NETWORK,HIGH,LOW,REQUIRED,CHANGED,HIGH,NONE,NONE,7.4,HIGH,0,0.1151101112858445,0.1094,linux,linux_kernel,['CWE-416'],['cpe:2.3:a:linux:linux_kernel:*:*:*:*:*:*:*:*'],1,1
CVE-2024-12188,Unauthenticated remote code execution in query optimizer in oracle mysql component.,2022-07-16T00:00:00+00:00,2022-07-18T00:00:00+00:00,3.1,CVSS:3.1/AV:L/AC:L/PR:L/UI:R/S:C/C:N/I:H/A:H,LOCAL,LOW,LOW,REQUIRED,CHANGED,NONE,HIGH,HIGH,6.6,MEDIUM,0,0.011019264160934706,0.0105,oracle,mysql,['CWE-79'],['cpe:2.3:a:oracle:mysql:*:*:*:*:*:*:*:*'],1,2
CVE-2021-12189,Integer overflow in HTTP request header processing in nginx nginx component.,2022-10-18T00:00:00+00:00,2022-11-27T00:00:00+00:00,3.1,CVSS:3.1/AV:A/AC:H/PR:L/UI:N/S:U/C:H/I:N/A:L,ADJACENT_NETWORK,HIGH,LOW,NONE,UNCHANGED,HIGH,NONE,LOW,6.9,MEDIUM,0,0.282632680671962,0.2685,nginx,nginx,['CWE-79'],['cpe:2.3:a:nginx:nginx:*:*:*:*:*:*:*:*'],1,1
CVE-2026-12190,Buffer overflow in TLS handshake parser in openssl openssl component.,2022-02-13T00:00:00+00:00,2022-03-26T00:00:00+00:00,3.1,CVSS:3.1/AV:P/AC:H/PR:H/UI:R/S:U/C:H/I:H/A:H,PHYSICAL,HIGH,HIGH,REQUIRED,UNCHANGED,HIGH,HIGH,HIGH,6.4,MEDIUM,0,0.0002569632323431958,0.0002,openssl,openssl,['CWE-89'],['cpe:2.3:a:openssl:openssl:*:*:*:*:*:*:*:*'],1,1
CVE-2022-12191,Command injection in management web interface in paloalto pan-os component.,2023-09-11T00:00:00+00:00,2023-10-30T00:00:00+00:00,3.1,CVSS:3.1/AV:P/AC:H/PR:H/UI:R/S:U/C:N/I:H/A:L,PHYSICAL,HIGH,HIGH,REQUIRED,UNCHANGED,NONE,HIGH,LOW,3.6,LOW,0,0.01028347310641792,0.0098,paloalto,pan-os,['CWE-119'],['cpe:2.3:a:paloalto:pan-os:*:*:*:*:*:*:*:*'],1,2
CVE-2024-12192,Remote code execution via unsafe deserialization in spring spring_framework component.,2021-07-11T00:00:00+00:00,2021-09-22T00:00:00+00:00,3.1,CVSS:3.1/AV:L/AC:L/PR:N/UI:N/S:U/C:H/I:N/A:L,LOCAL,LOW,NONE,NONE,UNCHANGED,HIGH,NONE,LOW,8.0,HIGH,0,0.19034482378149659,0.1808,spring,spring_framework,['CWE-89'],['cpe:2.3:a:spring:spring_framework:*:*:*:*:*:*:*:*'],1,3
CVE-2023-12193,Command injection in management web interface in paloalto pan-os component.,2021-01-05T00:00:00+00:00,2021-02-23T00:00:00+00:00,3.1,CVSS:3.1/AV:P/AC:L/PR:H/UI:N/S:C/C:L/I:N/A:N,PHYSICAL,LOW,HIGH,NONE,CHANGED,LOW,NONE,NONE,5.8,MEDIUM,0,0.002120862723200647,0.002,paloalto,pan-os,['CWE-200'],['cpe:2.3:a:paloalto:pan-os:*:*:*:*:*:*:*:*'],1,5
CVE-2025-12194,Remote code execution via unsafe deserialization in spring spring_framework component.,2022-04-17T00:00:00+00:00,2022-05-18T00:00:00+00:00,3.1,CVSS:3.1/AV:L/AC:L/PR:L/UI:R/S:U/C:H/I:H/A:L,LOCAL,LOW,LOW,REQUIRED,UNCHANGED,HIGH,HIGH,LOW,6.9,MEDIUM,0,0.009818949204970713,0.0093,spring,spring_framework,['CWE-416'],['cpe:2.3:a:spring:spring_framework:*:*:*:*:*:*:*:*'],1,5
CVE-2026-12195,Use-after-free vulnerability in eBPF subsystem in linux linux_kernel component.,2021-03-18T00:00:00+00:00,2021-05-22T00:00:00+00:00,3.1,CVSS:3.1/AV:P/AC:H/PR:L/UI:N/S:C/C:N/I:H/A:H,PHYSICAL,HIGH,LOW,NONE,CHANGED,NONE,HIGH,HIGH,5.8,MEDIUM,0,0.053583284707503114,0.0509,linux,linux_kernel,['CWE-89'],['cpe:2.3:a:linux:linux_kernel:*:*:*:*:*:*:*:*'],1,4
CVE-2022-12196,Out-of-bounds memory access in V8 JavaScript engine in google chrome component.,2024-02-10T00:00:00+00:00,2024-03-24T00:00:00+00:00,3.1,CVSS:3.1/AV:L/AC:L/PR:L/UI:R/S:U/C:L/I:N/A:H,LOCAL,LOW,LOW,REQUIRED,UNCHANGED,LOW,NONE,HIGH,5.9,MEDIUM,0,0.02314538907555192,0.022,google,chrome,['CWE-269'],['cpe:2.3:a:google:chrome:*:*:*:*:*:*:*:*'],1,2
CVE-2026-12197,Remote code execution via unsafe deserialization in spring spring_framework component.,2023-12-08T00:00:00+00:00,2024-02-26T00:00:00+00:00,3.1,CVSS:3.1/AV:L/AC:H/PR:L/UI:N/S:U/C:H/I:L/A:H,LOCAL,HIGH,LOW,NONE,UNCHANGED,HIGH,LOW,HIGH,6.8,MEDIUM,0,0.007549800033024226,0.0072,spring,spring_framework,['CWE-416'],['cpe:2.3:a:spring:spring_framework:*:*:*:*:*:*:*:*'],1,3
CVE-2022-12198,Unauthenticated remote code execution in query optimizer in oracle mysql component.,2022-10-23T00:00:00+00:00,2023-01-08T00:00:00+00:00,3.1,CVSS:3.1/AV:N/AC:H/PR:L/UI:R/S:U/C:L/I:L/A:N,NETWORK,HIGH,LOW,REQUIRED,UNCHANGED,LOW,LOW,NONE,5.2,MEDIUM,0,0.029409782803023143,0.0279,oracle,mysql,['CWE-119'],['cpe:2.3:a:oracle:mysql:*:*:*:*:*:*:*:*'],1,1
CVE-2025-12199,Buffer overflow in TLS handshake parser in openssl openssl component.,2025-06-23T00:00:00+00:00,2025-09-07T00:00:00+00:00,3.1,CVSS:3.1/AV:L/AC:H/PR:N/UI:R/S:U/C:L/I:L/A:H,LOCAL,HIGH,NONE,REQUIRED,UNCHANGED,LOW,LOW,HIGH,5.5,MEDIUM,0,0.12505334351959138,0.1188,openssl,openssl,['CWE-416'],['cpe:2.3:a:openssl:openssl:*:*:*:*:*:*:*:*'],1,4
CVE-2024-12200,Remote code execution via unsafe deserialization in spring spring_framework component.,2023-05-31T00:00:00+00:00,2023-07-28T00:00:00+00:00,3.1,CVSS:3.1/AV:L/AC:H/PR:N/UI:R/S:U/C:L/I:H/A:H,LOCAL,HIGH,NONE,REQUIRED,UNCHANGED,LOW,HIGH,HIGH,6.8,MEDIUM,0,0.28633442799276726,0.272,spring,spring_framework,['CWE-20'],['cpe:2.3:a:spring:spring_framework:*:*:*:*:*:*:*:*'],1,4
CVE-2021-12201,Out-of-bounds memory access in V8 JavaScript engine in google chrome component.,2021-06-24T00:00:00+00:00,2021-07-28T00:00:00+00:00,3.1,CVSS:3.1/AV:P/AC:L/PR:N/UI:N/S:U/C:H/I:L/A:H,PHYSICAL,LOW,NONE,NONE,UNCHANGED,HIGH,LOW,HIGH,7.9,HIGH,0,0.029213050866107947,0.0278,google,chrome,['CWE-787'],['cpe:2.3:a:google:chrome:*:*:*:*:*:*:*:*'],1,1
CVE-2024-12202,Unauthenticated remote code execution in query optimizer in oracle mysql component.,2023-09-11T00:00:00+00:00,2023-10-27T00:00:00+00:00,3.1,CVSS:3.1/AV:P/AC:H/PR:H/UI:R/S:U/C:H/I:L/A:N,PHYSICAL,HIGH,HIGH,REQUIRED,UNCHANGED,HIGH,LOW,NONE,4.0,MEDIUM,0,0.01631870722390812,0.0155,oracle,mysql,['CWE-416'],['cpe:2.3:a:oracle:mysql:*:*:*:*:*:*:*:*'],1,1
CVE-2024-12203,Denial of service via HTTP/2 frame flooding in apache http_server component.,2023-10-04T00:00:00+00:00,2023-12-28T00:00:00+00:00,3.1,CVSS:3.1/AV:L/AC:H/PR:H/UI:N/S:U/C:L/I:H/A:N,LOCAL,HIGH,HIGH,NONE,UNCHANGED,LOW,HIGH,NONE,5.0,MEDIUM,0,0.007874670404155217,0.0075,apache,http_server,['CWE-269'],['cpe:2.3:a:apache:http_server:*:*:*:*:*:*:*:*'],1,5
CVE-2025-12204,Remote code execution in Kerberos authentication service in microsoft windows_server component.,2023-11-26T00:00:00+00:00,2024-01-07T00:00:00+00:00,3.1,CVSS:3.1/AV:N/AC:H/PR:L/UI:N/S:C/C:L/I:L/A:H,NETWORK,HIGH,LOW,NONE,CHANGED,LOW,LOW,HIGH,7.4,HIGH,0,0.025257966242691613,0.024,microsoft,windows_server,['CWE-119'],['cpe:2.3:a:microsoft:windows_server:*:*:*:*:*:*:*:*'],1,4
CVE-2023-12205,Unauthenticated remote code execution in query optimizer in oracle mysql component.,2021-04-04T00:00:00+00:00,2021-04-22T00:00:00+00:00,3.1,CVSS:3.1/AV:L/AC:L/PR:H/UI:R/S:U/C:L/I:H/A:H,LOCAL,LOW,HIGH,REQUIRED,UNCHANGED,LOW,HIGH,HIGH,7.0,HIGH,0,0.426804206929882,0.4055,oracle,mysql,['CWE-89'],['cpe:2.3:a:oracle:mysql:*:*:*:*:*:*:*:*'],1,3
CVE-2021-12206,Integer overflow in HTTP request header processing in nginx nginx component.,2022-09-08T00:00:00+00:00,2022-09-13T00:00:00+00:00,3.1,CVSS:3.1/AV:A/AC:H/PR:N/UI:N/S:C/C:H/I:L/A:L,ADJACENT_NETWORK,HIGH,NONE,NONE,CHANGED,HIGH,LOW,LOW,8.5,HIGH,0,0.08024269647579542,0.0762,nginx,nginx,['CWE-89'],['cpe:2.3:a:nginx:nginx:*:*:*:*:*:*:*:*'],1,4
CVE-2025-12207,Use-after-free vulnerability in eBPF subsystem in linux linux_kernel component.,2025-06-06T00:00:00+00:00,2025-06-16T00:00:00+00:00,3.1,CVSS:3.1/AV:P/AC:L/PR:H/UI:R/S:U/C:H/I:L/A:H,PHYSICAL,LOW,HIGH,REQUIRED,UNCHANGED,HIGH,LOW,HIGH,6.6,MEDIUM,0,0.15253613124258117,0.1449,linux,linux_kernel,['CWE-20'],['cpe:2.3:a:linux:linux_kernel:*:*:*:*:*:*:*:*'],1,4
CVE-2023-12208,Privilege escalation via authenticated extension loading in postgresql postgresql component.,2023-11-15T00:00:00+00:00,2023-12-30T00:00:00+00:00,3.1,CVSS:3.1/AV:A/AC:L/PR:H/UI:N/S:U/C:N/I:N/A:L,ADJACENT_NETWORK,LOW,HIGH,NONE,UNCHANGED,NONE,NONE,LOW,6.5,MEDIUM,0,0.04796914079374115,0.0456,postgresql,postgresql,['CWE-416'],['cpe:2.3:a:postgresql:postgresql:*:*:*:*:*:*:*:*'],1,5
CVE-2021-12209,Unauthenticated remote code execution in query optimizer in oracle mysql component.,2025-07-10T00:00:00+00:00,2025-09-27T00:00:00+00:00,3.1,CVSS:3.1/AV:A/AC:L/PR:L/UI:R/S:U/C:H/I:L/A:L,ADJACENT_NETWORK,LOW,LOW,REQUIRED,UNCHANGED,HIGH,LOW,LOW,6.4,MEDIUM,0,0.0273891837103553,0.026,oracle,mysql,['CWE-269'],['cpe:2.3:a:oracle:mysql:*:*:*:*:*:*:*:*'],1,5
CVE-2024-12210,Remote code execution in Kerberos authentication service in microsoft windows_server component.,2021-04-10T00:00:00+00:00,2021-05-08T00:00:00+00:00,3.1,CVSS:3.1/AV:P/AC:H/PR:L/UI:N/S:U/C:N/I:H/A:L,PHYSICAL,HIGH,LOW,NONE,UNCHANGED,NONE,HIGH,LOW,4.9,MEDIUM,0,0.0025643145126930493,0.0024,microsoft,windows_server,['CWE-119'],['cpe:2.3:a:microsoft:windows_server:*:*:*:*:*:*:*:*'],1,3
CVE-2026-12211,Use-after-free vulnerability in eBPF subsystem in linux linux_kernel component.,2022-07-31T00:00:00+00:00,2022-08-28T00:00:00+00:00,3.1,CVSS:3.1/AV:L/AC:H/PR:H/UI:R/S:U/C:N/I:N/A:H,LOCAL,HIGH,HIGH,REQUIRED,UNCHANGED,NONE,NONE,HIGH,4.8,MEDIUM,0,0.3314263318023843,0.3149,linux,linux_kernel,['CWE-79'],['cpe:2.3:a:linux:linux_kernel:*:*:*:*:*:*:*:*'],1,2
CVE-2022-12212,Privilege escalation via authenticated extension loading in postgresql postgresql component.,2023-01-30T00:00:00+00:00,2023-03-28T00:00:00+00:00,3.1,CVSS:3.1/AV:P/AC:L/PR:L/UI:N/S:C/C:N/I:N/A:L,PHYSICAL,LOW,LOW,NONE,CHANGED,NONE,NONE,LOW,5.2,MEDIUM,0,0.00025314753466913645,0.0002,postgresql,postgresql,['CWE-200'],['cpe:2.3:a:postgresql:postgresql:*:*:*:*:*:*:*:*'],1,3
CVE-2024-12213,Unauthenticated remote code execution in query optimizer in oracle mysql component.,2023-08-04T00:00:00+00:00,2023-09-28T00:00:00+00:00,3.1,CVSS:3.1/AV:A/AC:H/PR:N/UI:R/S:U/C:L/I:L/A:H,ADJACENT_NETWORK,HIGH,NONE,REQUIRED,UNCHANGED,LOW,LOW,HIGH,7.1,HIGH,0,0.08941692739149078,0.0849,oracle,mysql,['CWE-269'],['cpe:2.3:a:oracle:mysql:*:*:*:*:*:*:*:*'],1,1
CVE-2025-12214,Remote code execution via unsafe deserialization in spring spring_framework component.,2024-02-10T00:00:00+00:00,2024-04-28T00:00:00+00:00,3.1,CVSS:3.1/AV:P/AC:H/PR:L/UI:R/S:C/C:H/I:L/A:H,PHYSICAL,HIGH,LOW,REQUIRED,CHANGED,HIGH,LOW,HIGH,5.6,MEDIUM,0,0.20190907374580905,0.1918,spring,spring_framework,['CWE-200'],['cpe:2.3:a:spring:spring_framework:*:*:*:*:*:*:*:*'],1,2
CVE-2025-12215,Use-after-free vulnerability in eBPF subsystem in linux linux_kernel component.,2024-12-30T00:00:00+00:00,2025-02-11T00:00:00+00:00,3.1,CVSS:3.1/AV:A/AC:H/PR:N/UI:R/S:C/C:L/I:N/A:N,ADJACENT_NETWORK,HIGH,NONE,REQUIRED,CHANGED,LOW,NONE,NONE,6.0,MEDIUM,0,0.04890907617102859,0.0465,linux,linux_kernel,['CWE-787'],['cpe:2.3:a:linux:linux_kernel:*:*:*:*:*:*:*:*'],1,4
CVE-2024-12216,Integer overflow in HTTP request header processing in nginx nginx component.,2024-02-16T00:00:00+00:00,2024-04-17T00:00:00+00:00,3.1,CVSS:3.1/AV:L/AC:L/PR:L/UI:N/S:U/C:L/I:L/A:L,LOCAL,LOW,LOW,NONE,UNCHANGED,LOW,LOW,LOW,5.8,MEDIUM,0,0.03982129997223621,0.0378,nginx,nginx,['CWE-269'],['cpe:2.3:a:nginx:nginx:*:*:*:*:*:*:*:*'],1,1
CVE-2025-12217,Use-after-free vulnerability in eBPF subsystem in linux linux_kernel component.,2023-07-01T00:00:00+00:00,2023-08-15T00:00:00+00:00,3.1,CVSS:3.1/AV:A/AC:H/PR:N/UI:N/S:C/C:L/I:N/A:H,ADJACENT_NETWORK,HIGH,NONE,NONE,CHANGED,LOW,NONE,HIGH,8.7,HIGH,0,0.14509330529935727,0.1378,linux,linux_kernel,['CWE-119'],['cpe:2.3:a:linux:linux_kernel:*:*:*:*:*:*:*:*'],1,1
CVE-2025-12218,Out-of-bounds memory access in V8 JavaScript engine in google chrome component.,2021-04-30T00:00:00+00:00,2021-05-05T00:00:00+00:00,3.1,CVSS:3.1/AV:N/AC:H/PR:H/UI:N/S:C/C:L/I:L/A:L,NETWORK,HIGH,HIGH,NONE,CHANGED,LOW,LOW,LOW,6.2,MEDIUM,0,0.07756089661966944,0.0737,google,chrome,['CWE-89'],['cpe:2.3:a:google:chrome:*:*:*:*:*:*:*:*'],1,2
CVE-2026-12219,Use-after-free vulnerability in eBPF subsystem in linux linux_kernel component.,2022-06-24T00:00:00+00:00,2022-08-07T00:00:00+00:00,3.1,CVSS:3.1/AV:A/AC:H/PR:H/UI:R/S:C/C:N/I:L/A:N,ADJACENT_NETWORK,HIGH,HIGH,REQUIRED,CHANGED,NONE,LOW,NONE,4.7,MEDIUM,0,0.20566551196956157,0.1954,linux,linux_kernel,['CWE-119'],['cpe:2.3:a:linux:linux_kernel:*:*:*:*:*:*:*:*'],1,2
CVE-2024-12220,Remote code execution in Kerberos authentication service in microsoft windows_server component.,2021-03-07T00:00:00+00:00,2021-05-27T00:00:00+00:00,3.1,CVSS:3.1/AV:N/AC:L/PR:L/UI:R/S:U/C:H/I:H/A:N,NETWORK,LOW,LOW,REQUIRED,UNCHANGED,HIGH,HIGH,NONE,8.1,HIGH,1,0.5328105061911445,0.5062,microsoft,windows_server,['CWE-119'],['cpe:2.3:a:microsoft:windows_server:*:*:*:*:*:*:*:*'],1,3
CVE-2026-12221,Out-of-bounds memory access in V8 JavaScript engine in google chrome component.,2023-01-11T00:00:00+00:00,2023-03-06T00:00:00+00:00,3.1,CVSS:3.1/AV:N/AC:L/PR:H/UI:R/S:C/C:N/I:N/A:H,NETWORK,LOW,HIGH,REQUIRED,CHANGED,NONE,NONE,HIGH,8.1,HIGH,1,0.030582285338949498,0.0291,google,chrome,['CWE-269'],['cpe:2.3:a:google:chrome:*:*:*:*:*:*:*:*'],1,5
CVE-2026-12222,Privilege escalation via authenticated extension loading in postgresql postgresql component.,2023-07-07T00:00:00+00:00,2023-08-12T00:00:00+00:00,3.1,CVSS:3.1/AV:P/AC:H/PR:N/UI:R/S:C/C:L/I:L/A:L,PHYSICAL,HIGH,NONE,REQUIRED,CHANGED,LOW,LOW,LOW,4.6,MEDIUM,0,0.0006285473058832523,0.0006,postgresql,postgresql,['CWE-79'],['cpe:2.3:a:postgresql:postgresql:*:*:*:*:*:*:*:*'],1,5
CVE-2025-12223,Remote code execution in Kerberos authentication service in microsoft windows_server component.,2023-09-25T00:00:00+00:00,2023-12-20T00:00:00+00:00,3.1,CVSS:3.1/AV:N/AC:H/PR:H/UI:R/S:C/C:L/I:H/A:H,NETWORK,HIGH,HIGH,REQUIRED,CHANGED,LOW,HIGH,HIGH,8.2,HIGH,0,0.016055289772851866,0.0153,microsoft,windows_server,['CWE-416'],['cpe:2.3:a:microsoft:windows_server:*:*:*:*:*:*:*:*'],1,5
CVE-2026-12224,Command injection in management web interface in paloalto pan-os component.,2024-06-11T00:00:00+00:00,2024-06-14T00:00:00+00:00,3.1,CVSS:3.1/AV:L/AC:L/PR:L/UI:R/S:C/C:H/I:H/A:L,LOCAL,LOW,LOW,REQUIRED,CHANGED,HIGH,HIGH,LOW,7.1,HIGH,0,0.0005442923414273834,0.0005,paloalto,pan-os,['CWE-20'],['cpe:2.3:a:paloalto:pan-os:*:*:*:*:*:*:*:*'],1,5
CVE-2021-12225,Out-of-bounds memory access in V8 JavaScript engine in google chrome component.,2022-07-20T00:00:00+00:00,2022-08-11T00:00:00+00:00,3.1,CVSS:3.1/AV:A/AC:L/PR:N/UI:N/S:U/C:L/I:L/A:L,ADJACENT_NETWORK,LOW,NONE,NONE,UNCHANGED,LOW,LOW,LOW,7.3,HIGH,0,0.2506608142854802,0.2381,google,chrome,['CWE-20'],['cpe:2.3:a:google:chrome:*:*:*:*:*:*:*:*'],1,3
CVE-2024-12226,Use-after-free vulnerability in eBPF subsystem in linux linux_kernel component.,2024-10-25T00:00:00+00:00,2024-11-25T00:00:00+00:00,3.1,CVSS:3.1/AV:P/AC:L/PR:N/UI:N/S:C/C:N/I:L/A:N,PHYSICAL,LOW,NONE,NONE,CHANGED,NONE,LOW,NONE,6.4,MEDIUM,0,0.28400137735374653,0.2698,linux,linux_kernel,['CWE-119'],['cpe:2.3:a:linux:linux_kernel:*:*:*:*:*:*:*:*'],1,1
CVE-2024-12227,Remote code execution via unsafe deserialization in spring spring_framework component.,2023-02-10T00:00:00+00:00,2023-02-15T00:00:00+00:00,3.1,CVSS:3.1/AV:L/AC:H/PR:L/UI:R/S:U/C:N/I:H/A:H,LOCAL,HIGH,LOW,REQUIRED,UNCHANGED,NONE,HIGH,HIGH,5.7,MEDIUM,0,0.44629310302563746,0.424,spring,spring_framework,['CWE-79'],['cpe:2.3:a:spring:spring_framework:*:*:*:*:*:*:*:*'],1,3
CVE-2026-12228,Integer overflow in HTTP request header processing in nginx nginx component.,2025-02-25T00:00:00+00:00,2025-05-01T00:00:00+00:00,3.1,CVSS:3.1/AV:L/AC:L/PR:L/UI:R/S:C/C:L/I:N/A:N,LOCAL,LOW,LOW,REQUIRED,CHANGED,LOW,NONE,NONE,5.2,MEDIUM,0,0.3758918823640313,0.3571,nginx,nginx,['CWE-119'],['cpe:2.3:a:nginx:nginx:*:*:*:*:*:*:*:*'],1,3
CVE-2023-12229,Out-of-bounds memory access in V8 JavaScript engine in google chrome component.,2022-08-01T00:00:00+00:00,2022-08-15T00:00:00+00:00,3.1,CVSS:3.1/AV:N/AC:L/PR:H/UI:N/S:C/C:H/I:N/A:L,NETWORK,LOW,HIGH,NONE,CHANGED,HIGH,NONE,LOW,8.9,HIGH,0,0.6294756107161175,0.598,google,chrome,['CWE-416'],['cpe:2.3:a:google:chrome:*:*:*:*:*:*:*:*'],1,4
CVE-2024-12230,Use-after-free vulnerability in eBPF subsystem in linux linux_kernel component.,2023-09-09T00:00:00+00:00,2023-10-18T00:00:00+00:00,3.1,CVSS:3.1/AV:N/AC:L/PR:N/UI:N/S:C/C:N/I:H/A:H,NETWORK,LOW,NONE,NONE,CHANGED,NONE,HIGH,HIGH,10.0,CRITICAL,1,0.42069647723744646,0.3997,linux,linux_kernel,['CWE-89'],['cpe:2.3:a:linux:linux_kernel:*:*:*:*:*:*:*:*'],1,3
CVE-2023-12231,Remote code execution via unsafe deserialization in spring spring_framework component.,2022-02-05T00:00:00+00:00,2022-03-12T00:00:00+00:00,3.1,CVSS:3.1/AV:P/AC:H/PR:H/UI:N/S:C/C:N/I:H/A:H,PHYSICAL,HIGH,HIGH,NONE,CHANGED,NONE,HIGH,HIGH,6.3,MEDIUM,0,0.19782198750766122,0.1879,spring,spring_framework,['CWE-269'],['cpe:2.3:a:spring:spring_framework:*:*:*:*:*:*:*:*'],1,2
CVE-2024-12232,Denial of service via HTTP/2 frame flooding in apache http_server component.,2024-02-02T00:00:00+00:00,2024-04-20T00:00:00+00:00,3.1,CVSS:3.1/AV:L/AC:H/PR:H/UI:N/S:C/C:H/I:H/A:N,LOCAL,HIGH,HIGH,NONE,CHANGED,HIGH,HIGH,NONE,7.1,HIGH,0,0.00034161547394542834,0.0003,apache,http_server,['CWE-89'],['cpe:2.3:a:apache:http_server:*:*:*:*:*:*:*:*'],1,5
CVE-2023-12233,Remote code execution in Kerberos authentication service in microsoft windows_server component.,2023-01-10T00:00:00+00:00,2023-03-18T00:00:00+00:00,3.1,CVSS:3.1/AV:N/AC:H/PR:L/UI:R/S:U/C:N/I:H/A:N,NETWORK,HIGH,LOW,REQUIRED,UNCHANGED,NONE,HIGH,NONE,6.2,MEDIUM,0,0.04556110940742397,0.0433,microsoft,windows_server,['CWE-79'],['cpe:2.3:a:microsoft:windows_server:*:*:*:*:*:*:*:*'],1,5
CVE-2023-12234,Privilege escalation via authenticated extension loading in postgresql postgresql component.,2023-12-27T00:00:00+00:00,2024-03-10T00:00:00+00:00,3.1,CVSS:3.1/AV:N/AC:L/PR:H/UI:N/S:U/C:H/I:N/A:L,NETWORK,LOW,HIGH,NONE,UNCHANGED,HIGH,NONE,LOW,8.3,HIGH,0,0.24441008271651377,0.2322,postgresql,postgresql,['CWE-119'],['cpe:2.3:a:postgresql:postgresql:*:*:*:*:*:*:*:*'],1,3
CVE-2026-12235,Command injection in management web interface in paloalto pan-os component.,2024-05-27T00:00:00+00:00,2024-06-19T00:00:00+00:00,3.1,CVSS:3.1/AV:L/AC:L/PR:N/UI:R/S:C/C:H/I:N/A:N,LOCAL,LOW,NONE,REQUIRED,CHANGED,HIGH,NONE,NONE,7.4,HIGH,0,0.05332313677215428,0.0507,paloalto,pan-os,['CWE-79'],['cpe:2.3:a:paloalto:pan-os:*:*:*:*:*:*:*:*'],1,2
CVE-2025-12236,Denial of service via HTTP/2 frame flooding in apache http_server component.,2022-10-06T00:00:00+00:00,2022-10-26T00:00:00+00:00,3.1,CVSS:3.1/AV:P/AC:L/PR:L/UI:N/S:U/C:L/I:H/A:L,PHYSICAL,LOW,LOW,NONE,UNCHANGED,LOW,HIGH,LOW,6.4,MEDIUM,0,0.010781837395106334,0.0102,apache,http_server,['CWE-79'],['cpe:2.3:a:apache:http_server:*:*:*:*:*:*:*:*'],1,2
CVE-2021-12237,Privilege escalation via authenticated extension loading in postgresql postgresql component.,2022-11-12T00:00:00+00:00,2023-02-03T00:00:00+00:00,3.1,CVSS:3.1/AV:L/AC:H/PR:N/UI:N/S:U/C:L/I:N/A:N,LOCAL,HIGH,NONE,NONE,UNCHANGED,LOW,NONE,NONE,6.0,MEDIUM,0,0.03382120517605362,0.0321,postgresql,postgresql,['CWE-119'],['cpe:2.3:a:postgresql:postgresql:*:*:*:*:*:*:*:*'],1,1
CVE-2023-12238,Use-after-free vulnerability in eBPF subsystem in linux linux_kernel component.,2021-01-22T00:00:00+00:00,2021-03-21T00:00:00+00:00,3.1,CVSS:3.1/AV:P/AC:L/PR:H/UI:N/S:U/C:H/I:H/A:L,PHYSICAL,LOW,HIGH,NONE,UNCHANGED,HIGH,HIGH,LOW,6.8,MEDIUM,0,0.22061621730671396,0.2096,linux,linux_kernel,['CWE-269'],['cpe:2.3:a:linux:linux_kernel:*:*:*:*:*:*:*:*'],1,5
CVE-2023-12239,Remote code execution via unsafe deserialization in spring spring_framework component.,2024-09-21T00:00:00+00:00,2024-11-01T00:00:00+00:00,3.1,CVSS:3.1/AV:L/AC:H/PR:L/UI:R/S:U/C:H/I:L/A:L,LOCAL,HIGH,LOW,REQUIRED,UNCHANGED,HIGH,LOW,LOW,4.5,MEDIUM,0,0.09825956302960269,0.0933,spring,spring_framework,['CWE-200'],['cpe:2.3:a:spring:spring_framework:*:*:*:*:*:*:*:*'],1,1
CVE-2026-12240,Remote code execution via unsafe deserialization in spring spring_framework component.,2022-01-12T00:00:00+00:00,2022-03-30T00:00:00+00:00,3.1,CVSS:3.1/AV:N/AC:L/PR:L/UI:R/S:C/C:N/I:N/A:L,NETWORK,LOW,LOW,REQUIRED,CHANGED,NONE,NONE,LOW,7.1,HIGH,0,0.0260919226138365,0.0248,spring,spring_framework,['CWE-200'],['cpe:2.3:a:spring:spring_framework:*:*:*:*:*:*:*:*'],1,1
CVE-2026-12241,Out-of-bounds memory access in V8 JavaScript engine in google chrome component.,2025-07-04T00:00:00+00:00,2025-07-18T00:00:00+00:00,3.1,CVSS:3.1/AV:N/AC:H/PR:N/UI:R/S:C/C:H/I:H/A:N,NETWORK,HIGH,NONE,REQUIRED,CHANGED,HIGH,HIGH,NONE,9.4,CRITICAL,1,0.25169325693549577,0.2391,google,chrome,['CWE-89'],['cpe:2.3:a:google:chrome:*:*:*:*:*:*:*:*'],1,2
CVE-2022-12242,Use-after-free vulnerability in eBPF subsystem in linux linux_kernel component.,2025-06-27T00:00:00+00:00,2025-07-13T00:00:00+00:00,3.1,CVSS:3.1/AV:P/AC:L/PR:L/UI:N/S:U/C:H/I:N/A:H,PHYSICAL,LOW,LOW,NONE,UNCHANGED,HIGH,NONE,HIGH,6.6,MEDIUM,0,0.06096503444190811,0.0579,linux,linux_kernel,['CWE-787'],['cpe:2.3:a:linux:linux_kernel:*:*:*:*:*:*:*:*'],1,3
CVE-2022-12243,Remote code execution in Kerberos authentication service in microsoft windows_server component.,2024-08-24T00:00:00+00:00,2024-10-12T00:00:00+00:00,3.1,CVSS:3.1/AV:P/AC:L/PR:N/UI:N/S:C/C:L/I:H/A:H,PHYSICAL,LOW,NONE,NONE,CHANGED,LOW,HIGH,HIGH,8.1,HIGH,0,0.03191075433508184,0.0303,microsoft,windows_server,['CWE-79'],['cpe:2.3:a:microsoft:windows_server:*:*:*:*:*:*:*:*'],1,1
CVE-2023-12244,Buffer overflow in TLS handshake parser in openssl openssl component.,2024-03-10T00:00:00+00:00,2024-04-09T00:00:00+00:00,3.1,CVSS:3.1/AV:A/AC:H/PR:L/UI:N/S:U/C:H/I:H/A:L,ADJACENT_NETWORK,HIGH,LOW,NONE,UNCHANGED,HIGH,HIGH,LOW,7.2,HIGH,0,0.026509147501338568,0.0252,openssl,openssl,['CWE-20'],['cpe:2.3:a:openssl:openssl:*:*:*:*:*:*:*:*'],1,2
CVE-2022-12245,Command injection in management web interface in paloalto pan-os component.,2021-03-04T00:00:00+00:00,2021-03-10T00:00:00+00:00,3.1,CVSS:3.1/AV:P/AC:H/PR:H/UI:R/S:C/C:H/I:N/A:L,PHYSICAL,HIGH,HIGH,REQUIRED,CHANGED,HIGH,NONE,LOW,4.7,MEDIUM,0,0.057744038720765216,0.0549,paloalto,pan-os,['CWE-119'],['cpe:2.3:a:paloalto:pan-os:*:*:*:*:*:*:*:*'],1,5
CVE-2021-12246,Integer overflow in HTTP request header processing in nginx nginx component.,2021-10-24T00:00:00+00:00,2022-01-11T00:00:00+00:00,3.1,CVSS:3.1/AV:L/AC:L/PR:L/UI:R/S:U/C:H/I:N/A:L,LOCAL,LOW,LOW,REQUIRED,UNCHANGED,HIGH,NONE,LOW,5.8,MEDIUM,0,0.003974468943634861,0.0038,nginx,nginx,['CWE-20'],['cpe:2.3:a:nginx:nginx:*:*:*:*:*:*:*:*'],1,2
CVE-2024-12247,Remote code execution via unsafe deserialization in spring spring_framework component.,2021-02-02T00:00:00+00:00,2021-03-23T00:00:00+00:00,3.1,CVSS:3.1/AV:N/AC:H/PR:H/UI:N/S:U/C:N/I:L/A:N,NETWORK,HIGH,HIGH,NONE,UNCHANGED,NONE,LOW,NONE,5.7,MEDIUM,0,0.05322478211208388,0.0506,spring,spring_framework,['CWE-416'],['cpe:2.3:a:spring:spring_framework:*:*:*:*:*:*:*:*'],1,3
CVE-2024-12248,Use-after-free vulnerability in eBPF subsystem in linux linux_kernel component.,2022-06-24T00:00:00+00:00,2022-08-21T00:00:00+00:00,3.1,CVSS:3.1/AV:P/AC:H/PR:N/UI:N/S:C/C:N/I:H/A:H,PHYSICAL,HIGH,NONE,NONE,CHANGED,NONE,HIGH,HIGH,7.4,HIGH,0,0.0008928127123788848,0.0008,linux,linux_kernel,['CWE-269'],['cpe:2.3:a:linux:linux_kernel:*:*:*:*:*:*:*:*'],1,4
CVE-2026-12249,Remote code execution in Kerberos authentication service in microsoft windows_server component.,2022-06-16T00:00:00+00:00,2022-07-13T00:00:00+00:00,3.1,CVSS:3.1/AV:N/AC:L/PR:L/UI:R/S:C/C:L/I:N/A:N,NETWORK,LOW,LOW,REQUIRED,CHANGED,LOW,NONE,NONE,7.5,HIGH,0,0.006802676212342008,0.0065,microsoft,windows_server,['CWE-787'],['cpe:2.3:a:microsoft:windows_server:*:*:*:*:*:*:*:*'],1,5
CVE-2025-12250,Remote code execution via unsafe deserialization in spring spring_framework component.,2023-06-26T00:00:00+00:00,2023-08-14T00:00:00+00:00,3.1,CVSS:3.1/AV:L/AC:H/PR:H/UI:N/S:U/C:N/I:L/A:H,LOCAL,HIGH,HIGH,NONE,UNCHANGED,NONE,LOW,HIGH,5.2,MEDIUM,0,0.046390400936454634,0.0441,spring,spring_framework,['CWE-20'],['cpe:2.3:a:spring:spring_framework:*:*:*:*:*:*:*:*'],1,4
CVE-2022-12251,Command injection in management web interface in paloalto pan-os component.,2025-09-24T00:00:00+00:00,2025-12-09T00:00:00+00:00,3.1,CVSS:3.1/AV:N/AC:L/PR:N/UI:N/S:C/C:N/I:L/A:L,NETWORK,LOW,NONE,NONE,CHANGED,NONE,LOW,LOW,8.8,HIGH,0,0.04248250303020739,0.0404,paloalto,pan-os,['CWE-200'],['cpe:2.3:a:paloalto:pan-os:*:*:*:*:*:*:*:*'],1,4
CVE-2025-12252,Denial of service via HTTP/2 frame flooding in apache http_server component.,2024-06-14T00:00:00+00:00,2024-06-16T00:00:00+00:00,3.1,CVSS:3.1/AV:A/AC:L/PR:N/UI:R/S:U/C:H/I:H/A:L,ADJACENT_NETWORK,LOW,NONE,REQUIRED,UNCHANGED,HIGH,HIGH,LOW,8.7,HIGH,0,0.09228872326224957,0.0877,apache,http_server,['CWE-269'],['cpe:2.3:a:apache:http_server:*:*:*:*:*:*:*:*'],1,2
CVE-2022-12253,Remote code execution via unsafe deserialization in spring spring_framework component.,2025-01-10T00:00:00+00:00,2025-03-24T00:00:00+00:00,3.1,CVSS:3.1/AV:L/AC:H/PR:N/UI:N/S:C/C:L/I:H/A:H,LOCAL,HIGH,NONE,NONE,CHANGED,LOW,HIGH,HIGH,7.9,HIGH,0,0.0011824127438509742,0.0011,spring,spring_framework,['CWE-20'],['cpe:2.3:a:spring:spring_framework:*:*:*:*:*:*:*:*'],1,3
CVE-2023-12254,Privilege escalation via authenticated extension loading in postgresql postgresql component.,2023-06-22T00:00:00+00:00,2023-07-09T00:00:00+00:00,3.1,CVSS:3.1/AV:A/AC:H/PR:N/UI:R/S:C/C:N/I:H/A:N,ADJACENT_NETWORK,HIGH,NONE,REQUIRED,CHANGED,NONE,HIGH,NONE,7.9,HIGH,0,0.021771907163957997,0.0207,postgresql,postgresql,['CWE-269'],['cpe:2.3:a:postgresql:postgresql:*:*:*:*:*:*:*:*'],1,2
CVE-2026-12255,Command injection in management web interface in paloalto pan-os component.,2025-02-04T00:00:00+00:00,2025-03-27T00:00:00+00:00,3.1,CVSS:3.1/AV:P/AC:L/PR:H/UI:R/S:C/C:H/I:H/A:H,PHYSICAL,LOW,HIGH,REQUIRED,CHANGED,HIGH,HIGH,HIGH,7.6,HIGH,0,0.018264805824535456,0.0174,paloalto,pan-os,['CWE-416'],['cpe:2.3:a:paloalto:pan-os:*:*:*:*:*:*:*:*'],1,3
CVE-2026-12256,Remote code execution in Kerberos authentication service in microsoft windows_server component.,2024-09-15T00:00:00+00:00,2024-10-05T00:00:00+00:00,3.1,CVSS:3.1/AV:A/AC:H/PR:H/UI:N/S:U/C:H/I:N/A:H,ADJACENT_NETWORK,HIGH,HIGH,NONE,UNCHANGED,HIGH,NONE,HIGH,7.5,HIGH,0,0.1960459751016442,0.1862,microsoft,windows_server,['CWE-20'],['cpe:2.3:a:microsoft:windows_server:*:*:*:*:*:*:*:*'],1,1
CVE-2022-12257,Remote code execution via unsafe deserialization in spring spring_framework component.,2021-11-12T00:00:00+00:00,2021-12-14T00:00:00+00:00,3.1,CVSS:3.1/AV:L/AC:L/PR:N/UI:R/S:C/C:L/I:H/A:H,LOCAL,LOW,NONE,REQUIRED,CHANGED,LOW,HIGH,HIGH,8.2,HIGH,0,0.00046575584415099795,0.0004,spring,spring_framework,['CWE-200'],['cpe:2.3:a:spring:spring_framework:*:*:*:*:*:*:*:*'],1,4
CVE-2024-12258,Integer overflow in HTTP request header processing in nginx nginx component.,2024-08-01T00:00:00+00:00,2024-10-04T00:00:00+00:00,3.1,CVSS:3.1/AV:N/AC:H/PR:L/UI:R/S:U/C:L/I:L/A:H,NETWORK,HIGH,LOW,REQUIRED,UNCHANGED,LOW,LOW,HIGH,6.9,MEDIUM,0,0.011682009186123233,0.0111,nginx,nginx,['CWE-200'],['cpe:2.3:a:nginx:nginx:*:*:*:*:*:*:*:*'],1,5
CVE-2025-12259,Unauthenticated remote code execution in query optimizer in oracle mysql component.,2023-08-31T00:00:00+00:00,2023-10-13T00:00:00+00:00,3.1,CVSS:3.1/AV:A/AC:L/PR:N/UI:R/S:U/C:N/I:L/A:L,ADJACENT_NETWORK,LOW,NONE,REQUIRED,UNCHANGED,NONE,LOW,LOW,6.5,MEDIUM,0,0.07199729169813256,0.0684,oracle,mysql,['CWE-269'],['cpe:2.3:a:oracle:mysql:*:*:*:*:*:*:*:*'],1,3
CVE-2026-12260,Out-of-bounds memory access in V8 JavaScript engine in google chrome component.,2021-11-21T00:00:00+00:00,2022-01-25T00:00:00+00:00,3.1,CVSS:3.1/AV:P/AC:H/PR:H/UI:R/S:C/C:N/I:H/A:N,PHYSICAL,HIGH,HIGH,REQUIRED,CHANGED,NONE,HIGH,NONE,4.5,MEDIUM,0,0.023001408162216318,0.0219,google,chrome,['CWE-200'],['cpe:2.3:a:google:chrome:*:*:*:*:*:*:*:*'],1,5
CVE-2026-12261,Remote code execution in Kerberos authentication service in microsoft windows_server component.,2021-11-17T00:00:00+00:00,2022-01-11T00:00:00+00:00,3.1,CVSS:3.1/AV:P/AC:H/PR:N/UI:N/S:C/C:L/I:L/A:L,PHYSICAL,HIGH,NONE,NONE,CHANGED,LOW,LOW,LOW,6.4,MEDIUM,0,0.15375707445289138,0.1461,microsoft,windows_server,['CWE-119'],['cpe:2.3:a:microsoft:windows_server:*:*:*:*:*:*:*:*'],1,3
CVE-2024-12262,Out-of-bounds memory access in V8 JavaScript engine in google chrome component.,2022-12-30T00:00:00+00:00,2023-02-09T00:00:00+00:00,3.1,CVSS:3.1/AV:N/AC:H/PR:H/UI:R/S:C/C:N/I:H/A:L,NETWORK,HIGH,HIGH,REQUIRED,CHANGED,NONE,HIGH,LOW,7.3,HIGH,0,0.0039265723641258386,0.0037,google,chrome,['CWE-787'],['cpe:2.3:a:google:chrome:*:*:*:*:*:*:*:*'],1,5
CVE-2024-12263,Out-of-bounds memory access in V8 JavaScript engine in google chrome component.,2022-05-02T00:00:00+00:00,2022-05-04T00:00:00+00:00,3.1,CVSS:3.1/AV:N/AC:L/PR:L/UI:N/S:U/C:N/I:L/A:N,NETWORK,LOW,LOW,NONE,UNCHANGED,NONE,LOW,NONE,7.2,HIGH,0,0.05405479752200014,0.0514,google,chrome,['CWE-20'],['cpe:2.3:a:google:chrome:*:*:*:*:*:*:*:*'],1,1
CVE-2025-12264,Unauthenticated remote code execution in query optimizer in oracle mysql component.,2023-09-01T00:00:00+00:00,2023-11-24T00:00:00+00:00,3.1,CVSS:3.1/AV:A/AC:L/PR:L/UI:N/S:U/C:H/I:L/A:H,ADJACENT_NETWORK,LOW,LOW,NONE,UNCHANGED,HIGH,LOW,HIGH,8.2,HIGH,0,0.02449627917758392,0.0233,oracle,mysql,['CWE-119'],['cpe:2.3:a:oracle:mysql:*:*:*:*:*:*:*:*'],1,3
CVE-2022-12265,Out-of-bounds memory access in V8 JavaScript engine in google chrome component.,2023-09-10T00:00:00+00:00,2023-10-29T00:00:00+00:00,3.1,CVSS:3.1/AV:P/AC:L/PR:H/UI:R/S:C/C:H/I:H/A:N,PHYSICAL,LOW,HIGH,REQUIRED,CHANGED,HIGH,HIGH,NONE,6.5,MEDIUM,0,0.007810624904871152,0.0074,google,chrome,['CWE-79'],['cpe:2.3:a:google:chrome:*:*:*:*:*:*:*:*'],1,5
CVE-2023-12266,Buffer overflow in TLS handshake parser in openssl openssl component.,2021-01-17T00:00:00+00:00,2021-02-13T00:00:00+00:00,3.1,CVSS:3.1/AV:A/AC:H/PR:H/UI:N/S:U/C:L/I:N/A:L,ADJACENT_NETWORK,HIGH,HIGH,NONE,UNCHANGED,LOW,NONE,LOW,5.2,MEDIUM,0,0.0006051718231369609,0.0006,openssl,openssl,['CWE-119'],['cpe:2.3:a:openssl:openssl:*:*:*:*:*:*:*:*'],1,3
CVE-2024-12267,Remote code execution via unsafe deserialization in spring spring_framework component.,2023-03-31T00:00:00+00:00,2023-06-02T00:00:00+00:00,3.1,CVSS:3.1/AV:N/AC:H/PR:L/UI:R/S:C/C:L/I:N/A:L,NETWORK,HIGH,LOW,REQUIRED,CHANGED,LOW,NONE,LOW,6.3,MEDIUM,0,0.06776468180858412,0.0644,spring,spring_framework,['CWE-119'],['cpe:2.3:a:spring:spring_framework:*:*:*:*:*:*:*:*'],1,5
CVE-2024-12268,Command injection in management web interface in paloalto pan-os component.,2021-03-25T00:00:00+00:00,2021-06-12T00:00:00+00:00,3.1,CVSS:3.1/AV:P/AC:H/PR:L/UI:R/S:U/C:L/I:N/A:N,PHYSICAL,HIGH,LOW,REQUIRED,UNCHANGED,LOW,NONE,NONE,2.8,LOW,0,0.04767117791208832,0.0453,paloalto,pan-os,['CWE-269'],['cpe:2.3:a:paloalto:pan-os:*:*:*:*:*:*:*:*'],1,2
CVE-2026-12269,Remote code execution in Kerberos authentication service in microsoft windows_server component.,2025-10-13T00:00:00+00:00,2025-11-21T00:00:00+00:00,3.1,CVSS:3.1/AV:N/AC:L/PR:H/UI:N/S:C/C:L/I:L/A:H,NETWORK,LOW,HIGH,NONE,CHANGED,LOW,LOW,HIGH,8.5,HIGH,0,0.10949303796487178,0.104,microsoft,windows_server,['CWE-89'],['cpe:2.3:a:microsoft:windows_server:*:*:*:*:*:*:*:*'],1,5
CVE-2026-12270,Unauthenticated remote code execution in query optimizer in oracle mysql component.,2021-03-29T00:00:00+00:00,2021-04-20T00:00:00+00:00,3.1,CVSS:3.1/AV:N/AC:H/PR:L/UI:N/S:U/C:N/I:H/A:L,NETWORK,HIGH,LOW,NONE,UNCHANGED,NONE,HIGH,LOW,7.1,HIGH,0,0.06107267309098514,0.058,oracle,mysql,['CWE-787'],['cpe:2.3:a:oracle:mysql:*:*:*:*:*:*:*:*'],1,3
CVE-2025-12271,Unauthenticated remote code execution in query optimizer in oracle mysql component.,2021-10-12T00:00:00+00:00,2021-10-24T00:00:00+00:00,3.1,CVSS:3.1/AV:A/AC:H/PR:N/UI:R/S:C/C:N/I:H/A:L,ADJACENT_NETWORK,HIGH,NONE,REQUIRED,CHANGED,NONE,HIGH,LOW,7.1,HIGH,0,0.02052484145240966,0.0195,oracle,mysql,['CWE-416'],['cpe:2.3:a:oracle:mysql:*:*:*:*:*:*:*:*'],1,4
CVE-2023-12272,Remote code execution via unsafe deserialization in spring spring_framework component.,2022-08-14T00:00:00+00:00,2022-10-04T00:00:00+00:00,3.1,CVSS:3.1/AV:N/AC:H/PR:H/UI:N/S:C/C:L/I:N/A:H,NETWORK,HIGH,HIGH,NONE,CHANGED,LOW,NONE,HIGH,7.5,HIGH,0,0.036978451248906904,0.0351,spring,spring_framework,['CWE-79'],['cpe:2.3:a:spring:spring_framework:*:*:*:*:*:*:*:*'],1,5
CVE-2021-12273,Remote code execution via unsafe deserialization in spring spring_framework component.,2023-07-24T00:00:00+00:00,2023-09-24T00:00:00+00:00,3.1,CVSS:3.1/AV:L/AC:H/PR:N/UI:N/S:C/C:L/I:N/A:L,LOCAL,HIGH,NONE,NONE,CHANGED,LOW,NONE,LOW,6.4,MEDIUM,0,0.0007056271983196162,0.0007,spring,spring_framework,['CWE-89'],['cpe:2.3:a:spring:spring_framework:*:*:*:*:*:*:*:*'],1,3
CVE-2026-12274,Privilege escalation via authenticated extension loading in postgresql postgresql component.,2021-07-25T00:00:00+00:00,2021-09-18T00:00:00+00:00,3.1,CVSS:3.1/AV:L/AC:L/PR:H/UI:N/S:C/C:H/I:H/A:L,LOCAL,LOW,HIGH,NONE,CHANGED,HIGH,HIGH,LOW,8.3,HIGH,0,0.23276710189355632,0.2211,postgresql,postgresql,['CWE-200'],['cpe:2.3:a:postgresql:postgresql:*:*:*:*:*:*:*:*'],1,4
CVE-2024-12275,Integer overflow in HTTP request header processing in nginx nginx component.,2022-12-19T00:00:00+00:00,2023-02-06T00:00:00+00:00,3.1,CVSS:3.1/AV:L/AC:L/PR:L/UI:N/S:C/C:L/I:L/A:H,LOCAL,LOW,LOW,NONE,CHANGED,LOW,LOW,HIGH,7.2,HIGH,0,0.006386421835883819,0.0061,nginx,nginx,['CWE-200'],['cpe:2.3:a:nginx:nginx:*:*:*:*:*:*:*:*'],1,2
CVE-2022-12276,Use-after-free vulnerability in eBPF subsystem in linux linux_kernel component.,2025-04-18T00:00:00+00:00,2025-06-13T00:00:00+00:00,3.1,CVSS:3.1/AV:P/AC:H/PR:N/UI:R/S:C/C:H/I:N/A:N,PHYSICAL,HIGH,NONE,REQUIRED,CHANGED,HIGH,NONE,NONE,5.4,MEDIUM,0,0.5266460976290995,0.5003,linux,linux_kernel,['CWE-20'],['cpe:2.3:a:linux:linux_kernel:*:*:*:*:*:*:*:*'],1,5
CVE-2025-12277,Use-after-free vulnerability in eBPF subsystem in linux linux_kernel component.,2025-10-25T00:00:00+00:00,2025-11-01T00:00:00+00:00,3.1,CVSS:3.1/AV:P/AC:H/PR:H/UI:N/S:C/C:N/I:L/A:N,PHYSICAL,HIGH,HIGH,NONE,CHANGED,NONE,LOW,NONE,4.3,MEDIUM,0,0.01508901908541581,0.0143,linux,linux_kernel,['CWE-269'],['cpe:2.3:a:linux:linux_kernel:*:*:*:*:*:*:*:*'],1,5
CVE-2024-12278,Integer overflow in HTTP request header processing in nginx nginx component.,2021-09-13T00:00:00+00:00,2021-09-20T00:00:00+00:00,3.1,CVSS:3.1/AV:N/AC:L/PR:N/UI:R/S:C/C:L/I:L/A:N,NETWORK,LOW,NONE,REQUIRED,CHANGED,LOW,LOW,NONE,8.7,HIGH,0,0.08237714090171147,0.0783,nginx,nginx,['CWE-200'],['cpe:2.3:a:nginx:nginx:*:*:*:*:*:*:*:*'],1,2
CVE-2026-12279,Denial of service via HTTP/2 frame flooding in apache http_server component.,2022-06-22T00:00:00+00:00,2022-09-19T00:00:00+00:00,3.1,CVSS:3.1/AV:P/AC:L/PR:N/UI:R/S:C/C:L/I:H/A:L,PHYSICAL,LOW,NONE,REQUIRED,CHANGED,LOW,HIGH,LOW,6.1,MEDIUM,0,0.08075686699788691,0.0767,apache,http_server,['CWE-416'],['cpe:2.3:a:apache:http_server:*:*:*:*:*:*:*:*'],1,3
CVE-2022-12280,Denial of service via HTTP/2 frame flooding in apache http_server component.,2022-12-03T00:00:00+00:00,2023-01-07T00:00:00+00:00,3.1,CVSS:3.1/AV:P/AC:H/PR:N/UI:R/S:C/C:H/I:L/A:L,PHYSICAL,HIGH,NONE,REQUIRED,CHANGED,HIGH,LOW,LOW,5.7,MEDIUM,0,0.410248510036061,0.3897,apache,http_server,['CWE-119'],['cpe:2.3:a:apache:http_server:*:*:*:*:*:*:*:*'],1,5
CVE-2022-12281,Unauthenticated remote code execution in query optimizer in oracle mysql component.,2022-05-02T00:00:00+00:00,2022-05-21T00:00:00+00:00,3.1,CVSS:3.1/AV:L/AC:H/PR:L/UI:N/S:C/C:L/I:H/A:H,LOCAL,HIGH,LOW,NONE,CHANGED,LOW,HIGH,HIGH,7.3,HIGH,0,0.10627334805397211,0.101,oracle,mysql,['CWE-200'],['cpe:2.3:a:oracle:mysql:*:*:*:*:*:*:*:*'],1,4
CVE-2025-12282,Unauthenticated remote code execution in query optimizer in oracle mysql component.,2021-07-20T00:00:00+00:00,2021-10-12T00:00:00+00:00,3.1,CVSS:3.1/AV:P/AC:H/PR:N/UI:N/S:C/C:H/I:H/A:N,PHYSICAL,HIGH,NONE,NONE,CHANGED,HIGH,HIGH,NONE,6.9,MEDIUM,0,0.02292974400641067,0.0218,oracle,mysql,['CWE-119'],['cpe:2.3:a:oracle:mysql:*:*:*:*:*:*:*:*'],1,4
CVE-2022-12283,Command injection in management web interface in paloalto pan-os component.,2022-03-14T00:00:00+00:00,2022-06-06T00:00:00+00:00,3.1,CVSS:3.1/AV:L/AC:H/PR:N/UI:R/S:U/C:L/I:N/A:L,LOCAL,HIGH,NONE,REQUIRED,UNCHANGED,LOW,NONE,LOW,5.0,MEDIUM,0,0.4555239833146202,0.4327,paloalto,pan-os,['CWE-416'],['cpe:2.3:a:paloalto:pan-os:*:*:*:*:*:*:*:*'],1,5
CVE-2026-12284,Integer overflow in HTTP request header processing in nginx nginx component.,2025-01-07T00:00:00+00:00,2025-01-20T00:00:00+00:00,3.1,CVSS:3.1/AV:L/AC:H/PR:H/UI:R/S:U/C:L/I:N/A:H,LOCAL,HIGH,HIGH,REQUIRED,UNCHANGED,LOW,NONE,HIGH,4.7,MEDIUM,0,0.022638155635894032,0.0215,nginx,nginx,['CWE-269'],['cpe:2.3:a:nginx:nginx:*:*:*:*:*:*:*:*'],1,3
CVE-2023-12285,Out-of-bounds memory access in V8 JavaScript engine in google chrome component.,2021-03-27T00:00:00+00:00,2021-06-02T00:00:00+00:00,3.1,CVSS:3.1/AV:A/AC:H/PR:L/UI:R/S:C/C:N/I:N/A:L,ADJACENT_NETWORK,HIGH,LOW,REQUIRED,CHANGED,NONE,NONE,LOW,5.0,MEDIUM,0,0.10925210901138449,0.1038,google,chrome,['CWE-20'],['cpe:2.3:a:google:chrome:*:*:*:*:*:*:*:*'],1,2
CVE-2024-12286,Out-of-bounds memory access in V8 JavaScript engine in google chrome component.,2021-07-26T00:00:00+00:00,2021-07-29T00:00:00+00:00,3.1,CVSS:3.1/AV:N/AC:H/PR:L/UI:N/S:U/C:N/I:L/A:H,NETWORK,HIGH,LOW,NONE,UNCHANGED,NONE,LOW,HIGH,6.9,MEDIUM,0,0.0352604138259556,0.0335,google,chrome,['CWE-20'],['cpe:2.3:a:google:chrome:*:*:*:*:*:*:*:*'],1,4
CVE-2025-12287,Integer overflow in HTTP request header processing in nginx nginx component.,2025-06-08T00:00:00+00:00,2025-08-30T00:00:00+00:00,3.1,CVSS:3.1/AV:L/AC:L/PR:L/UI:R/S:U/C:H/I:L/A:L,LOCAL,LOW,LOW,REQUIRED,UNCHANGED,HIGH,LOW,LOW,6.0,MEDIUM,0,0.0223581971119822,0.0212,nginx,nginx,['CWE-79'],['cpe:2.3:a:nginx:nginx:*:*:*:*:*:*:*:*'],1,4
CVE-2021-12288,Command injection in management web interface in paloalto pan-os component.,2025-03-15T00:00:00+00:00,2025-05-01T00:00:00+00:00,3.1,CVSS:3.1/AV:A/AC:H/PR:L/UI:R/S:U/C:L/I:N/A:L,ADJACENT_NETWORK,HIGH,LOW,REQUIRED,UNCHANGED,LOW,NONE,LOW,4.1,MEDIUM,0,0.04465607767013657,0.0424,paloalto,pan-os,['CWE-787'],['cpe:2.3:a:paloalto:pan-os:*:*:*:*:*:*:*:*'],1,2
CVE-2026-12289,Unauthenticated remote code execution in query optimizer in oracle mysql component.,2025-06-18T00:00:00+00:00,2025-08-03T00:00:00+00:00,3.1,CVSS:3.1/AV:P/AC:L/PR:L/UI:N/S:C/C:N/I:N/A:H,PHYSICAL,LOW,LOW,NONE,CHANGED,NONE,NONE,HIGH,6.4,MEDIUM,0,0.039176509083831024,0.0372,oracle,mysql,['CWE-119'],['cpe:2.3:a:oracle:mysql:*:*:*:*:*:*:*:*'],1,3
CVE-2022-12290,Denial of service via HTTP/2 frame flooding in apache http_server component.,2022-04-18T00:00:00+00:00,2022-06-02T00:00:00+00:00,3.1,CVSS:3.1/AV:N/AC:L/PR:H/UI:N/S:U/C:L/I:N/A:N,NETWORK,LOW,HIGH,NONE,UNCHANGED,LOW,NONE,NONE,7.3,HIGH,0,0.046027170422257964,0.0437,apache,http_server,['CWE-787'],['cpe:2.3:a:apache:http_server:*:*:*:*:*:*:*:*'],1,3
CVE-2024-12291,Command injection in management web interface in paloalto pan-os component.,2024-07-24T00:00:00+00:00,2024-09-02T00:00:00+00:00,3.1,CVSS:3.1/AV:A/AC:H/PR:L/UI:N/S:C/C:L/I:H/A:H,ADJACENT_NETWORK,HIGH,LOW,NONE,CHANGED,LOW,HIGH,HIGH,7.8,HIGH,0,0.1259199851147905,0.1196,paloalto,pan-os,['CWE-416'],['cpe:2.3:a:paloalto:pan-os:*:*:*:*:*:*:*:*'],1,4
CVE-2026-12292,Denial of service via HTTP/2 frame flooding in apache http_server component.,2022-07-03T00:00:00+00:00,2022-09-08T00:00:00+00:00,3.1,CVSS:3.1/AV:N/AC:L/PR:H/UI:N/S:U/C:L/I:H/A:H,NETWORK,LOW,HIGH,NONE,UNCHANGED,LOW,HIGH,HIGH,9.2,CRITICAL,1,0.04782472641122094,0.0454,apache,http_server,['CWE-269'],['cpe:2.3:a:apache:http_server:*:*:*:*:*:*:*:*'],1,4
CVE-2025-12293,Unauthenticated remote code execution in query optimizer in oracle mysql component.,2025-07-25T00:00:00+00:00,2025-08-14T00:00:00+00:00,3.1,CVSS:3.1/AV:P/AC:L/PR:H/UI:N/S:C/C:N/I:H/A:L,PHYSICAL,LOW,HIGH,NONE,CHANGED,NONE,HIGH,LOW,6.4,MEDIUM,0,0.011524688552782705,0.0109,oracle,mysql,['CWE-119'],['cpe:2.3:a:oracle:mysql:*:*:*:*:*:*:*:*'],1,4
CVE-2023-12294,Out-of-bounds memory access in V8 JavaScript engine in google chrome component.,2024-12-20T00:00:00+00:00,2024-12-29T00:00:00+00:00,3.1,CVSS:3.1/AV:A/AC:H/PR:L/UI:N/S:U/C:N/I:H/A:N,ADJACENT_NETWORK,HIGH,LOW,NONE,UNCHANGED,NONE,HIGH,NONE,6.4,MEDIUM,0,0.0007342075511156162,0.0007,google,chrome,['CWE-119'],['cpe:2.3:a:google:chrome:*:*:*:*:*:*:*:*'],1,2
CVE-2023-12295,Denial of service via HTTP/2 frame flooding in apache http_server component.,2024-07-07T00:00:00+00:00,2024-09-30T00:00:00+00:00,3.1,CVSS:3.1/AV:A/AC:H/PR:N/UI:R/S:U/C:N/I:H/A:L,ADJACENT_NETWORK,HIGH,NONE,REQUIRED,UNCHANGED,NONE,HIGH,LOW,6.5,MEDIUM,0,0.0001,0.0001,apache,http_server,['CWE-89'],['cpe:2.3:a:apache:http_server:*:*:*:*:*:*:*:*'],1,3
CVE-2023-12296,Out-of-bounds memory access in V8 JavaScript engine in google chrome component.,2023-03-19T00:00:00+00:00,2023-04-29T00:00:00+00:00,3.1,CVSS:3.1/AV:P/AC:H/PR:H/UI:R/S:C/C:L/I:H/A:N,PHYSICAL,HIGH,HIGH,REQUIRED,CHANGED,LOW,HIGH,NONE,4.4,MEDIUM,0,0.05077033175345804,0.0482,google,chrome,['CWE-89'],['cpe:2.3:a:google:chrome:*:*:*:*:*:*:*:*'],1,3
CVE-2023-12297,Unauthenticated remote code execution in query optimizer in oracle mysql component.,2022-08-10T00:00:00+00:00,2022-08-20T00:00:00+00:00,3.1,CVSS:3.1/AV:N/AC:L/PR:H/UI:R/S:U/C:N/I:L/A:L,NETWORK,LOW,HIGH,REQUIRED,UNCHANGED,NONE,LOW,LOW,6.5,MEDIUM,0,0.1877918028835818,0.1784,oracle,mysql,['CWE-119'],['cpe:2.3:a:oracle:mysql:*:*:*:*:*:*:*:*'],1,5
CVE-2026-12298,Buffer overflow in TLS handshake parser in openssl openssl component.,2022-11-24T00:00:00+00:00,2022-12-13T00:00:00+00:00,3.1,CVSS:3.1/AV:N/AC:L/PR:H/UI:N/S:U/C:L/I:H/A:L,NETWORK,LOW,HIGH,NONE,UNCHANGED,LOW,HIGH,LOW,8.3,HIGH,0,0.002591568468057175,0.0025,openssl,openssl,['CWE-79'],['cpe:2.3:a:openssl:openssl:*:*:*:*:*:*:*:*'],1,5
CVE-2024-12299,Use-after-free vulnerability in eBPF subsystem in linux linux_kernel component.,2021-06-14T00:00:00+00:00,2021-07-18T00:00:00+00:00,3.1,CVSS:3.1/AV:P/AC:L/PR:N/UI:N/S:U/C:L/I:H/A:H,PHYSICAL,LOW,NONE,NONE,UNCHANGED,LOW,HIGH,HIGH,8.2,HIGH,0,0.1277594524075281,0.1214,linux,linux_kernel,['CWE-119'],['cpe:2.3:a:linux:linux_kernel:*:*:*:*:*:*:*:*'],1,2
CVE-2023-12300,Privilege escalation via authenticated extension loading in postgresql postgresql component.,2022-07-01T00:00:00+00:00,2022-07-09T00:00:00+00:00,3.1,CVSS:3.1/AV:N/AC:L/PR:N/UI:R/S:U/C:H/I:N/A:L,NETWORK,LOW,NONE,REQUIRED,UNCHANGED,HIGH,NONE,LOW,9.1,CRITICAL,1,0.10523589145957497,0.1,postgresql,postgresql,['CWE-20'],['cpe:2.3:a:postgresql:postgresql:*:*:*:*:*:*:*:*'],1,5
CVE-2024-12301,Integer overflow in HTTP request header processing in nginx nginx component.,2022-08-20T00:00:00+00:00,2022-10-19T00:00:00+00:00,3.1,CVSS:3.1/AV:P/AC:L/PR:H/UI:N/S:C/C:H/I:H/A:L,PHYSICAL,LOW,HIGH,NONE,CHANGED,HIGH,HIGH,LOW,7.3,HIGH,0,0.04756147786993572,0.0452,nginx,nginx,['CWE-416'],['cpe:2.3:a:nginx:nginx:*:*:*:*:*:*:*:*'],1,1
CVE-2022-12302,Remote code execution via unsafe deserialization in spring spring_framework component.,2025-05-08T00:00:00+00:00,2025-07-07T00:00:00+00:00,3.1,CVSS:3.1/AV:P/AC:L/PR:H/UI:R/S:U/C:L/I:L/A:H,PHYSICAL,LOW,HIGH,REQUIRED,UNCHANGED,LOW,LOW,HIGH,5.3,MEDIUM,0,0.27195046667830025,0.2584,spring,spring_framework,['CWE-787'],['cpe:2.3:a:spring:spring_framework:*:*:*:*:*:*:*:*'],1,1
CVE-2022-12303,Remote code execution in Kerberos authentication service in microsoft windows_server component.,2021-07-12T00:00:00+00:00,2021-09-14T00:00:00+00:00,3.1,CVSS:3.1/AV:A/AC:L/PR:L/UI:R/S:U/C:H/I:L/A:N,ADJACENT_NETWORK,LOW,LOW,REQUIRED,UNCHANGED,HIGH,LOW,NONE,6.6,MEDIUM,0,0.12551504320925544,0.1192,microsoft,windows_server,['CWE-416'],['cpe:2.3:a:microsoft:windows_server:*:*:*:*:*:*:*:*'],1,5
CVE-2021-12304,Privilege escalation via authenticated extension loading in postgresql postgresql component.,2022-04-09T00:00:00+00:00,2022-07-04T00:00:00+00:00,3.1,CVSS:3.1/AV:A/AC:H/PR:L/UI:R/S:C/C:L/I:H/A:L,ADJACENT_NETWORK,HIGH,LOW,REQUIRED,CHANGED,LOW,HIGH,LOW,6.4,MEDIUM,0,0.3963206880425758,0.3765,postgresql,postgresql,['CWE-787'],['cpe:2.3:a:postgresql:postgresql:*:*:*:*:*:*:*:*'],1,3
CVE-2025-12305,Denial of service via HTTP/2 frame flooding in apache http_server component.,2024-06-09T00:00:00+00:00,2024-06-20T00:00:00+00:00,3.1,CVSS:3.1/AV:P/AC:L/PR:L/UI:N/S:U/C:L/I:L/A:H,PHYSICAL,LOW,LOW,NONE,UNCHANGED,LOW,LOW,HIGH,6.1,MEDIUM,0,0.005705398164612764,0.0054,apache,http_server,['CWE-20'],['cpe:2.3:a:apache:http_server:*:*:*:*:*:*:*:*'],1,5
CVE-2026-12306,Integer overflow in HTTP request header processing in nginx nginx component.,2021-02-01T00:00:00+00:00,2021-03-03T00:00:00+00:00,3.1,CVSS:3.1/AV:L/AC:L/PR:L/UI:N/S:C/C:H/I:N/A:N,LOCAL,LOW,LOW,NONE,CHANGED,HIGH,NONE,NONE,7.5,HIGH,0,0.12635262776020392,0.12,nginx,nginx,['CWE-79'],['cpe:2.3:a:nginx:nginx:*:*:*:*:*:*:*:*'],1,3
CVE-2025-12307,Remote code execution via unsafe deserialization in spring spring_framework component.,2021-07-24T00:00:00+00:00,2021-08-18T00:00:00+00:00,3.1,CVSS:3.1/AV:P/AC:L/PR:H/UI:R/S:C/C:N/I:L/A:L,PHYSICAL,LOW,HIGH,REQUIRED,CHANGED,NONE,LOW,LOW,4.4,MEDIUM,0,0.0570737144129771,0.0542,spring,spring_framework,['CWE-89'],['cpe:2.3:a:spring:spring_framework:*:*:*:*:*:*:*:*'],1,1
CVE-2022-12308,Unauthenticated remote code execution in query optimizer in oracle mysql component.,2021-05-18T00:00:00+00:00,2021-08-03T00:00:00+00:00,3.1,CVSS:3.1/AV:A/AC:H/PR:H/UI:N/S:C/C:N/I:L/A:N,ADJACENT_NETWORK,HIGH,HIGH,NONE,CHANGED,NONE,LOW,NONE,5.7,MEDIUM,0,0.0018315621942648018,0.0017,oracle,mysql,['CWE-89'],['cpe:2.3:a:oracle:mysql:*:*:*:*:*:*:*:*'],1,2
CVE-2024-12309,Denial of service via HTTP/2 frame flooding in apache http_server component.,2024-03-16T00:00:00+00:00,2024-03-20T00:00:00+00:00,3.1,CVSS:3.1/AV:P/AC:H/PR:L/UI:N/S:U/C:H/I:N/A:N,PHYSICAL,HIGH,LOW,NONE,UNCHANGED,HIGH,NONE,NONE,4.9,MEDIUM,0,0.0001,0.0001,apache,http_server,['CWE-269'],['cpe:2.3:a:apache:http_server:*:*:*:*:*:*:*:*'],1,5
CVE-2025-12310,Privilege escalation via authenticated extension loading in postgresql postgresql component.,2025-08-22T00:00:00+00:00,2025-09-30T00:00:00+00:00,3.1,CVSS:3.1/AV:A/AC:L/PR:N/UI:R/S:C/C:L/I:N/A:L,ADJACENT_NETWORK,LOW,NONE,REQUIRED,CHANGED,LOW,NONE,LOW,7.8,HIGH,0,0.0102674464337432,0.0098,postgresql,postgresql,['CWE-79'],['cpe:2.3:a:postgresql:postgresql:*:*:*:*:*:*:*:*'],1,4
CVE-2023-12311,Use-after-free vulnerability in eBPF subsystem in linux linux_kernel component.,2022-06-04T00:00:00+00:00,2022-07-23T00:00:00+00:00,3.1,CVSS:3.1/AV:A/AC:H/PR:N/UI:N/S:U/C:H/I:N/A:L,ADJACENT_NETWORK,HIGH,NONE,NONE,UNCHANGED,HIGH,NONE,LOW,7.3,HIGH,0,0.05769701563035857,0.0548,linux,linux_kernel,['CWE-20'],['cpe:2.3:a:linux:linux_kernel:*:*:*:*:*:*:*:*'],1,1
CVE-2025-12312,Command injection in management web interface in paloalto pan-os component.,2022-05-16T00:00:00+00:00,2022-06-10T00:00:00+00:00,3.1,CVSS:3.1/AV:N/AC:H/PR:L/UI:R/S:U/C:N/I:L/A:H,NETWORK,HIGH,LOW,REQUIRED,UNCHANGED,NONE,LOW,HIGH,6.9,MEDIUM,0,0.01673071904236515,0.0159,paloalto,pan-os,['CWE-787'],['cpe:2.3:a:paloalto:pan-os:*:*:*:*:*:*:*:*'],1,1
CVE-2024-12313,Integer overflow in HTTP request header processing in nginx nginx component.,2021-06-16T00:00:00+00:00,2021-08-18T00:00:00+00:00,3.1,CVSS:3.1/AV:N/AC:L/PR:N/UI:R/S:C/C:H/I:L/A:N,NETWORK,LOW,NONE,REQUIRED,CHANGED,HIGH,LOW,NONE,9.2,CRITICAL,0,0.29209692837530604,0.2775,nginx,nginx,['CWE-200'],['cpe:2.3:a:nginx:nginx:*:*:*:*:*:*:*:*'],1,1
CVE-2023-12314,Command injection in management web interface in paloalto pan-os component.,2024-12-01T00:00:00+00:00,2025-01-19T00:00:00+00:00,3.1,CVSS:3.1/AV:N/AC:H/PR:N/UI:R/S:C/C:H/I:N/A:H,NETWORK,HIGH,NONE,REQUIRED,CHANGED,HIGH,NONE,HIGH,9.4,CRITICAL,0,0.3795188816836112,0.3605,paloalto,pan-os,['CWE-269'],['cpe:2.3:a:paloalto:pan-os:*:*:*:*:*:*:*:*'],1,2
CVE-2024-12315,Privilege escalation via authenticated extension loading in postgresql postgresql component.,2023-02-28T00:00:00+00:00,2023-05-11T00:00:00+00:00,3.1,CVSS:3.1/AV:L/AC:L/PR:H/UI:R/S:C/C:L/I:L/A:H,LOCAL,LOW,HIGH,REQUIRED,CHANGED,LOW,LOW,HIGH,5.8,MEDIUM,0,0.1508794457682727,0.1433,postgresql,postgresql,['CWE-416'],['cpe:2.3:a:postgresql:postgresql:*:*:*:*:*:*:*:*'],1,1
CVE-2024-12316,Buffer overflow in TLS handshake parser in openssl openssl component.,2022-07-28T00:00:00+00:00,2022-08-26T00:00:00+00:00,3.1,CVSS:3.1/AV:L/AC:H/PR:H/UI:R/S:U/C:N/I:H/A:L,LOCAL,HIGH,HIGH,REQUIRED,UNCHANGED,NONE,HIGH,LOW,4.4,MEDIUM,0,0.0045528273188554826,0.0043,openssl,openssl,['CWE-119'],['cpe:2.3:a:openssl:openssl:*:*:*:*:*:*:*:*'],1,1
CVE-2022-12317,Privilege escalation via authenticated extension loading in postgresql postgresql component.,2021-12-29T00:00:00+00:00,2022-02-01T00:00:00+00:00,3.1,CVSS:3.1/AV:P/AC:H/PR:L/UI:R/S:C/C:L/I:N/A:N,PHYSICAL,HIGH,LOW,REQUIRED,CHANGED,LOW,NONE,NONE,3.6,LOW,0,0.015266996937164873,0.0145,postgresql,postgresql,['CWE-200'],['cpe:2.3:a:postgresql:postgresql:*:*:*:*:*:*:*:*'],1,5
CVE-2025-12318,Use-after-free vulnerability in eBPF subsystem in linux linux_kernel component.,2025-10-25T00:00:00+00:00,2025-10-31T00:00:00+00:00,3.1,CVSS:3.1/AV:L/AC:H/PR:H/UI:N/S:U/C:H/I:N/A:L,LOCAL,HIGH,HIGH,NONE,UNCHANGED,HIGH,NONE,LOW,5.5,MEDIUM,0,0.02307905853910124,0.0219,linux,linux_kernel,['CWE-416'],['cpe:2.3:a:linux:linux_kernel:*:*:*:*:*:*:*:*'],1,1
CVE-2023-12319,Unauthenticated remote code execution in query optimizer in oracle mysql component.,2021-11-29T00:00:00+00:00,2022-01-30T00:00:00+00:00,3.1,CVSS:3.1/AV:N/AC:H/PR:H/UI:R/S:C/C:L/I:L/A:N,NETWORK,HIGH,HIGH,REQUIRED,CHANGED,LOW,LOW,NONE,5.8,MEDIUM,0,0.2860208572273521,0.2717,oracle,mysql,['CWE-79'],['cpe:2.3:a:oracle:mysql:*:*:*:*:*:*:*:*'],1,1
CVE-2024-12320,Buffer overflow in TLS handshake parser in openssl openssl component.,2024-03-25T00:00:00+00:00,2024-05-25T00:00:00+00:00,3.1,CVSS:3.1/AV:P/AC:H/PR:L/UI:R/S:C/C:H/I:H/A:L,PHYSICAL,HIGH,LOW,REQUIRED,CHANGED,HIGH,HIGH,LOW,5.8,MEDIUM,0,0.0006192055781179058,0.0006,openssl,openssl,['CWE-416'],['cpe:2.3:a:openssl:openssl:*:*:*:*:*:*:*:*'],1,3
CVE-2022-12321,Integer overflow in HTTP request header processing in nginx nginx component.,2023-11-15T00:00:00+00:00,2024-01-27T00:00:00+00:00,3.1,CVSS:3.1/AV:P/AC:L/PR:N/UI:R/S:U/C:L/I:H/A:L,PHYSICAL,LOW,NONE,REQUIRED,UNCHANGED,LOW,HIGH,LOW,6.4,MEDIUM,0,0.03128194040307177,0.0297,nginx,nginx,['CWE-200'],['cpe:2.3:a:nginx:nginx:*:*:*:*:*:*:*:*'],1,1
CVE-2025-12322,Privilege escalation via authenticated extension loading in postgresql postgresql component.,2021-01-22T00:00:00+00:00,2021-04-10T00:00:00+00:00,3.1,CVSS:3.1/AV:L/AC:H/PR:H/UI:R/S:C/C:N/I:L/A:L,LOCAL,HIGH,HIGH,REQUIRED,CHANGED,NONE,LOW,LOW,4.5,MEDIUM,0,0.4008127786311954,0.3808,postgresql,postgresql,['CWE-89'],['cpe:2.3:a:postgresql:postgresql:*:*:*:*:*:*:*:*'],1,4
CVE-2022-12323,Denial of service via HTTP/2 frame flooding in apache http_server component.,2023-11-30T00:00:00+00:00,2023-12-17T00:00:00+00:00,3.1,CVSS:3.1/AV:P/AC:H/PR:N/UI:R/S:C/C:L/I:L/A:H,PHYSICAL,HIGH,NONE,REQUIRED,CHANGED,LOW,LOW,HIGH,5.3,MEDIUM,0,0.16253468166165727,0.1544,apache,http_server,['CWE-269'],['cpe:2.3:a:apache:http_server:*:*:*:*:*:*:*:*'],1,4
CVE-2026-12324,Buffer overflow in TLS handshake parser in openssl openssl component.,2022-02-25T00:00:00+00:00,2022-05-09T00:00:00+00:00,3.1,CVSS:3.1/AV:P/AC:L/PR:L/UI:N/S:C/C:L/I:H/A:N,PHYSICAL,LOW,LOW,NONE,CHANGED,LOW,HIGH,NONE,6.2,MEDIUM,0,0.09525404906490835,0.0905,openssl,openssl,['CWE-787'],['cpe:2.3:a:openssl:openssl:*:*:*:*:*:*:*:*'],1,1
CVE-2021-12325,Denial of service via HTTP/2 frame flooding in apache http_server component.,2023-06-16T00:00:00+00:00,2023-07-17T00:00:00+00:00,3.1,CVSS:3.1/AV:L/AC:L/PR:N/UI:R/S:U/C:N/I:H/A:N,LOCAL,LOW,NONE,REQUIRED,UNCHANGED,NONE,HIGH,NONE,6.6,MEDIUM,0,0.05068186780363445,0.0481,apache,http_server,['CWE-416'],['cpe:2.3:a:apache:http_server:*:*:*:*:*:*:*:*'],1,5
CVE-2023-12326,Command injection in management web interface in paloalto pan-os component.,2022-02-18T00:00:00+00:00,2022-03-11T00:00:00+00:00,3.1,CVSS:3.1/AV:A/AC:L/PR:H/UI:N/S:U/C:N/I:N/A:H,ADJACENT_NETWORK,LOW,HIGH,NONE,UNCHANGED,NONE,NONE,HIGH,7.3,HIGH,0,0.042970550849969,0.0408,paloalto,pan-os,['CWE-119'],['cpe:2.3:a:paloalto:pan-os:*:*:*:*:*:*:*:*'],1,3
CVE-2024-12327,Use-after-free vulnerability in eBPF subsystem in linux linux_kernel component.,2021-02-16T00:00:00+00:00,2021-04-09T00:00:00+00:00,3.1,CVSS:3.1/AV:N/AC:H/PR:H/UI:R/S:U/C:H/I:N/A:L,NETWORK,HIGH,HIGH,REQUIRED,UNCHANGED,HIGH,NONE,LOW,6.7,MEDIUM,0,0.09854506159776716,0.0936,linux,linux_kernel,['CWE-269'],['cpe:2.3:a:linux:linux_kernel:*:*:*:*:*:*:*:*'],1,2
CVE-2023-12328,Privilege escalation via authenticated extension loading in postgresql postgresql component.,2023-06-16T00:00:00+00:00,2023-08-24T00:00:00+00:00,3.1,CVSS:3.1/AV:P/AC:H/PR:N/UI:R/S:U/C:N/I:H/A:L,PHYSICAL,HIGH,NONE,REQUIRED,UNCHANGED,NONE,HIGH,LOW,5.4,MEDIUM,0,0.0001,0.0001,postgresql,postgresql,['CWE-119'],['cpe:2.3:a:postgresql:postgresql:*:*:*:*:*:*:*:*'],1,4
CVE-2021-12329,Buffer overflow in TLS handshake parser in openssl openssl component.,2025-05-28T00:00:00+00:00,2025-07-16T00:00:00+00:00,3.1,CVSS:3.1/AV:L/AC:H/PR:H/UI:R/S:C/C:H/I:L/A:L,LOCAL,HIGH,HIGH,REQUIRED,CHANGED,HIGH,LOW,LOW,5.5,MEDIUM,0,0.25136408214273104,0.2388,openssl,openssl,['CWE-119'],['cpe:2.3:a:openssl:openssl:*:*:*:*:*:*:*:*'],1,1
CVE-2025-12330,Denial of service via HTTP/2 frame flooding in apache http_server component.,2024-07-17T00:00:00+00:00,2024-09-22T00:00:00+00:00,3.1,CVSS:3.1/AV:N/AC:H/PR:N/UI:R/S:C/C:L/I:N/A:H,NETWORK,HIGH,NONE,REQUIRED,CHANGED,LOW,NONE,HIGH,7.7,HIGH,0,0.0005010421769313494,0.0005,apache,http_server,['CWE-20'],['cpe:2.3:a:apache:http_server:*:*:*:*:*:*:*:*'],1,3
CVE-2024-12331,Privilege escalation via authenticated extension loading in postgresql postgresql component.,2023-04-21T00:00:00+00:00,2023-05-30T00:00:00+00:00,3.1,CVSS:3.1/AV:A/AC:H/PR:L/UI:N/S:C/C:H/I:L/A:H,ADJACENT_NETWORK,HIGH,LOW,NONE,CHANGED,HIGH,LOW,HIGH,7.8,HIGH,0,0.009699418756062055,0.0092,postgresql,postgresql,['CWE-787'],['cpe:2.3:a:postgresql:postgresql:*:*:*:*:*:*:*:*'],1,5
CVE-2021-12332,Remote code execution in Kerberos authentication service in microsoft windows_server component.,2024-10-22T00:00:00+00:00,2024-11-15T00:00:00+00:00,3.1,CVSS:3.1/AV:N/AC:L/PR:H/UI:N/S:U/C:N/I:N/A:N,NETWORK,LOW,HIGH,NONE,UNCHANGED,NONE,NONE,NONE,7.2,HIGH,0,0.12629553519032316,0.12,microsoft,windows_server,['CWE-787'],['cpe:2.3:a:microsoft:windows_server:*:*:*:*:*:*:*:*'],1,1
CVE-2025-12333,Denial of service via HTTP/2 frame flooding in apache http_server component.,2025-01-08T00:00:00+00:00,2025-02-19T00:00:00+00:00,3.1,CVSS:3.1/AV:P/AC:H/PR:N/UI:N/S:C/C:H/I:H/A:L,PHYSICAL,HIGH,NONE,NONE,CHANGED,HIGH,HIGH,LOW,7.5,HIGH,0,0.21026257003962937,0.1997,apache,http_server,['CWE-89'],['cpe:2.3:a:apache:http_server:*:*:*:*:*:*:*:*'],1,5
CVE-2022-12334,Integer overflow in HTTP request header processing in nginx nginx component.,2025-08-20T00:00:00+00:00,2025-11-18T00:00:00+00:00,3.1,CVSS:3.1/AV:N/AC:H/PR:N/UI:R/S:C/C:L/I:N/A:H,NETWORK,HIGH,NONE,REQUIRED,CHANGED,LOW,NONE,HIGH,7.6,HIGH,0,0.2140735298387411,0.2034,nginx,nginx,['CWE-79'],['cpe:2.3:a:nginx:nginx:*:*:*:*:*:*:*:*'],1,4
CVE-2024-12335,Out-of-bounds memory access in V8 JavaScript engine in google chrome component.,2022-09-27T00:00:00+00:00,2022-11-05T00:00:00+00:00,3.1,CVSS:3.1/AV:N/AC:H/PR:N/UI:N/S:U/C:N/I:H/A:H,NETWORK,HIGH,NONE,NONE,UNCHANGED,NONE,HIGH,HIGH,9.5,CRITICAL,0,0.0016055093953814177,0.0015,google,chrome,['CWE-787'],['cpe:2.3:a:google:chrome:*:*:*:*:*:*:*:*'],1,1
CVE-2023-12336,Buffer overflow in TLS handshake parser in openssl openssl component.,2021-06-10T00:00:00+00:00,2021-09-08T00:00:00+00:00,3.1,CVSS:3.1/AV:N/AC:L/PR:H/UI:R/S:C/C:L/I:H/A:N,NETWORK,LOW,HIGH,REQUIRED,CHANGED,LOW,HIGH,NONE,8.0,HIGH,1,0.21760613567962583,0.2067,openssl,openssl,['CWE-20'],['cpe:2.3:a:openssl:openssl:*:*:*:*:*:*:*:*'],1,2
CVE-2026-12337,Command injection in management web interface in paloalto pan-os component.,2024-12-11T00:00:00+00:00,2025-03-05T00:00:00+00:00,3.1,CVSS:3.1/AV:N/AC:L/PR:H/UI:R/S:C/C:L/I:L/A:L,NETWORK,LOW,HIGH,REQUIRED,CHANGED,LOW,LOW,LOW,7.2,HIGH,0,0.35654937076881155,0.3387,paloalto,pan-os,['CWE-79'],['cpe:2.3:a:paloalto:pan-os:*:*:*:*:*:*:*:*'],1,4
CVE-2025-12338,Use-after-free vulnerability in eBPF subsystem in linux linux_kernel component.,2023-10-18T00:00:00+00:00,2024-01-06T00:00:00+00:00,3.1,CVSS:3.1/AV:A/AC:L/PR:N/UI:R/S:C/C:L/I:N/A:L,ADJACENT_NETWORK,LOW,NONE,REQUIRED,CHANGED,LOW,NONE,LOW,7.7,HIGH,0,0.03492148094634916,0.0332,linux,linux_kernel,['CWE-269'],['cpe:2.3:a:linux:linux_kernel:*:*:*:*:*:*:*:*'],1,1
CVE-2023-12339,Denial of service via HTTP/2 frame flooding in apache http_server component.,2021-12-17T00:00:00+00:00,2022-02-07T00:00:00+00:00,3.1,CVSS:3.1/AV:P/AC:H/PR:L/UI:N/S:U/C:N/I:H/A:L,PHYSICAL,HIGH,LOW,NONE,UNCHANGED,NONE,HIGH,LOW,5.0,MEDIUM,0,0.11772465876465832,0.1118,apache,http_server,['CWE-20'],['cpe:2.3:a:apache:http_server:*:*:*:*:*:*:*:*'],1,4
CVE-2023-12340,Remote code execution via unsafe deserialization in spring spring_framework component.,2022-08-22T00:00:00+00:00,2022-10-31T00:00:00+00:00,3.1,CVSS:3.1/AV:A/AC:L/PR:N/UI:R/S:C/C:N/I:N/A:H,ADJACENT_NETWORK,LOW,NONE,REQUIRED,CHANGED,NONE,NONE,HIGH,8.1,HIGH,0,0.06581062542080754,0.0625,spring,spring_framework,['CWE-119'],['cpe:2.3:a:spring:spring_framework:*:*:*:*:*:*:*:*'],1,4
CVE-2026-12341,Remote code execution via unsafe deserialization in spring spring_framework component.,2024-08-12T00:00:00+00:00,2024-08-14T00:00:00+00:00,3.1,CVSS:3.1/AV:P/AC:L/PR:N/UI:R/S:C/C:L/I:H/A:N,PHYSICAL,LOW,NONE,REQUIRED,CHANGED,LOW,HIGH,NONE,6.8,MEDIUM,0,0.012406407630301108,0.0118,spring,spring_framework,['CWE-119'],['cpe:2.3:a:spring:spring_framework:*:*:*:*:*:*:*:*'],1,2
CVE-2024-12342,Remote code execution in Kerberos authentication service in microsoft windows_server component.,2021-06-04T00:00:00+00:00,2021-07-09T00:00:00+00:00,3.1,CVSS:3.1/AV:L/AC:L/PR:H/UI:R/S:U/C:N/I:L/A:N,LOCAL,LOW,HIGH,REQUIRED,UNCHANGED,NONE,LOW,NONE,5.0,MEDIUM,0,0.1107897622723524,0.1053,microsoft,windows_server,['CWE-79'],['cpe:2.3:a:microsoft:windows_server:*:*:*:*:*:*:*:*'],1,5
CVE-2024-12343,Remote code execution in Kerberos authentication service in microsoft windows_server component.,2024-06-01T00:00:00+00:00,2024-08-02T00:00:00+00:00,3.1,CVSS:3.1/AV:A/AC:L/PR:H/UI:N/S:C/C:N/I:H/A:N,ADJACENT_NETWORK,LOW,HIGH,NONE,CHANGED,NONE,HIGH,NONE,8.1,HIGH,0,0.2856918297946171,0.2714,microsoft,windows_server,['CWE-20'],['cpe:2.3:a:microsoft:windows_server:*:*:*:*:*:*:*:*'],1,1
CVE-2022-12344,Remote code execution via unsafe deserialization in spring spring_framework component.,2024-01-31T00:00:00+00:00,2024-03-17T00:00:00+00:00,3.1,CVSS:3.1/AV:A/AC:L/PR:N/UI:N/S:C/C:N/I:L/A:H,ADJACENT_NETWORK,LOW,NONE,NONE,CHANGED,NONE,LOW,HIGH,8.9,HIGH,0,0.06680628112566267,0.0635,spring,spring_framework,['CWE-119'],['cpe:2.3:a:spring:spring_framework:*:*:*:*:*:*:*:*'],1,4
CVE-2023-12345,Out-of-bounds memory access in V8 JavaScript engine in google chrome component.,2023-11-02T00:00:00+00:00,2023-11-23T00:00:00+00:00,3.1,CVSS:3.1/AV:N/AC:H/PR:H/UI:R/S:C/C:N/I:N/A:L,NETWORK,HIGH,HIGH,REQUIRED,CHANGED,NONE,NONE,LOW,6.3,MEDIUM,0,0.3411999577550562,0.3241,google,chrome,['CWE-119'],['cpe:2.3:a:google:chrome:*:*:*:*:*:*:*:*'],1,5
CVE-2021-12346,Integer overflow in HTTP request header processing in nginx nginx component.,2022-08-02T00:00:00+00:00,2022-10-18T00:00:00+00:00,3.1,CVSS:3.1/AV:A/AC:L/PR:L/UI:R/S:C/C:L/I:H/A:N,ADJACENT_NETWORK,LOW,LOW,REQUIRED,CHANGED,LOW,HIGH,NONE,7.4,HIGH,0,0.006996088315564364,0.0066,nginx,nginx,['CWE-200'],['cpe:2.3:a:nginx:nginx:*:*:*:*:*:*:*:*'],1,2
CVE-2025-12347,Use-after-free vulnerability in eBPF subsystem in linux linux_kernel component.,2025-07-19T00:00:00+00:00,2025-09-17T00:00:00+00:00,3.1,CVSS:3.1/AV:A/AC:H/PR:N/UI:R/S:U/C:L/I:H/A:N,ADJACENT_NETWORK,HIGH,NONE,REQUIRED,UNCHANGED,LOW,HIGH,NONE,7.1,HIGH,0,0.1882227212827667,0.1788,linux,linux_kernel,['CWE-119'],['cpe:2.3:a:linux:linux_kernel:*:*:*:*:*:*:*:*'],1,1
CVE-2023-12348,Command injection in management web interface in paloalto pan-os component.,2024-08-30T00:00:00+00:00,2024-11-12T00:00:00+00:00,3.1,CVSS:3.1/AV:P/AC:H/PR:N/UI:R/S:C/C:L/I:N/A:L,PHYSICAL,HIGH,NONE,REQUIRED,CHANGED,LOW,NONE,LOW,4.8,MEDIUM,0,0.01171983972355014,0.0111,paloalto,pan-os,['CWE-200'],['cpe:2.3:a:paloalto:pan-os:*:*:*:*:*:*:*:*'],1,2
CVE-2022-12349,Use-after-free vulnerability in eBPF subsystem in linux linux_kernel component.,2024-07-13T00:00:00+00:00,2024-08-26T00:00:00+00:00,3.1,CVSS:3.1/AV:L/AC:H/PR:H/UI:R/S:U/C:H/I:L/A:L,LOCAL,HIGH,HIGH,REQUIRED,UNCHANGED,HIGH,LOW,LOW,5.1,MEDIUM,0,0.10714472759531175,0.1018,linux,linux_kernel,['CWE-787'],['cpe:2.3:a:linux:linux_kernel:*:*:*:*:*:*:*:*'],1,1
CVE-2024-12350,Unauthenticated remote code execution in query optimizer in oracle mysql component.,2025-03-22T00:00:00+00:00,2025-05-01T00:00:00+00:00,3.1,CVSS:3.1/AV:A/AC:L/PR:N/UI:N/S:U/C:L/I:H/A:H,ADJACENT_NETWORK,LOW,NONE,NONE,UNCHANGED,LOW,HIGH,HIGH,9.4,CRITICAL,0,0.0028015060770548296,0.0027,oracle,mysql,['CWE-20'],['cpe:2.3:a:oracle:mysql:*:*:*:*:*:*:*:*'],1,3
CVE-2023-12351,Command injection in management web interface in paloalto pan-os component.,2023-08-23T00:00:00+00:00,2023-11-06T00:00:00+00:00,3.1,CVSS:3.1/AV:P/AC:L/PR:H/UI:N/S:U/C:H/I:L/A:N,PHYSICAL,LOW,HIGH,NONE,UNCHANGED,HIGH,LOW,NONE,5.4,MEDIUM,0,0.060852604545339715,0.0578,paloalto,pan-os,['CWE-79'],['cpe:2.3:a:paloalto:pan-os:*:*:*:*:*:*:*:*'],1,4
CVE-2024-12352,Unauthenticated remote code execution in query optimizer in oracle mysql component.,2022-04-13T00:00:00+00:00,2022-06-14T00:00:00+00:00,3.1,CVSS:3.1/AV:P/AC:L/PR:L/UI:N/S:C/C:L/I:H/A:H,PHYSICAL,LOW,LOW,NONE,CHANGED,LOW,HIGH,HIGH,7.1,HIGH,0,0.44135407367891755,0.4193,oracle,mysql,['CWE-89'],['cpe:2.3:a:oracle:mysql:*:*:*:*:*:*:*:*'],1,2
CVE-2023-12353,Unauthenticated remote code execution in query optimizer in oracle mysql component.,2024-05-01T00:00:00+00:00,2024-05-21T00:00:00+00:00,3.1,CVSS:3.1/AV:N/AC:L/PR:L/UI:N/S:U/C:H/I:N/A:H,NETWORK,LOW,LOW,NONE,UNCHANGED,HIGH,NONE,HIGH,9.5,CRITICAL,0,0.1941025949950557,0.1844,oracle,mysql,['CWE-20'],['cpe:2.3:a:oracle:mysql:*:*:*:*:*:*:*:*'],1,1
CVE-2022-12354,Unauthenticated remote code execution in query optimizer in oracle mysql component.,2023-08-14T00:00:00+00:00,2023-09-14T00:00:00+00:00,3.1,CVSS:3.1/AV:N/AC:L/PR:L/UI:N/S:U/C:L/I:L/A:N,NETWORK,LOW,LOW,NONE,UNCHANGED,LOW,LOW,NONE,7.5,HIGH,0,0.21592852065578025,0.2051,oracle,mysql,['CWE-200'],['cpe:2.3:a:oracle:mysql:*:*:*:*:*:*:*:*'],1,4
CVE-2024-12355,Unauthenticated remote code execution in query optimizer in oracle mysql component.,2024-03-16T00:00:00+00:00,2024-03-18T00:00:00+00:00,3.1,CVSS:3.1/AV:N/AC:L/PR:H/UI:R/S:U/C:H/I:N/A:N,NETWORK,LOW,HIGH,REQUIRED,UNCHANGED,HIGH,NONE,NONE,7.7,HIGH,0,0.10392741395651083,0.0987,oracle,mysql,['CWE-269'],['cpe:2.3:a:oracle:mysql:*:*:*:*:*:*:*:*'],1,5
CVE-2026-12356,Remote code execution via unsafe deserialization in spring spring_framework component.,2022-07-13T00:00:00+00:00,2022-09-09T00:00:00+00:00,3.1,CVSS:3.1/AV:L/AC:L/PR:N/UI:N/S:C/C:H/I:L/A:H,LOCAL,LOW,NONE,NONE,CHANGED,HIGH,LOW,HIGH,9.1,CRITICAL,0,0.1513843688179029,0.1438,spring,spring_framework,['CWE-416'],['cpe:2.3:a:spring:spring_framework:*:*:*:*:*:*:*:*'],1,4
CVE-2021-12357,Integer overflow in HTTP request header processing in nginx nginx component.,2022-12-24T00:00:00+00:00,2023-01-25T00:00:00+00:00,3.1,CVSS:3.1/AV:N/AC:L/PR:N/UI:R/S:U/C:H/I:L/A:L,NETWORK,LOW,NONE,REQUIRED,UNCHANGED,HIGH,LOW,LOW,8.4,HIGH,0,0.014062451315606775,0.0134,nginx,nginx,['CWE-119'],['cpe:2.3:a:nginx:nginx:*:*:*:*:*:*:*:*'],1,4
CVE-2021-12358,Unauthenticated remote code execution in query optimizer in oracle mysql component.,2021-03-29T00:00:00+00:00,2021-04-24T00:00:00+00:00,3.1,CVSS:3.1/AV:A/AC:L/PR:H/UI:N/S:U/C:L/I:L/A:L,ADJACENT_NETWORK,LOW,HIGH,NONE,UNCHANGED,LOW,LOW,LOW,6.1,MEDIUM,0,0.5826721947322695,0.5535,oracle,mysql,['CWE-416'],['cpe:2.3:a:oracle:mysql:*:*:*:*:*:*:*:*'],1,1
CVE-2023-12359,Use-after-free vulnerability in eBPF subsystem in linux linux_kernel component.,2021-10-26T00:00:00+00:00,2021-12-23T00:00:00+00:00,3.1,CVSS:3.1/AV:P/AC:L/PR:H/UI:R/S:C/C:L/I:H/A:N,PHYSICAL,LOW,HIGH,REQUIRED,CHANGED,LOW,HIGH,NONE,5.5,MEDIUM,0,0.08472650849519127,0.0805,linux,linux_kernel,['CWE-200'],['cpe:2.3:a:linux:linux_kernel:*:*:*:*:*:*:*:*'],1,2
CVE-2021-12360,Privilege escalation via authenticated extension loading in postgresql postgresql component.,2023-04-01T00:00:00+00:00,2023-06-20T00:00:00+00:00,3.1,CVSS:3.1/AV:P/AC:L/PR:H/UI:N/S:C/C:L/I:L/A:L,PHYSICAL,LOW,HIGH,NONE,CHANGED,LOW,LOW,LOW,5.4,MEDIUM,0,0.17585550727789123,0.1671,postgresql,postgresql,['CWE-119'],['cpe:2.3:a:postgresql:postgresql:*:*:*:*:*:*:*:*'],1,5
CVE-2023-12361,Privilege escalation via authenticated extension loading in postgresql postgresql component.,2022-04-19T00:00:00+00:00,2022-07-16T00:00:00+00:00,3.1,CVSS:3.1/AV:P/AC:L/PR:L/UI:R/S:U/C:H/I:H/A:H,PHYSICAL,LOW,LOW,REQUIRED,UNCHANGED,HIGH,HIGH,HIGH,7.2,HIGH,0,0.2728910999185039,0.2592,postgresql,postgresql,['CWE-89'],['cpe:2.3:a:postgresql:postgresql:*:*:*:*:*:*:*:*'],1,3
CVE-2025-12362,Command injection in management web interface in paloalto pan-os component.,2023-08-19T00:00:00+00:00,2023-10-30T00:00:00+00:00,3.1,CVSS:3.1/AV:A/AC:H/PR:L/UI:N/S:U/C:H/I:N/A:N,ADJACENT_NETWORK,HIGH,LOW,NONE,UNCHANGED,HIGH,NONE,NONE,6.0,MEDIUM,0,0.009589131269435797,0.0091,paloalto,pan-os,['CWE-119'],['cpe:2.3:a:paloalto:pan-os:*:*:*:*:*:*:*:*'],1,1
CVE-2022-12363,Integer overflow in HTTP request header processing in nginx nginx component.,2022-07-22T00:00:00+00:00,2022-09-04T00:00:00+00:00,3.1,CVSS:3.1/AV:A/AC:L/PR:N/UI:N/S:U/C:L/I:L/A:N,ADJACENT_NETWORK,LOW,NONE,NONE,UNCHANGED,LOW,LOW,NONE,7.4,HIGH,0,0.007682063131927698,0.0073,nginx,nginx,['CWE-89'],['cpe:2.3:a:nginx:nginx:*:*:*:*:*:*:*:*'],1,2
CVE-2024-12364,Use-after-free vulnerability in eBPF subsystem in linux linux_kernel component.,2022-06-04T00:00:00+00:00,2022-06-07T00:00:00+00:00,3.1,CVSS:3.1/AV:L/AC:L/PR:H/UI:R/S:U/C:N/I:N/A:N,LOCAL,LOW,HIGH,REQUIRED,UNCHANGED,NONE,NONE,NONE,5.0,MEDIUM,0,0.15475155722051268,0.147,linux,linux_kernel,['CWE-269'],['cpe:2.3:a:linux:linux_kernel:*:*:*:*:*:*:*:*'],1,1
CVE-2021-12365,Unauthenticated remote code execution in query optimizer in oracle mysql component.,2023-03-30T00:00:00+00:00,2023-04-06T00:00:00+00:00,3.1,CVSS:3.1/AV:A/AC:L/PR:N/UI:R/S:U/C:N/I:L/A:H,ADJACENT_NETWORK,LOW,NONE,REQUIRED,UNCHANGED,NONE,LOW,HIGH,7.8,HIGH,0,0.30168420900073406,0.2866,oracle,mysql,['CWE-79'],['cpe:2.3:a:oracle:mysql:*:*:*:*:*:*:*:*'],1,3
CVE-2023-12366,Unauthenticated remote code execution in query optimizer in oracle mysql component.,2023-12-31T00:00:00+00:00,2024-03-04T00:00:00+00:00,3.1,CVSS:3.1/AV:N/AC:H/PR:H/UI:N/S:C/C:N/I:N/A:H,NETWORK,HIGH,HIGH,NONE,CHANGED,NONE,NONE,HIGH,7.6,HIGH,0,0.00279607586105349,0.0027,oracle,mysql,['CWE-200'],['cpe:2.3:a:oracle:mysql:*:*:*:*:*:*:*:*'],1,3
CVE-2023-12367,Remote code execution in Kerberos authentication service in microsoft windows_server component.,2021-05-26T00:00:00+00:00,2021-06-06T00:00:00+00:00,3.1,CVSS:3.1/AV:A/AC:H/PR:L/UI:N/S:U/C:L/I:N/A:H,ADJACENT_NETWORK,HIGH,LOW,NONE,UNCHANGED,LOW,NONE,HIGH,5.9,MEDIUM,0,0.021277425133573256,0.0202,microsoft,windows_server,['CWE-20'],['cpe:2.3:a:microsoft:windows_server:*:*:*:*:*:*:*:*'],1,4
CVE-2021-12368,Remote code execution via unsafe deserialization in spring spring_framework component.,2024-04-15T00:00:00+00:00,2024-04-27T00:00:00+00:00,3.1,CVSS:3.1/AV:A/AC:H/PR:N/UI:R/S:U/C:H/I:H/A:L,ADJACENT_NETWORK,HIGH,NONE,REQUIRED,UNCHANGED,HIGH,HIGH,LOW,7.8,HIGH,0,0.0068261350430494794,0.0065,spring,spring_framework,['CWE-200'],['cpe:2.3:a:spring:spring_framework:*:*:*:*:*:*:*:*'],1,1
CVE-2026-12369,Out-of-bounds memory access in V8 JavaScript engine in google chrome component.,2025-11-26T00:00:00+00:00,2026-01-26T00:00:00+00:00,3.1,CVSS:3.1/AV:N/AC:H/PR:H/UI:R/S:C/C:L/I:L/A:N,NETWORK,HIGH,HIGH,REQUIRED,CHANGED,LOW,LOW,NONE,5.5,MEDIUM,0,0.0004330231804910282,0.0004,google,chrome,['CWE-416'],['cpe:2.3:a:google:chrome:*:*:*:*:*:*:*:*'],1,4
CVE-2022-12370,Privilege escalation via authenticated extension loading in postgresql postgresql component.,2023-11-21T00:00:00+00:00,2024-02-10T00:00:00+00:00,3.1,CVSS:3.1/AV:A/AC:H/PR:L/UI:N/S:U/C:L/I:N/A:H,ADJACENT_NETWORK,HIGH,LOW,NONE,UNCHANGED,LOW,NONE,HIGH,6.2,MEDIUM,0,0.0864474569697107,0.0821,postgresql,postgresql,['CWE-416'],['cpe:2.3:a:postgresql:postgresql:*:*:*:*:*:*:*:*'],1,2
CVE-2026-12371,Denial of service via HTTP/2 frame flooding in apache http_server component.,2024-10-03T00:00:00+00:00,2024-12-11T00:00:00+00:00,3.1,CVSS:3.1/AV:L/AC:H/PR:N/UI:R/S:U/C:N/I:N/A:L,LOCAL,HIGH,NONE,REQUIRED,UNCHANGED,NONE,NONE,LOW,5.4,MEDIUM,0,0.005119015277644363,0.0049,apache,http_server,['CWE-416'],['cpe:2.3:a:apache:http_server:*:*:*:*:*:*:*:*'],1,1
CVE-2021-12372,Unauthenticated remote code execution in query optimizer in oracle mysql component.,2022-08-16T00:00:00+00:00,2022-09-05T00:00:00+00:00,3.1,CVSS:3.1/AV:N/AC:H/PR:H/UI:R/S:C/C:H/I:H/A:L,NETWORK,HIGH,HIGH,REQUIRED,CHANGED,HIGH,HIGH,LOW,7.8,HIGH,0,0.0018039665003533902,0.0017,oracle,mysql,['CWE-787'],['cpe:2.3:a:oracle:mysql:*:*:*:*:*:*:*:*'],1,4
CVE-2023-12373,Denial of service via HTTP/2 frame flooding in apache http_server component.,2022-01-24T00:00:00+00:00,2022-04-22T00:00:00+00:00,3.1,CVSS:3.1/AV:A/AC:H/PR:N/UI:N/S:U/C:N/I:N/A:N,ADJACENT_NETWORK,HIGH,NONE,NONE,UNCHANGED,NONE,NONE,NONE,5.8,MEDIUM,0,0.003084949502172256,0.0029,apache,http_server,['CWE-200'],['cpe:2.3:a:apache:http_server:*:*:*:*:*:*:*:*'],1,4
CVE-2021-12374,Denial of service via HTTP/2 frame flooding in apache http_server component.,2025-02-09T00:00:00+00:00,2025-03-09T00:00:00+00:00,3.1,CVSS:3.1/AV:A/AC:H/PR:H/UI:N/S:U/C:N/I:L/A:L,ADJACENT_NETWORK,HIGH,HIGH,NONE,UNCHANGED,NONE,LOW,LOW,5.2,MEDIUM,0,0.428985719396085,0.4075,apache,http_server,['CWE-79'],['cpe:2.3:a:apache:http_server:*:*:*:*:*:*:*:*'],1,4
CVE-2025-12375,Privilege escalation via authenticated extension loading in postgresql postgresql component.,2023-12-08T00:00:00+00:00,2023-12-23T00:00:00+00:00,3.1,CVSS:3.1/AV:P/AC:H/PR:H/UI:R/S:U/C:H/I:H/A:L,PHYSICAL,HIGH,HIGH,REQUIRED,UNCHANGED,HIGH,HIGH,LOW,4.8,MEDIUM,0,0.013289417360851256,0.0126,postgresql,postgresql,['CWE-416'],['cpe:2.3:a:postgresql:postgresql:*:*:*:*:*:*:*:*'],1,5
CVE-2023-12376,Buffer overflow in TLS handshake parser in openssl openssl component.,2024-07-09T00:00:00+00:00,2024-07-14T00:00:00+00:00,3.1,CVSS:3.1/AV:P/AC:H/PR:L/UI:N/S:C/C:L/I:N/A:H,PHYSICAL,HIGH,LOW,NONE,CHANGED,LOW,NONE,HIGH,5.7,MEDIUM,0,0.007574868899949603,0.0072,openssl,openssl,['CWE-20'],['cpe:2.3:a:openssl:openssl:*:*:*:*:*:*:*:*'],1,1
CVE-2022-12377,Integer overflow in HTTP request header processing in nginx nginx component.,2025-01-03T00:00:00+00:00,2025-03-07T00:00:00+00:00,3.1,CVSS:3.1/AV:A/AC:L/PR:H/UI:N/S:C/C:L/I:N/A:H,ADJACENT_NETWORK,LOW,HIGH,NONE,CHANGED,LOW,NONE,HIGH,7.7,HIGH,0,0.11736069792256291,0.1115,nginx,nginx,['CWE-119'],['cpe:2.3:a:nginx:nginx:*:*:*:*:*:*:*:*'],1,4
CVE-2023-12378,Privilege escalation via authenticated extension loading in postgresql postgresql component.,2023-05-11T00:00:00+00:00,2023-06-17T00:00:00+00:00,3.1,CVSS:3.1/AV:N/AC:H/PR:H/UI:N/S:U/C:H/I:N/A:N,NETWORK,HIGH,HIGH,NONE,UNCHANGED,HIGH,NONE,NONE,7.3,HIGH,0,0.025239873087296184,0.024,postgresql,postgresql,['CWE-416'],['cpe:2.3:a:postgresql:postgresql:*:*:*:*:*:*:*:*'],1,5
CVE-2025-12379,Integer overflow in HTTP request header processing in nginx nginx component.,2025-04-06T00:00:00+00:00,2025-06-22T00:00:00+00:00,3.1,CVSS:3.1/AV:L/AC:L/PR:H/UI:R/S:C/C:L/I:H/A:H,LOCAL,LOW,HIGH,REQUIRED,CHANGED,LOW,HIGH,HIGH,7.5,HIGH,0,0.08103587946713688,0.077,nginx,nginx,['CWE-119'],['cpe:2.3:a:nginx:nginx:*:*:*:*:*:*:*:*'],1,4
CVE-2021-12380,Integer overflow in HTTP request header processing in nginx nginx component.,2022-06-17T00:00:00+00:00,2022-08-06T00:00:00+00:00,3.1,CVSS:3.1/AV:P/AC:H/PR:H/UI:N/S:C/C:L/I:H/A:H,PHYSICAL,HIGH,HIGH,NONE,CHANGED,LOW,HIGH,HIGH,6.2,MEDIUM,0,0.0001,0.0001,nginx,nginx,['CWE-416'],['cpe:2.3:a:nginx:nginx:*:*:*:*:*:*:*:*'],1,4
CVE-2021-12381,Unauthenticated remote code execution in query optimizer in oracle mysql component.,2025-11-14T00:00:00+00:00,2026-01-25T00:00:00+00:00,3.1,CVSS:3.1/AV:L/AC:H/PR:N/UI:N/S:C/C:L/I:L/A:L,LOCAL,HIGH,NONE,NONE,CHANGED,LOW,LOW,LOW,6.5,MEDIUM,0,0.00859751265657577,0.0082,oracle,mysql,['CWE-20'],['cpe:2.3:a:oracle:mysql:*:*:*:*:*:*:*:*'],1,3
CVE-2023-12382,Out-of-bounds memory access in V8 JavaScript engine in google chrome component.,2025-08-09T00:00:00+00:00,2025-09-30T00:00:00+00:00,3.1,CVSS:3.1/AV:A/AC:H/PR:N/UI:N/S:U/C:H/I:H/A:L,ADJACENT_NETWORK,HIGH,NONE,NONE,UNCHANGED,HIGH,HIGH,LOW,8.6,HIGH,0,0.003807327443315139,0.0036,google,chrome,['CWE-119'],['cpe:2.3:a:google:chrome:*:*:*:*:*:*:*:*'],1,5
CVE-2021-12383,Command injection in management web interface in paloalto pan-os component.,2025-01-14T00:00:00+00:00,2025-01-19T00:00:00+00:00,3.1,CVSS:3.1/AV:A/AC:H/PR:H/UI:R/S:C/C:L/I:N/A:N,ADJACENT_NETWORK,HIGH,HIGH,REQUIRED,CHANGED,LOW,NONE,NONE,4.8,MEDIUM,0,0.0702319339857305,0.0667,paloalto,pan-os,['CWE-787'],['cpe:2.3:a:paloalto:pan-os:*:*:*:*:*:*:*:*'],1,4
CVE-2022-12384,Integer overflow in HTTP request header processing in nginx nginx component.,2021-02-07T00:00:00+00:00,2021-05-05T00:00:00+00:00,3.1,CVSS:3.1/AV:A/AC:L/PR:L/UI:R/S:C/C:N/I:H/A:N,ADJACENT_NETWORK,LOW,LOW,REQUIRED,CHANGED,NONE,HIGH,NONE,6.9,MEDIUM,0,0.16899874146057112,0.1605,nginx,nginx,['CWE-416'],['cpe:2.3:a:nginx:nginx:*:*:*:*:*:*:*:*'],1,1
CVE-2023-12385,Unauthenticated remote code execution in query optimizer in oracle mysql component.,2024-01-27T00:00:00+00:00,2024-03-29T00:00:00+00:00,3.1,CVSS:3.1/AV:A/AC:L/PR:N/UI:N/S:C/C:H/I:N/A:N,ADJACENT_NETWORK,LOW,NONE,NONE,CHANGED,HIGH,NONE,NONE,9.0,CRITICAL,0,0.08947152408261938,0.085,oracle,mysql,['CWE-269'],['cpe:2.3:a:oracle:mysql:*:*:*:*:*:*:*:*'],1,3
CVE-2023-12386,Unauthenticated remote code execution in query optimizer in oracle mysql component.,2021-02-18T00:00:00+00:00,2021-05-14T00:00:00+00:00,3.1,CVSS:3.1/AV:N/AC:H/PR:L/UI:N/S:U/C:H/I:H/A:H,NETWORK,HIGH,LOW,NONE,UNCHANGED,HIGH,HIGH,HIGH,9.3,CRITICAL,0,0.013284643656511936,0.0126,oracle,mysql,['CWE-119'],['cpe:2.3:a:oracle:mysql:*:*:*:*:*:*:*:*'],1,5
CVE-2024-12387,Integer overflow in HTTP request header processing in nginx nginx component.,2024-07-16T00:00:00+00:00,2024-09-13T00:00:00+00:00,3.1,CVSS:3.1/AV:A/AC:H/PR:N/UI:R/S:C/C:N/I:L/A:N,ADJACENT_NETWORK,HIGH,NONE,REQUIRED,CHANGED,NONE,LOW,NONE,6.3,MEDIUM,0,0.012815877863051585,0.0122,nginx,nginx,['CWE-20'],['cpe:2.3:a:nginx:nginx:*:*:*:*:*:*:*:*'],1,2
CVE-2022-12388,Use-after-free vulnerability in eBPF subsystem in linux linux_kernel component.,2023-12-14T00:00:00+00:00,2024-01-12T00:00:00+00:00,3.1,CVSS:3.1/AV:N/AC:L/PR:N/UI:N/S:C/C:N/I:L/A:N,NETWORK,LOW,NONE,NONE,CHANGED,NONE,LOW,NONE,9.1,CRITICAL,0,0.041517900439830925,0.0394,linux,linux_kernel,['CWE-119'],['cpe:2.3:a:linux:linux_kernel:*:*:*:*:*:*:*:*'],1,1
CVE-2026-12389,Integer overflow in HTTP request header processing in nginx nginx component.,2025-01-02T00:00:00+00:00,2025-02-07T00:00:00+00:00,3.1,CVSS:3.1/AV:N/AC:H/PR:H/UI:R/S:C/C:L/I:L/A:L,NETWORK,HIGH,HIGH,REQUIRED,CHANGED,LOW,LOW,LOW,6.0,MEDIUM,0,0.00651199619638801,0.0062,nginx,nginx,['CWE-89'],['cpe:2.3:a:nginx:nginx:*:*:*:*:*:*:*:*'],1,5
CVE-2024-12390,Out-of-bounds memory access in V8 JavaScript engine in google chrome component.,2024-11-20T00:00:00+00:00,2024-12-15T00:00:00+00:00,3.1,CVSS:3.1/AV:L/AC:L/PR:H/UI:R/S:U/C:N/I:L/A:N,LOCAL,LOW,HIGH,REQUIRED,UNCHANGED,NONE,LOW,NONE,5.1,MEDIUM,0,0.00535040500669152,0.0051,google,chrome,['CWE-787'],['cpe:2.3:a:google:chrome:*:*:*:*:*:*:*:*'],1,3
CVE-2021-12391,Remote code execution in Kerberos authentication service in microsoft windows_server component.,2021-01-09T00:00:00+00:00,2021-01-31T00:00:00+00:00,3.1,CVSS:3.1/AV:A/AC:L/PR:N/UI:N/S:U/C:L/I:N/A:L,ADJACENT_NETWORK,LOW,NONE,NONE,UNCHANGED,LOW,NONE,LOW,7.3,HIGH,0,0.05333977042970581,0.0507,microsoft,windows_server,['CWE-416'],['cpe:2.3:a:microsoft:windows_server:*:*:*:*:*:*:*:*'],1,4
CVE-2021-12392,Integer overflow in HTTP request header processing in nginx nginx component.,2022-01-13T00:00:00+00:00,2022-03-01T00:00:00+00:00,3.1,CVSS:3.1/AV:N/AC:H/PR:H/UI:N/S:C/C:N/I:H/A:H,NETWORK,HIGH,HIGH,NONE,CHANGED,NONE,HIGH,HIGH,8.7,HIGH,1,0.4605789602206674,0.4376,nginx,nginx,['CWE-20'],['cpe:2.3:a:nginx:nginx:*:*:*:*:*:*:*:*'],1,3
CVE-2024-12393,Denial of service via HTTP/2 frame flooding in apache http_server component.,2023-04-05T00:00:00+00:00,2023-05-31T00:00:00+00:00,3.1,CVSS:3.1/AV:N/AC:L/PR:N/UI:N/S:U/C:L/I:H/A:H,NETWORK,LOW,NONE,NONE,UNCHANGED,LOW,HIGH,HIGH,10.0,CRITICAL,1,0.0009352071986772869,0.0009,apache,http_server,['CWE-200'],['cpe:2.3:a:apache:http_server:*:*:*:*:*:*:*:*'],1,4
CVE-2021-12394,Out-of-bounds memory access in V8 JavaScript engine in google chrome component.,2024-04-10T00:00:00+00:00,2024-06-21T00:00:00+00:00,3.1,CVSS:3.1/AV:P/AC:L/PR:L/UI:N/S:C/C:N/I:L/A:L,PHYSICAL,LOW,LOW,NONE,CHANGED,NONE,LOW,LOW,5.3,MEDIUM,0,0.004594276939982576,0.0044,google,chrome,['CWE-269'],['cpe:2.3:a:google:chrome:*:*:*:*:*:*:*:*'],1,5
CVE-2023-12395,Use-after-free vulnerability in eBPF subsystem in linux linux_kernel component.,2022-09-13T00:00:00+00:00,2022-10-03T00:00:00+00:00,3.1,CVSS:3.1/AV:N/AC:L/PR:N/UI:R/S:U/C:L/I:H/A:H,NETWORK,LOW,NONE,REQUIRED,UNCHANGED,LOW,HIGH,HIGH,9.7,CRITICAL,0,0.026030816390424153,0.0247,linux,linux_kernel,['CWE-119'],['cpe:2.3:a:linux:linux_kernel:*:*:*:*:*:*:*:*'],1,1
CVE-2024-12396,Privilege escalation via authenticated extension loading in postgresql postgresql component.,2022-04-26T00:00:00+00:00,2022-06-25T00:00:00+00:00,3.1,CVSS:3.1/AV:N/AC:H/PR:L/UI:N/S:U/C:N/I:N/A:H,NETWORK,HIGH,LOW,NONE,UNCHANGED,NONE,NONE,HIGH,7.0,HIGH,0,0.0001,0.0001,postgresql,postgresql,['CWE-20'],['cpe:2.3:a:postgresql:postgresql:*:*:*:*:*:*:*:*'],1,2
CVE-2026-12397,Remote code execution in Kerberos authentication service in microsoft windows_server component.,2023-02-19T00:00:00+00:00,2023-05-11T00:00:00+00:00,3.1,CVSS:3.1/AV:N/AC:H/PR:N/UI:N/S:C/C:N/I:L/A:N,NETWORK,HIGH,NONE,NONE,CHANGED,NONE,LOW,NONE,7.6,HIGH,0,0.023043509243176344,0.0219,microsoft,windows_server,['CWE-20'],['cpe:2.3:a:microsoft:windows_server:*:*:*:*:*:*:*:*'],1,3
CVE-2021-12398,Integer overflow in HTTP request header processing in nginx nginx component.,2025-11-24T00:00:00+00:00,2026-01-28T00:00:00+00:00,3.1,CVSS:3.1/AV:N/AC:L/PR:H/UI:N/S:C/C:L/I:H/A:H,NETWORK,LOW,HIGH,NONE,CHANGED,LOW,HIGH,HIGH,9.8,CRITICAL,0,0.06307386372823975,0.0599,nginx,nginx,['CWE-200'],['cpe:2.3:a:nginx:nginx:*:*:*:*:*:*:*:*'],1,4
CVE-2025-12399,Remote code execution in Kerberos authentication service in microsoft windows_server component.,2024-02-05T00:00:00+00:00,2024-05-01T00:00:00+00:00,3.1,CVSS:3.1/AV:A/AC:H/PR:N/UI:N/S:U/C:L/I:N/A:L,ADJACENT_NETWORK,HIGH,NONE,NONE,UNCHANGED,LOW,NONE,LOW,6.6,MEDIUM,0,0.06629200406179966,0.063,microsoft,windows_server,['CWE-79'],['cpe:2.3:a:microsoft:windows_server:*:*:*:*:*:*:*:*'],1,2
CVE-2025-12400,Denial of service via HTTP/2 frame flooding in apache http_server component.,2021-08-01T00:00:00+00:00,2021-08-16T00:00:00+00:00,3.1,CVSS:3.1/AV:N/AC:H/PR:N/UI:R/S:U/C:H/I:H/A:N,NETWORK,HIGH,NONE,REQUIRED,UNCHANGED,HIGH,HIGH,NONE,9.1,CRITICAL,1,0.6547686015345247,0.622,apache,http_server,['CWE-79'],['cpe:2.3:a:apache:http_server:*:*:*:*:*:*:*:*'],1,4
CVE-2026-12401,Out-of-bounds memory access in V8 JavaScript engine in google chrome component.,2021-01-05T00:00:00+00:00,2021-02-14T00:00:00+00:00,3.1,CVSS:3.1/AV:L/AC:H/PR:N/UI:R/S:C/C:N/I:H/A:H,LOCAL,HIGH,NONE,REQUIRED,CHANGED,NONE,HIGH,HIGH,7.4,HIGH,0,0.12745923976348913,0.1211,google,chrome,['CWE-200'],['cpe:2.3:a:google:chrome:*:*:*:*:*:*:*:*'],1,1
CVE-2024-12402,Remote code execution in Kerberos authentication service in microsoft windows_server component.,2021-07-24T00:00:00+00:00,2021-08-31T00:00:00+00:00,3.1,CVSS:3.1/AV:P/AC:L/PR:N/UI:N/S:U/C:N/I:L/A:L,PHYSICAL,LOW,NONE,NONE,UNCHANGED,NONE,LOW,LOW,5.8,MEDIUM,0,0.018135517055998755,0.0172,microsoft,windows_server,['CWE-416'],['cpe:2.3:a:microsoft:windows_server:*:*:*:*:*:*:*:*'],1,3
CVE-2024-12403,Unauthenticated remote code execution in query optimizer in oracle mysql component.,2021-09-14T00:00:00+00:00,2021-10-04T00:00:00+00:00,3.1,CVSS:3.1/AV:P/AC:H/PR:H/UI:R/S:C/C:N/I:L/A:H,PHYSICAL,HIGH,HIGH,REQUIRED,CHANGED,NONE,LOW,HIGH,4.9,MEDIUM,0,0.00010051183378399202,0.0001,oracle,mysql,['CWE-200'],['cpe:2.3:a:oracle:mysql:*:*:*:*:*:*:*:*'],1,1
CVE-2022-12404,Privilege escalation via authenticated extension loading in postgresql postgresql component.,2025-10-23T00:00:00+00:00,2025-12-20T00:00:00+00:00,3.1,CVSS:3.1/AV:L/AC:H/PR:H/UI:R/S:U/C:H/I:N/A:N,LOCAL,HIGH,HIGH,REQUIRED,UNCHANGED,HIGH,NONE,NONE,5.2,MEDIUM,0,0.28077112380824587,0.2667,postgresql,postgresql,['CWE-79'],['cpe:2.3:a:postgresql:postgresql:*:*:*:*:*:*:*:*'],1,2
CVE-2026-12405,Remote code execution in Kerberos authentication service in microsoft windows_server component.,2024-06-13T00:00:00+00:00,2024-07-20T00:00:00+00:00,3.1,CVSS:3.1/AV:N/AC:L/PR:H/UI:R/S:C/C:N/I:N/A:L,NETWORK,LOW,HIGH,REQUIRED,CHANGED,NONE,NONE,LOW,6.8,MEDIUM,0,0.023041577407498414,0.0219,microsoft,windows_server,['CWE-20'],['cpe:2.3:a:microsoft:windows_server:*:*:*:*:*:*:*:*'],1,2
CVE-2024-12406,Command injection in management web interface in paloalto pan-os component.,2025-04-04T00:00:00+00:00,2025-06-01T00:00:00+00:00,3.1,CVSS:3.1/AV:L/AC:L/PR:N/UI:N/S:C/C:L/I:L/A:N,LOCAL,LOW,NONE,NONE,CHANGED,LOW,LOW,NONE,7.1,HIGH,0,0.00700551285022099,0.0067,paloalto,pan-os,['CWE-79'],['cpe:2.3:a:paloalto:pan-os:*:*:*:*:*:*:*:*'],1,1
CVE-2021-12407,Denial of service via HTTP/2 frame flooding in apache http_server component.,2023-12-30T00:00:00+00:00,2024-03-17T00:00:00+00:00,3.1,CVSS:3.1/AV:P/AC:H/PR:L/UI:R/S:U/C:N/I:L/A:N,PHYSICAL,HIGH,LOW,REQUIRED,UNCHANGED,NONE,LOW,NONE,3.5,LOW,0,0.11468473310916781,0.109,apache,http_server,['CWE-416'],['cpe:2.3:a:apache:http_server:*:*:*:*:*:*:*:*'],1,1
CVE-2023-12408,Remote code execution in Kerberos authentication service in microsoft windows_server component.,2021-02-13T00:00:00+00:00,2021-02-21T00:00:00+00:00,3.1,CVSS:3.1/AV:L/AC:H/PR:L/UI:R/S:C/C:H/I:L/A:H,LOCAL,HIGH,LOW,REQUIRED,CHANGED,HIGH,LOW,HIGH,6.7,MEDIUM,0,0.03462833718951853,0.0329,microsoft,windows_server,['CWE-416'],['cpe:2.3:a:microsoft:windows_server:*:*:*:*:*:*:*:*'],1,5
CVE-2025-12409,Remote code execution via unsafe deserialization in spring spring_framework component.,2022-07-11T00:00:00+00:00,2022-09-15T00:00:00+00:00,3.1,CVSS:3.1/AV:L/AC:L/PR:L/UI:N/S:U/C:L/I:N/A:N,LOCAL,LOW,LOW,NONE,UNCHANGED,LOW,NONE,NONE,5.6,MEDIUM,0,0.0366045442127564,0.0348,spring,spring_framework,['CWE-20'],['cpe:2.3:a:spring:spring_framework:*:*:*:*:*:*:*:*'],1,4
CVE-2021-12410,Integer overflow in HTTP request header processing in nginx nginx component.,2025-03-24T00:00:00+00:00,2025-04-03T00:00:00+00:00,3.1,CVSS:3.1/AV:P/AC:H/PR:N/UI:R/S:C/C:H/I:L/A:H,PHYSICAL,HIGH,NONE,REQUIRED,CHANGED,HIGH,LOW,HIGH,6.7,MEDIUM,0,0.1534985912974964,0.1458,nginx,nginx,['CWE-119'],['cpe:2.3:a:nginx:nginx:*:*:*:*:*:*:*:*'],1,2
CVE-2024-12411,Buffer overflow in TLS handshake parser in openssl openssl component.,2023-12-17T00:00:00+00:00,2023-12-31T00:00:00+00:00,3.1,CVSS:3.1/AV:N/AC:L/PR:L/UI:N/S:C/C:N/I:N/A:L,NETWORK,LOW,LOW,NONE,CHANGED,NONE,NONE,LOW,7.6,HIGH,0,0.1352156135347007,0.1285,openssl,openssl,['CWE-20'],['cpe:2.3:a:openssl:openssl:*:*:*:*:*:*:*:*'],1,2
CVE-2023-12412,Denial of service via HTTP/2 frame flooding in apache http_server component.,2022-08-10T00:00:00+00:00,2022-09-17T00:00:00+00:00,3.1,CVSS:3.1/AV:N/AC:H/PR:L/UI:R/S:C/C:L/I:N/A:N,NETWORK,HIGH,LOW,REQUIRED,CHANGED,LOW,NONE,NONE,6.2,MEDIUM,0,0.00995962628188094,0.0095,apache,http_server,['CWE-119'],['cpe:2.3:a:apache:http_server:*:*:*:*:*:*:*:*'],1,5
CVE-2026-12413,Use-after-free vulnerability in eBPF subsystem in linux linux_kernel component.,2024-03-02T00:00:00+00:00,2024-04-24T00:00:00+00:00,3.1,CVSS:3.1/AV:L/AC:H/PR:N/UI:N/S:U/C:L/I:H/A:N,LOCAL,HIGH,NONE,NONE,UNCHANGED,LOW,HIGH,NONE,6.6,MEDIUM,0,0.1301905073901395,0.1237,linux,linux_kernel,['CWE-119'],['cpe:2.3:a:linux:linux_kernel:*:*:*:*:*:*:*:*'],1,2
CVE-2022-12414,Unauthenticated remote code execution in query optimizer in oracle mysql component.,2021-01-03T00:00:00+00:00,2021-01-11T00:00:00+00:00,3.1,CVSS:3.1/AV:L/AC:L/PR:L/UI:R/S:C/C:N/I:H/A:L,LOCAL,LOW,LOW,REQUIRED,CHANGED,NONE,HIGH,LOW,6.2,MEDIUM,0,0.025712773645874265,0.0244,oracle,mysql,['CWE-79'],['cpe:2.3:a:oracle:mysql:*:*:*:*:*:*:*:*'],1,5
CVE-2026-12415,Integer overflow in HTTP request header processing in nginx nginx component.,2025-08-30T00:00:00+00:00,2025-10-28T00:00:00+00:00,3.1,CVSS:3.1/AV:A/AC:L/PR:L/UI:N/S:C/C:L/I:H/A:N,ADJACENT_NETWORK,LOW,LOW,NONE,CHANGED,LOW,HIGH,NONE,8.3,HIGH,0,0.06881531705358665,0.0654,nginx,nginx,['CWE-200'],['cpe:2.3:a:nginx:nginx:*:*:*:*:*:*:*:*'],1,5
CVE-2026-12416,Integer overflow in HTTP request header processing in nginx nginx component.,2025-01-20T00:00:00+00:00,2025-02-09T00:00:00+00:00,3.1,CVSS:3.1/AV:A/AC:H/PR:H/UI:R/S:C/C:H/I:N/A:H,ADJACENT_NETWORK,HIGH,HIGH,REQUIRED,CHANGED,HIGH,NONE,HIGH,7.3,HIGH,0,0.015250953404272537,0.0145,nginx,nginx,['CWE-89'],['cpe:2.3:a:nginx:nginx:*:*:*:*:*:*:*:*'],1,4
CVE-2025-12417,Remote code execution in Kerberos authentication service in microsoft windows_server component.,2023-07-18T00:00:00+00:00,2023-10-11T00:00:00+00:00,3.1,CVSS:3.1/AV:N/AC:H/PR:H/UI:N/S:U/C:L/I:H/A:N,NETWORK,HIGH,HIGH,NONE,UNCHANGED,LOW,HIGH,NONE,6.8,MEDIUM,0,0.15463265760719552,0.1469,microsoft,windows_server,['CWE-79'],['cpe:2.3:a:microsoft:windows_server:*:*:*:*:*:*:*:*'],1,4
CVE-2024-12418,Out-of-bounds memory access in V8 JavaScript engine in google chrome component.,2023-06-21T00:00:00+00:00,2023-06-26T00:00:00+00:00,3.1,CVSS:3.1/AV:P/AC:L/PR:L/UI:R/S:U/C:L/I:N/A:L,PHYSICAL,LOW,LOW,REQUIRED,UNCHANGED,LOW,NONE,LOW,4.3,MEDIUM,0,0.10134965966853046,0.0963,google,chrome,['CWE-787'],['cpe:2.3:a:google:chrome:*:*:*:*:*:*:*:*'],1,5
CVE-2021-12419,Command injection in management web interface in paloalto pan-os component.,2025-01-08T00:00:00+00:00,2025-01-24T00:00:00+00:00,3.1,CVSS:3.1/AV:P/AC:L/PR:L/UI:N/S:C/C:H/I:H/A:H,PHYSICAL,LOW,LOW,NONE,CHANGED,HIGH,HIGH,HIGH,7.9,HIGH,0,0.17115885802099695,0.1626,paloalto,pan-os,['CWE-119'],['cpe:2.3:a:paloalto:pan-os:*:*:*:*:*:*:*:*'],1,3
CVE-2024-12420,Use-after-free vulnerability in eBPF subsystem in linux linux_kernel component.,2022-09-12T00:00:00+00:00,2022-11-03T00:00:00+00:00,3.1,CVSS:3.1/AV:A/AC:H/PR:N/UI:N/S:C/C:H/I:H/A:H,ADJACENT_NETWORK,HIGH,NONE,NONE,CHANGED,HIGH,HIGH,HIGH,10.0,CRITICAL,0,0.10761508626815798,0.1022,linux,linux_kernel,['CWE-269'],['cpe:2.3:a:linux:linux_kernel:*:*:*:*:*:*:*:*'],1,3
CVE-2021-12421,Integer overflow in HTTP request header processing in nginx nginx component.,2025-10-01T00:00:00+00:00,2025-10-31T00:00:00+00:00,3.1,CVSS:3.1/AV:A/AC:H/PR:H/UI:N/S:C/C:H/I:N/A:H,ADJACENT_NETWORK,HIGH,HIGH,NONE,CHANGED,HIGH,NONE,HIGH,7.6,HIGH,0,0.00033291698555311025,0.0003,nginx,nginx,['CWE-416'],['cpe:2.3:a:nginx:nginx:*:*:*:*:*:*:*:*'],1,4
CVE-2022-12422,Out-of-bounds memory access in V8 JavaScript engine in google chrome component.,2023-01-12T00:00:00+00:00,2023-02-23T00:00:00+00:00,3.1,CVSS:3.1/AV:A/AC:L/PR:L/UI:N/S:U/C:L/I:N/A:N,ADJACENT_NETWORK,LOW,LOW,NONE,UNCHANGED,LOW,NONE,NONE,5.6,MEDIUM,0,0.018578443506736604,0.0176,google,chrome,['CWE-20'],['cpe:2.3:a:google:chrome:*:*:*:*:*:*:*:*'],1,1
CVE-2026-12423,Denial of service via HTTP/2 frame flooding in apache http_server component.,2025-04-28T00:00:00+00:00,2025-05-06T00:00:00+00:00,3.1,CVSS:3.1/AV:N/AC:H/PR:L/UI:N/S:C/C:N/I:H/A:L,NETWORK,HIGH,LOW,NONE,CHANGED,NONE,HIGH,LOW,7.7,HIGH,0,0.07080136452508208,0.0673,apache,http_server,['CWE-119'],['cpe:2.3:a:apache:http_server:*:*:*:*:*:*:*:*'],1,5
CVE-2023-12424,Use-after-free vulnerability in eBPF subsystem in linux linux_kernel component.,2025-04-29T00:00:00+00:00,2025-07-18T00:00:00+00:00,3.1,CVSS:3.1/AV:N/AC:L/PR:N/UI:N/S:U/C:N/I:H/A:H,NETWORK,LOW,NONE,NONE,UNCHANGED,NONE,HIGH,HIGH,10.0,CRITICAL,0,0.4466555239089272,0.4243,linux,linux_kernel,['CWE-89'],['cpe:2.3:a:linux:linux_kernel:*:*:*:*:*:*:*:*'],1,2
CVE-2023-12425,Remote code execution via unsafe deserialization in spring spring_framework component.,2024-09-25T00:00:00+00:00,2024-11-13T00:00:00+00:00,3.1,CVSS:3.1/AV:N/AC:H/PR:L/UI:N/S:U/C:H/I:N/A:N,NETWORK,HIGH,LOW,NONE,UNCHANGED,HIGH,NONE,NONE,7.2,HIGH,0,0.14742753531177183,0.1401,spring,spring_framework,['CWE-20'],['cpe:2.3:a:spring:spring_framework:*:*:*:*:*:*:*:*'],1,3
CVE-2025-12426,Use-after-free vulnerability in eBPF subsystem in linux linux_kernel component.,2021-09-13T00:00:00+00:00,2021-11-16T00:00:00+00:00,3.1,CVSS:3.1/AV:P/AC:L/PR:H/UI:R/S:C/C:L/I:H/A:L,PHYSICAL,LOW,HIGH,REQUIRED,CHANGED,LOW,HIGH,LOW,5.4,MEDIUM,0,0.1314029857141761,0.1248,linux,linux_kernel,['CWE-79'],['cpe:2.3:a:linux:linux_kernel:*:*:*:*:*:*:*:*'],1,5
CVE-2022-12427,Command injection in management web interface in paloalto pan-os component.,2021-05-28T00:00:00+00:00,2021-08-04T00:00:00+00:00,3.1,CVSS:3.1/AV:A/AC:L/PR:N/UI:R/S:U/C:N/I:H/A:H,ADJACENT_NETWORK,LOW,NONE,REQUIRED,UNCHANGED,NONE,HIGH,HIGH,8.8,HIGH,0,0.0029189778749107776,0.0028,paloalto,pan-os,['CWE-416'],['cpe:2.3:a:paloalto:pan-os:*:*:*:*:*:*:*:*'],1,3
CVE-2024-12428,Denial of service via HTTP/2 frame flooding in apache http_server component.,2023-02-27T00:00:00+00:00,2023-03-08T00:00:00+00:00,3.1,CVSS:3.1/AV:A/AC:L/PR:N/UI:N/S:C/C:L/I:N/A:H,ADJACENT_NETWORK,LOW,NONE,NONE,CHANGED,LOW,NONE,HIGH,9.1,CRITICAL,0,0.048249413388345166,0.0458,apache,http_server,['CWE-416'],['cpe:2.3:a:apache:http_server:*:*:*:*:*:*:*:*'],1,5
CVE-2024-12429,Privilege escalation via authenticated extension loading in postgresql postgresql component.,2023-11-04T00:00:00+00:00,2023-11-29T00:00:00+00:00,3.1,CVSS:3.1/AV:L/AC:L/PR:L/UI:R/S:C/C:L/I:N/A:N,LOCAL,LOW,LOW,REQUIRED,CHANGED,LOW,NONE,NONE,5.3,MEDIUM,0,0.10076468413080834,0.0957,postgresql,postgresql,['CWE-89'],['cpe:2.3:a:postgresql:postgresql:*:*:*:*:*:*:*:*'],1,2
CVE-2026-12430,Out-of-bounds memory access in V8 JavaScript engine in google chrome component.,2021-05-19T00:00:00+00:00,2021-08-01T00:00:00+00:00,3.1,CVSS:3.1/AV:A/AC:L/PR:L/UI:N/S:U/C:H/I:L/A:L,ADJACENT_NETWORK,LOW,LOW,NONE,UNCHANGED,HIGH,LOW,LOW,7.5,HIGH,0,0.30826458339797264,0.2929,google,chrome,['CWE-79'],['cpe:2.3:a:google:chrome:*:*:*:*:*:*:*:*'],1,2
CVE-2025-12431,Remote code execution in Kerberos authentication service in microsoft windows_server component.,2022-05-08T00:00:00+00:00,2022-07-07T00:00:00+00:00,3.1,CVSS:3.1/AV:L/AC:H/PR:N/UI:N/S:C/C:N/I:H/A:L,LOCAL,HIGH,NONE,NONE,CHANGED,NONE,HIGH,LOW,7.3,HIGH,0,0.002237874925134272,0.0021,microsoft,windows_server,['CWE-200'],['cpe:2.3:a:microsoft:windows_server:*:*:*:*:*:*:*:*'],1,3
CVE-2026-12432,Use-after-free vulnerability in eBPF subsystem in linux linux_kernel component.,2023-12-02T00:00:00+00:00,2024-01-07T00:00:00+00:00,3.1,CVSS:3.1/AV:A/AC:H/PR:H/UI:R/S:U/C:N/I:N/A:L,ADJACENT_NETWORK,HIGH,HIGH,REQUIRED,UNCHANGED,NONE,NONE,LOW,4.8,MEDIUM,0,0.06800162159264544,0.0646,linux,linux_kernel,['CWE-119'],['cpe:2.3:a:linux:linux_kernel:*:*:*:*:*:*:*:*'],1,2
CVE-2024-12433,Buffer overflow in TLS handshake parser in openssl openssl component.,2022-06-12T00:00:00+00:00,2022-06-16T00:00:00+00:00,3.1,CVSS:3.1/AV:N/AC:H/PR:H/UI:R/S:C/C:N/I:L/A:L,NETWORK,HIGH,HIGH,REQUIRED,CHANGED,NONE,LOW,LOW,6.6,MEDIUM,0,0.04026025900187353,0.0382,openssl,openssl,['CWE-269'],['cpe:2.3:a:openssl:openssl:*:*:*:*:*:*:*:*'],1,5
CVE-2026-12434,Buffer overflow in TLS handshake parser in openssl openssl component.,2023-03-07T00:00:00+00:00,2023-06-05T00:00:00+00:00,3.1,CVSS:3.1/AV:A/AC:H/PR:H/UI:R/S:U/C:N/I:L/A:H,ADJACENT_NETWORK,HIGH,HIGH,REQUIRED,UNCHANGED,NONE,LOW,HIGH,5.3,MEDIUM,0,0.05780317156158574,0.0549,openssl,openssl,['CWE-79'],['cpe:2.3:a:openssl:openssl:*:*:*:*:*:*:*:*'],1,2
CVE-2026-12435,Buffer overflow in TLS handshake parser in openssl openssl component.,2025-02-03T00:00:00+00:00,2025-03-10T00:00:00+00:00,3.1,CVSS:3.1/AV:P/AC:L/PR:L/UI:N/S:U/C:L/I:N/A:H,PHYSICAL,LOW,LOW,NONE,UNCHANGED,LOW,NONE,HIGH,5.9,MEDIUM,0,0.1163252464809587,0.1105,openssl,openssl,['CWE-416'],['cpe:2.3:a:openssl:openssl:*:*:*:*:*:*:*:*'],1,4
CVE-2022-12436,Buffer overflow in TLS handshake parser in openssl openssl component.,2021-10-26T00:00:00+00:00,2021-11-20T00:00:00+00:00,3.1,CVSS:3.1/AV:L/AC:H/PR:N/UI:N/S:U/C:H/I:L/A:L,LOCAL,HIGH,NONE,NONE,UNCHANGED,HIGH,LOW,LOW,6.8,MEDIUM,0,0.0001389764322463401,0.0001,openssl,openssl,['CWE-787'],['cpe:2.3:a:openssl:openssl:*:*:*:*:*:*:*:*'],1,4
CVE-2026-12437,Privilege escalation via authenticated extension loading in postgresql postgresql component.,2023-07-22T00:00:00+00:00,2023-10-04T00:00:00+00:00,3.1,CVSS:3.1/AV:A/AC:H/PR:L/UI:R/S:C/C:N/I:H/A:H,ADJACENT_NETWORK,HIGH,LOW,REQUIRED,CHANGED,NONE,HIGH,HIGH,7.3,HIGH,0,0.001434743329669821,0.0014,postgresql,postgresql,['CWE-89'],['cpe:2.3:a:postgresql:postgresql:*:*:*:*:*:*:*:*'],1,3
CVE-2023-12438,Integer overflow in HTTP request header processing in nginx nginx component.,2024-10-29T00:00:00+00:00,2024-11-09T00:00:00+00:00,3.1,CVSS:3.1/AV:N/AC:L/PR:L/UI:N/S:C/C:L/I:N/A:N,NETWORK,LOW,LOW,NONE,CHANGED,LOW,NONE,NONE,7.3,HIGH,0,0.0324152442986083,0.0308,nginx,nginx,['CWE-416'],['cpe:2.3:a:nginx:nginx:*:*:*:*:*:*:*:*'],1,2
CVE-2024-12439,Unauthenticated remote code execution in query optimizer in oracle mysql component.,2024-08-30T00:00:00+00:00,2024-10-29T00:00:00+00:00,3.1,CVSS:3.1/AV:P/AC:L/PR:N/UI:N/S:C/C:H/I:L/A:H,PHYSICAL,LOW,NONE,NONE,CHANGED,HIGH,LOW,HIGH,9.4,CRITICAL,0,0.0001,0.0001,oracle,mysql,['CWE-89'],['cpe:2.3:a:oracle:mysql:*:*:*:*:*:*:*:*'],1,2
CVE-2021-12440,Privilege escalation via authenticated extension loading in postgresql postgresql component.,2025-06-20T00:00:00+00:00,2025-06-22T00:00:00+00:00,3.1,CVSS:3.1/AV:N/AC:H/PR:L/UI:N/S:U/C:H/I:H/A:H,NETWORK,HIGH,LOW,NONE,UNCHANGED,HIGH,HIGH,HIGH,9.1,CRITICAL,1,0.5667395704917363,0.5384,postgresql,postgresql,['CWE-89'],['cpe:2.3:a:postgresql:postgresql:*:*:*:*:*:*:*:*'],1,3
CVE-2022-12441,Remote code execution via unsafe deserialization in spring spring_framework component.,2023-11-14T00:00:00+00:00,2024-01-13T00:00:00+00:00,3.1,CVSS:3.1/AV:A/AC:L/PR:N/UI:N/S:C/C:H/I:H/A:H,ADJACENT_NETWORK,LOW,NONE,NONE,CHANGED,HIGH,HIGH,HIGH,10.0,CRITICAL,0,0.18366752883267165,0.1745,spring,spring_framework,['CWE-119'],['cpe:2.3:a:spring:spring_framework:*:*:*:*:*:*:*:*'],1,1
CVE-2026-12442,Command injection in management web interface in paloalto pan-os component.,2023-06-23T00:00:00+00:00,2023-07-23T00:00:00+00:00,3.1,CVSS:3.1/AV:P/AC:H/PR:L/UI:R/S:U/C:N/I:N/A:L,PHYSICAL,HIGH,LOW,REQUIRED,UNCHANGED,NONE,NONE,LOW,3.3,LOW,0,0.002528010875159981,0.0024,paloalto,pan-os,['CWE-89'],['cpe:2.3:a:paloalto:pan-os:*:*:*:*:*:*:*:*'],1,1
CVE-2025-12443,Denial of service via HTTP/2 frame flooding in apache http_server component.,2023-07-09T00:00:00+00:00,2023-07-12T00:00:00+00:00,3.1,CVSS:3.1/AV:L/AC:L/PR:H/UI:R/S:C/C:H/I:N/A:L,LOCAL,LOW,HIGH,REQUIRED,CHANGED,HIGH,NONE,LOW,6.8,MEDIUM,0,0.0011710216941716654,0.0011,apache,http_server,['CWE-89'],['cpe:2.3:a:apache:http_server:*:*:*:*:*:*:*:*'],1,4
CVE-2026-12444,Out-of-bounds memory access in V8 JavaScript engine in google chrome component.,2023-05-31T00:00:00+00:00,2023-06-27T00:00:00+00:00,3.1,CVSS:3.1/AV:P/AC:H/PR:N/UI:N/S:C/C:L/I:L/A:N,PHYSICAL,HIGH,NONE,NONE,CHANGED,LOW,LOW,NONE,5.5,MEDIUM,0,0.30625520721739774,0.2909,google,chrome,['CWE-20'],['cpe:2.3:a:google:chrome:*:*:*:*:*:*:*:*'],1,1
CVE-2021-12445,Unauthenticated remote code execution in query optimizer in oracle mysql component.,2021-03-08T00:00:00+00:00,2021-05-13T00:00:00+00:00,3.1,CVSS:3.1/AV:N/AC:H/PR:H/UI:R/S:U/C:N/I:L/A:N,NETWORK,HIGH,HIGH,REQUIRED,UNCHANGED,NONE,LOW,NONE,5.3,MEDIUM,0,0.06855127000139459,0.0651,oracle,mysql,['CWE-119'],['cpe:2.3:a:oracle:mysql:*:*:*:*:*:*:*:*'],1,1
CVE-2022-12446,Buffer overflow in TLS handshake parser in openssl openssl component.,2023-05-07T00:00:00+00:00,2023-05-09T00:00:00+00:00,3.1,CVSS:3.1/AV:P/AC:L/PR:N/UI:N/S:C/C:N/I:N/A:H,PHYSICAL,LOW,NONE,NONE,CHANGED,NONE,NONE,HIGH,7.7,HIGH,0,0.0007904836771681288,0.0008,openssl,openssl,['CWE-119'],['cpe:2.3:a:openssl:openssl:*:*:*:*:*:*:*:*'],1,1
CVE-2026-12447,Privilege escalation via authenticated extension loading in postgresql postgresql component.,2022-07-11T00:00:00+00:00,2022-10-07T00:00:00+00:00,3.1,CVSS:3.1/AV:A/AC:H/PR:N/UI:R/S:C/C:N/I:H/A:N,ADJACENT_NETWORK,HIGH,NONE,REQUIRED,CHANGED,NONE,HIGH,NONE,6.6,MEDIUM,0,0.00820156941409725,0.0078,postgresql,postgresql,['CWE-416'],['cpe:2.3:a:postgresql:postgresql:*:*:*:*:*:*:*:*'],1,5
CVE-2025-12448,Command injection in management web interface in paloalto pan-os component.,2021-03-03T00:00:00+00:00,2021-05-20T00:00:00+00:00,3.1,CVSS:3.1/AV:N/AC:H/PR:H/UI:R/S:U/C:N/I:L/A:L,NETWORK,HIGH,HIGH,REQUIRED,UNCHANGED,NONE,LOW,LOW,5.3,MEDIUM,0,0.03307522277351648,0.0314,paloalto,pan-os,['CWE-416'],['cpe:2.3:a:paloalto:pan-os:*:*:*:*:*:*:*:*'],1,5
CVE-2026-12449,Integer overflow in HTTP request header processing in nginx nginx component.,2024-10-16T00:00:00+00:00,2024-11-25T00:00:00+00:00,3.1,CVSS:3.1/AV:N/AC:L/PR:N/UI:N/S:C/C:L/I:L/A:L,NETWORK,LOW,NONE,NONE,CHANGED,LOW,LOW,LOW,9.0,CRITICAL,1,0.10633556855634166,0.101,nginx,nginx,['CWE-20'],['cpe:2.3:a:nginx:nginx:*:*:*:*:*:*:*:*'],1,4
CVE-2024-12450,Denial of service via HTTP/2 frame flooding in apache http_server component.,2023-03-12T00:00:00+00:00,2023-04-15T00:00:00+00:00,3.1,CVSS:3.1/AV:P/AC:L/PR:N/UI:R/S:C/C:H/I:L/A:H,PHYSICAL,LOW,NONE,REQUIRED,CHANGED,HIGH,LOW,HIGH,7.6,HIGH,0,0.16340331198257738,0.1552,apache,http_server,['CWE-20'],['cpe:2.3:a:apache:http_server:*:*:*:*:*:*:*:*'],1,1
CVE-2026-12451,Unauthenticated remote code execution in query optimizer in oracle mysql component.,2024-09-05T00:00:00+00:00,2024-09-18T00:00:00+00:00,3.1,CVSS:3.1/AV:P/AC:H/PR:L/UI:N/S:C/C:H/I:N/A:H,PHYSICAL,HIGH,LOW,NONE,CHANGED,HIGH,NONE,HIGH,6.1,MEDIUM,0,0.007354623425169105,0.007,oracle,mysql,['CWE-20'],['cpe:2.3:a:oracle:mysql:*:*:*:*:*:*:*:*'],1,5
CVE-2023-12452,Command injection in management web interface in paloalto pan-os component.,2021-07-16T00:00:00+00:00,2021-08-01T00:00:00+00:00,3.1,CVSS:3.1/AV:L/AC:L/PR:L/UI:N/S:C/C:H/I:H/A:H,LOCAL,LOW,LOW,NONE,CHANGED,HIGH,HIGH,HIGH,9.3,CRITICAL,0,0.0001,0.0001,paloalto,pan-os,['CWE-416'],['cpe:2.3:a:paloalto:pan-os:*:*:*:*:*:*:*:*'],1,1
CVE-2021-12453,Privilege escalation via authenticated extension loading in postgresql postgresql component.,2022-11-07T00:00:00+00:00,2022-11-28T00:00:00+00:00,3.1,CVSS:3.1/AV:L/AC:H/PR:N/UI:N/S:U/C:N/I:H/A:H,LOCAL,HIGH,NONE,NONE,UNCHANGED,NONE,HIGH,HIGH,7.9,HIGH,0,0.0006446989267774585,0.0006,postgresql,postgresql,['CWE-20'],['cpe:2.3:a:postgresql:postgresql:*:*:*:*:*:*:*:*'],1,3
CVE-2025-12454,Remote code execution via unsafe deserialization in spring spring_framework component.,2022-01-31T00:00:00+00:00,2022-03-31T00:00:00+00:00,3.1,CVSS:3.1/AV:P/AC:H/PR:N/UI:R/S:C/C:H/I:N/A:H,PHYSICAL,HIGH,NONE,REQUIRED,CHANGED,HIGH,NONE,HIGH,6.6,MEDIUM,0,0.010596791269736984,0.0101,spring,spring_framework,['CWE-200'],['cpe:2.3:a:spring:spring_framework:*:*:*:*:*:*:*:*'],1,4
CVE-2022-12455,Remote code execution in Kerberos authentication service in microsoft windows_server component.,2022-11-28T00:00:00+00:00,2023-02-23T00:00:00+00:00,3.1,CVSS:3.1/AV:A/AC:H/PR:N/UI:N/S:U/C:N/I:L/A:N,ADJACENT_NETWORK,HIGH,NONE,NONE,UNCHANGED,NONE,LOW,NONE,6.3,MEDIUM,0,0.06765741683233437,0.0643,microsoft,windows_server,['CWE-269'],['cpe:2.3:a:microsoft:windows_server:*:*:*:*:*:*:*:*'],1,3
CVE-2026-12456,Remote code execution via unsafe deserialization in spring spring_framework component.,2023-06-11T00:00:00+00:00,2023-07-05T00:00:00+00:00,3.1,CVSS:3.1/AV:P/AC:H/PR:H/UI:N/S:C/C:N/I:N/A:N,PHYSICAL,HIGH,HIGH,NONE,CHANGED,NONE,NONE,NONE,4.6,MEDIUM,0,0.0004985823860644839,0.0005,spring,spring_framework,['CWE-787'],['cpe:2.3:a:spring:spring_framework:*:*:*:*:*:*:*:*'],1,3
CVE-2025-12457,Remote code execution via unsafe deserialization in spring spring_framework component.,2021-02-08T00:00:00+00:00,2021-03-11T00:00:00+00:00,3.1,CVSS:3.1/AV:N/AC:H/PR:L/UI:N/S:C/C:N/I:H/A:L,NETWORK,HIGH,LOW,NONE,CHANGED,NONE,HIGH,LOW,7.7,HIGH,0,0.7505494930478664,0.713,spring,spring_framework,['CWE-79'],['cpe:2.3:a:spring:spring_framework:*:*:*:*:*:*:*:*'],1,3
CVE-2022-12458,Command injection in management web interface in paloalto pan-os component.,2024-06-01T00:00:00+00:00,2024-06-30T00:00:00+00:00,3.1,CVSS:3.1/AV:L/AC:H/PR:H/UI:R/S:C/C:H/I:N/A:N,LOCAL,HIGH,HIGH,REQUIRED,CHANGED,HIGH,NONE,NONE,4.9,MEDIUM,0,0.0072909404621236285,0.0069,paloalto,pan-os,['CWE-269'],['cpe:2.3:a:paloalto:pan-os:*:*:*:*:*:*:*:*'],1,3
CVE-2024-12459,Out-of-bounds memory access in V8 JavaScript engine in google chrome component.,2023-06-27T00:00:00+00:00,2023-08-08T00:00:00+00:00,3.1,CVSS:3.1/AV:P/AC:H/PR:H/UI:N/S:U/C:H/I:N/A:L,PHYSICAL,HIGH,HIGH,NONE,UNCHANGED,HIGH,NONE,LOW,4.5,MEDIUM,0,0.0947722150898277,0.09,google,chrome,['CWE-119'],['cpe:2.3:a:google:chrome:*:*:*:*:*:*:*:*'],1,1
CVE-2023-12460,Use-after-free vulnerability in eBPF subsystem in linux linux_kernel component.,2023-08-16T00:00:00+00:00,2023-10-08T00:00:00+00:00,3.1,CVSS:3.1/AV:A/AC:H/PR:L/UI:R/S:U/C:N/I:L/A:N,ADJACENT_NETWORK,HIGH,LOW,REQUIRED,UNCHANGED,NONE,LOW,NONE,3.8,LOW,0,0.013718806267788434,0.013,linux,linux_kernel,['CWE-269'],['cpe:2.3:a:linux:linux_kernel:*:*:*:*:*:*:*:*'],1,5
CVE-2024-12461,Out-of-bounds memory access in V8 JavaScript engine in google chrome component.,2021-03-21T00:00:00+00:00,2021-04-04T00:00:00+00:00,3.1,CVSS:3.1/AV:L/AC:L/PR:N/UI:N/S:U/C:N/I:L/A:H,LOCAL,LOW,NONE,NONE,UNCHANGED,NONE,LOW,HIGH,7.7,HIGH,0,0.005412378024427889,0.0051,google,chrome,['CWE-416'],['cpe:2.3:a:google:chrome:*:*:*:*:*:*:*:*'],1,1
CVE-2025-12462,Buffer overflow in TLS handshake parser in openssl openssl component.,2022-02-05T00:00:00+00:00,2022-03-12T00:00:00+00:00,3.1,CVSS:3.1/AV:P/AC:H/PR:H/UI:N/S:U/C:H/I:H/A:H,PHYSICAL,HIGH,HIGH,NONE,UNCHANGED,HIGH,HIGH,HIGH,6.4,MEDIUM,0,0.027025379550090815,0.0257,openssl,openssl,['CWE-119'],['cpe:2.3:a:openssl:openssl:*:*:*:*:*:*:*:*'],1,1
CVE-2023-12463,Integer overflow in HTTP request header processing in nginx nginx component.,2023-03-11T00:00:00+00:00,2023-03-25T00:00:00+00:00,3.1,CVSS:3.1/AV:N/AC:L/PR:H/UI:R/S:U/C:L/I:N/A:H,NETWORK,LOW,HIGH,REQUIRED,UNCHANGED,LOW,NONE,HIGH,7.4,HIGH,0,0.2880437313768354,0.2736,nginx,nginx,['CWE-269'],['cpe:2.3:a:nginx:nginx:*:*:*:*:*:*:*:*'],1,4
CVE-2022-12464,Buffer overflow in TLS handshake parser in openssl openssl component.,2022-03-09T00:00:00+00:00,2022-05-15T00:00:00+00:00,3.1,CVSS:3.1/AV:P/AC:H/PR:N/UI:R/S:C/C:H/I:H/A:N,PHYSICAL,HIGH,NONE,REQUIRED,CHANGED,HIGH,HIGH,NONE,6.8,MEDIUM,0,0.036715034443043616,0.0349,openssl,openssl,['CWE-200'],['cpe:2.3:a:openssl:openssl:*:*:*:*:*:*:*:*'],1,2
CVE-2024-12465,Out-of-bounds memory access in V8 JavaScript engine in google chrome component.,2023-03-22T00:00:00+00:00,2023-06-20T00:00:00+00:00,3.1,CVSS:3.1/AV:A/AC:L/PR:H/UI:N/S:U/C:L/I:N/A:L,ADJACENT_NETWORK,LOW,HIGH,NONE,UNCHANGED,LOW,NONE,LOW,6.4,MEDIUM,0,0.11618501902450172,0.1104,google,chrome,['CWE-200'],['cpe:2.3:a:google:chrome:*:*:*:*:*:*:*:*'],1,5
CVE-2025-12466,Out-of-bounds memory access in V8 JavaScript engine in google chrome component.,2025-10-07T00:00:00+00:00,2025-12-30T00:00:00+00:00,3.1,CVSS:3.1/AV:L/AC:H/PR:L/UI:R/S:C/C:L/I:L/A:N,LOCAL,HIGH,LOW,REQUIRED,CHANGED,LOW,LOW,NONE,4.6,MEDIUM,0,0.0006643198483411934,0.0006,google,chrome,['CWE-20'],['cpe:2.3:a:google:chrome:*:*:*:*:*:*:*:*'],1,4
CVE-2025-12467,Remote code execution in Kerberos authentication service in microsoft windows_server component.,2025-08-24T00:00:00+00:00,2025-09-15T00:00:00+00:00,3.1,CVSS:3.1/AV:P/AC:L/PR:L/UI:R/S:C/C:H/I:N/A:L,PHYSICAL,LOW,LOW,REQUIRED,CHANGED,HIGH,NONE,LOW,5.7,MEDIUM,0,0.15550312659143833,0.1477,microsoft,windows_server,['CWE-787'],['cpe:2.3:a:microsoft:windows_server:*:*:*:*:*:*:*:*'],1,3
CVE-2021-12468,Out-of-bounds memory access in V8 JavaScript engine in google chrome component.,2024-11-12T00:00:00+00:00,2025-01-02T00:00:00+00:00,3.1,CVSS:3.1/AV:N/AC:H/PR:N/UI:R/S:U/C:H/I:H/A:L,NETWORK,HIGH,NONE,REQUIRED,UNCHANGED,HIGH,HIGH,LOW,9.0,CRITICAL,0,0.4694436251826195,0.446,google,chrome,['CWE-20'],['cpe:2.3:a:google:chrome:*:*:*:*:*:*:*:*'],1,4
CVE-2026-12469,Out-of-bounds memory access in V8 JavaScript engine in google chrome component.,2025-05-23T00:00:00+00:00,2025-08-05T00:00:00+00:00,3.1,CVSS:3.1/AV:P/AC:H/PR:H/UI:R/S:C/C:H/I:N/A:H,PHYSICAL,HIGH,HIGH,REQUIRED,CHANGED,HIGH,NONE,HIGH,6.2,MEDIUM,0,0.15132101451634758,0.1438,google,chrome,['CWE-787'],['cpe:2.3:a:google:chrome:*:*:*:*:*:*:*:*'],1,3
CVE-2026-12470,Remote code execution in Kerberos authentication service in microsoft windows_server component.,2025-06-22T00:00:00+00:00,2025-09-01T00:00:00+00:00,3.1,CVSS:3.1/AV:N/AC:H/PR:L/UI:R/S:U/C:L/I:H/A:N,NETWORK,HIGH,LOW,REQUIRED,UNCHANGED,LOW,HIGH,NONE,6.3,MEDIUM,0,0.09957663223881014,0.0946,microsoft,windows_server,['CWE-787'],['cpe:2.3:a:microsoft:windows_server:*:*:*:*:*:*:*:*'],1,2
CVE-2024-12471,Buffer overflow in TLS handshake parser in openssl openssl component.,2024-08-28T00:00:00+00:00,2024-11-22T00:00:00+00:00,3.1,CVSS:3.1/AV:N/AC:H/PR:L/UI:R/S:U/C:H/I:H/A:N,NETWORK,HIGH,LOW,REQUIRED,UNCHANGED,HIGH,HIGH,NONE,7.6,HIGH,0,0.11791535928952003,0.112,openssl,openssl,['CWE-269'],['cpe:2.3:a:openssl:openssl:*:*:*:*:*:*:*:*'],1,1
CVE-2024-12472,Buffer overflow in TLS handshake parser in openssl openssl component.,2023-11-07T00:00:00+00:00,2024-01-15T00:00:00+00:00,3.1,CVSS:3.1/AV:A/AC:H/PR:H/UI:N/S:U/C:N/I:N/A:H,ADJACENT_NETWORK,HIGH,HIGH,NONE,UNCHANGED,NONE,NONE,HIGH,6.5,MEDIUM,0,0.07161248256037216,0.068,openssl,openssl,['CWE-269'],['cpe:2.3:a:openssl:openssl:*:*:*:*:*:*:*:*'],1,3
CVE-2022-12473,Buffer overflow in TLS handshake parser in openssl openssl component.,2022-01-23T00:00:00+00:00,2022-03-17T00:00:00+00:00,3.1,CVSS:3.1/AV:L/AC:L/PR:H/UI:R/S:U/C:H/I:N/A:N,LOCAL,LOW,HIGH,REQUIRED,UNCHANGED,HIGH,NONE,NONE,5.8,MEDIUM,0,0.4523778336529894,0.4298,openssl,openssl,['CWE-79'],['cpe:2.3:a:openssl:openssl:*:*:*:*:*:*:*:*'],1,2
CVE-2023-12474,Remote code execution in Kerberos authentication service in microsoft windows_server component.,2022-02-05T00:00:00+00:00,2022-02-26T00:00:00+00:00,3.1,CVSS:3.1/AV:P/AC:L/PR:L/UI:R/S:U/C:L/I:H/A:L,PHYSICAL,LOW,LOW,REQUIRED,UNCHANGED,LOW,HIGH,LOW,5.1,MEDIUM,0,0.14106141598217134,0.134,microsoft,windows_server,['CWE-89'],['cpe:2.3:a:microsoft:windows_server:*:*:*:*:*:*:*:*'],1,3
CVE-2026-12475,Out-of-bounds memory access in V8 JavaScript engine in google chrome component.,2021-04-20T00:00:00+00:00,2021-05-15T00:00:00+00:00,3.1,CVSS:3.1/AV:A/AC:L/PR:N/UI:R/S:C/C:L/I:N/A:L,ADJACENT_NETWORK,LOW,NONE,REQUIRED,CHANGED,LOW,NONE,LOW,7.0,HIGH,0,0.00010594966327927932,0.0001,google,chrome,['CWE-416'],['cpe:2.3:a:google:chrome:*:*:*:*:*:*:*:*'],1,5
CVE-2021-12476,Unauthenticated remote code execution in query optimizer in oracle mysql component.,2024-04-13T00:00:00+00:00,2024-05-15T00:00:00+00:00,3.1,CVSS:3.1/AV:L/AC:H/PR:L/UI:R/S:C/C:N/I:N/A:N,LOCAL,HIGH,LOW,REQUIRED,CHANGED,NONE,NONE,NONE,4.5,MEDIUM,0,0.07490007897180122,0.0712,oracle,mysql,['CWE-20'],['cpe:2.3:a:oracle:mysql:*:*:*:*:*:*:*:*'],1,4
CVE-2024-12477,Denial of service via HTTP/2 frame flooding in apache http_server component.,2022-05-31T00:00:00+00:00,2022-06-10T00:00:00+00:00,3.1,CVSS:3.1/AV:A/AC:H/PR:L/UI:R/S:C/C:H/I:L/A:L,ADJACENT_NETWORK,HIGH,LOW,REQUIRED,CHANGED,HIGH,LOW,LOW,5.7,MEDIUM,0,0.007913159494396966,0.0075,apache,http_server,['CWE-416'],['cpe:2.3:a:apache:http_server:*:*:*:*:*:*:*:*'],1,1
CVE-2021-12478,Command injection in management web interface in paloalto pan-os component.,2024-02-03T00:00:00+00:00,2024-04-16T00:00:00+00:00,3.1,CVSS:3.1/AV:A/AC:L/PR:H/UI:N/S:C/C:H/I:H/A:N,ADJACENT_NETWORK,LOW,HIGH,NONE,CHANGED,HIGH,HIGH,NONE,8.3,HIGH,0,0.05255123019843912,0.0499,paloalto,pan-os,['CWE-416'],['cpe:2.3:a:paloalto:pan-os:*:*:*:*:*:*:*:*'],1,3
CVE-2024-12479,Buffer overflow in TLS handshake parser in openssl openssl component.,2025-02-14T00:00:00+00:00,2025-04-07T00:00:00+00:00,3.1,CVSS:3.1/AV:N/AC:L/PR:N/UI:N/S:U/C:H/I:H/A:H,NETWORK,LOW,NONE,NONE,UNCHANGED,HIGH,HIGH,HIGH,10.0,CRITICAL,1,0.1261262880108886,0.1198,openssl,openssl,['CWE-416'],['cpe:2.3:a:openssl:openssl:*:*:*:*:*:*:*:*'],1,3
CVE-2024-12480,Use-after-free vulnerability in eBPF subsystem in linux linux_kernel component.,2024-02-16T00:00:00+00:00,2024-05-15T00:00:00+00:00,3.1,CVSS:3.1/AV:L/AC:L/PR:H/UI:N/S:C/C:L/I:L/A:L,LOCAL,LOW,HIGH,NONE,CHANGED,LOW,LOW,LOW,6.1,MEDIUM,0,0.19519850652758933,0.1854,linux,linux_kernel,['CWE-269'],['cpe:2.3:a:linux:linux_kernel:*:*:*:*:*:*:*:*'],1,5
CVE-2021-12481,Unauthenticated remote code execution in query optimizer in oracle mysql component.,2021-09-16T00:00:00+00:00,2021-11-08T00:00:00+00:00,3.1,CVSS:3.1/AV:A/AC:H/PR:L/UI:N/S:C/C:L/I:L/A:H,ADJACENT_NETWORK,HIGH,LOW,NONE,CHANGED,LOW,LOW,HIGH,7.0,HIGH,0,0.041036113576052705,0.039,oracle,mysql,['CWE-200'],['cpe:2.3:a:oracle:mysql:*:*:*:*:*:*:*:*'],1,2
CVE-2026-12482,Privilege escalation via authenticated extension loading in postgresql postgresql component.,2021-10-08T00:00:00+00:00,2021-12-10T00:00:00+00:00,3.1,CVSS:3.1/AV:P/AC:L/PR:H/UI:N/S:C/C:H/I:L/A:N,PHYSICAL,LOW,HIGH,NONE,CHANGED,HIGH,LOW,NONE,6.4,MEDIUM,0,0.16195419410781262,0.1539,postgresql,postgresql,['CWE-20'],['cpe:2.3:a:postgresql:postgresql:*:*:*:*:*:*:*:*'],1,5
CVE-2026-12483,Command injection in management web interface in paloalto pan-os component.,2025-02-28T00:00:00+00:00,2025-04-01T00:00:00+00:00,3.1,CVSS:3.1/AV:P/AC:H/PR:H/UI:N/S:C/C:H/I:N/A:N,PHYSICAL,HIGH,HIGH,NONE,CHANGED,HIGH,NONE,NONE,5.3,MEDIUM,0,0.013757650822157179,0.0131,paloalto,pan-os,['CWE-89'],['cpe:2.3:a:paloalto:pan-os:*:*:*:*:*:*:*:*'],1,2
CVE-2025-12484,Buffer overflow in TLS handshake parser in openssl openssl component.,2023-06-29T00:00:00+00:00,2023-08-16T00:00:00+00:00,3.1,CVSS:3.1/AV:L/AC:L/PR:L/UI:N/S:C/C:H/I:N/A:L,LOCAL,LOW,LOW,NONE,CHANGED,HIGH,NONE,LOW,6.9,MEDIUM,0,0.1430543424842713,0.1359,openssl,openssl,['CWE-787'],['cpe:2.3:a:openssl:openssl:*:*:*:*:*:*:*:*'],1,1
CVE-2023-12485,Denial of service via HTTP/2 frame flooding in apache http_server component.,2024-10-20T00:00:00+00:00,2024-11-03T00:00:00+00:00,3.1,CVSS:3.1/AV:A/AC:L/PR:N/UI:N/S:U/C:L/I:L/A:H,ADJACENT_NETWORK,LOW,NONE,NONE,UNCHANGED,LOW,LOW,HIGH,8.4,HIGH,0,0.014807854132931125,0.0141,apache,http_server,['CWE-20'],['cpe:2.3:a:apache:http_server:*:*:*:*:*:*:*:*'],1,4
CVE-2025-12486,Remote code execution in Kerberos authentication service in microsoft windows_server component.,2023-09-02T00:00:00+00:00,2023-09-23T00:00:00+00:00,3.1,CVSS:3.1/AV:N/AC:H/PR:N/UI:N/S:U/C:H/I:N/A:H,NETWORK,HIGH,NONE,NONE,UNCHANGED,HIGH,NONE,HIGH,10.0,CRITICAL,0,0.04799523561716542,0.0456,microsoft,windows_server,['CWE-79'],['cpe:2.3:a:microsoft:windows_server:*:*:*:*:*:*:*:*'],1,5
CVE-2025-12487,Command injection in management web interface in paloalto pan-os component.,2023-02-13T00:00:00+00:00,2023-05-08T00:00:00+00:00,3.1,CVSS:3.1/AV:A/AC:L/PR:N/UI:R/S:U/C:N/I:L/A:N,ADJACENT_NETWORK,LOW,NONE,REQUIRED,UNCHANGED,NONE,LOW,NONE,6.6,MEDIUM,0,0.0005390318068179311,0.0005,paloalto,pan-os,['CWE-89'],['cpe:2.3:a:paloalto:pan-os:*:*:*:*:*:*:*:*'],1,2
CVE-2021-12488,Remote code execution in Kerberos authentication service in microsoft windows_server component.,2025-11-09T00:00:00+00:00,2025-11-17T00:00:00+00:00,3.1,CVSS:3.1/AV:A/AC:L/PR:H/UI:N/S:C/C:L/I:H/A:L,ADJACENT_NETWORK,LOW,HIGH,NONE,CHANGED,LOW,HIGH,LOW,7.6,HIGH,0,0.021036628806066777,0.02,microsoft,windows_server,['CWE-89'],['cpe:2.3:a:microsoft:windows_server:*:*:*:*:*:*:*:*'],1,4
CVE-2023-12489,Buffer overflow in TLS handshake parser in openssl openssl component.,2022-08-09T00:00:00+00:00,2022-10-28T00:00:00+00:00,3.1,CVSS:3.1/AV:L/AC:H/PR:H/UI:R/S:U/C:H/I:N/A:N,LOCAL,HIGH,HIGH,REQUIRED,UNCHANGED,HIGH,NONE,NONE,4.9,MEDIUM,0,0.004110583522116727,0.0039,openssl,openssl,['CWE-416'],['cpe:2.3:a:openssl:openssl:*:*:*:*:*:*:*:*'],1,2
CVE-2022-12490,Command injection in management web interface in paloalto pan-os component.,2024-11-20T00:00:00+00:00,2025-02-13T00:00:00+00:00,3.1,CVSS:3.1/AV:N/AC:L/PR:N/UI:R/S:U/C:L/I:L/A:L,NETWORK,LOW,NONE,REQUIRED,UNCHANGED,LOW,LOW,LOW,7.6,HIGH,0,0.025573521452997586,0.0243,paloalto,pan-os,['CWE-416'],['cpe:2.3:a:paloalto:pan-os:*:*:*:*:*:*:*:*'],1,3
CVE-2025-12491,Remote code execution via unsafe deserialization in spring spring_framework component.,2022-10-26T00:00:00+00:00,2022-11-13T00:00:00+00:00,3.1,CVSS:3.1/AV:L/AC:H/PR:L/UI:N/S:C/C:H/I:N/A:H,LOCAL,HIGH,LOW,NONE,CHANGED,HIGH,NONE,HIGH,7.0,HIGH,0,0.5140304326135394,0.4883,spring,spring_framework,['CWE-416'],['cpe:2.3:a:spring:spring_framework:*:*:*:*:*:*:*:*'],1,3
CVE-2022-12492,Integer overflow in HTTP request header processing in nginx nginx component.,2024-11-23T00:00:00+00:00,2025-02-12T00:00:00+00:00,3.1,CVSS:3.1/AV:L/AC:H/PR:N/UI:R/S:C/C:N/I:L/A:H,LOCAL,HIGH,NONE,REQUIRED,CHANGED,NONE,LOW,HIGH,6.5,MEDIUM,0,0.01570195809202591,0.0149,nginx,nginx,['CWE-787'],['cpe:2.3:a:nginx:nginx:*:*:*:*:*:*:*:*'],1,3
CVE-2024-12493,Integer overflow in HTTP request header processing in nginx nginx component.,2024-01-27T00:00:00+00:00,2024-04-05T00:00:00+00:00,3.1,CVSS:3.1/AV:L/AC:L/PR:L/UI:N/S:C/C:L/I:L/A:L,LOCAL,LOW,LOW,NONE,CHANGED,LOW,LOW,LOW,5.3,MEDIUM,0,0.00100181229329651,0.001,nginx,nginx,['CWE-787'],['cpe:2.3:a:nginx:nginx:*:*:*:*:*:*:*:*'],1,4
CVE-2024-12494,Buffer overflow in TLS handshake parser in openssl openssl component.,2021-06-26T00:00:00+00:00,2021-07-15T00:00:00+00:00,3.1,CVSS:3.1/AV:P/AC:L/PR:H/UI:R/S:U/C:L/I:H/A:N,PHYSICAL,LOW,HIGH,REQUIRED,UNCHANGED,LOW,HIGH,NONE,5.1,MEDIUM,0,0.022133729726755376,0.021,openssl,openssl,['CWE-89'],['cpe:2.3:a:openssl:openssl:*:*:*:*:*:*:*:*'],1,5
CVE-2024-12495,Command injection in management web interface in paloalto pan-os component.,2024-11-08T00:00:00+00:00,2024-11-18T00:00:00+00:00,3.1,CVSS:3.1/AV:P/AC:H/PR:N/UI:R/S:U/C:N/I:L/A:N,PHYSICAL,HIGH,NONE,REQUIRED,UNCHANGED,NONE,LOW,NONE,3.8,LOW,0,0.018955259366325947,0.018,paloalto,pan-os,['CWE-787'],['cpe:2.3:a:paloalto:pan-os:*:*:*:*:*:*:*:*'],1,1
CVE-2024-12496,Remote code execution via unsafe deserialization in spring spring_framework component.,2021-03-10T00:00:00+00:00,2021-04-22T00:00:00+00:00,3.1,CVSS:3.1/AV:P/AC:H/PR:H/UI:N/S:U/C:N/I:H/A:H,PHYSICAL,HIGH,HIGH,NONE,UNCHANGED,NONE,HIGH,HIGH,5.5,MEDIUM,0,0.13628450763280506,0.1295,spring,spring_framework,['CWE-416'],['cpe:2.3:a:spring:spring_framework:*:*:*:*:*:*:*:*'],1,4
CVE-2024-12497,Use-after-free vulnerability in eBPF subsystem in linux linux_kernel component.,2025-11-17T00:00:00+00:00,2026-01-30T00:00:00+00:00,3.1,CVSS:3.1/AV:L/AC:L/PR:N/UI:R/S:U/C:N/I:N/A:L,LOCAL,LOW,NONE,REQUIRED,UNCHANGED,NONE,NONE,LOW,6.3,MEDIUM,0,0.17622879385406373,0.1674,linux,linux_kernel,['CWE-89'],['cpe:2.3:a:linux:linux_kernel:*:*:*:*:*:*:*:*'],1,5
CVE-2022-12498,Unauthenticated remote code execution in query optimizer in oracle mysql component.,2023-02-04T00:00:00+00:00,2023-05-02T00:00:00+00:00,3.1,CVSS:3.1/AV:L/AC:L/PR:L/UI:N/S:U/C:H/I:H/A:N,LOCAL,LOW,LOW,NONE,UNCHANGED,HIGH,HIGH,NONE,7.1,HIGH,0,0.0590137504516721,0.0561,oracle,mysql,['CWE-200'],['cpe:2.3:a:oracle:mysql:*:*:*:*:*:*:*:*'],1,5
CVE-2025-12499,Buffer overflow in TLS handshake parser in openssl openssl component.,2023-06-21T00:00:00+00:00,2023-06-22T00:00:00+00:00,3.1,CVSS:3.1/AV:N/AC:H/PR:N/UI:R/S:C/C:N/I:L/A:N,NETWORK,HIGH,NONE,REQUIRED,CHANGED,NONE,LOW,NONE,7.0,HIGH,0,0.5764941320398078,0.5477,openssl,openssl,['CWE-20'],['cpe:2.3:a:openssl:openssl:*:*:*:*:*:*:*:*'],1,4
